{
    "model": {
      "type": "minecraft:range_dispatch",
      "property": "minecraft:custom_model_data",
      "index": 0,
      "fallback": {
        "type": "minecraft:model",
        "model": "minecraft:item/cod"
      },
      "entries": [
        {
          "model": {
            "type": "minecraft:model",
            "model": "infinitefishing:item/fish/radioactive_fish"
          },
          "threshold": 50000.0
        },
        {
          "model": {
            "type": "minecraft:model",
            "model": "infinitefishing:item/fish/tuna_fish"
          },
          "threshold": 50001
        },
        {
          "model": {
            "type": "minecraft:model",
            "model": "infinitefishing:item/fish/tuna_fish_silver_star"
          },
          "threshold": 50002
        },
        {
          "model": {
            "type": "minecraft:model",
            "model": "infinitefishing:item/fish/tuna_fish_golden_star"
          },
          "threshold": 50003
        },
        {
          "model": {
            "type": "minecraft:model",
            "model": "infinitefishing:item/fish/pike_fish"
          },
          "threshold": 50004
        },
        {
          "model": {
            "type": "minecraft:model",
            "model": "infinitefishing:item/fish/pike_fish_silver_star"
          },
          "threshold": 50005
        },
        {
          "model": {
            "type": "minecraft:model",
            "model": "infinitefishing:item/fish/pike_fish_golden_star"
          },
          "threshold": 50006
        },
        {
          "model": {
            "type": "minecraft:model",
            "model": "infinitefishing:item/fish/gold_fish"
          },
          "threshold": 50007
        },
        {
          "model": {
            "type": "minecraft:model",
            "model": "infinitefishing:item/fish/gold_fish_silver_star"
          },
          "threshold": 50008
        },
        {
          "model": {
            "type": "minecraft:model",
            "model": "infinitefishing:item/fish/gold_fish_golden_star"
          },
          "threshold": 50009
        },
        {
          "model": {
            "type": "minecraft:model",
            "model": "infinitefishing:item/fish/perch_fish"
          },
          "threshold": 50010
        },
        {
          "model": {
            "type": "minecraft:model",
            "model": "infinitefishing:item/fish/perch_fish_silver_star"
          },
          "threshold": 50011
        },
        {
          "model": {
            "type": "minecraft:model",
            "model": "infinitefishing:item/fish/perch_fish_golden_star"
          },
          "threshold": 50012
        },
        {
          "model": {
            "type": "minecraft:model",
            "model": "infinitefishing:item/fish/mullet_fish"
          },
          "threshold": 50013
        },
        {
          "model": {
            "type": "minecraft:model",
            "model": "infinitefishing:item/fish/mullet_fish_silver_star"
          },
          "threshold": 50014
        },
        {
          "model": {
            "type": "minecraft:model",
            "model": "infinitefishing:item/fish/mullet_fish_golden_star"
          },
          "threshold": 50015
        },
        {
          "model": {
            "type": "minecraft:model",
            "model": "infinitefishing:item/fish/sardine_fish"
          },
          "threshold": 50016
        },
        {
          "model": {
            "type": "minecraft:model",
            "model": "infinitefishing:item/fish/sardine_fish_silver_star"
          },
          "threshold": 50017
        },
        {
          "model": {
            "type": "minecraft:model",
            "model": "infinitefishing:item/fish/sardine_fish_golden_star"
          },
          "threshold": 50018
        },
        {
          "model": {
            "type": "minecraft:model",
            "model": "infinitefishing:item/fish/carp_fish"
          },
          "threshold": 50019
        },
        {
          "model": {
            "type": "minecraft:model",
            "model": "infinitefishing:item/fish/carp_fish_silver_star"
          },
          "threshold": 50020
        },
        {
          "model": {
            "type": "minecraft:model",
            "model": "infinitefishing:item/fish/carp_fish_golden_star"
          },
          "threshold": 50021
        },
        {
          "model": {
            "type": "minecraft:model",
            "model": "infinitefishing:item/fish/cat_fish"
          },
          "threshold": 50022
        },
        {
          "model": {
            "type": "minecraft:model",
            "model": "infinitefishing:item/fish/cat_fish_silver_star"
          },
          "threshold": 50023
        },
        {
          "model": {
            "type": "minecraft:model",
            "model": "infinitefishing:item/fish/cat_fish_golden_star"
          },
          "threshold": 50024
        },
        {
          "model": {
            "type": "minecraft:model",
            "model": "infinitefishing:item/fish/octopus_fish"
          },
          "threshold": 50025
        },
        {
          "model": {
            "type": "minecraft:model",
            "model": "infinitefishing:item/fish/octopus_fish_silver_star"
          },
          "threshold": 50026
        },
        {
          "model": {
            "type": "minecraft:model",
            "model": "infinitefishing:item/fish/octopus_fish_golden_star"
          },
          "threshold": 50027
        },
        {
          "model": {
            "type": "minecraft:model",
            "model": "infinitefishing:item/fish/sunfish_fish"
          },
          "threshold": 50028
        },
        {
          "model": {
            "type": "minecraft:model",
            "model": "infinitefishing:item/fish/sunfish_fish_silver_star"
          },
          "threshold": 50029
        },
        {
          "model": {
            "type": "minecraft:model",
            "model": "infinitefishing:item/fish/sunfish_fish_golden_star"
          },
          "threshold": 50030
        },
        {
          "model": {
            "type": "minecraft:model",
            "model": "infinitefishing:item/fish/red_spnapper_fish"
          },
          "threshold": 50031
        },
        {
          "model": {
            "type": "minecraft:model",
            "model": "infinitefishing:item/fish/red_spnapper_silver_star"
          },
          "threshold": 50032
        },
        {
          "model": {
            "type": "minecraft:model",
            "model": "infinitefishing:item/fish/red_spnapper_fish_golden_star"
          },
          "threshold": 50033
        },
        {
          "model": {
            "type": "minecraft:model",
            "model": "infinitefishing:item/fish/salmon_void_fish"
          },
          "threshold": 50034
        },
        {
          "model": {
            "type": "minecraft:model",
            "model": "infinitefishing:item/fish/salmon_void_silver_star"
          },
          "threshold": 50035
        },
        {
          "model": {
            "type": "minecraft:model",
            "model": "infinitefishing:item/fish/salmon_void_fish_golden_star"
          },
          "threshold": 50036
        },
        {
          "model": {
            "type": "minecraft:model",
            "model": "infinitefishing:item/fish/woodskip_fish"
          },
          "threshold": 50037
        },
        {
          "model": {
            "type": "minecraft:model",
            "model": "infinitefishing:item/fish/woodskip_silver_star"
          },
          "threshold": 50038
        },
        {
          "model": {
            "type": "minecraft:model",
            "model": "infinitefishing:item/fish/woodskip_fish_golden_star"
          },
          "threshold": 50039
        },
        {
          "model": {
            "type": "minecraft:model",
            "model": "infinitefishing:item/fish/sturgeon_fish"
          },
          "threshold": 50040
        },
        {
          "model": {
            "type": "minecraft:model",
            "model": "infinitefishing:item/fish/sturgeon_silver_star"
          },
          "threshold": 50041
        },
        {
          "model": {
            "type": "minecraft:model",
            "model": "infinitefishing:item/fish/sturgeon_fish_golden_star"
          },
          "threshold": 50042
        },
        {
          "model": {
            "type": "minecraft:model",
            "model": "infinitefishing:item/fish/blue_jellyfish"
          },
          "threshold": 50043
        },
        {
          "model": {
            "type": "minecraft:model",
            "model": "infinitefishing:item/fish/blue_jellyfish_silver_star"
          },
          "threshold": 50044
        },
        {
          "model": {
            "type": "minecraft:model",
            "model": "infinitefishing:item/fish/blue_jellyfish_golden_star"
          },
          "threshold": 50045
        },
        {
          "model": {
            "type": "minecraft:model",
            "model": "infinitefishing:item/fish/pink_jellyfish"
          },
          "threshold": 50046
        },
        {
          "model": {
            "type": "minecraft:model",
            "model": "infinitefishing:item/fish/pink_jellyfish_silver_star"
          },
          "threshold": 50047
        },
        {
          "model": {
            "type": "minecraft:model",
            "model": "infinitefishing:item/fish/pink_jellyfish_golden_star"
          },
          "threshold": 50048
        },
        {
          "model": {
            "type": "minecraft:model",
            "model": "infinitefishing:item/fish/blue_jellyfish_amethyst_star"
          },
          "threshold": 50049
        },
        {
          "model": {
            "type": "minecraft:model",
            "model": "infinitefishing:item/fish/carp_fish_amethyst_star"
          },
          "threshold": 50050
        },
        {
          "model": {
            "type": "minecraft:model",
            "model": "infinitefishing:item/fish/cat_fish_amethyst_star"
          },
          "threshold": 50051
        },
        {
          "model": {
            "type": "minecraft:model",
            "model": "infinitefishing:item/fish/gold_fish_amethyst_star"
          },
          "threshold": 50052
        },
        {
          "model": {
            "type": "minecraft:model",
            "model": "infinitefishing:item/fish/golden_fish_amethyst_star"
          },
          "threshold": 50053
        },
        {
          "model": {
            "type": "minecraft:model",
            "model": "infinitefishing:item/fish/mullet_fish_amethyst_star"
          },
          "threshold": 50054
        },
        {
          "model": {
            "type": "minecraft:model",
            "model": "infinitefishing:item/fish/octopus_fish_amethyst_star"
          },
          "threshold": 50055
        },
        {
          "model": {
            "type": "minecraft:model",
            "model": "infinitefishing:item/fish/perch_fish_amethyst_star"
          },
          "threshold": 50056
        },
        {
          "model": {
            "type": "minecraft:model",
            "model": "infinitefishing:item/fish/pike_fish_amethyst_star"
          },
          "threshold": 50057
        },
        {
          "model": {
            "type": "minecraft:model",
            "model": "infinitefishing:item/fish/pink_jellyfish_amethyst_star"
          },
          "threshold": 50058
        },
        {
          "model": {
            "type": "minecraft:model",
            "model": "infinitefishing:item/fish/red_spnapper_fish_amethyst_star"
          },
          "threshold": 50059
        },
        {
          "model": {
            "type": "minecraft:model",
            "model": "infinitefishing:item/fish/salmon_void_fish_amethyst_star"
          },
          "threshold": 50060
        },
        {
          "model": {
            "type": "minecraft:model",
            "model": "infinitefishing:item/fish/sardine_fish_amethyst_star"
          },
          "threshold": 50061
        },
        {
          "model": {
            "type": "minecraft:model",
            "model": "infinitefishing:item/fish/sturgeon_fish_amethyst_star"
          },
          "threshold": 50062
        },
        {
          "model": {
            "type": "minecraft:model",
            "model": "infinitefishing:item/fish/sunfish_fish_amethyst_star"
          },
          "threshold": 50063
        },
        {
          "model": {
            "type": "minecraft:model",
            "model": "infinitefishing:item/fish/tuna_fish_amethyst_star"
          },
          "threshold": 50064
        },
        {
          "model": {
            "type": "minecraft:model",
            "model": "infinitefishing:item/fish/woodskip_fish_amethyst_star"
          },
          "threshold": 50065
        },
        {
          "model": {
            "type": "minecraft:model",
            "model": "infinitefishing:item/fish/golden_fish"
          },
          "threshold": 50066
        },
        {
          "model": {
            "type": "minecraft:model",
            "model": "infinitefishing:item/fish/golden_fish_gold_star"
          },
          "threshold": 50067
        },
        {
          "model": {
            "type": "minecraft:model",
            "model": "infinitefishing:item/fish/golden_fish_silver_star"
          },
          "threshold": 50068
        },
        {
          "model": {
            "type": "minecraft:model",
            "model": "infinitefishing:item/fish/rainbow_fish"
          },
          "threshold": 50100
        },
        {
          "model": {
            "type": "minecraft:model",
            "model": "minecraft:item/cod"
          },
          "threshold": 50101
        }
      ]
    }
  }