{
    "model": {
      "type": "minecraft:range_dispatch",
      "property": "minecraft:custom_model_data",
      "index": 0,
      "fallback": {
        "type": "minecraft:model",
        "model": "minecraft:item/fishing_rod"
      },
      "entries": [
        {
          "model": {
            "type": "minecraft:model",
            "model": "infinitefishing:item/rod/beginner_rod"
          },
          "threshold": 50081
        },
        {
          "model": {
            "type": "minecraft:model",
            "model": "infinitefishing:item/rod/beginner_rod_cast"
          },
          "threshold": 50081
        },
        {
          "model": {
            "type": "minecraft:model",
            "model": "infinitefishing:item/rod/silver_rod"
          },
          "threshold": 50082
        },
        {
          "model": {
            "type": "minecraft:model",
            "model": "infinitefishing:item/rod/silver_rod_cast"
          },
          "threshold": 50082
        },
        {
          "model": {
            "type": "minecraft:model",
            "model": "infinitefishing:item/rod/golden_rod"
          },
          "threshold": 50083
        },
        {
          "model": {
            "type": "minecraft:model",
            "model": "infinitefishing:item/rod/golden_rod_cast"
          },
          "threshold": 50083
        },
        {
          "model": {
            "type": "minecraft:model",
            "model": "infinitefishing:item/rod/star_rod"
          },
          "threshold": 50084
        },
        {
          "model": {
            "type": "minecraft:model",
            "model": "infinitefishing:item/rod/star_rod_cast"
          },
          "threshold": 50084
        },
        {
          "model": {
            "type": "minecraft:model",
            "model": "infinitefishing:item/rod/bone_rod"
          },
          "threshold": 50085
        },
        {
          "model": {
            "type": "minecraft:model",
            "model": "infinitefishing:item/rod/bone_rod_cast"
          },
          "threshold": 50085
        },
        {
          "model": {
            "type": "minecraft:model",
            "model": "infinitefishing:item/rod/magical_rod"
          },
          "threshold": 50086
        },
        {
          "model": {
            "type": "minecraft:model",
            "model": "infinitefishing:item/rod/magical_rod_cast"
          },
          "threshold": 50086
        },
        {
          "model": {
            "type": "minecraft:model",
            "model": "infinitefishing:item/rod/master_rod"
          },
          "threshold": 50087
        },
        {
          "model": {
            "type": "minecraft:model",
            "model": "infinitefishing:item/rod/master_rod_cast"
          },
          "threshold": 50087
        },
        {
          "model": {
            "type": "minecraft:model",
            "model": "minecraft:item/fishing_rod"
          },
          "threshold": 50088
        }
      ]
    }
  }