{
	"credit": "Made by PolygonMC",
	"texture_size": [24, 24],
	"textures": {
		"2": "item/halloween/animations_1",
		"4": "item/halloween/crossbow",
		"particle": "item/halloween/crossbow"
	},
	"elements": [
		{
			"from": [7, 8.99598, 5.31882],
			"to": [9, 9.49598, 5.34882],
			"rotation": {"angle": 22.5, "axis": "x", "origin": [8, 9.81022, 5.82069]},
			"faces": {
				"north": {"uv": [12, 0.66667, 13.33333, 1], "texture": "#4"},
				"south": {"uv": [4, 12, 5.33333, 12.33333], "texture": "#4"}
			}
		},
		{
			"from": [6.75, 8.3796, 5.22256],
			"to": [7, 8.8796, 7.22256],
			"rotation": {"angle": 0, "axis": "x", "origin": [8, 8.59588, 5.93325]},
			"faces": {
				"north": {"uv": [6.66667, 14.66667, 6.83333, 15], "texture": "#4"},
				"east": {"uv": [12, 4.66667, 13.33333, 5], "texture": "#4"},
				"south": {"uv": [14.66667, 6.66667, 14.83333, 7], "texture": "#4"},
				"west": {"uv": [5.33333, 12, 6.66667, 12.33333], "texture": "#4"},
				"up": {"uv": [0.83333, 15.33333, 0.66667, 14], "texture": "#4"},
				"down": {"uv": [14.16667, 0.66667, 14, 2], "texture": "#4"}
			}
		},
		{
			"from": [7, 8.3796, 4.97256],
			"to": [9, 8.8796, 5.47256],
			"rotation": {"angle": 0, "axis": "x", "origin": [8, 8.59588, 5.93325]},
			"faces": {
				"north": {"uv": [12, 5.33333, 13.33333, 5.66667], "texture": "#4"},
				"east": {"uv": [9.33333, 14, 9.66667, 14.33333], "texture": "#4"},
				"south": {"uv": [12, 6, 13.33333, 6.33333], "texture": "#4"},
				"west": {"uv": [14, 9.33333, 14.33333, 9.66667], "texture": "#4"},
				"up": {"uv": [13.33333, 7, 12, 6.66667], "texture": "#4"},
				"down": {"uv": [13.33333, 7.33333, 12, 7.66667], "texture": "#4"}
			}
		},
		{
			"from": [6.75, 8.8796, 6.22256],
			"to": [7, 9.3796, 7.22256],
			"rotation": {"angle": 0, "axis": "x", "origin": [8, 8.59588, 5.93325]},
			"faces": {
				"north": {"uv": [7.33333, 14.66667, 7.5, 15], "texture": "#4"},
				"east": {"uv": [1.33333, 14, 2, 14.33333], "texture": "#4"},
				"south": {"uv": [14.66667, 7.33333, 14.83333, 7.66667], "texture": "#4"},
				"west": {"uv": [2, 14, 2.66667, 14.33333], "texture": "#4"},
				"up": {"uv": [10.16667, 14.66667, 10, 14], "texture": "#4"}
			}
		},
		{
			"from": [9, 8.8796, 6.22256],
			"to": [9.25, 9.3796, 7.22256],
			"rotation": {"angle": 0, "axis": "x", "origin": [8, 8.59588, 5.93325]},
			"faces": {
				"north": {"uv": [8, 14.66667, 8.16667, 15], "texture": "#4"},
				"east": {"uv": [14, 2, 14.66667, 2.33333], "texture": "#4"},
				"south": {"uv": [14.66667, 8, 14.83333, 8.33333], "texture": "#4"},
				"west": {"uv": [2.66667, 14, 3.33333, 14.33333], "texture": "#4"},
				"up": {"uv": [14.16667, 10.66667, 14, 10], "texture": "#4"}
			}
		},
		{
			"from": [9.07, 8.8796, 5.32256],
			"to": [9.1, 9.3796, 6.22256],
			"rotation": {"angle": 0, "axis": "x", "origin": [8, 8.59588, 5.93325]},
			"faces": {
				"east": {"uv": [14, 2.66667, 14.66667, 3], "texture": "#4"},
				"west": {"uv": [3.33333, 14, 4, 14.33333], "texture": "#4"}
			}
		},
		{
			"from": [6.9, 8.8796, 5.32256],
			"to": [9.1, 9.3796, 5.35256],
			"rotation": {"angle": 0, "axis": "x", "origin": [8, 8.59588, 5.93325]},
			"faces": {
				"north": {"uv": [11.33333, 3.33333, 12.83333, 3.66667], "texture": "#4"},
				"south": {"uv": [11.33333, 4, 12.83333, 4.33333], "texture": "#4"}
			}
		},
		{
			"from": [6.9, 8.8796, 5.32256],
			"to": [6.93, 9.3796, 6.22256],
			"rotation": {"angle": 0, "axis": "x", "origin": [8, 8.59588, 5.93325]},
			"faces": {
				"east": {"uv": [14, 3.33333, 14.66667, 3.66667], "texture": "#4"},
				"west": {"uv": [4, 14, 4.66667, 14.33333], "texture": "#4"}
			}
		},
		{
			"from": [9, 8.3796, 5.22256],
			"to": [9.25, 8.8796, 7.22256],
			"rotation": {"angle": 0, "axis": "x", "origin": [8, 8.59588, 5.93325]},
			"faces": {
				"north": {"uv": [8.66667, 14.66667, 8.83333, 15], "texture": "#4"},
				"east": {"uv": [12, 8, 13.33333, 8.33333], "texture": "#4"},
				"south": {"uv": [14.66667, 8.66667, 14.83333, 9], "texture": "#4"},
				"west": {"uv": [8.66667, 12, 10, 12.33333], "texture": "#4"},
				"up": {"uv": [14.16667, 5.33333, 14, 4], "texture": "#4"},
				"down": {"uv": [4.83333, 14, 4.66667, 15.33333], "texture": "#4"}
			}
		},
		{
			"from": [6.75, 10.7, 4.85],
			"to": [7.5, 10.95, 5.35],
			"rotation": {"angle": 22.5, "axis": "x", "origin": [8, 9.61424, 5.90187]},
			"faces": {
				"north": {"uv": [5.33333, 14.66667, 5.83333, 14.83333], "texture": "#4"},
				"east": {"uv": [9.33333, 14.66667, 9.66667, 14.83333], "texture": "#4"},
				"south": {"uv": [14.66667, 5.33333, 15.16667, 5.5], "texture": "#4"},
				"west": {"uv": [14.66667, 9.33333, 15, 9.5], "texture": "#4"},
				"up": {"uv": [7.16667, 14.33333, 6.66667, 14], "texture": "#4"},
				"down": {"uv": [14.5, 6.66667, 14, 7], "texture": "#4"}
			}
		},
		{
			"from": [6.75, 9.95, 5.5],
			"to": [9.25, 11.7, 7.5],
			"rotation": {"angle": 22.5, "axis": "x", "origin": [8, 9.61424, 5.90187]},
			"faces": {
				"north": {"uv": [5.33333, 2.66667, 7, 3.83333], "texture": "#4"},
				"east": {"uv": [8, 0, 9.33333, 1.16667], "texture": "#4"},
				"south": {"uv": [6, 5.33333, 7.66667, 6.5], "texture": "#4"},
				"west": {"uv": [1.33333, 8, 2.66667, 9.16667], "texture": "#4"},
				"up": {"uv": [3, 4, 1.33333, 2.66667], "texture": "#4"},
				"down": {"uv": [5, 2.66667, 3.33333, 4], "texture": "#4"}
			}
		},
		{
			"from": [9.41355, 8.52107, -0.45078],
			"to": [10.43005, 9.53757, 0.56572],
			"rotation": {"angle": 0, "axis": "y", "origin": [9.76748, 9.02932, -0.51402]},
			"faces": {
				"north": {"uv": [12, 8.66667, 12.66667, 9.33333], "rotation": 270, "texture": "#4"},
				"east": {"uv": [11.33333, 12.66667, 10.66667, 12], "rotation": 270, "texture": "#4"},
				"south": {"uv": [2.66667, 6.66667, 3.33333, 7.33333], "rotation": 90, "texture": "#4"},
				"west": {"uv": [12, 12, 11.33333, 12.66667], "rotation": 270, "texture": "#4"},
				"up": {"uv": [5.33333, 7.33333, 6, 8], "rotation": 90, "texture": "#4"},
				"down": {"uv": [10, 12, 10.66667, 12.66667], "rotation": 90, "texture": "#4"}
			}
		},
		{
			"from": [9.48369, 8.64813, -0.99272],
			"to": [10.24606, 9.41051, -0.23034],
			"rotation": {"angle": 22.5, "axis": "y", "origin": [9.76748, 9.02932, -0.51402]},
			"faces": {
				"north": {"uv": [0, 13.33333, 0.5, 13.83333], "rotation": 270, "texture": "#4"},
				"east": {"uv": [1.16667, 13.83333, 0.66667, 13.33333], "rotation": 270, "texture": "#4"},
				"west": {"uv": [13.83333, 0.66667, 13.33333, 1.16667], "rotation": 270, "texture": "#4"},
				"up": {"uv": [12.66667, 12.66667, 13.16667, 13.16667], "rotation": 90, "texture": "#4"},
				"down": {"uv": [13.33333, 0, 13.83333, 0.5], "rotation": 90, "texture": "#4"}
			}
		},
		{
			"from": [8.97217, 8.74724, -1.09108],
			"to": [9.53633, 9.3114, -0.52692],
			"rotation": {"angle": -45, "axis": "y", "origin": [9.76748, 9.02932, -0.51402]},
			"faces": {
				"north": {"uv": [14.33333, 11.66667, 14, 11.33333], "rotation": 270, "texture": "#4"},
				"south": {"uv": [12.33333, 14, 12, 14.33333], "rotation": 270, "texture": "#4"},
				"west": {"uv": [14, 10.66667, 14.33333, 11], "rotation": 270, "texture": "#4"},
				"up": {"uv": [10.66667, 14, 11, 14.33333], "texture": "#4"},
				"down": {"uv": [11.33333, 14, 11.66667, 14.33333], "rotation": 180, "texture": "#4"}
			}
		},
		{
			"from": [5.56995, 8.52107, -0.45078],
			"to": [6.58645, 9.53757, 0.56572],
			"rotation": {"angle": 0, "axis": "y", "origin": [6.23252, 9.02932, -0.51402]},
			"faces": {
				"north": {"uv": [12, 9.33333, 12.66667, 8.66667], "rotation": 270, "texture": "#4"},
				"east": {"uv": [12, 12.66667, 11.33333, 12], "rotation": 270, "texture": "#4"},
				"south": {"uv": [2.66667, 7.33333, 3.33333, 6.66667], "rotation": 90, "texture": "#4"},
				"west": {"uv": [11.33333, 12, 10.66667, 12.66667], "rotation": 270, "texture": "#4"},
				"up": {"uv": [5.33333, 8, 6, 7.33333], "rotation": 90, "texture": "#4"},
				"down": {"uv": [10, 12.66667, 10.66667, 12], "rotation": 90, "texture": "#4"}
			}
		},
		{
			"from": [5.75394, 8.64813, -0.99272],
			"to": [6.51631, 9.41051, -0.23034],
			"rotation": {"angle": -22.5, "axis": "y", "origin": [6.23252, 9.02932, -0.51402]},
			"faces": {
				"north": {"uv": [0, 13.83333, 0.5, 13.33333], "rotation": 270, "texture": "#4"},
				"east": {"uv": [13.83333, 1.16667, 13.33333, 0.66667], "rotation": 270, "texture": "#4"},
				"west": {"uv": [1.16667, 13.33333, 0.66667, 13.83333], "rotation": 270, "texture": "#4"},
				"up": {"uv": [12.66667, 13.16667, 13.16667, 12.66667], "rotation": 90, "texture": "#4"},
				"down": {"uv": [13.33333, 0.5, 13.83333, 0], "rotation": 90, "texture": "#4"}
			}
		},
		{
			"from": [6.46367, 8.74724, -1.09108],
			"to": [7.02783, 9.3114, -0.52692],
			"rotation": {"angle": 45, "axis": "y", "origin": [6.23252, 9.02932, -0.51402]},
			"faces": {
				"north": {"uv": [14.33333, 11.33333, 14, 11.66667], "rotation": 270, "texture": "#4"},
				"east": {"uv": [14, 11, 14.33333, 10.66667], "rotation": 270, "texture": "#4"},
				"south": {"uv": [12.33333, 14.33333, 12, 14], "rotation": 270, "texture": "#4"},
				"up": {"uv": [11, 14, 10.66667, 14.33333], "texture": "#4"},
				"down": {"uv": [11.66667, 14, 11.33333, 14.33333], "rotation": 180, "texture": "#4"}
			}
		},
		{
			"from": [7.54257, 7.90233, 7.79939],
			"to": [8.45743, 8.81718, 8.71424],
			"rotation": {"angle": 45, "axis": "x", "origin": [8, 8.87409, 8.39571]},
			"faces": {
				"north": {"uv": [2, 13.33333, 1.33333, 12.66667], "rotation": 180, "texture": "#4"},
				"east": {"uv": [12, 12, 12.66667, 12.66667], "rotation": 90, "texture": "#4"},
				"south": {"uv": [13.33333, 1.33333, 12.66667, 2], "texture": "#4"},
				"west": {"uv": [0.66667, 12.66667, 1.33333, 13.33333], "rotation": 270, "texture": "#4"},
				"up": {"uv": [0, 12.66667, 0.66667, 13.33333], "texture": "#4"},
				"down": {"uv": [12, 11.33333, 12.66667, 12], "rotation": 180, "texture": "#4"}
			}
		},
		{
			"from": [7.65693, 8.61868, 8.14039],
			"to": [8.34307, 9.30482, 8.82653],
			"rotation": {"angle": -22.5, "axis": "x", "origin": [8, 8.87409, 8.39571]},
			"faces": {
				"east": {"uv": [1.33333, 13.33333, 1.83333, 13.83333], "texture": "#4"},
				"south": {"uv": [13.33333, 1.33333, 13.83333, 1.83333], "texture": "#4"},
				"west": {"uv": [2, 13.33333, 2.5, 13.83333], "texture": "#4"},
				"up": {"uv": [13.83333, 2.5, 13.33333, 2], "texture": "#4"},
				"down": {"uv": [13.83333, 2.66667, 13.33333, 3.16667], "texture": "#4"}
			}
		},
		{
			"from": [7.74613, 8.88571, 8.60374],
			"to": [8.25387, 9.39345, 9.11149],
			"rotation": {"angle": 0, "axis": "x", "origin": [8, 8.87409, 8.39571]},
			"faces": {
				"east": {"uv": [12.66667, 14, 13, 14.33333], "rotation": 90, "texture": "#4"},
				"south": {"uv": [14.33333, 13.33333, 14, 13.66667], "texture": "#4"},
				"west": {"uv": [13.33333, 14, 13.66667, 14.33333], "rotation": 270, "texture": "#4"},
				"up": {"uv": [14, 12.66667, 14.33333, 13], "texture": "#4"},
				"down": {"uv": [14, 12, 14.33333, 12.33333], "rotation": 180, "texture": "#4"}
			}
		},
		{
			"from": [7.58324, 7.4062, 9.0674],
			"to": [8.41677, 8.23973, 9.90093],
			"rotation": {"angle": 45, "axis": "x", "origin": [8, 8.29159, 9.61071]},
			"faces": {
				"north": {"uv": [13.83333, 5.83333, 13.33333, 5.33333], "rotation": 180, "texture": "#4"},
				"east": {"uv": [13.33333, 3.33333, 13.83333, 3.83333], "rotation": 90, "texture": "#4"},
				"south": {"uv": [13.83333, 6, 13.33333, 6.5], "texture": "#4"},
				"west": {"uv": [13.33333, 4.66667, 13.83333, 5.16667], "rotation": 270, "texture": "#4"},
				"up": {"uv": [13.33333, 4, 13.83333, 4.5], "texture": "#4"},
				"down": {"uv": [3.33333, 13.33333, 3.83333, 13.83333], "rotation": 180, "texture": "#4"}
			}
		},
		{
			"from": [7.68743, 8.05889, 9.37809],
			"to": [8.31257, 8.68403, 10.00324],
			"rotation": {"angle": -22.5, "axis": "x", "origin": [8, 8.29159, 9.61071]},
			"faces": {
				"east": {"uv": [13.33333, 7.33333, 13.83333, 7.83333], "rotation": 90, "texture": "#4"},
				"south": {"uv": [13.83333, 8.66667, 13.33333, 9.16667], "texture": "#4"},
				"west": {"uv": [8.66667, 13.33333, 9.16667, 13.83333], "rotation": 270, "texture": "#4"},
				"up": {"uv": [13.33333, 8, 13.83333, 8.5], "texture": "#4"},
				"down": {"uv": [13.33333, 6.66667, 13.83333, 7.16667], "rotation": 180, "texture": "#4"}
			}
		},
		{
			"from": [7.7687, 8.30217, 9.80026],
			"to": [8.2313, 8.76478, 10.26287],
			"rotation": {"angle": 0, "axis": "x", "origin": [8, 8.29159, 9.61071]},
			"faces": {
				"east": {"uv": [0, 14.66667, 0.33333, 15], "rotation": 90, "texture": "#4"},
				"south": {"uv": [1.66667, 14.66667, 1.33333, 15], "texture": "#4"},
				"west": {"uv": [14.66667, 0.66667, 15, 1], "rotation": 270, "texture": "#4"},
				"up": {"uv": [14.66667, 0, 15, 0.33333], "texture": "#4"},
				"down": {"uv": [14, 14, 14.33333, 14.33333], "rotation": 180, "texture": "#4"}
			}
		},
		{
			"from": [7.62074, 6.87064, 9.30873],
			"to": [8.37926, 7.62915, 10.06725],
			"rotation": {"angle": -45, "axis": "x", "origin": [8, 8.50745, 9.57025]},
			"faces": {
				"north": {"uv": [9.33333, 13.33333, 9.83333, 13.83333], "texture": "#4"},
				"east": {"uv": [13.33333, 9.33333, 13.83333, 9.83333], "texture": "#4"},
				"south": {"uv": [10, 13.33333, 10.5, 13.83333], "texture": "#4"},
				"west": {"uv": [10.66667, 13.33333, 11.16667, 13.83333], "texture": "#4"},
				"up": {"uv": [11.83333, 13.83333, 11.33333, 13.33333], "texture": "#4"},
				"down": {"uv": [13.83333, 11.33333, 13.33333, 11.83333], "texture": "#4"}
			}
		},
		{
			"from": [7.71556, 7.23571, 10.38665],
			"to": [8.28444, 7.8046, 10.95553],
			"rotation": {"angle": -22.5, "axis": "x", "origin": [8, 8.50745, 9.57025]},
			"faces": {
				"east": {"uv": [2, 14.66667, 2.33333, 15], "rotation": 90, "texture": "#4"},
				"south": {"uv": [15, 2.66667, 14.66667, 3], "texture": "#4"},
				"west": {"uv": [2.66667, 14.66667, 3, 15], "rotation": 270, "texture": "#4"},
				"up": {"uv": [14.66667, 2, 15, 2.33333], "texture": "#4"},
				"down": {"uv": [14.66667, 1.33333, 15, 1.66667], "rotation": 180, "texture": "#4"}
			}
		},
		{
			"from": [7.78951, 7.93122, 11.09819],
			"to": [8.21049, 8.3522, 11.51916],
			"rotation": {"angle": 0, "axis": "x", "origin": [8, 8.50745, 9.57025]},
			"faces": {
				"east": {"uv": [14.66667, 3.33333, 15, 3.66667], "rotation": 90, "texture": "#4"},
				"south": {"uv": [15, 4.66667, 14.66667, 5], "texture": "#4"},
				"west": {"uv": [14.66667, 4, 15, 4.33333], "rotation": 270, "texture": "#4"},
				"up": {"uv": [4, 14.66667, 4.33333, 15], "texture": "#4"},
				"down": {"uv": [3.33333, 14.66667, 3.66667, 15], "rotation": 180, "texture": "#4"}
			}
		},
		{
			"from": [5.26857, 6.9, -0.06193],
			"to": [6.51857, 8.4, -0.03193],
			"rotation": {"angle": 22.5, "axis": "y", "origin": [7.39357, 7.65, -0.29693]},
			"faces": {
				"north": {"uv": [10.66667, 0, 11.5, 1], "texture": "#4"},
				"south": {"uv": [10, 10, 10.83333, 11], "texture": "#4"}
			}
		},
		{
			"from": [9.48143, 6.9, -0.06193],
			"to": [10.73143, 8.4, -0.03193],
			"rotation": {"angle": -22.5, "axis": "y", "origin": [8.60643, 7.65, -0.29693]},
			"faces": {
				"north": {"uv": [11.5, 0, 10.66667, 1], "texture": "#4"},
				"south": {"uv": [10.83333, 10, 10, 11], "texture": "#4"}
			}
		},
		{
			"from": [12.46272, 7.65, 0.91479],
			"to": [13.21272, 8.65, 0.94479],
			"rotation": {"angle": -45, "axis": "y", "origin": [12.58772, 8.15, 0.67979]},
			"faces": {
				"north": {"uv": [12.66667, 2.66667, 13.16667, 3.33333], "texture": "#4"},
				"south": {"uv": [8.66667, 12.66667, 9.16667, 13.33333], "texture": "#4"}
			}
		},
		{
			"from": [2.78728, 7.65, 0.91479],
			"to": [3.53728, 8.65, 0.94479],
			"rotation": {"angle": 45, "axis": "y", "origin": [3.41228, 8.15, 0.67979]},
			"faces": {
				"north": {"uv": [13.16667, 2.66667, 12.66667, 3.33333], "texture": "#4"},
				"south": {"uv": [9.16667, 12.66667, 8.66667, 13.33333], "texture": "#4"}
			}
		},
		{
			"from": [8.275, 8.3, 6.4],
			"to": [8.305, 10.3, 8.4],
			"rotation": {"angle": 0, "axis": "y", "origin": [8, 5.75, -0.25]},
			"faces": {
				"east": {"uv": [1.33333, 6.66667, 2.66667, 8], "texture": "#4"},
				"west": {"uv": [6.66667, 4, 8, 5.33333], "texture": "#4"}
			}
		},
		{
			"from": [6.8, 8.625, 5.4],
			"to": [6.8, 10.625, 7.4],
			"rotation": {"angle": 0, "axis": "y", "origin": [8, -6.5, -1.95]},
			"faces": {
				"west": {"uv": [6, 6.66667, 7.33333, 8], "texture": "#4"}
			}
		},
		{
			"from": [8.485, 6.8, 2],
			"to": [8.515, 12.8, 6],
			"rotation": {"angle": -45, "axis": "z", "origin": [8.5, 9.8, 4]},
			"faces": {
				"east": {"uv": [8, 0, 0, 12], "texture": "#2"},
				"west": {"uv": [0, 0, 8, 12], "texture": "#2"}
			}
		},
		{
			"from": [7.485, 6.8, 2],
			"to": [7.515, 12.8, 6],
			"rotation": {"angle": 45, "axis": "z", "origin": [7.5, 9.8, 4]},
			"faces": {
				"east": {"uv": [8, 0, 0, 12], "texture": "#2"},
				"west": {"uv": [0, 0, 8, 12], "texture": "#2"}
			}
		},
		{
			"from": [7.15, 6.75, 6.5],
			"to": [8.85, 8.5, 8.25],
			"rotation": {"angle": -45, "axis": "x", "origin": [7.5, 6.75, 6.5]},
			"faces": {
				"north": {"uv": [8, 1.33333, 9.16667, 2.5], "texture": "#4"},
				"east": {"uv": [8, 4, 9.16667, 5.16667], "texture": "#4"},
				"south": {"uv": [5.33333, 8, 6.5, 9.16667], "texture": "#4"},
				"west": {"uv": [8, 5.33333, 9.16667, 6.5], "texture": "#4"},
				"up": {"uv": [7.83333, 9.16667, 6.66667, 8], "texture": "#4"},
				"down": {"uv": [9.16667, 8, 8, 9.16667], "texture": "#4"}
			}
		},
		{
			"from": [7.45, 7.25, 5.1],
			"to": [8.55, 8.75, 6.1],
			"rotation": {"angle": 0, "axis": "y", "origin": [7.25, 7.25, 1.1]},
			"faces": {
				"north": {"uv": [10.66667, 3.33333, 11.33333, 4.33333], "texture": "#4"},
				"east": {"uv": [4, 10.66667, 4.66667, 11.66667], "texture": "#4"},
				"west": {"uv": [4.66667, 10.66667, 5.33333, 11.66667], "texture": "#4"},
				"up": {"uv": [2.66667, 13.33333, 2, 12.66667], "texture": "#4"},
				"down": {"uv": [13.33333, 2, 12.66667, 2.66667], "texture": "#4"}
			}
		},
		{
			"from": [7.45, 7.25, 0.1],
			"to": [8.55, 8.75, 2.1],
			"rotation": {"angle": 0, "axis": "y", "origin": [7.25, 7.25, -1.9]},
			"faces": {
				"north": {"uv": [10.66667, 4.66667, 11.33333, 5.66667], "texture": "#4"},
				"east": {"uv": [0, 8.66667, 1.33333, 9.66667], "texture": "#4"},
				"south": {"uv": [5.33333, 10.66667, 6, 11.66667], "texture": "#4"},
				"west": {"uv": [2.66667, 8.66667, 4, 9.66667], "texture": "#4"},
				"up": {"uv": [10, 10, 9.33333, 8.66667], "texture": "#4"},
				"down": {"uv": [0.66667, 10, 0, 11.33333], "texture": "#4"}
			}
		},
		{
			"from": [7.7, 6.75, 0.6],
			"to": [8.3, 7.75, 5.1],
			"rotation": {"angle": 0, "axis": "y", "origin": [7.25, 6.25, -1.4]},
			"faces": {
				"north": {"uv": [5.33333, 14, 5.66667, 14.66667], "texture": "#4"},
				"east": {"uv": [1.33333, 4, 4.33333, 4.66667], "texture": "#4"},
				"south": {"uv": [14, 5.33333, 14.33333, 6], "texture": "#4"},
				"west": {"uv": [1.33333, 4.66667, 4.33333, 5.33333], "texture": "#4"},
				"down": {"uv": [7, 9.33333, 6.66667, 12.33333], "texture": "#4"}
			}
		},
		{
			"from": [7.45, 7.75, 2.1],
			"to": [8.55, 8.75, 5.1],
			"rotation": {"angle": 0, "axis": "y", "origin": [7.25, 7.25, 0.1]},
			"faces": {
				"east": {"uv": [8.66667, 2.66667, 10.66667, 3.33333], "texture": "#4"},
				"west": {"uv": [8.66667, 3.33333, 10.66667, 4], "texture": "#4"},
				"up": {"uv": [4.66667, 10.66667, 4, 8.66667], "texture": "#4"},
				"down": {"uv": [5.33333, 8.66667, 4.66667, 10.66667], "texture": "#4"}
			}
		},
		{
			"from": [7.575, 6.85, 6.575],
			"to": [8.425, 8.35, 8.075],
			"rotation": {"angle": 22.5, "axis": "x", "origin": [8.125, 7.725, 7.825]},
			"faces": {
				"east": {"uv": [5.33333, 9.33333, 6.33333, 10.33333], "texture": "#4"},
				"south": {"uv": [7.33333, 11.33333, 7.83333, 12.33333], "texture": "#4"},
				"west": {"uv": [9.33333, 5.33333, 10.33333, 6.33333], "texture": "#4"},
				"up": {"uv": [8.5, 12.33333, 8, 11.33333], "texture": "#4"},
				"down": {"uv": [11.83333, 8, 11.33333, 9], "texture": "#4"}
			}
		},
		{
			"from": [7.675, 6.87455, 5.94336],
			"to": [8.325, 7.87455, 8.19336],
			"rotation": {"angle": 45, "axis": "x", "origin": [8, 6.29955, 6.69336]},
			"faces": {
				"east": {"uv": [7.33333, 9.33333, 8.83333, 10], "texture": "#4"},
				"west": {"uv": [9.33333, 8, 10.83333, 8.66667], "texture": "#4"},
				"up": {"uv": [11.16667, 2.83333, 10.66667, 1.33333], "texture": "#4"},
				"down": {"uv": [2.5, 10.66667, 2, 12.16667], "texture": "#4"}
			}
		},
		{
			"from": [7.675, 6.87455, 8.19336],
			"to": [8.325, 8.12455, 8.69336],
			"rotation": {"angle": 45, "axis": "x", "origin": [8, 6.29955, 6.69336]},
			"faces": {
				"north": {"uv": [4.66667, 12.66667, 5.16667, 13.5], "texture": "#4"},
				"east": {"uv": [12.66667, 11.33333, 13, 12.16667], "texture": "#4"},
				"south": {"uv": [5.33333, 12.66667, 5.83333, 13.5], "texture": "#4"},
				"west": {"uv": [12, 12.66667, 12.33333, 13.5], "texture": "#4"},
				"up": {"uv": [7.83333, 14.33333, 7.33333, 14], "texture": "#4"},
				"down": {"uv": [14.5, 7.33333, 14, 7.66667], "texture": "#4"}
			}
		},
		{
			"from": [7.825, 6.85, 8.075],
			"to": [8.175, 7.35, 9.575],
			"rotation": {"angle": 22.5, "axis": "x", "origin": [8.125, 7.725, 7.825]},
			"faces": {
				"east": {"uv": [9.33333, 12.66667, 10.33333, 13], "texture": "#4"},
				"west": {"uv": [12.66667, 10, 13.66667, 10.33333], "texture": "#4"}
			}
		},
		{
			"from": [7.825, 6.24691, 8.85694],
			"to": [8.175, 6.74691, 11.10694],
			"rotation": {"angle": 0, "axis": "x", "origin": [8, 6.49691, 9.60694]},
			"faces": {
				"east": {"uv": [11.33333, 9.33333, 12.83333, 9.66667], "texture": "#4"},
				"west": {"uv": [10, 11.33333, 11.5, 11.66667], "texture": "#4"},
				"down": {"uv": [13.5, 12, 13.33333, 13.5], "texture": "#4"}
			}
		},
		{
			"from": [7.575, 7.35, 8.075],
			"to": [8.425, 8.35, 9.575],
			"rotation": {"angle": 22.5, "axis": "x", "origin": [8.125, 7.725, 7.825]},
			"faces": {
				"east": {"uv": [10.66667, 6, 11.66667, 6.66667], "texture": "#4"},
				"south": {"uv": [12.66667, 8.66667, 13.16667, 9.33333], "texture": "#4"},
				"west": {"uv": [10.66667, 6.66667, 11.66667, 7.33333], "texture": "#4"},
				"up": {"uv": [3.16667, 12.33333, 2.66667, 11.33333], "texture": "#4"},
				"down": {"uv": [11.83333, 4.66667, 11.33333, 5.66667], "texture": "#4"}
			}
		},
		{
			"from": [7.5797, 6.70885, 9.04828],
			"to": [8.4203, 7.73385, 11.54828],
			"rotation": {"angle": 0, "axis": "x", "origin": [8.0047, 7.20885, 9.79828]},
			"faces": {
				"east": {"uv": [8.66667, 6.66667, 10.33333, 7.33333], "texture": "#4"},
				"west": {"uv": [8.66667, 7.33333, 10.33333, 8], "texture": "#4"},
				"up": {"uv": [3.83333, 11.66667, 3.33333, 10], "texture": "#4"},
				"down": {"uv": [1.83333, 10.66667, 1.33333, 12.33333], "texture": "#4"}
			}
		},
		{
			"from": [7.5, 6.2, 10.46404],
			"to": [8.5, 8.2, 10.96404],
			"rotation": {"angle": 22.5, "axis": "x", "origin": [7.25, 5.2, 10.46404]},
			"faces": {
				"north": {"uv": [0.66667, 10, 1.33333, 11.33333], "texture": "#4"},
				"east": {"uv": [2.66667, 12.66667, 3, 14], "texture": "#4"},
				"south": {"uv": [2.66667, 10, 3.33333, 11.33333], "texture": "#4"},
				"west": {"uv": [4, 12.66667, 4.33333, 14], "texture": "#4"},
				"up": {"uv": [6.66667, 14.33333, 6, 14], "texture": "#4"},
				"down": {"uv": [14.66667, 6, 14, 6.33333], "texture": "#4"}
			}
		},
		{
			"from": [8, 8, -0.75],
			"to": [10, 9, 1.25],
			"rotation": {"angle": -45, "axis": "y", "origin": [8, 8, -0.75]},
			"faces": {
				"north": {"uv": [7.33333, 10, 8.66667, 10.66667], "texture": "#4"},
				"east": {"uv": [8.66667, 10, 10, 10.66667], "texture": "#4"},
				"south": {"uv": [10, 8.66667, 11.33333, 9.33333], "texture": "#4"},
				"west": {"uv": [10, 9.33333, 11.33333, 10], "texture": "#4"},
				"up": {"uv": [4, 8.66667, 2.66667, 7.33333], "texture": "#4"},
				"down": {"uv": [8.66667, 2.66667, 7.33333, 4], "texture": "#4"}
			}
		},
		{
			"from": [5.15534, 8.4, 0.6057],
			"to": [7.15534, 9.6, 1.4057],
			"rotation": {"angle": 22.5, "axis": "y", "origin": [5.15534, 8.25, 0.5057]},
			"faces": {
				"north": {"uv": [9.33333, 0, 10.66667, 0.83333], "texture": "#4"},
				"east": {"uv": [6, 12.66667, 6.5, 13.5], "texture": "#4"},
				"south": {"uv": [1.33333, 9.33333, 2.66667, 10.16667], "texture": "#4"},
				"west": {"uv": [6.66667, 12.66667, 7.16667, 13.5], "texture": "#4"},
				"up": {"uv": [8.66667, 11.16667, 7.33333, 10.66667], "texture": "#4"},
				"down": {"uv": [12, 7.33333, 10.66667, 7.83333], "texture": "#4"}
			}
		},
		{
			"from": [3.63587, 8.4, 0.04167],
			"to": [4.43587, 9.6, 2.04167],
			"rotation": {"angle": -22.5, "axis": "y", "origin": [3.96087, 9, 1.54167]},
			"faces": {
				"north": {"uv": [7.33333, 12.66667, 7.83333, 13.5], "texture": "#4"},
				"east": {"uv": [9.33333, 1.33333, 10.66667, 2.16667], "texture": "#4"},
				"south": {"uv": [8, 12.66667, 8.5, 13.5], "texture": "#4"},
				"west": {"uv": [9.33333, 4, 10.66667, 4.83333], "texture": "#4"},
				"up": {"uv": [6.5, 12, 6, 10.66667], "texture": "#4"},
				"down": {"uv": [9.16667, 10.66667, 8.66667, 12], "texture": "#4"}
			}
		},
		{
			"from": [4.15534, 8.65, 0.3557],
			"to": [5.65534, 9.35, 1.1557],
			"rotation": {"angle": 22.5, "axis": "y", "origin": [5.15534, 8.25, 0.5057]},
			"faces": {
				"north": {"uv": [11.33333, 10, 12.33333, 10.5], "texture": "#4"},
				"east": {"uv": [12.66667, 13.33333, 13.16667, 13.83333], "texture": "#4"},
				"south": {"uv": [11.33333, 10.66667, 12.33333, 11.16667], "texture": "#4"},
				"up": {"uv": [1, 12.5, 0, 12], "texture": "#4"},
				"down": {"uv": [13, 0, 12, 0.5], "texture": "#4"}
			}
		},
		{
			"from": [1.98192, 8.8, 1.35107],
			"to": [2.78192, 9.2, 2.85107],
			"rotation": {"angle": -22.5, "axis": "y", "origin": [2.18192, 9, 2.10107]},
			"faces": {
				"north": {"uv": [8, 14, 8.5, 14.33333], "texture": "#4"},
				"east": {"uv": [10.66667, 12.66667, 11.66667, 13], "texture": "#4"},
				"south": {"uv": [14, 8, 14.5, 8.33333], "texture": "#4"},
				"west": {"uv": [12.66667, 10.66667, 13.66667, 11], "texture": "#4"},
				"up": {"uv": [12.5, 3, 12, 2], "texture": "#4"},
				"down": {"uv": [3.83333, 12, 3.33333, 13], "texture": "#4"}
			}
		},
		{
			"from": [2.13673, 8.65, -0.00196],
			"to": [2.93673, 9.35, 1.99804],
			"rotation": {"angle": -45, "axis": "y", "origin": [2.41173, 9, 2.04804]},
			"faces": {
				"north": {"uv": [0, 14, 0.5, 14.5], "texture": "#4"},
				"east": {"uv": [0, 11.33333, 1.33333, 11.83333], "texture": "#4"},
				"south": {"uv": [14, 0, 14.5, 0.5], "texture": "#4"},
				"west": {"uv": [11.33333, 1.33333, 12.66667, 1.83333], "texture": "#4"},
				"up": {"uv": [9.83333, 12, 9.33333, 10.66667], "texture": "#4"},
				"down": {"uv": [11.83333, 2, 11.33333, 3.33333], "texture": "#4"}
			}
		},
		{
			"from": [8.84466, 8.4, 0.6057],
			"to": [10.84466, 9.6, 1.4057],
			"rotation": {"angle": -22.5, "axis": "y", "origin": [10.84466, 8.25, 0.5057]},
			"faces": {
				"north": {"uv": [10.66667, 0, 9.33333, 0.83333], "texture": "#4"},
				"east": {"uv": [7.16667, 12.66667, 6.66667, 13.5], "texture": "#4"},
				"south": {"uv": [2.66667, 9.33333, 1.33333, 10.16667], "texture": "#4"},
				"west": {"uv": [6.5, 12.66667, 6, 13.5], "texture": "#4"},
				"up": {"uv": [7.33333, 11.16667, 8.66667, 10.66667], "texture": "#4"},
				"down": {"uv": [10.66667, 7.33333, 12, 7.83333], "texture": "#4"}
			}
		},
		{
			"from": [10.34466, 8.65, 0.3557],
			"to": [11.84466, 9.35, 1.1557],
			"rotation": {"angle": -22.5, "axis": "y", "origin": [10.84466, 8.25, 0.5057]},
			"faces": {
				"north": {"uv": [12.33333, 10, 11.33333, 10.5], "texture": "#4"},
				"south": {"uv": [12.33333, 10.66667, 11.33333, 11.16667], "texture": "#4"},
				"west": {"uv": [13.16667, 13.33333, 12.66667, 13.83333], "texture": "#4"},
				"up": {"uv": [0, 12.5, 1, 12], "texture": "#4"},
				"down": {"uv": [12, 0, 13, 0.5], "texture": "#4"}
			}
		},
		{
			"from": [11.56413, 8.4, 0.04167],
			"to": [12.36413, 9.6, 2.04167],
			"rotation": {"angle": 22.5, "axis": "y", "origin": [12.03913, 9, 1.54167]},
			"faces": {
				"north": {"uv": [7.83333, 12.66667, 7.33333, 13.5], "texture": "#4"},
				"east": {"uv": [10.66667, 4, 9.33333, 4.83333], "texture": "#4"},
				"south": {"uv": [8.5, 12.66667, 8, 13.5], "texture": "#4"},
				"west": {"uv": [10.66667, 1.33333, 9.33333, 2.16667], "texture": "#4"},
				"up": {"uv": [6, 12, 6.5, 10.66667], "texture": "#4"},
				"down": {"uv": [8.66667, 10.66667, 9.16667, 12], "texture": "#4"}
			}
		},
		{
			"from": [13.06327, 8.65, -0.00196],
			"to": [13.86327, 9.35, 1.99804],
			"rotation": {"angle": 45, "axis": "y", "origin": [13.58827, 9, 2.04804]},
			"faces": {
				"north": {"uv": [0.5, 14, 0, 14.5], "texture": "#4"},
				"east": {"uv": [12.66667, 1.33333, 11.33333, 1.83333], "texture": "#4"},
				"south": {"uv": [14.5, 0, 14, 0.5], "texture": "#4"},
				"west": {"uv": [1.33333, 11.33333, 0, 11.83333], "texture": "#4"},
				"up": {"uv": [9.33333, 12, 9.83333, 10.66667], "texture": "#4"},
				"down": {"uv": [11.33333, 2, 11.83333, 3.33333], "texture": "#4"}
			}
		},
		{
			"from": [13.21808, 8.8, 1.35107],
			"to": [14.01808, 9.2, 2.85107],
			"rotation": {"angle": 22.5, "axis": "y", "origin": [13.81808, 9, 2.10107]},
			"faces": {
				"north": {"uv": [8.5, 14, 8, 14.33333], "texture": "#4"},
				"east": {"uv": [13.66667, 10.66667, 12.66667, 11], "texture": "#4"},
				"south": {"uv": [14.5, 8, 14, 8.33333], "texture": "#4"},
				"west": {"uv": [11.66667, 12.66667, 10.66667, 13], "texture": "#4"},
				"up": {"uv": [12, 3, 12.5, 2], "texture": "#4"},
				"down": {"uv": [3.33333, 12, 3.83333, 13], "texture": "#4"}
			}
		},
		{
			"from": [7, 9.45, 5],
			"to": [9, 11.45, 7.25],
			"rotation": {"angle": 22.5, "axis": "x", "origin": [8, 9.61424, 5.90187]},
			"faces": {
				"north": {"uv": [4, 7.33333, 5.33333, 8.66667], "texture": "#4"},
				"east": {"uv": [4.66667, 4, 6.16667, 5.33333], "texture": "#4"},
				"south": {"uv": [7.33333, 6.66667, 8.66667, 8], "texture": "#4"},
				"west": {"uv": [1.33333, 5.33333, 2.83333, 6.66667], "texture": "#4"},
				"up": {"uv": [4.66667, 6.83333, 3.33333, 5.33333], "texture": "#4"},
				"down": {"uv": [6, 5.33333, 4.66667, 6.83333], "texture": "#4"}
			}
		},
		{
			"from": [8.5, 10.7, 4.85],
			"to": [9.25, 10.95, 5.35],
			"rotation": {"angle": 22.5, "axis": "x", "origin": [8, 9.61424, 5.90187]},
			"faces": {
				"north": {"uv": [6, 14.66667, 6.5, 14.83333], "texture": "#4"},
				"east": {"uv": [10, 14.66667, 10.33333, 14.83333], "texture": "#4"},
				"south": {"uv": [14.66667, 6, 15.16667, 6.16667], "texture": "#4"},
				"west": {"uv": [14.66667, 10, 15, 10.16667], "texture": "#4"},
				"up": {"uv": [9.16667, 14.33333, 8.66667, 14], "texture": "#4"},
				"down": {"uv": [14.5, 8.66667, 14, 9], "texture": "#4"}
			}
		},
		{
			"from": [2.375, 9.049, 2.52359],
			"to": [13.625, 9.079, 6.52359],
			"rotation": {"angle": 0, "axis": "y", "origin": [4.625, 8.799, 3.02359]},
			"faces": {
				"up": {"uv": [7.5, 2.66667, 0, 0], "texture": "#4"},
				"down": {"uv": [7.5, 0, 0, 2.66667], "texture": "#4"}
			}
		}
	],
	"gui_light": "front",
	"display": {
		"thirdperson_righthand": {
			"translation": [0, 0.75, 2]
		},
		"thirdperson_lefthand": {
			"translation": [0, 0.75, 2]
		},
		"firstperson_righthand": {
			"rotation": [0, -12, 0],
			"translation": [8.25, 2.5, 3.5]
		},
		"firstperson_lefthand": {
			"rotation": [0, -12, 0],
			"translation": [8.25, 2.5, 3.5]
		},
		"ground": {
			"rotation": [45, 0, 0],
			"translation": [0, 4.5, 0]
		},
		"gui": {
			"rotation": [90, 45, 0],
			"translation": [2.5, -2.5, 0]
		},
		"head": {
			"rotation": [-45, 180, 0]
		},
		"fixed": {
			"rotation": [-90, 0, 0],
			"translation": [0, 7.75, -6],
			"scale": [2.5, 2.5, 2.5]
		}
	}
}