{"credit":"Made with Blockbench","texture_size":[128,128],"textures":{"1":"item/cosmetics/spring/10"},"elements":[{"from":[-9.5,-5.02256,9.79137],"to":[6.5,18.97744,9.79137],"rotation":{"angle":22.5,"axis":"y","origin":[6.5,6.97744,9.79137]},"faces":{"north":{"uv":[0,0,4,6],"texture":"#1","tintindex":0},"east":{"uv":[0,18.5,0,12.5],"rotation":180,"texture":"#1","tintindex":0},"south":{"uv":[4,0,0,6],"texture":"#1","tintindex":0},"west":{"uv":[0.25,18.5,0.25,12.5],"rotation":180,"texture":"#1","tintindex":0},"up":{"uv":[0.5,12.5,4.5,12.5],"rotation":180,"texture":"#1","tintindex":0},"down":{"uv":[4.75,12.5,8.75,12.5],"rotation":180,"texture":"#1","tintindex":0}}},{"from":[-9.5,-5.02256,9.79137],"to":[6.5,18.97744,9.79137],"rotation":{"angle":45,"axis":"y","origin":[6.5,6.97744,9.79137]},"faces":{"north":{"uv":[6,0,10,6],"texture":"#1","tintindex":0},"east":{"uv":[0,18.5,0,12.5],"rotation":180,"texture":"#1","tintindex":0},"south":{"uv":[10,0,6,6],"texture":"#1","tintindex":0},"west":{"uv":[0.25,18.5,0.25,12.5],"rotation":180,"texture":"#1","tintindex":0},"up":{"uv":[0.5,12.5,4.5,12.5],"rotation":180,"texture":"#1","tintindex":0},"down":{"uv":[4.75,12.5,8.75,12.5],"rotation":180,"texture":"#1","tintindex":0}}},{"from":[6.5,-5.02256,9.79137],"to":[6.5,18.97744,25.79137],"rotation":{"angle":-22.5,"axis":"y","origin":[6.5,6.97744,9.79137]},"faces":{"north":{"uv":[0,18.5,0,12.5],"rotation":180,"texture":"#1","tintindex":0},"east":{"uv":[16,0,12,6],"texture":"#1","tintindex":0},"south":{"uv":[0.25,18.5,0.25,12.5],"rotation":180,"texture":"#1","tintindex":0},"west":{"uv":[12,0,16,6],"texture":"#1","tintindex":0},"up":{"uv":[0.5,12.5,4.5,12.5],"rotation":90,"texture":"#1","tintindex":0},"down":{"uv":[4.75,12.5,8.75,12.5],"rotation":270,"texture":"#1","tintindex":0}}},{"from":[-9.5,-5.02256,9.79137],"to":[6.5,18.97744,9.79137],"rotation":{"angle":22.5,"axis":"y","origin":[6.5,6.97744,9.79137]},"faces":{"north":{"uv":[0,8,4,14],"texture":"#1"},"east":{"uv":[0,18.5,0,12.5],"rotation":180,"texture":"#1"},"south":{"uv":[4,8,0,14],"texture":"#1"},"west":{"uv":[0.25,18.5,0.25,12.5],"rotation":180,"texture":"#1"},"up":{"uv":[0.5,12.5,4.5,12.5],"rotation":180,"texture":"#1"},"down":{"uv":[4.75,12.5,8.75,12.5],"rotation":180,"texture":"#1"}}},{"from":[-9.5,-5.02256,9.79137],"to":[6.5,18.97744,9.79137],"rotation":{"angle":45,"axis":"y","origin":[6.5,6.97744,9.79137]},"faces":{"north":{"uv":[6,8,10,14],"texture":"#1"},"east":{"uv":[0,18.5,0,12.5],"rotation":180,"texture":"#1"},"south":{"uv":[10,8,6,14],"texture":"#1"},"west":{"uv":[0.25,18.5,0.25,12.5],"rotation":180,"texture":"#1"},"up":{"uv":[0.5,12.5,4.5,12.5],"rotation":180,"texture":"#1"},"down":{"uv":[4.75,12.5,8.75,12.5],"rotation":180,"texture":"#1"}}},{"from":[6.5,-5.02256,9.79137],"to":[6.5,18.97744,25.79137],"rotation":{"angle":-22.5,"axis":"y","origin":[6.5,6.97744,9.79137]},"faces":{"north":{"uv":[0,18.5,0,12.5],"rotation":180,"texture":"#1"},"east":{"uv":[16,8,12,14],"texture":"#1"},"south":{"uv":[0.25,18.5,0.25,12.5],"rotation":180,"texture":"#1"},"west":{"uv":[12,8,16,14],"texture":"#1"},"up":{"uv":[0.5,12.5,4.5,12.5],"rotation":90,"texture":"#1"},"down":{"uv":[4.75,12.5,8.75,12.5],"rotation":270,"texture":"#1"}}},{"from":[9.5,-5.02256,9.79137],"to":[25.5,18.97744,9.79137],"rotation":{"angle":-22.5,"axis":"y","origin":[9.5,6.97744,9.79137]},"faces":{"north":{"uv":[4,0,0,6],"texture":"#1","tintindex":0},"east":{"uv":[0.25,18.5,0.25,12.5],"rotation":180,"texture":"#1","tintindex":0},"south":{"uv":[0,0,4,6],"texture":"#1","tintindex":0},"west":{"uv":[0,18.5,0,12.5],"rotation":180,"texture":"#1","tintindex":0},"up":{"uv":[4.5,12.5,0.5,12.5],"rotation":180,"texture":"#1","tintindex":0},"down":{"uv":[8.75,12.5,4.75,12.5],"rotation":180,"texture":"#1","tintindex":0}}},{"from":[9.5,-5.02256,9.79137],"to":[25.5,18.97744,9.79137],"rotation":{"angle":-45,"axis":"y","origin":[9.5,6.97744,9.79137]},"faces":{"north":{"uv":[10,0,6,6],"texture":"#1","tintindex":0},"east":{"uv":[0.25,18.5,0.25,12.5],"rotation":180,"texture":"#1","tintindex":0},"south":{"uv":[6,0,10,6],"texture":"#1","tintindex":0},"west":{"uv":[0,18.5,0,12.5],"rotation":180,"texture":"#1","tintindex":0},"up":{"uv":[4.5,12.5,0.5,12.5],"rotation":180,"texture":"#1","tintindex":0},"down":{"uv":[8.75,12.5,4.75,12.5],"rotation":180,"texture":"#1","tintindex":0}}},{"from":[9.5,-5.02256,9.79137],"to":[9.5,18.97744,25.79137],"rotation":{"angle":22.5,"axis":"y","origin":[9.5,6.97744,9.79137]},"faces":{"north":{"uv":[0,18.5,0,12.5],"rotation":180,"texture":"#1","tintindex":0},"east":{"uv":[16,0,12,6],"texture":"#1","tintindex":0},"south":{"uv":[0.25,18.5,0.25,12.5],"rotation":180,"texture":"#1","tintindex":0},"west":{"uv":[12,0,16,6],"texture":"#1","tintindex":0},"up":{"uv":[0.5,12.5,4.5,12.5],"rotation":90,"texture":"#1","tintindex":0},"down":{"uv":[4.75,12.5,8.75,12.5],"rotation":270,"texture":"#1","tintindex":0}}},{"from":[9.5,-5.02256,9.79137],"to":[25.5,18.97744,9.79137],"rotation":{"angle":-22.5,"axis":"y","origin":[9.5,6.97744,9.79137]},"faces":{"north":{"uv":[4,8,0,14],"texture":"#1"},"east":{"uv":[0.25,18.5,0.25,12.5],"rotation":180,"texture":"#1"},"south":{"uv":[0,8,4,14],"texture":"#1"},"west":{"uv":[0,18.5,0,12.5],"rotation":180,"texture":"#1"},"up":{"uv":[4.5,12.5,0.5,12.5],"rotation":180,"texture":"#1"},"down":{"uv":[8.75,12.5,4.75,12.5],"rotation":180,"texture":"#1"}}},{"from":[9.5,-5.02256,9.79137],"to":[25.5,18.97744,9.79137],"rotation":{"angle":-45,"axis":"y","origin":[9.5,6.97744,9.79137]},"faces":{"north":{"uv":[10,8,6,14],"texture":"#1"},"east":{"uv":[0.25,18.5,0.25,12.5],"rotation":180,"texture":"#1"},"south":{"uv":[6,8,10,14],"texture":"#1"},"west":{"uv":[0,18.5,0,12.5],"rotation":180,"texture":"#1"},"up":{"uv":[4.5,12.5,0.5,12.5],"rotation":180,"texture":"#1"},"down":{"uv":[8.75,12.5,4.75,12.5],"rotation":180,"texture":"#1"}}},{"from":[9.5,-5.02256,9.79137],"to":[9.5,18.97744,25.79137],"rotation":{"angle":22.5,"axis":"y","origin":[9.5,6.97744,9.79137]},"faces":{"north":{"uv":[0,18.5,0,12.5],"rotation":180,"texture":"#1"},"east":{"uv":[16,8,12,14],"texture":"#1"},"south":{"uv":[0.25,18.5,0.25,12.5],"rotation":180,"texture":"#1"},"west":{"uv":[12,8,16,14],"texture":"#1"},"up":{"uv":[0.5,12.5,4.5,12.5],"rotation":90,"texture":"#1"},"down":{"uv":[4.75,12.5,8.75,12.5],"rotation":270,"texture":"#1"}}}],"gui_light":"front","display":{"thirdperson_righthand":{"rotation":[75,45,0],"translation":[0,2.5,0],"scale":[0.375,0.375,0.375]},"thirdperson_lefthand":{"rotation":[75,45,0],"translation":[0,2.5,0],"scale":[0.375,0.375,0.375]},"firstperson_righthand":{"rotation":[0,120,0],"scale":[0.4,0.4,0.4]},"firstperson_lefthand":{"rotation":[0,120,0],"scale":[0.4,0.4,0.4]},"ground":{"translation":[0,2,0],"scale":[0.5,0.5,0.5]},"gui":{"translation":[0.25,-0.25,0],"scale":[0.5,0.5,0.5]},"head":{"translation":[0,-61,1],"scale":[2,2,2]}},"groups":[{"name":"group","origin":[8,8,2.88729],"color":0,"children":[{"name":"group","origin":[8,8,2.88729],"color":0,"children":[{"name":"group","origin":[7,1,2.88729],"color":0,"children":[0,1,2]},{"name":"group","origin":[7,1,2.88729],"color":0,"children":[3,4,5]}]},{"name":"group","origin":[8,8,2.88729],"color":0,"children":[{"name":"group","origin":[7,1,2.88729],"color":0,"children":[6,7,8]},{"name":"group","origin":[7,1,2.88729],"color":0,"children":[9,10,11]}]}]}],"mcmodels":"6a992ab84c74e234e6d0dc754d706c6f"}