{"credit":"Made with Blockbench","texture_size":[64,64],"textures":{"0":"item/cosmetics/spring/4","particle":"item/cosmetics/spring/4"},"elements":[{"from":[3,7,6.5],"to":[13,12,11.5],"rotation":{"angle":45,"axis":"x","origin":[8,9.5,9]},"faces":{"north":{"uv":[2.75,5.5,5.25,6.75],"texture":"#0"},"east":{"uv":[8.25,1.5,9.5,2.75],"texture":"#0"},"south":{"uv":[0,5,2.5,6.25],"texture":"#0"},"west":{"uv":[8.25,3,9.5,4.25],"texture":"#0"},"up":{"uv":[8,6.75,5.5,5.5],"texture":"#0"},"down":{"uv":[8.5,0,6,1.25],"texture":"#0"}}},{"from":[2.8,6.8,6.3],"to":[13.2,12.2,11.7],"rotation":{"angle":45,"axis":"x","origin":[8,9.5,9]},"faces":{"north":{"uv":[11,3,13.5,4.25],"texture":"#0"},"south":{"uv":[11,1.5,13.5,2.75],"texture":"#0"},"up":{"uv":[13.5,1.25,11,0],"texture":"#0"},"down":{"uv":[13.5,4.5,11,5.75],"texture":"#0"}}},{"from":[4,1,1.5],"to":[12,9,5.5],"rotation":{"angle":0,"axis":"y","origin":[4,1,5.5]},"faces":{"north":{"uv":[0,2.75,2,4.75],"texture":"#0","tintindex":0},"east":{"uv":[4.5,7,5.5,9],"texture":"#0","tintindex":0},"south":{"uv":[2.25,2.75,4.25,4.75],"texture":"#0","tintindex":0},"west":{"uv":[5.75,7,6.75,9],"texture":"#0","tintindex":0},"up":{"uv":[9,8,7,7],"texture":"#0","tintindex":0},"down":{"uv":[2,8,0,9],"texture":"#0","tintindex":0}}},{"from":[12,1,1.5],"to":[4,9,5.5],"rotation":{"angle":0,"axis":"y","origin":[12,1,5.5]},"faces":{"north":{"uv":[0,2.75,2,4.75],"texture":"#0","tintindex":0},"east":{"uv":[4.5,7,5.5,9],"texture":"#0","tintindex":0},"south":{"uv":[2.25,2.75,4.25,4.75],"texture":"#0","tintindex":0},"west":{"uv":[5.75,7,6.75,9],"texture":"#0","tintindex":0},"up":{"uv":[9,8,7,7],"texture":"#0","tintindex":0},"down":{"uv":[2,8,0,9],"texture":"#0","tintindex":0}}},{"from":[4,-1,5.5],"to":[12,9,10.5],"rotation":{"angle":0,"axis":"y","origin":[4,0,10.5]},"faces":{"north":{"uv":[0,0,2,2.5],"texture":"#0","tintindex":0},"east":{"uv":[4.5,0,5.75,2.5],"texture":"#0","tintindex":0},"south":{"uv":[2.25,0,4.25,2.5],"texture":"#0","tintindex":0},"west":{"uv":[4.5,2.75,5.75,5.25],"texture":"#0","tintindex":0},"up":{"uv":[8,2.75,6,1.5],"texture":"#0","tintindex":0},"down":{"uv":[8,3,6,4.25],"texture":"#0","tintindex":0}}},{"from":[2,0,6.5],"to":[4,3,10.5],"rotation":{"angle":0,"axis":"y","origin":[-4,-1,10.5]},"faces":{"north":{"uv":[8.5,9.25,9,10],"texture":"#0","tintindex":0},"east":{"uv":[6,4.5,7,5.25],"texture":"#0","tintindex":0},"south":{"uv":[9.25,9.25,9.75,10],"texture":"#0","tintindex":0},"west":{"uv":[7.25,4.5,8.25,5.25],"texture":"#0","tintindex":0},"up":{"uv":[4.25,9.5,3.75,8.5],"texture":"#0","tintindex":0},"down":{"uv":[0.5,9.25,0,10.25],"texture":"#0","tintindex":0}}},{"from":[2.9,2,7.5],"to":[4.9,8,9.5],"rotation":{"angle":22.5,"axis":"z","origin":[3.9,3.5,8.5]},"faces":{"north":{"uv":[7,8.25,7.5,9.75],"texture":"#0"},"east":{"uv":[7.75,8.25,8.25,9.75],"texture":"#0"},"south":{"uv":[2.25,8.5,2.75,10],"texture":"#0"},"west":{"uv":[3,8.5,3.5,10],"texture":"#0"},"up":{"uv":[10.25,0.5,9.75,0],"texture":"#0"},"down":{"uv":[4.25,9.75,3.75,10.25],"texture":"#0"}}},{"from":[1.25405,3.42702,7],"to":[1.25405,6.42702,10],"rotation":{"angle":-22.5,"axis":"z","origin":[1.25405,5.42702,8]},"faces":{"north":{"uv":[10.25,1.5,10.25,2.25],"texture":"#0"},"east":{"uv":[8.5,8.25,9.25,9],"texture":"#0"},"south":{"uv":[2.25,10.25,2.25,11],"texture":"#0"},"west":{"uv":[8.75,0,9.5,0.75],"texture":"#0"},"up":{"uv":[2.5,11,2.5,10.25],"texture":"#0"},"down":{"uv":[10.25,2.5,10.25,3.25],"texture":"#0"}}},{"from":[11.6,6,8],"to":[12.6,9,9],"rotation":{"angle":-22.5,"axis":"z","origin":[12.1,3.5,8.5]},"faces":{"north":{"uv":[10,7,10.25,7.75],"texture":"#0"},"east":{"uv":[7.5,10,7.75,10.75],"texture":"#0"},"south":{"uv":[8,10,8.25,10.75],"texture":"#0"},"west":{"uv":[10,9.25,10.25,10],"texture":"#0"},"up":{"uv":[3,5.25,2.75,5],"texture":"#0"},"down":{"uv":[3.5,5,3.25,5.25],"texture":"#0"}}},{"from":[11.1,2,7.5],"to":[13.1,6,9.5],"rotation":{"angle":-22.5,"axis":"z","origin":[12.1,3.5,8.5]},"faces":{"north":{"uv":[4.5,9.25,5,10.25],"texture":"#0"},"east":{"uv":[5.25,9.25,5.75,10.25],"texture":"#0"},"south":{"uv":[6,9.25,6.5,10.25],"texture":"#0"},"west":{"uv":[9.25,7,9.75,8],"texture":"#0"},"up":{"uv":[10.25,5,9.75,4.5],"texture":"#0"},"down":{"uv":[7.25,10,6.75,10.5],"texture":"#0"}}},{"from":[12,0,6.5],"to":[14,3,10.5],"rotation":{"angle":0,"axis":"y","origin":[20,-1,10.5]},"faces":{"north":{"uv":[9.5,5.5,10,6.25],"texture":"#0","tintindex":0},"east":{"uv":[8.25,5.5,9.25,6.25],"texture":"#0","tintindex":0},"south":{"uv":[9.5,8.25,10,9],"texture":"#0","tintindex":0},"west":{"uv":[8.5,4.5,9.5,5.25],"texture":"#0","tintindex":0},"up":{"uv":[1.25,10.25,0.75,9.25],"texture":"#0","tintindex":0},"down":{"uv":[2,9.25,1.5,10.25],"texture":"#0","tintindex":0}}},{"from":[4,-1,10.5],"to":[12,4,11.5],"rotation":{"angle":0,"axis":"y","origin":[4,-1,15.5]},"faces":{"north":{"uv":[0,6.5,2,7.75],"texture":"#0","tintindex":0},"east":{"uv":[9.75,1.5,10,2.75],"texture":"#0","tintindex":0},"south":{"uv":[2.25,7,4.25,8.25],"texture":"#0","tintindex":0},"west":{"uv":[9.75,3,10,4.25],"texture":"#0","tintindex":0},"up":{"uv":[10.25,6.75,8.25,6.5],"texture":"#0","tintindex":0},"down":{"uv":[10.75,1,8.75,1.25],"texture":"#0","tintindex":0}}}],"gui_light":"front","display":{"thirdperson_righthand":{"rotation":[75,45,0],"translation":[0,2.5,0],"scale":[0.375,0.375,0.375]},"thirdperson_lefthand":{"rotation":[75,45,0],"translation":[0,2.5,0],"scale":[0.375,0.375,0.375]},"firstperson_righthand":{"translation":[0,0,80]},"firstperson_lefthand":{"translation":[0,0,80]},"gui":{"rotation":[15,-30,0],"translation":[-0.25,2,0],"scale":[0.85,0.85,0.85]},"head":{"translation":[0,-56,8],"scale":[2,2,2]}},"groups":[{"name":"group","origin":[4,0,5.5],"color":0,"children":[0,1,{"name":"group","origin":[12,1,5.5],"color":0,"children":[2,3]},4,5,{"name":"group","origin":[1.25405,5.42702,8],"color":0,"children":[6,7]},{"name":"group","origin":[12.1,3.5,8.5],"color":0,"children":[8,9]},10,11]}],"mcmodels":"6a992ab84c74e234e6d0dc754d706c6f"}