{
	"credit": "Made with Blockbench",
	"texture_size": [64, 64],
	"textures": {
		"0": "item/cosmetics/spring/14",
		"particle": "item/cosmetics/spring/14"
	},
	"elements": [
		{
			"from": [4, -4.14701, 13.76541],
			"to": [11, 2.85299, 13.76541],
			"rotation": {"angle": -22.5, "axis": "x", "origin": [7.5, 2.9, 13.76541]},
			"faces": {
				"north": {"uv": [10.25, 4, 8.5, 5.75], "texture": "#0"},
				"south": {"uv": [8.5, 4, 10.25, 5.75], "texture": "#0"}
			}
		},
		{
			"from": [10, -8.76641, 11.85199],
			"to": [17, -1.76641, 11.85199],
			"rotation": {"angle": -22.5, "axis": "x", "origin": [13.5, -1.7, 11.85199]},
			"faces": {
				"north": {"uv": [10.25, 4, 8.5, 5.75], "texture": "#0"},
				"south": {"uv": [8.5, 4, 10.25, 5.75], "texture": "#0"}
			}
		},
		{
			"from": [4, -8.77185, 8.12067],
			"to": [11, -1.77185, 8.12067],
			"rotation": {"angle": -22.5, "axis": "x", "origin": [7.5, -1.70544, 4.12067]},
			"faces": {
				"north": {"uv": [8.5, 4, 10.25, 5.75], "texture": "#0"},
				"south": {"uv": [10.25, 4, 8.5, 5.75], "texture": "#0"}
			}
		},
		{
			"from": [12, 3.65006, 11.25929],
			"to": [16, 7.65006, 13.25929],
			"rotation": {"angle": 22.5, "axis": "x", "origin": [12.0005, 5.7473, 12.25929]},
			"faces": {
				"north": {"uv": [0, 9, 1, 10], "texture": "#0"},
				"east": {"uv": [2.5, 9, 2, 10], "texture": "#0"},
				"south": {"uv": [1, 9, 0, 10], "texture": "#0"},
				"west": {"uv": [1.75, 9, 1.25, 10], "texture": "#0"},
				"up": {"uv": [1, 10.25, 0, 10.75], "texture": "#0"}
			}
		},
		{
			"from": [10, 3.65006, 11.25929],
			"to": [12, 5.65006, 13.25929],
			"rotation": {"angle": 22.5, "axis": "x", "origin": [12.0005, 5.7473, 12.25929]},
			"faces": {
				"north": {"uv": [4, 9, 3.5, 9.5], "texture": "#0"},
				"east": {"uv": [0.5, 0, 0, 0.5], "texture": "#0"},
				"south": {"uv": [4.5, 9, 4, 9.5], "texture": "#0"},
				"west": {"uv": [5.25, 9, 4.75, 9.5], "texture": "#0"},
				"up": {"uv": [4.75, 9.5, 5.25, 9], "rotation": 90, "texture": "#0"},
				"down": {"uv": [0.5, 0, 0, 0.5], "texture": "#0"}
			}
		},
		{
			"from": [10.001, 5.65746, 12.2965],
			"to": [10.001, 8.65746, 13.2965],
			"rotation": {"angle": 45, "axis": "x", "origin": [12.0005, 5.7473, 12.25929]},
			"faces": {
				"east": {"uv": [5.75, 9, 5.5, 9.75], "texture": "#0"},
				"west": {"uv": [5.75, 9, 5.5, 9.75], "texture": "#0"}
			}
		},
		{
			"from": [10.001, 5.65746, 11.22208],
			"to": [10.001, 8.65746, 12.22208],
			"rotation": {"angle": 0, "axis": "y", "origin": [12.0005, 5.7473, 12.25929]},
			"faces": {
				"east": {"uv": [5.75, 9, 5.5, 9.75], "texture": "#0"},
				"west": {"uv": [5.75, 9, 5.5, 9.75], "texture": "#0"}
			}
		},
		{
			"from": [0, 1, 11],
			"to": [4, 3, 13],
			"rotation": {"angle": 22.5, "axis": "x", "origin": [1.5, 4, 12]},
			"faces": {
				"north": {"uv": [9.25, 2.5, 10.25, 3], "texture": "#0"},
				"east": {"uv": [11.5, 1.75, 12, 2.25], "texture": "#0"},
				"south": {"uv": [10.25, 2.5, 9.25, 3], "texture": "#0"},
				"west": {"uv": [8.5, 3.25, 9, 3.75], "texture": "#0"},
				"up": {"uv": [10.5, 2.5, 11.5, 3], "texture": "#0"},
				"down": {"uv": [10.25, 1.75, 11.25, 2.25], "texture": "#0"}
			}
		},
		{
			"from": [0, 3, 11],
			"to": [2, 5, 13],
			"rotation": {"angle": 22.5, "axis": "x", "origin": [1.5, 4, 12]},
			"faces": {
				"north": {"uv": [8.5, 2.5, 9, 3], "texture": "#0"},
				"east": {"uv": [8.5, 2.5, 9, 3], "texture": "#0"},
				"south": {"uv": [8.5, 2.5, 9, 3], "texture": "#0"},
				"west": {"uv": [8.5, 2.5, 9, 3], "texture": "#0"}
			}
		},
		{
			"from": [-2, 5, 9],
			"to": [4, 7, 15],
			"rotation": {"angle": 22.5, "axis": "x", "origin": [1.5, 4, 12]},
			"faces": {
				"north": {"uv": [8.5, 1.75, 10, 2.25], "texture": "#0"},
				"east": {"uv": [8.5, 1.75, 10, 2.25], "texture": "#0"},
				"south": {"uv": [8.5, 1.75, 10, 2.25], "texture": "#0"},
				"west": {"uv": [8.5, 1.75, 10, 2.25], "texture": "#0"},
				"up": {"uv": [8.5, 0, 10, 1.5], "texture": "#0"},
				"down": {"uv": [10.25, 0, 11.75, 1.5], "texture": "#0"}
			}
		},
		{
			"from": [15, 7, 5.5],
			"to": [17, 10, 7.5],
			"rotation": {"angle": -22.5, "axis": "z", "origin": [16, 10.75, 6.5]},
			"faces": {
				"north": {"uv": [13.75, 1, 14.25, 1.75], "texture": "#0"},
				"east": {"uv": [13.75, 1, 14.25, 1.75], "texture": "#0"},
				"south": {"uv": [13.75, 1, 14.25, 1.75], "texture": "#0"},
				"west": {"uv": [13.75, 1, 14.25, 1.75], "texture": "#0"}
			}
		},
		{
			"from": [13, 10, 3.5],
			"to": [19, 11, 9.5],
			"rotation": {"angle": -22.5, "axis": "z", "origin": [16, 10.75, 6.5]},
			"faces": {
				"north": {"uv": [14.5, 4, 16, 4.25], "texture": "#0", "tintindex": 0},
				"east": {"uv": [14.5, 4, 16, 4.25], "texture": "#0", "tintindex": 0},
				"south": {"uv": [14.5, 4, 16, 4.25], "texture": "#0", "tintindex": 0},
				"west": {"uv": [14.5, 4, 16, 4.25], "texture": "#0", "tintindex": 0},
				"up": {"uv": [14.5, 4.5, 16, 6], "texture": "#0", "tintindex": 0},
				"down": {"uv": [14.5, 6.25, 16, 7.75], "texture": "#0", "tintindex": 0}
			}
		},
		{
			"from": [14, 11, 4.5],
			"to": [18, 14, 8.5],
			"rotation": {"angle": -22.5, "axis": "z", "origin": [16, 10.75, 6.5]},
			"faces": {
				"north": {"uv": [13.25, 4, 14.25, 4.75], "texture": "#0", "tintindex": 0},
				"east": {"uv": [13.25, 4, 14.25, 4.75], "texture": "#0", "tintindex": 0},
				"south": {"uv": [13.25, 4, 14.25, 4.75], "texture": "#0", "tintindex": 0},
				"west": {"uv": [13.25, 4, 14.25, 4.75], "texture": "#0", "tintindex": 0},
				"up": {"uv": [12, 4, 13, 5], "texture": "#0", "tintindex": 0}
			}
		},
		{
			"from": [14, 11, 4.5],
			"to": [18, 14, 8.5],
			"rotation": {"angle": -22.5, "axis": "z", "origin": [16, 10.75, 6.5]},
			"faces": {
				"north": {"uv": [13.25, 2.75, 14.25, 3.5], "texture": "#0"},
				"east": {"uv": [13.25, 2.75, 14.25, 3.5], "texture": "#0"},
				"south": {"uv": [13.25, 2.75, 14.25, 3.5], "texture": "#0"},
				"west": {"uv": [13.25, 2.75, 14.25, 3.5], "texture": "#0"},
				"up": {"uv": [12, 2.75, 13, 3.75], "texture": "#0"}
			}
		},
		{
			"from": [1.90433, 7.01903, 6],
			"to": [3.90433, 10.01903, 8],
			"rotation": {"angle": 22.5, "axis": "z", "origin": [2.90433, 10.51903, 7]},
			"faces": {
				"north": {"uv": [13.75, 1, 14.25, 1.75], "texture": "#0"},
				"east": {"uv": [13.75, 1, 14.25, 1.75], "texture": "#0"},
				"south": {"uv": [13.75, 1, 14.25, 1.75], "texture": "#0"},
				"west": {"uv": [13.75, 1, 14.25, 1.75], "texture": "#0"}
			}
		},
		{
			"from": [-0.09567, 10.01903, 4],
			"to": [5.90433, 11.01903, 10],
			"rotation": {"angle": 22.5, "axis": "z", "origin": [2.90433, 10.51903, 7]},
			"faces": {
				"north": {"uv": [14.5, 0, 16, 0.25], "texture": "#0"},
				"east": {"uv": [14.5, 0, 16, 0.25], "texture": "#0"},
				"south": {"uv": [14.5, 0, 16, 0.25], "texture": "#0"},
				"west": {"uv": [14.5, 0, 16, 0.25], "texture": "#0"},
				"up": {"uv": [14.5, 0.5, 16, 2], "texture": "#0"},
				"down": {"uv": [14.5, 2.25, 16, 3.75], "texture": "#0"}
			}
		},
		{
			"from": [0.90433, 11.01903, 5],
			"to": [4.90433, 14.01903, 9],
			"rotation": {"angle": 22.5, "axis": "z", "origin": [2.90433, 10.51903, 7]},
			"faces": {
				"north": {"uv": [13.25, 0, 14.25, 0.75], "texture": "#0"},
				"east": {"uv": [13.25, 0, 14.25, 0.75], "texture": "#0"},
				"south": {"uv": [13.25, 0, 14.25, 0.75], "texture": "#0"},
				"west": {"uv": [13.25, 0, 14.25, 0.75], "texture": "#0"},
				"up": {"uv": [12, 0, 13, 1], "texture": "#0"}
			}
		},
		{
			"from": [-1, -1, 3],
			"to": [17, 4, 8],
			"rotation": {"angle": -22.5, "axis": "x", "origin": [8.5, 1.5, 5.5]},
			"faces": {
				"north": {"uv": [0, 0, 4.5, 1.25], "texture": "#0"},
				"south": {"uv": [0, 1.5, 4.5, 2.75], "texture": "#0"},
				"up": {"uv": [4.5, 4.25, 0, 3], "texture": "#0"},
				"down": {"uv": [4.5, 4.5, 0, 5.75], "texture": "#0"}
			}
		},
		{
			"from": [1, -1, 3],
			"to": [15, 4, 8],
			"rotation": {"angle": -22.5, "axis": "x", "origin": [8.5, 1.5, 5.5]},
			"faces": {
				"north": {"uv": [4.75, 0, 8.25, 1.25], "texture": "#0"},
				"east": {"uv": [7.5, 6, 8.75, 7.25], "texture": "#0"},
				"south": {"uv": [4.75, 1.5, 8.25, 2.75], "texture": "#0"},
				"west": {"uv": [7.5, 7.5, 8.75, 8.75], "texture": "#0"},
				"up": {"uv": [8.25, 4.25, 4.75, 3], "texture": "#0"},
				"down": {"uv": [8.25, 4.5, 4.75, 5.75], "texture": "#0"}
			}
		},
		{
			"from": [-1, -1, 8],
			"to": [17, 4, 3],
			"rotation": {"angle": -22.5, "axis": "x", "origin": [8.5, 1.5, 5.5]},
			"faces": {
				"north": {"uv": [4.5, 1.5, 0, 2.75], "texture": "#0"},
				"south": {"uv": [4.5, 0, 0, 1.25], "texture": "#0"},
				"up": {"uv": [4.5, 3, 0, 4.25], "texture": "#0"},
				"down": {"uv": [4.5, 5.75, 0, 4.5], "texture": "#0"}
			}
		},
		{
			"from": [1.8, -1.2, 2.8],
			"to": [16.2, 4.2, 8.2],
			"rotation": {"angle": -22.5, "axis": "x", "origin": [8.5, 1.5, 5.5]},
			"faces": {
				"north": {"uv": [0, 6, 3.5, 7.25], "texture": "#0", "tintindex": 0},
				"south": {"uv": [3.75, 6, 7.25, 7.25], "texture": "#0", "tintindex": 0},
				"up": {"uv": [3.5, 8.75, 0, 7.5], "texture": "#0", "tintindex": 0},
				"down": {"uv": [7.25, 7.5, 3.75, 8.75], "texture": "#0", "tintindex": 0}
			}
		},
		{
			"from": [2, -1, 8],
			"to": [20, 4, 13],
			"rotation": {"angle": 22.5, "axis": "x", "origin": [10, 1.5, 10.5]},
			"faces": {
				"north": {"uv": [0, 0, 4.5, 1.25], "texture": "#0"},
				"south": {"uv": [0, 1.5, 4.5, 2.75], "texture": "#0"},
				"up": {"uv": [4.5, 4.25, 0, 3], "texture": "#0"},
				"down": {"uv": [4.5, 4.5, 0, 5.75], "texture": "#0"}
			}
		},
		{
			"from": [4, -1, 8],
			"to": [18, 4, 13],
			"rotation": {"angle": 22.5, "axis": "x", "origin": [10, 1.5, 10.5]},
			"faces": {
				"north": {"uv": [4.75, 0, 8.25, 1.25], "texture": "#0"},
				"east": {"uv": [7.5, 6, 8.75, 7.25], "texture": "#0"},
				"south": {"uv": [4.75, 1.5, 8.25, 2.75], "texture": "#0"},
				"west": {"uv": [7.5, 7.5, 8.75, 8.75], "texture": "#0"},
				"up": {"uv": [8.25, 4.25, 4.75, 3], "texture": "#0"},
				"down": {"uv": [8.25, 4.5, 4.75, 5.75], "texture": "#0"}
			}
		},
		{
			"from": [2, -1, 13],
			"to": [20, 4, 8],
			"rotation": {"angle": 22.5, "axis": "x", "origin": [10, 1.5, 10.5]},
			"faces": {
				"north": {"uv": [4.5, 1.5, 0, 2.75], "texture": "#0"},
				"south": {"uv": [4.5, 0, 0, 1.25], "texture": "#0"},
				"up": {"uv": [4.5, 3, 0, 4.25], "texture": "#0"},
				"down": {"uv": [4.5, 5.75, 0, 4.5], "texture": "#0"}
			}
		},
		{
			"from": [1.8, -1.2, 7.8],
			"to": [16.2, 4.2, 13.2],
			"rotation": {"angle": 22.5, "axis": "x", "origin": [10, 1.5, 10.5]},
			"faces": {
				"north": {"uv": [0, 6, 3.5, 7.25], "texture": "#0", "tintindex": 0},
				"south": {"uv": [3.75, 6, 7.25, 7.25], "texture": "#0", "tintindex": 0},
				"up": {"uv": [3.5, 8.75, 0, 7.5], "texture": "#0", "tintindex": 0},
				"down": {"uv": [7.25, 7.5, 3.75, 8.75], "texture": "#0", "tintindex": 0}
			}
		},
		{
			"from": [0, 3, 4],
			"to": [18, 8, 9],
			"rotation": {"angle": 0, "axis": "y", "origin": [9, 5.5, 6.5]},
			"faces": {
				"north": {"uv": [0, 0, 4.5, 1.25], "texture": "#0"},
				"south": {"uv": [0, 1.5, 4.5, 2.75], "texture": "#0"},
				"up": {"uv": [4.5, 4.25, 0, 3], "texture": "#0"},
				"down": {"uv": [4.5, 4.5, 0, 5.75], "texture": "#0"}
			}
		},
		{
			"from": [2, 3, 4],
			"to": [16, 8, 9],
			"rotation": {"angle": 0, "axis": "y", "origin": [9, 5.5, 6.5]},
			"faces": {
				"north": {"uv": [4.75, 0, 8.25, 1.25], "texture": "#0"},
				"east": {"uv": [7.5, 6, 8.75, 7.25], "texture": "#0"},
				"south": {"uv": [4.75, 1.5, 8.25, 2.75], "texture": "#0"},
				"west": {"uv": [7.5, 7.5, 8.75, 8.75], "texture": "#0"},
				"up": {"uv": [8.25, 4.25, 4.75, 3], "texture": "#0"},
				"down": {"uv": [8.25, 4.5, 4.75, 5.75], "texture": "#0"}
			}
		},
		{
			"from": [0, 3, 9],
			"to": [18, 8, 4],
			"rotation": {"angle": 0, "axis": "y", "origin": [9, 5.5, 6.5]},
			"faces": {
				"north": {"uv": [4.5, 1.5, 0, 2.75], "texture": "#0"},
				"south": {"uv": [4.5, 0, 0, 1.25], "texture": "#0"},
				"up": {"uv": [4.5, 3, 0, 4.25], "texture": "#0"},
				"down": {"uv": [4.5, 5.75, 0, 4.5], "texture": "#0"}
			}
		},
		{
			"from": [1.8, 2.8, 3.8],
			"to": [16.2, 8.2, 9.2],
			"rotation": {"angle": 0, "axis": "y", "origin": [9, 5.5, 6.5]},
			"faces": {
				"north": {"uv": [0, 6, 3.5, 7.25], "texture": "#0", "tintindex": 0},
				"south": {"uv": [3.75, 6, 7.25, 7.25], "texture": "#0", "tintindex": 0},
				"up": {"uv": [3.5, 8.75, 0, 7.5], "texture": "#0", "tintindex": 0},
				"down": {"uv": [7.25, 7.5, 3.75, 8.75], "texture": "#0", "tintindex": 0}
			}
		}
	],
	"gui_light": "front",
	"display": {
		"thirdperson_righthand": {
			"rotation": [75, 45, 0],
			"translation": [0, 2.5, 0],
			"scale": [0.375, 0.375, 0.375]
		},
		"thirdperson_lefthand": {
			"rotation": [75, 45, 0],
			"translation": [0, 2.5, 0],
			"scale": [0.375, 0.375, 0.375]
		},
		"firstperson_righthand": {
			"translation": [0, 0, 80]
		},
		"firstperson_lefthand": {
			"translation": [0, 0, 80]
		},
		"gui": {
			"rotation": [15, -45, 0],
			"translation": [0.25, 2.75, 0],
			"scale": [0.67, 0.67, 0.67]
		},
		"head": {
			"rotation": [6.75, 0, 0],
			"translation": [0, -80, 10.25],
			"scale": [1.7, 1.7, 1.7]
		}
	},
	"groups": [
		{
			"name": "group",
			"origin": [8, 8, 8],
			"color": 0,
			"children": [
				{
					"name": "group",
					"origin": [8, 8, 8],
					"color": 0,
					"children": [0, 1, 2]
				},
				{
					"name": "group",
					"origin": [8, 8, 8],
					"color": 0,
					"children": [
						{
							"name": "group",
							"origin": [0, 0, 0],
							"color": 0,
							"children": [3, 4, 5, 6]
						}
					]
				},
				{
					"name": "group",
					"origin": [0, 0, 10],
					"color": 0,
					"children": [
						{
							"name": "group",
							"origin": [0, 4, 10],
							"color": 0,
							"children": [7, 8, 9]
						},
						{
							"name": "group",
							"origin": [0, 4, 10],
							"color": 0,
							"children": [10, 11, 12, 13]
						},
						{
							"name": "group",
							"origin": [0, 4, 10],
							"color": 0,
							"children": [14, 15, 16]
						}
					]
				},
				{
					"name": "group",
					"origin": [8, 8, 8],
					"color": 0,
					"children": [
						{
							"name": "group",
							"origin": [1, -2, 8],
							"color": 0,
							"children": [
								{
									"name": "group",
									"origin": [8, 0.5, 5.5],
									"color": 0,
									"children": [17, 18, 19, 20]
								},
								{
									"name": "group",
									"origin": [8, 0.5, 5.5],
									"color": 0,
									"children": [21, 22, 23, 24]
								},
								{
									"name": "group",
									"origin": [8, 0.5, 5.5],
									"color": 0,
									"children": [25, 26, 27, 28]
								}
							]
						}
					]
				}
			]
		}
	],
	"mcmodels": "6a992ab84c74e234e6d0dc754d706c6f"
}