{
	"credit": "Made with Blockbench",
	"texture_size": [32, 32],
	"textures": {
		"2": "item/furnitures/must_have_props_2/fancy_teacup2",
		"particle": "item/furnitures/must_have_props_2/fancy_teacup2"
	},
	"elements": [
		{
			"from": [3, 1, 8.4],
			"to": [5, 1.5, 10.4],
			"rotation": {"angle": 22.5, "axis": "y", "origin": [4, 2.55, 9.4]},
			"faces": {
				"north": {"uv": [5, 4.5, 6, 5], "texture": "#2"},
				"east": {"uv": [9, 11, 10, 11.5], "texture": "#2"},
				"south": {"uv": [10, 11, 11, 11.5], "texture": "#2"},
				"west": {"uv": [11, 11, 12, 11.5], "texture": "#2"},
				"up": {"uv": [5.5, 9, 4.5, 8], "texture": "#2"},
				"down": {"uv": [3.5, 9.5, 2.5, 10.5], "texture": "#2"}
			}
		},
		{
			"from": [3, 4.6, 8.4],
			"to": [5, 4.6, 10.4],
			"rotation": {"angle": 22.5, "axis": "y", "origin": [4, 2.55, 9.4]},
			"faces": {
				"north": {"uv": [0, 0, 1, 0], "texture": "#2"},
				"east": {"uv": [0, 0, 1, 0], "texture": "#2"},
				"south": {"uv": [0, 0, 1, 0], "texture": "#2"},
				"west": {"uv": [0, 0, 1, 0], "texture": "#2"},
				"up": {"uv": [4.5, 10.5, 3.5, 9.5], "texture": "#2"},
				"down": {"uv": [5.5, 9.5, 4.5, 10.5], "texture": "#2"}
			}
		},
		{
			"from": [2.5, 1.5, 7.9],
			"to": [5.5, 4.5, 10.9],
			"rotation": {"angle": 22.5, "axis": "y", "origin": [4, 2.55, 9.4]},
			"faces": {
				"north": {"uv": [0, 5, 1.5, 6.5], "texture": "#2"},
				"east": {"uv": [5, 0, 6.5, 1.5], "texture": "#2"},
				"south": {"uv": [1.5, 5, 3, 6.5], "texture": "#2"},
				"west": {"uv": [5, 1.5, 6.5, 3], "texture": "#2"},
				"up": {"uv": [4.5, 6.5, 3, 5], "texture": "#2"},
				"down": {"uv": [6.5, 3, 5, 4.5], "texture": "#2"}
			}
		},
		{
			"from": [5.599, 4, 7.8],
			"to": [5.599, 4.5, 11],
			"rotation": {"angle": 22.5, "axis": "y", "origin": [4, 2.55, 9.4]},
			"faces": {
				"north": {"uv": [0, 0, 0, 0.5], "texture": "#2"},
				"east": {"uv": [2, 10.5, 3.5, 11], "texture": "#2"},
				"south": {"uv": [0, 0, 0, 0.5], "texture": "#2"},
				"west": {"uv": [10.5, 3, 12, 3.5], "texture": "#2"},
				"up": {"uv": [0, 1.5, 0, 0], "texture": "#2"},
				"down": {"uv": [0, 0, 0, 1.5], "texture": "#2"}
			}
		},
		{
			"from": [2.401, 4, 7.8],
			"to": [2.401, 4.5, 11],
			"rotation": {"angle": 22.5, "axis": "y", "origin": [4, 2.55, 9.4]},
			"faces": {
				"north": {"uv": [0, 0, 0, 0.5], "texture": "#2"},
				"east": {"uv": [10.5, 4, 12, 4.5], "texture": "#2"},
				"south": {"uv": [0, 0, 0, 0.5], "texture": "#2"},
				"west": {"uv": [5, 10.5, 6.5, 11], "texture": "#2"},
				"up": {"uv": [0, 1.5, 0, 0], "texture": "#2"},
				"down": {"uv": [0, 0, 0, 1.5], "texture": "#2"}
			}
		},
		{
			"from": [2.4, 4, 7.8],
			"to": [5.6, 4.5, 7.8],
			"rotation": {"angle": 22.5, "axis": "y", "origin": [4, 2.55, 9.4]},
			"faces": {
				"north": {"uv": [3.5, 10.5, 5, 11], "texture": "#2"},
				"east": {"uv": [0, 0, 0, 0.5], "texture": "#2"},
				"south": {"uv": [10.5, 3.5, 12, 4], "texture": "#2"},
				"west": {"uv": [0, 0, 0, 0.5], "texture": "#2"},
				"up": {"uv": [1.5, 0, 0, 0], "texture": "#2"},
				"down": {"uv": [1.5, 0, 0, 0], "texture": "#2"}
			}
		},
		{
			"from": [2.4, 4, 11],
			"to": [5.6, 4.5, 11],
			"rotation": {"angle": 22.5, "axis": "y", "origin": [4, 2.55, 9.4]},
			"faces": {
				"north": {"uv": [6.5, 10.5, 8, 11], "texture": "#2"},
				"east": {"uv": [0, 0, 0, 0.5], "texture": "#2"},
				"south": {"uv": [8, 10.5, 9.5, 11], "texture": "#2"},
				"west": {"uv": [0, 0, 0, 0.5], "texture": "#2"},
				"up": {"uv": [1.5, 0, 0, 0], "texture": "#2"},
				"down": {"uv": [1.5, 0, 0, 0], "texture": "#2"}
			}
		},
		{
			"from": [0.5, 1.5, 9.4],
			"to": [2.5, 4.5, 9.4],
			"rotation": {"angle": 22.5, "axis": "y", "origin": [4, 2.55, 9.4]},
			"faces": {
				"north": {"uv": [7.5, 6, 8.5, 7.5], "texture": "#2"},
				"east": {"uv": [0, 0, 0, 1.5], "texture": "#2"},
				"south": {"uv": [7.5, 7.5, 8.5, 9], "texture": "#2"},
				"west": {"uv": [0, 0, 0, 1.5], "texture": "#2"},
				"up": {"uv": [1, 0, 0, 0], "texture": "#2"},
				"down": {"uv": [1, 0, 0, 0], "texture": "#2"}
			}
		},
		{
			"from": [1.5, 0, 6.9],
			"to": [6.5, 1, 11.9],
			"rotation": {"angle": 22.5, "axis": "y", "origin": [4, 2.55, 9.4]},
			"faces": {
				"north": {"uv": [2, 8, 4.5, 8.5], "texture": "#2"},
				"east": {"uv": [8, 3, 10.5, 3.5], "texture": "#2"},
				"south": {"uv": [8, 3.5, 10.5, 4], "texture": "#2"},
				"west": {"uv": [8, 4, 10.5, 4.5], "texture": "#2"},
				"up": {"uv": [2.5, 2.5, 0, 0], "texture": "#2"},
				"down": {"uv": [2.5, 2.5, 0, 5], "texture": "#2"}
			}
		},
		{
			"from": [1.4, 0.5, 6.8],
			"to": [6.6, 1, 6.8],
			"rotation": {"angle": 22.5, "axis": "y", "origin": [4, 2.55, 9.4]},
			"faces": {
				"north": {"uv": [2, 8.5, 4.5, 9], "texture": "#2"},
				"east": {"uv": [0, 0, 0, 0.5], "texture": "#2"},
				"south": {"uv": [8.5, 6, 11, 6.5], "texture": "#2"},
				"west": {"uv": [0, 0, 0, 0.5], "texture": "#2"},
				"up": {"uv": [2.5, 0, 0, 0], "texture": "#2"},
				"down": {"uv": [2.5, 0, 0, 0], "texture": "#2"}
			}
		},
		{
			"from": [1.4, 0.5, 12],
			"to": [6.6, 1, 12],
			"rotation": {"angle": 22.5, "axis": "y", "origin": [4, 2.55, 9.4]},
			"faces": {
				"north": {"uv": [8.5, 7.5, 11, 8], "texture": "#2"},
				"east": {"uv": [0, 0, 0, 0.5], "texture": "#2"},
				"south": {"uv": [8.5, 8, 11, 8.5], "texture": "#2"},
				"west": {"uv": [0, 0, 0, 0.5], "texture": "#2"},
				"up": {"uv": [2.5, 0, 0, 0], "texture": "#2"},
				"down": {"uv": [2.5, 0, 0, 0], "texture": "#2"}
			}
		},
		{
			"from": [6.6, 0.5, 6.8],
			"to": [6.6, 1, 12],
			"rotation": {"angle": 22.5, "axis": "y", "origin": [4, 2.55, 9.4]},
			"faces": {
				"north": {"uv": [0, 0, 0, 0.5], "texture": "#2"},
				"east": {"uv": [8.5, 6.5, 11, 7], "texture": "#2"},
				"south": {"uv": [0, 0, 0, 0.5], "texture": "#2"},
				"west": {"uv": [8.5, 7, 11, 7.5], "texture": "#2"},
				"up": {"uv": [0, 2.5, 0, 0], "texture": "#2"},
				"down": {"uv": [0, 0, 0, 2.5], "texture": "#2"}
			}
		},
		{
			"from": [1.4, 0.5, 6.8],
			"to": [1.4, 1, 12],
			"rotation": {"angle": 22.5, "axis": "y", "origin": [4, 2.55, 9.4]},
			"faces": {
				"north": {"uv": [0, 0, 0, 0.5], "texture": "#2"},
				"east": {"uv": [8.5, 8.5, 11, 9], "texture": "#2"},
				"south": {"uv": [0, 0, 0, 0.5], "texture": "#2"},
				"west": {"uv": [9, 0, 11.5, 0.5], "texture": "#2"},
				"up": {"uv": [0, 2.5, 0, 0], "texture": "#2"},
				"down": {"uv": [0, 0, 0, 2.5], "texture": "#2"}
			}
		},
		{
			"from": [10, 1, 3.4],
			"to": [12, 1.5, 5.4],
			"rotation": {"angle": 45, "axis": "y", "origin": [11, 2.55, 5.4]},
			"faces": {
				"north": {"uv": [0, 11.5, 1, 12], "texture": "#2"},
				"east": {"uv": [11.5, 0, 12.5, 0.5], "texture": "#2"},
				"south": {"uv": [11.5, 0.5, 12.5, 1], "texture": "#2"},
				"west": {"uv": [1, 11.5, 2, 12], "texture": "#2"},
				"up": {"uv": [8.5, 10.5, 7.5, 9.5], "texture": "#2"},
				"down": {"uv": [9.5, 9.5, 8.5, 10.5], "texture": "#2"}
			}
		},
		{
			"from": [9.5, 1.5, 2.9],
			"to": [12.5, 4.5, 5.9],
			"rotation": {"angle": 45, "axis": "y", "origin": [11, 2.55, 5.4]},
			"faces": {
				"north": {"uv": [4.5, 5, 6, 6.5], "texture": "#2"},
				"east": {"uv": [6, 4.5, 7.5, 6], "texture": "#2"},
				"south": {"uv": [6, 6, 7.5, 7.5], "texture": "#2"},
				"west": {"uv": [0, 6.5, 1.5, 8], "texture": "#2"},
				"up": {"uv": [8, 1.5, 6.5, 0], "texture": "#2"},
				"down": {"uv": [3, 6.5, 1.5, 8], "texture": "#2"}
			}
		},
		{
			"from": [11, 1.5, 5.9],
			"to": [11, 4.5, 7.9],
			"rotation": {"angle": 45, "axis": "y", "origin": [11, 2.55, 5.4]},
			"faces": {
				"north": {"uv": [0, 0, 0, 1.5], "texture": "#2"},
				"east": {"uv": [0, 8, 1, 9.5], "texture": "#2"},
				"south": {"uv": [0, 0, 0, 1.5], "texture": "#2"},
				"west": {"uv": [8, 0, 9, 1.5], "texture": "#2"},
				"up": {"uv": [0, 1, 0, 0], "texture": "#2"},
				"down": {"uv": [0, 0, 0, 1], "texture": "#2"}
			}
		},
		{
			"from": [9.4, 4, 2.801],
			"to": [12.6, 4.5, 2.801],
			"rotation": {"angle": 45, "axis": "y", "origin": [11, 2.55, 5.4]},
			"faces": {
				"north": {"uv": [3, 11, 4.5, 11.5], "texture": "#2"},
				"east": {"uv": [0, 0, 0, 0.5], "texture": "#2"},
				"south": {"uv": [4.5, 11, 6, 11.5], "texture": "#2"},
				"west": {"uv": [0, 0, 0, 0.5], "texture": "#2"},
				"up": {"uv": [1.5, 0, 0, 0], "texture": "#2"},
				"down": {"uv": [1.5, 0, 0, 0], "texture": "#2"}
			}
		},
		{
			"from": [9.4, 4, 2.8],
			"to": [9.4, 4.5, 6],
			"rotation": {"angle": 45, "axis": "y", "origin": [11, 2.55, 5.4]},
			"faces": {
				"north": {"uv": [0, 0, 0, 0.5], "texture": "#2"},
				"east": {"uv": [0, 11, 1.5, 11.5], "texture": "#2"},
				"south": {"uv": [0, 0, 0, 0.5], "texture": "#2"},
				"west": {"uv": [1.5, 11, 3, 11.5], "texture": "#2"},
				"up": {"uv": [0, 1.5, 0, 0], "texture": "#2"},
				"down": {"uv": [0, 0, 0, 1.5], "texture": "#2"}
			}
		},
		{
			"from": [10, 4.6, 3.4],
			"to": [12, 4.6, 5.4],
			"rotation": {"angle": 45, "axis": "y", "origin": [11, 2.55, 5.4]},
			"faces": {
				"north": {"uv": [0, 0, 1, 0], "texture": "#2"},
				"east": {"uv": [0, 0, 1, 0], "texture": "#2"},
				"south": {"uv": [0, 0, 1, 0], "texture": "#2"},
				"west": {"uv": [0, 0, 1, 0], "texture": "#2"},
				"up": {"uv": [6.5, 10.5, 5.5, 9.5], "texture": "#2"},
				"down": {"uv": [7.5, 9.5, 6.5, 10.5], "texture": "#2"}
			}
		},
		{
			"from": [9.4, 4, 5.999],
			"to": [12.6, 4.5, 5.999],
			"rotation": {"angle": 45, "axis": "y", "origin": [11, 2.55, 5.4]},
			"faces": {
				"north": {"uv": [10.5, 10, 12, 10.5], "texture": "#2"},
				"east": {"uv": [0, 0, 0, 0.5], "texture": "#2"},
				"south": {"uv": [10.5, 10.5, 12, 11], "texture": "#2"},
				"west": {"uv": [0, 0, 0, 0.5], "texture": "#2"},
				"up": {"uv": [1.5, 0, 0, 0], "texture": "#2"},
				"down": {"uv": [1.5, 0, 0, 0], "texture": "#2"}
			}
		},
		{
			"from": [12.6, 4, 2.8],
			"to": [12.6, 4.5, 6],
			"rotation": {"angle": 45, "axis": "y", "origin": [11, 2.55, 5.4]},
			"faces": {
				"north": {"uv": [0, 0, 0, 0.5], "texture": "#2"},
				"east": {"uv": [10.5, 9, 12, 9.5], "texture": "#2"},
				"south": {"uv": [0, 0, 0, 0.5], "texture": "#2"},
				"west": {"uv": [10.5, 9.5, 12, 10], "texture": "#2"},
				"up": {"uv": [0, 1.5, 0, 0], "texture": "#2"},
				"down": {"uv": [0, 0, 0, 1.5], "texture": "#2"}
			}
		},
		{
			"from": [8.5, 0, 1.9],
			"to": [13.5, 1, 6.9],
			"rotation": {"angle": 45, "axis": "y", "origin": [11, 2.55, 5.4]},
			"faces": {
				"north": {"uv": [9, 5, 11.5, 5.5], "texture": "#2"},
				"east": {"uv": [9, 5.5, 11.5, 6], "texture": "#2"},
				"south": {"uv": [7, 9, 9.5, 9.5], "texture": "#2"},
				"west": {"uv": [0, 9.5, 2.5, 10], "texture": "#2"},
				"up": {"uv": [5, 2.5, 2.5, 0], "texture": "#2"},
				"down": {"uv": [5, 2.5, 2.5, 5], "texture": "#2"}
			}
		},
		{
			"from": [8.4, 0.5, 1.8],
			"to": [8.4, 1, 7],
			"rotation": {"angle": 45, "axis": "y", "origin": [11, 2.55, 5.4]},
			"faces": {
				"north": {"uv": [0, 0, 0, 0.5], "texture": "#2"},
				"east": {"uv": [4.5, 9, 7, 9.5], "texture": "#2"},
				"south": {"uv": [0, 0, 0, 0.5], "texture": "#2"},
				"west": {"uv": [9, 4.5, 11.5, 5], "texture": "#2"},
				"up": {"uv": [0, 2.5, 0, 0], "texture": "#2"},
				"down": {"uv": [0, 0, 0, 2.5], "texture": "#2"}
			}
		},
		{
			"from": [8.4, 0.5, 1.8],
			"to": [13.6, 1, 1.8],
			"rotation": {"angle": 45, "axis": "y", "origin": [11, 2.55, 5.4]},
			"faces": {
				"north": {"uv": [9, 2, 11.5, 2.5], "texture": "#2"},
				"east": {"uv": [0, 0, 0, 0.5], "texture": "#2"},
				"south": {"uv": [9, 2.5, 11.5, 3], "texture": "#2"},
				"west": {"uv": [0, 0, 0, 0.5], "texture": "#2"},
				"up": {"uv": [2.5, 0, 0, 0], "texture": "#2"},
				"down": {"uv": [2.5, 0, 0, 0], "texture": "#2"}
			}
		},
		{
			"from": [13.6, 0.5, 1.8],
			"to": [13.6, 1, 7],
			"rotation": {"angle": 45, "axis": "y", "origin": [11, 2.55, 5.4]},
			"faces": {
				"north": {"uv": [0, 0, 0, 0.5], "texture": "#2"},
				"east": {"uv": [9, 1.5, 11.5, 2], "texture": "#2"},
				"south": {"uv": [0, 0, 0, 0.5], "texture": "#2"},
				"west": {"uv": [2, 9, 4.5, 9.5], "texture": "#2"},
				"up": {"uv": [0, 2.5, 0, 0], "texture": "#2"},
				"down": {"uv": [0, 0, 0, 2.5], "texture": "#2"}
			}
		},
		{
			"from": [8.4, 0.5, 7],
			"to": [13.6, 1, 7],
			"rotation": {"angle": 45, "axis": "y", "origin": [11, 2.55, 5.4]},
			"faces": {
				"north": {"uv": [9, 0.5, 11.5, 1], "texture": "#2"},
				"east": {"uv": [0, 0, 0, 0.5], "texture": "#2"},
				"south": {"uv": [9, 1, 11.5, 1.5], "texture": "#2"},
				"west": {"uv": [0, 0, 0, 0.5], "texture": "#2"},
				"up": {"uv": [2.5, 0, 0, 0], "texture": "#2"},
				"down": {"uv": [2.5, 0, 0, 0], "texture": "#2"}
			}
		},
		{
			"from": [9.5495, 0, 11.9495],
			"to": [11.5495, 0.5, 13.9495],
			"rotation": {"angle": 22.5, "axis": "y", "origin": [9.5495, 1.925, 12.4]},
			"faces": {
				"north": {"uv": [11.5, 1, 12.5, 1.5], "texture": "#2"},
				"east": {"uv": [11.5, 1.5, 12.5, 2], "texture": "#2"},
				"south": {"uv": [2, 11.5, 3, 12], "texture": "#2"},
				"west": {"uv": [11.5, 2, 12.5, 2.5], "texture": "#2"},
				"up": {"uv": [10.5, 10, 9.5, 9], "texture": "#2"},
				"down": {"uv": [1, 10, 0, 11], "texture": "#2"}
			}
		},
		{
			"from": [9.5495, 3.6, 11.9495],
			"to": [11.5495, 3.6, 13.9495],
			"rotation": {"angle": 22.5, "axis": "y", "origin": [9.5495, 1.925, 12.4]},
			"faces": {
				"north": {"uv": [0, 0, 1, 0], "texture": "#2"},
				"east": {"uv": [0, 0, 1, 0], "texture": "#2"},
				"south": {"uv": [0, 0, 1, 0], "texture": "#2"},
				"west": {"uv": [0, 0, 1, 0], "texture": "#2"},
				"up": {"uv": [2, 11, 1, 10], "texture": "#2"},
				"down": {"uv": [10.5, 10, 9.5, 11], "texture": "#2"}
			}
		},
		{
			"from": [9.0495, 0.5, 11.4495],
			"to": [12.0495, 3.5, 14.4495],
			"rotation": {"angle": 22.5, "axis": "y", "origin": [9.5495, 1.925, 12.4]},
			"faces": {
				"north": {"uv": [6.5, 1.5, 8, 3], "texture": "#2"},
				"east": {"uv": [3, 6.5, 4.5, 8], "texture": "#2"},
				"south": {"uv": [6.5, 3, 8, 4.5], "texture": "#2"},
				"west": {"uv": [4.5, 6.5, 6, 8], "texture": "#2"},
				"up": {"uv": [9, 6, 7.5, 4.5], "texture": "#2"},
				"down": {"uv": [7.5, 7.5, 6, 9], "texture": "#2"}
			}
		},
		{
			"from": [8.9495, 3, 11.3505],
			"to": [12.1495, 3.5, 11.3505],
			"rotation": {"angle": 22.5, "axis": "y", "origin": [9.5495, 1.925, 12.4]},
			"faces": {
				"north": {"uv": [6, 11, 7.5, 11.5], "texture": "#2"},
				"east": {"uv": [0, 0, 0, 0.5], "texture": "#2"},
				"south": {"uv": [11, 6, 12.5, 6.5], "texture": "#2"},
				"west": {"uv": [0, 0, 0, 0.5], "texture": "#2"},
				"up": {"uv": [1.5, 0, 0, 0], "texture": "#2"},
				"down": {"uv": [1.5, 0, 0, 0], "texture": "#2"}
			}
		},
		{
			"from": [8.9495, 3, 14.5485],
			"to": [12.1495, 3.5, 14.5485],
			"rotation": {"angle": 22.5, "axis": "y", "origin": [9.5495, 1.925, 12.4]},
			"faces": {
				"north": {"uv": [7.5, 11, 9, 11.5], "texture": "#2"},
				"east": {"uv": [0, 0, 0, 0.5], "texture": "#2"},
				"south": {"uv": [11, 7.5, 12.5, 8], "texture": "#2"},
				"west": {"uv": [0, 0, 0, 0.5], "texture": "#2"},
				"up": {"uv": [1.5, 0, 0, 0], "texture": "#2"},
				"down": {"uv": [1.5, 0, 0, 0], "texture": "#2"}
			}
		},
		{
			"from": [8.9495, 3, 11.3495],
			"to": [8.9495, 3.5, 14.5495],
			"rotation": {"angle": 22.5, "axis": "y", "origin": [9.5495, 1.925, 12.4]},
			"faces": {
				"north": {"uv": [0, 0, 0, 0.5], "texture": "#2"},
				"east": {"uv": [11, 6.5, 12.5, 7], "texture": "#2"},
				"south": {"uv": [0, 0, 0, 0.5], "texture": "#2"},
				"west": {"uv": [11, 7, 12.5, 7.5], "texture": "#2"},
				"up": {"uv": [0, 1.5, 0, 0], "texture": "#2"},
				"down": {"uv": [0, 0, 0, 1.5], "texture": "#2"}
			}
		},
		{
			"from": [12.1495, 3, 11.3495],
			"to": [12.1495, 3.5, 14.5495],
			"rotation": {"angle": 22.5, "axis": "y", "origin": [9.5495, 1.925, 12.4]},
			"faces": {
				"north": {"uv": [0, 0, 0, 0.5], "texture": "#2"},
				"east": {"uv": [11, 8, 12.5, 8.5], "texture": "#2"},
				"south": {"uv": [0, 0, 0, 0.5], "texture": "#2"},
				"west": {"uv": [11, 8.5, 12.5, 9], "texture": "#2"},
				"up": {"uv": [0, 1.5, 0, 0], "texture": "#2"},
				"down": {"uv": [0, 0, 0, 1.5], "texture": "#2"}
			}
		},
		{
			"from": [10.5495, 0.5, 14.4495],
			"to": [10.5495, 3.5, 16.4495],
			"rotation": {"angle": 22.5, "axis": "y", "origin": [9.5495, 1.925, 12.4]},
			"faces": {
				"north": {"uv": [0, 0, 0, 1.5], "texture": "#2"},
				"east": {"uv": [1, 8, 2, 9.5], "texture": "#2"},
				"south": {"uv": [0, 0, 0, 1.5], "texture": "#2"},
				"west": {"uv": [8, 1.5, 9, 3], "texture": "#2"},
				"up": {"uv": [0, 1, 0, 0], "texture": "#2"},
				"down": {"uv": [0, 0, 0, 1], "texture": "#2"}
			}
		}
	],
	"display": {
		"thirdperson_righthand": {
			"rotation": [75, 45, 0],
			"translation": [0, 2.5, 0],
			"scale": [0.375, 0.375, 0.375]
		},
		"thirdperson_lefthand": {
			"rotation": [75, 45, 0],
			"translation": [0, 2.5, 0],
			"scale": [0.375, 0.375, 0.375]
		},
		"firstperson_righthand": {
			"rotation": [0, 45, 0],
			"scale": [0.4, 0.4, 0.4]
		},
		"firstperson_lefthand": {
			"rotation": [0, 225, 0],
			"scale": [0.4, 0.4, 0.4]
		},
		"ground": {
			"translation": [0, 3, 0],
			"scale": [0.25, 0.25, 0.25]
		},
		"gui": {
			"rotation": [30, 225, 0],
			"translation": [0, 2.25, 0],
			"scale": [0.625, 0.625, 0.625]
		},
		"fixed": {
			"rotation": [-90, 0, 0],
			"translation": [0, 0, -16],
			"scale": [2, 2, 2]
		}
	}
}