{
	"credit": "Made with Blockbench",
	"texture_size": [32, 32],
	"textures": {
		"2": "item/furnitures/must_have_props_2/medkit",
		"particle": "item/furnitures/must_have_props_2/medkit"
	},
	"elements": [
		{
			"from": [2.5, 0, 6],
			"to": [13.5, 8, 9],
			"rotation": {"angle": 0, "axis": "y", "origin": [8, 1.5, 10.5]},
			"faces": {
				"north": {"uv": [5.5, 4, 0, 0], "rotation": 180, "texture": "#2"},
				"east": {"uv": [5.5, 3, 9.5, 4.5], "rotation": 90, "texture": "#2"},
				"south": {"uv": [5.5, 4, 0, 8], "texture": "#2"},
				"west": {"uv": [5.5, 4.5, 9.5, 6], "rotation": 270, "texture": "#2"},
				"up": {"uv": [5.5, 1.5, 11, 3], "texture": "#2"},
				"down": {"uv": [5.5, 0, 11, 1.5], "rotation": 180, "texture": "#2"}
			}
		},
		{
			"from": [6, 9, 6.5],
			"to": [10, 9, 8.5],
			"rotation": {"angle": 0, "axis": "y", "origin": [8, 1.5, 10.5]},
			"faces": {
				"north": {"uv": [2, 0, 0, 0], "rotation": 180, "texture": "#2"},
				"east": {"uv": [0, 0, 0, 1], "rotation": 90, "texture": "#2"},
				"south": {"uv": [2, 0, 0, 0], "texture": "#2"},
				"west": {"uv": [0, 0, 0, 1], "rotation": 270, "texture": "#2"},
				"up": {"uv": [5.5, 7, 7.5, 8], "texture": "#2"},
				"down": {"uv": [5.5, 6, 7.5, 7], "rotation": 180, "texture": "#2"}
			}
		},
		{
			"from": [6, 8, 6.5],
			"to": [6, 9, 8.5],
			"rotation": {"angle": 0, "axis": "y", "origin": [8, 1.5, 10.5]},
			"faces": {
				"north": {"uv": [0, 0.5, 0, 0], "rotation": 180, "texture": "#2"},
				"east": {"uv": [7.5, 6, 8, 7], "rotation": 90, "texture": "#2"},
				"south": {"uv": [0, 0, 0, 0.5], "texture": "#2"},
				"west": {"uv": [7.5, 7, 8, 8], "rotation": 270, "texture": "#2"},
				"up": {"uv": [0, 0, 0, 1], "texture": "#2"},
				"down": {"uv": [0, 0, 0, 1], "rotation": 180, "texture": "#2"}
			}
		},
		{
			"from": [10, 8, 6.5],
			"to": [10, 9, 8.5],
			"rotation": {"angle": 0, "axis": "y", "origin": [8, 1.5, 10.5]},
			"faces": {
				"north": {"uv": [0, 0.5, 0, 0], "rotation": 180, "texture": "#2"},
				"east": {"uv": [0, 8, 0.5, 9], "rotation": 90, "texture": "#2"},
				"south": {"uv": [0, 0, 0, 0.5], "texture": "#2"},
				"west": {"uv": [0.5, 8, 1, 9], "rotation": 270, "texture": "#2"},
				"up": {"uv": [0, 0, 0, 1], "texture": "#2"},
				"down": {"uv": [0, 0, 0, 1], "rotation": 180, "texture": "#2"}
			}
		}
	],
	"display": {
		"thirdperson_righthand": {
			"rotation": [75, 45, 0],
			"translation": [0, 2.5, 0],
			"scale": [0.375, 0.375, 0.375]
		},
		"thirdperson_lefthand": {
			"rotation": [75, 45, 0],
			"translation": [0, 2.5, 0],
			"scale": [0.375, 0.375, 0.375]
		},
		"firstperson_righthand": {
			"rotation": [0, 45, 0],
			"scale": [0.4, 0.4, 0.4]
		},
		"firstperson_lefthand": {
			"rotation": [0, 225, 0],
			"scale": [0.4, 0.4, 0.4]
		},
		"ground": {
			"translation": [0, 3, 0],
			"scale": [0.25, 0.25, 0.25]
		},
		"gui": {
			"rotation": [30, 225, 0],
			"translation": [0, 1.75, 0],
			"scale": [0.625, 0.625, 0.625]
		},
		"fixed": {
			"rotation": [-90, 0, 0],
			"translation": [0, 0, -16],
			"scale": [2, 2, 2]
		}
	}
}