{
	"credit": "Made with Blockbench",
	"texture_size": [64, 64],
	"textures": {
		"1": "item/furnitures/must_have_props_2/telephone"
	},
	"elements": [
		{
			"from": [3.5, 0, 3.5],
			"to": [12.5, 2, 12.5],
			"rotation": {"angle": 0, "axis": "y", "origin": [3.5, 0, 3.5]},
			"faces": {
				"north": {"uv": [2.25, 5.25, 4.5, 5.75], "texture": "#1", "tintindex": 0},
				"east": {"uv": [4.5, 5.5, 6.75, 6], "texture": "#1", "tintindex": 0},
				"south": {"uv": [5.75, 0, 8, 0.5], "texture": "#1", "tintindex": 0},
				"west": {"uv": [5.75, 0.5, 8, 1], "texture": "#1", "tintindex": 0},
				"up": {"uv": [2.25, 2.25, 0, 0], "texture": "#1", "tintindex": 0},
				"down": {"uv": [2.25, 2.25, 0, 4.5], "texture": "#1", "tintindex": 0}
			}
		},
		{
			"from": [3.5, 2, 11.5],
			"to": [12.5, 4, 12.5],
			"rotation": {"angle": 0, "axis": "y", "origin": [3.5, 0, 3.5]},
			"faces": {
				"north": {"uv": [5.75, 2, 8, 2.5], "texture": "#1", "tintindex": 0},
				"east": {"uv": [3, 7.25, 3.25, 7.75], "texture": "#1", "tintindex": 0},
				"south": {"uv": [2.25, 5.75, 4.5, 6.25], "texture": "#1", "tintindex": 0},
				"west": {"uv": [3.25, 7.25, 3.5, 7.75], "texture": "#1", "tintindex": 0},
				"up": {"uv": [9.5, 3.5, 7.25, 3.25], "texture": "#1", "tintindex": 0},
				"down": {"uv": [9.5, 3.5, 7.25, 3.75], "texture": "#1", "tintindex": 0}
			}
		},
		{
			"from": [4.5, 2.5, 8.5],
			"to": [11.5, 5.5, 11.5],
			"rotation": {"angle": 0, "axis": "y", "origin": [3.5, 0, 3.5]},
			"faces": {
				"north": {"uv": [4.5, 2.5, 6.25, 3.25], "texture": "#1", "tintindex": 0},
				"east": {"uv": [2.25, 7.25, 3, 8], "texture": "#1", "tintindex": 0},
				"south": {"uv": [4.5, 3.25, 6.25, 4], "texture": "#1", "tintindex": 0},
				"west": {"uv": [7.25, 2.5, 8, 3.25], "texture": "#1", "tintindex": 0},
				"up": {"uv": [6.25, 4.75, 4.5, 4], "texture": "#1", "tintindex": 0},
				"down": {"uv": [6.25, 4.75, 4.5, 5.5], "texture": "#1", "tintindex": 0}
			}
		},
		{
			"from": [1.5, 1.5, 8],
			"to": [4.5, 5.5, 12],
			"rotation": {"angle": 0, "axis": "y", "origin": [3.5, 0, 3.5]},
			"faces": {
				"north": {"uv": [0, 6.75, 0.75, 7.75], "texture": "#1", "tintindex": 0},
				"east": {"uv": [2.25, 6.25, 3.25, 7.25], "texture": "#1", "tintindex": 0},
				"south": {"uv": [0.75, 6.75, 1.5, 7.75], "texture": "#1", "tintindex": 0},
				"west": {"uv": [6.25, 2.5, 7.25, 3.5], "texture": "#1", "tintindex": 0},
				"up": {"uv": [2.25, 7.75, 1.5, 6.75], "texture": "#1", "tintindex": 0},
				"down": {"uv": [7.5, 5.5, 6.75, 6.5], "texture": "#1", "tintindex": 0}
			}
		},
		{
			"from": [11.5, 1.5, 8],
			"to": [14.5, 5.5, 12],
			"rotation": {"angle": 0, "axis": "y", "origin": [12.5, 0, 3.5]},
			"faces": {
				"north": {"uv": [4.25, 7, 5, 8], "texture": "#1", "tintindex": 0},
				"east": {"uv": [3.25, 6.25, 4.25, 7.25], "texture": "#1", "tintindex": 0},
				"south": {"uv": [5, 7, 5.75, 8], "texture": "#1", "tintindex": 0},
				"west": {"uv": [6.25, 3.5, 7.25, 4.5], "texture": "#1", "tintindex": 0},
				"up": {"uv": [6.5, 8, 5.75, 7], "texture": "#1", "tintindex": 0},
				"down": {"uv": [7.25, 7, 6.5, 8], "texture": "#1", "tintindex": 0}
			}
		},
		{
			"from": [3.6, 1.98954, 3.50208],
			"to": [12.4, 3.98954, 10.50208],
			"rotation": {"angle": -22.5, "axis": "x", "origin": [8, 2.98954, 8.50208]},
			"faces": {
				"north": {"uv": [5.75, 1, 8, 1.5], "texture": "#1", "tintindex": 0},
				"east": {"uv": [6.25, 4.5, 8, 5], "texture": "#1", "tintindex": 0},
				"south": {"uv": [5.75, 1.5, 8, 2], "texture": "#1", "tintindex": 0},
				"west": {"uv": [6.25, 5, 8, 5.5], "texture": "#1", "tintindex": 0},
				"up": {"uv": [4.5, 1.75, 2.25, 0], "texture": "#1", "tintindex": 0},
				"down": {"uv": [4.5, 1.75, 2.25, 3.5], "texture": "#1", "tintindex": 0}
			}
		},
		{
			"from": [3.6, 1.98954, 3.50208],
			"to": [12.4, 3.98954, 10.50208],
			"rotation": {"angle": -22.5, "axis": "x", "origin": [8, 2.98954, 8.50208]},
			"faces": {
				"north": {"uv": [4.5, 6, 6.75, 6.5], "texture": "#1", "tintindex": 0},
				"east": {"uv": [4.25, 6.5, 6, 7], "texture": "#1", "tintindex": 0},
				"south": {"uv": [0, 6.25, 2.25, 6.75], "texture": "#1", "tintindex": 0},
				"west": {"uv": [6, 6.5, 7.75, 7], "texture": "#1", "tintindex": 0},
				"up": {"uv": [4.5, 5.25, 2.25, 3.5], "texture": "#1", "tintindex": 0},
				"down": {"uv": [2.25, 4.5, 0, 6.25], "texture": "#1", "tintindex": 0}
			}
		},
		{
			"from": [5.6, 4.18954, 3.50208],
			"to": [10.4, 4.18954, 8.50208],
			"rotation": {"angle": -22.5, "axis": "x", "origin": [8, 2.98954, 8.50208]},
			"faces": {
				"north": {"uv": [0, 0, 1.25, 0], "texture": "#1"},
				"east": {"uv": [0, 0, 1.25, 0], "texture": "#1"},
				"south": {"uv": [0, 0, 1.25, 0], "texture": "#1"},
				"west": {"uv": [0, 0, 1.25, 0], "texture": "#1"},
				"up": {"uv": [5.75, 1.25, 4.5, 0], "texture": "#1"},
				"down": {"uv": [5.75, 1.25, 4.5, 2.5], "texture": "#1"}
			}
		}
	],
	"display": {
		"thirdperson_righthand": {
			"rotation": [75, 45, 0],
			"translation": [0, 2.5, 0],
			"scale": [0.375, 0.375, 0.375]
		},
		"thirdperson_lefthand": {
			"rotation": [75, 45, 0],
			"translation": [0, 2.5, 0],
			"scale": [0.375, 0.375, 0.375]
		},
		"firstperson_righthand": {
			"rotation": [0, 45, 0],
			"scale": [0.4, 0.4, 0.4]
		},
		"firstperson_lefthand": {
			"rotation": [0, 225, 0],
			"scale": [0.4, 0.4, 0.4]
		},
		"ground": {
			"translation": [0, 3, 0],
			"scale": [0.25, 0.25, 0.25]
		},
		"gui": {
			"rotation": [30, 225, 0],
			"translation": [0, 2, 0],
			"scale": [0.625, 0.625, 0.625]
		},
		"fixed": {
			"rotation": [-90, 0, 0],
			"translation": [0, 0, -16],
			"scale": [2, 2, 2]
		}
	}
}