{
	"credit": "Pologony Creation Co.,Ltd.",
	"texture_size": [8, 8],
	"textures": {
		"1": "item/christmas24/crossbow",
		"2": "item/christmas24/animated/crossbow_1",
		"particle": "item/christmas24/animated/crossbow_1"
	},
	"elements": [
		{
			"from": [7.25, 7.12132, 7.5],
			"to": [8.75, 7.62132, 9.5],
			"rotation": {"angle": 45, "axis": "x", "origin": [8, 8.62132, 8.5]},
			"faces": {
				"east": {"uv": [11.63636, 13.81818, 12.36364, 14], "texture": "#1"},
				"west": {"uv": [14.18182, 0, 14.90909, 0.18182], "texture": "#1"},
				"up": {"uv": [0.54545, 11.27273, 0, 10.54545], "texture": "#1"},
				"down": {"uv": [11.09091, 5.09091, 10.54545, 5.81818], "texture": "#1"}
			}
		},
		{
			"from": [7.25, 9.43198, 6.54289],
			"to": [8.75, 9.93198, 8.54289],
			"rotation": {"angle": -45, "axis": "x", "origin": [8, 9.68198, 7.79289]},
			"faces": {
				"east": {"uv": [14.18182, 0.72727, 14.90909, 0.90909], "texture": "#1"},
				"south": {"uv": [1.81818, 14.54545, 2.36364, 14.72727], "texture": "#1"},
				"west": {"uv": [2.90909, 14.18182, 3.63636, 14.36364], "texture": "#1"},
				"up": {"uv": [11.09091, 6.90909, 10.54545, 6.18182], "texture": "#1"},
				"down": {"uv": [11.09091, 7.27273, 10.54545, 8], "texture": "#1"}
			}
		},
		{
			"from": [7.25, 7.12132, 7],
			"to": [8.75, 7.62132, 7.5],
			"rotation": {"angle": 45, "axis": "x", "origin": [8, 8.62132, 8.5]},
			"faces": {
				"north": {"uv": [14.54545, 2.54545, 15.09091, 2.72727], "texture": "#1"},
				"east": {"uv": [15.27273, 11.63636, 15.45455, 11.81818], "texture": "#1"},
				"west": {"uv": [15.27273, 13.45455, 15.45455, 13.63636], "texture": "#1"},
				"down": {"uv": [15.09091, 3.27273, 14.54545, 3.45455], "texture": "#1"}
			}
		},
		{
			"from": [7.25, 9.62132, 7],
			"to": [8.75, 10.12132, 7.5],
			"rotation": {"angle": 45, "axis": "x", "origin": [8, 8.62132, 8.5]},
			"faces": {
				"north": {"uv": [14.54545, 4, 15.09091, 4.18182], "texture": "#1"},
				"east": {"uv": [13.81818, 15.27273, 14, 15.45455], "texture": "#1"},
				"west": {"uv": [15.27273, 14.18182, 15.45455, 14.36364], "texture": "#1"},
				"up": {"uv": [15.09091, 4.90909, 14.54545, 4.72727], "texture": "#1"},
				"down": {"uv": [15.09091, 5.45455, 14.54545, 5.63636], "texture": "#1"}
			}
		},
		{
			"from": [7.25, 6.08579, 7],
			"to": [8.75, 6.58579, 7.5],
			"rotation": {"angle": 45, "axis": "x", "origin": [8, 5.08579, 8.5]},
			"faces": {
				"east": {"uv": [14.54545, 15.27273, 14.72727, 15.45455], "texture": "#1"},
				"south": {"uv": [7.27273, 14.54545, 7.81818, 14.72727], "texture": "#1"},
				"west": {"uv": [15.27273, 14.90909, 15.45455, 15.09091], "texture": "#1"},
				"down": {"uv": [15.09091, 8, 14.54545, 8.18182], "texture": "#1"}
			}
		},
		{
			"from": [7.25, 9.62132, 7.5],
			"to": [8.75, 10.12132, 9.5],
			"rotation": {"angle": 45, "axis": "x", "origin": [8, 8.62132, 8.5]},
			"faces": {
				"east": {"uv": [4, 14.18182, 4.72727, 14.36364], "texture": "#1"},
				"south": {"uv": [8.36364, 14.54545, 8.90909, 14.72727], "texture": "#1"},
				"west": {"uv": [14.18182, 11.27273, 14.90909, 11.45455], "texture": "#1"},
				"up": {"uv": [3.81818, 11.63636, 3.27273, 10.90909], "texture": "#1"},
				"down": {"uv": [6, 10.90909, 5.45455, 11.63636], "texture": "#1"}
			}
		},
		{
			"from": [7.25, 7.12132, 7.5],
			"to": [8.75, 7.62132, 9.5],
			"rotation": {"angle": -45, "axis": "x", "origin": [8, 8.62132, 8.5]},
			"faces": {
				"east": {"uv": [14.18182, 12, 14.90909, 12.18182], "texture": "#1"},
				"west": {"uv": [12.72727, 14.18182, 13.45455, 14.36364], "texture": "#1"},
				"up": {"uv": [9.63636, 11.63636, 9.09091, 10.90909], "texture": "#1"},
				"down": {"uv": [10.72727, 10.90909, 10.18182, 11.63636], "texture": "#1"}
			}
		},
		{
			"from": [7.25, 7.12132, 9.5],
			"to": [8.75, 7.62132, 10],
			"rotation": {"angle": -45, "axis": "x", "origin": [8, 8.62132, 8.5]},
			"faces": {
				"east": {"uv": [15.63636, 2.18182, 15.81818, 2.36364], "texture": "#1"},
				"south": {"uv": [9.45455, 14.54545, 10, 14.72727], "texture": "#1"},
				"west": {"uv": [2.90909, 15.63636, 3.09091, 15.81818], "texture": "#1"},
				"down": {"uv": [11.09091, 14.54545, 10.54545, 14.72727], "texture": "#1"}
			}
		},
		{
			"from": [7.5, 7.37132, 7.25],
			"to": [8.5, 9.87132, 9.75],
			"rotation": {"angle": 45, "axis": "x", "origin": [8, 8.62132, 8.5]},
			"faces": {
				"east": {"uv": [6.54545, 6.54545, 7.45455, 7.45455], "texture": "#1"},
				"west": {"uv": [0, 7.63636, 0.90909, 8.54545], "texture": "#1"}
			}
		},
		{
			"from": [7.0625, 8.24493, 10.47788],
			"to": [9.0625, 9.74493, 12.47788],
			"rotation": {"angle": 22.5, "axis": "x", "origin": [8, 9.99493, 11.47788]},
			"faces": {
				"north": {"uv": [11.27273, 9.45455, 12, 10], "texture": "#1"},
				"east": {"uv": [11.27273, 2.54545, 12, 3.09091], "texture": "#1"},
				"south": {"uv": [7.63636, 11.27273, 8.36364, 11.81818], "texture": "#1"},
				"west": {"uv": [11.27273, 8.36364, 12, 8.90909], "texture": "#1"},
				"down": {"uv": [4, 9.81818, 3.27273, 10.54545], "rotation": 270, "texture": "#1"}
			}
		},
		{
			"from": [6.9375, 9.74493, 10.35288],
			"to": [9.1875, 10.49493, 12.60288],
			"rotation": {"angle": 22.5, "axis": "x", "origin": [8, 9.99493, 11.47788]},
			"faces": {
				"north": {"uv": [4, 12.72727, 4.81818, 13], "texture": "#1"},
				"east": {"uv": [12.36364, 4.36364, 13.18182, 4.63636], "texture": "#1"},
				"south": {"uv": [12.36364, 9.45455, 13.18182, 9.72727], "texture": "#1"},
				"west": {"uv": [12.72727, 0, 13.54545, 0.27273], "texture": "#1"},
				"up": {"uv": [8.81818, 7.36364, 8, 6.54545], "rotation": 90, "texture": "#1"},
				"down": {"uv": [9.54545, 0, 8.72727, 0.81818], "rotation": 270, "texture": "#1"}
			}
		},
		{
			"from": [7.1875, 10.49493, 11.10288],
			"to": [7.9375, 11.24493, 11.85288],
			"rotation": {"angle": 22.5, "axis": "x", "origin": [8, 9.99493, 11.47788]},
			"faces": {
				"north": {"uv": [7.27273, 15.27273, 7.54545, 15.54545], "texture": "#1"},
				"south": {"uv": [5.81818, 15.27273, 6.09091, 15.54545], "texture": "#1"},
				"west": {"uv": [6.54545, 15.27273, 6.81818, 15.54545], "texture": "#1"},
				"up": {"uv": [8.27273, 15.54545, 8, 15.27273], "rotation": 90, "texture": "#1"}
			}
		},
		{
			"from": [7.9375, 10.49493, 11.10288],
			"to": [8.9375, 11.49493, 11.85288],
			"rotation": {"angle": 22.5, "axis": "x", "origin": [8, 9.99493, 11.47788]},
			"faces": {
				"north": {"uv": [1.09091, 14.18182, 1.45455, 14.54545], "texture": "#1"},
				"east": {"uv": [11.63636, 14.54545, 11.90909, 14.90909], "texture": "#1"},
				"south": {"uv": [9.09091, 10.18182, 9.45455, 10.54545], "texture": "#1"},
				"west": {"uv": [14.54545, 13.81818, 14.81818, 14.18182], "texture": "#1"},
				"up": {"uv": [14.81818, 14.90909, 14.54545, 14.54545], "rotation": 90, "texture": "#1"}
			}
		},
		{
			"from": [7.45, 10.31236, 9.69008],
			"to": [8.7, 10.34236, 10.94008],
			"rotation": {"angle": 45, "axis": "x", "origin": [8, 9.99493, 11.47788]},
			"faces": {
				"up": {"uv": [13.54545, 1.18182, 13.09091, 0.72727], "rotation": 90, "texture": "#1"},
				"down": {"uv": [3.36364, 13.09091, 2.90909, 13.54545], "rotation": 270, "texture": "#1"}
			}
		},
		{
			"from": [7.45, 10.31236, 12.01568],
			"to": [8.7, 10.34236, 13.26568],
			"rotation": {"angle": 0, "axis": "x", "origin": [8, 9.99493, 11.47788]},
			"faces": {
				"up": {"uv": [13.18182, 10.63636, 12.72727, 10.18182], "rotation": 90, "texture": "#1"},
				"down": {"uv": [12.45455, 12.72727, 12, 13.18182], "rotation": 270, "texture": "#1"}
			}
		},
		{
			"from": [8.80869, 8.76656, -0.75417],
			"to": [10.30869, 9.76656, 1.74583],
			"rotation": {"angle": -22.5, "axis": "z", "origin": [9.3625, 10.19935, 0.55833]},
			"faces": {
				"north": {"uv": [13.09091, 12, 13.63636, 12.36364], "texture": "#1"},
				"east": {"uv": [8.72727, 3.63636, 9.63636, 4], "texture": "#1"},
				"south": {"uv": [13.09091, 11.27273, 13.63636, 11.63636], "texture": "#1"},
				"west": {"uv": [11.27273, 10.54545, 12.18182, 10.90909], "texture": "#1"},
				"down": {"uv": [10.72727, 8.72727, 9.81818, 9.27273], "rotation": 270, "texture": "#1"}
			}
		},
		{
			"from": [8.68369, 9.76656, -0.87917],
			"to": [10.43369, 10.51656, 1.87083],
			"rotation": {"angle": -22.5, "axis": "z", "origin": [9.3625, 10.19935, 0.55833]},
			"faces": {
				"north": {"uv": [13.81818, 7.27273, 14.45455, 7.54545], "texture": "#1"},
				"east": {"uv": [8.72727, 12, 9.72727, 12.27273], "texture": "#1"},
				"south": {"uv": [13.81818, 6.54545, 14.45455, 6.81818], "texture": "#1"},
				"west": {"uv": [12.36364, 2.18182, 13.36364, 2.45455], "texture": "#1"},
				"up": {"uv": [9.72727, 2.09091, 8.72727, 1.45455], "rotation": 90, "texture": "#1"},
				"down": {"uv": [9.72727, 2.54545, 8.72727, 3.18182], "rotation": 270, "texture": "#1"}
			}
		},
		{
			"from": [9.18369, 10.51656, 0.62083],
			"to": [9.93369, 11.01656, 1.12083],
			"rotation": {"angle": -22.5, "axis": "z", "origin": [9.3625, 10.19935, 0.55833]},
			"faces": {
				"east": {"uv": [0, 15.63636, 0.18182, 15.81818], "texture": "#1"},
				"south": {"uv": [15.27273, 10.90909, 15.54545, 11.09091], "texture": "#1"},
				"west": {"uv": [0.72727, 15.63636, 0.90909, 15.81818], "texture": "#1"},
				"up": {"uv": [11.81818, 15.54545, 11.63636, 15.27273], "rotation": 90, "texture": "#1"}
			}
		},
		{
			"from": [9.18369, 10.51656, -0.12917],
			"to": [9.93369, 11.26656, 0.62083],
			"rotation": {"angle": -22.5, "axis": "z", "origin": [9.3625, 10.19935, 0.55833]},
			"faces": {
				"north": {"uv": [13.09091, 14.90909, 13.36364, 15.18182], "texture": "#1"},
				"east": {"uv": [14.90909, 10.18182, 15.18182, 10.45455], "texture": "#1"},
				"south": {"uv": [12.36364, 14.90909, 12.63636, 15.18182], "texture": "#1"},
				"west": {"uv": [14.90909, 12.72727, 15.18182, 13], "texture": "#1"},
				"up": {"uv": [15.54545, 0.27273, 15.27273, 0], "rotation": 90, "texture": "#1"}
			}
		},
		{
			"from": [10.0116, 10.27283, 0.14583],
			"to": [10.7616, 10.30283, 0.89583],
			"rotation": {"angle": 0, "axis": "z", "origin": [9.3625, 10.19935, 0.55833]},
			"faces": {
				"up": {"uv": [15.54545, 1, 15.27273, 0.72727], "rotation": 90, "texture": "#1"},
				"down": {"uv": [1.72727, 15.27273, 1.45455, 15.54545], "rotation": 270, "texture": "#1"}
			}
		},
		{
			"from": [9.55613, 10.48594, 0.14583],
			"to": [9.58613, 11.23594, 0.89583],
			"rotation": {"angle": 45, "axis": "z", "origin": [9.3625, 10.19935, 0.55833]},
			"faces": {
				"east": {"uv": [15.54545, 1.72727, 15.27273, 1.45455], "rotation": 180, "texture": "#1"},
				"west": {"uv": [2.45455, 15.27273, 2.18182, 15.54545], "texture": "#1"}
			}
		},
		{
			"from": [4.79459, 7.02487, 10.09244],
			"to": [4.82459, 12.02487, 11.34244],
			"rotation": {"angle": -45, "axis": "y", "origin": [6.18769, 9.52487, 11.96209]},
			"faces": {
				"east": {"uv": [5.90909, 6.90909, 5.45455, 8.72727], "texture": "#1"},
				"west": {"uv": [5.45455, 6.90909, 5.90909, 8.72727], "texture": "#1"}
			}
		},
		{
			"from": [7.3819, 7.02487, 9.95956],
			"to": [8.6319, 12.02487, 9.98956],
			"rotation": {"angle": 22.5, "axis": "y", "origin": [6.18769, 9.52487, 11.96209]},
			"faces": {
				"north": {"uv": [7.63636, 0, 8.09091, 1.81818], "texture": "#1"},
				"south": {"uv": [8.09091, 0, 7.63636, 1.81818], "texture": "#1"}
			}
		},
		{
			"from": [5.64078, 7.02487, 10.53887],
			"to": [5.67078, 12.02487, 11.78887],
			"rotation": {"angle": 0, "axis": "y", "origin": [6.18769, 9.52487, 11.96209]},
			"faces": {
				"east": {"uv": [1.90909, 7.63636, 1.45455, 9.45455], "texture": "#1"},
				"west": {"uv": [1.45455, 7.63636, 1.90909, 9.45455], "texture": "#1"}
			}
		},
		{
			"from": [5.7487, 7.02487, 11.59276],
			"to": [5.7787, 12.02487, 12.84276],
			"rotation": {"angle": 22.5, "axis": "y", "origin": [6.18769, 9.52487, 11.96209]},
			"faces": {
				"east": {"uv": [8.09091, 2.18182, 7.63636, 4], "texture": "#1"},
				"west": {"uv": [7.63636, 2.18182, 8.09091, 4], "texture": "#1"}
			}
		},
		{
			"from": [6.11685, 7.02487, 12.93224],
			"to": [6.14685, 12.02487, 14.18224],
			"rotation": {"angle": 0, "axis": "y", "origin": [6.18769, 9.52487, 11.96209]},
			"faces": {
				"east": {"uv": [3, 7.63636, 2.54545, 9.45455], "texture": "#1"},
				"west": {"uv": [2.54545, 7.63636, 3, 9.45455], "texture": "#1"}
			}
		},
		{
			"from": [6.96957, 7.02487, 14.02887],
			"to": [6.99957, 12.02487, 15.27887],
			"rotation": {"angle": -22.5, "axis": "y", "origin": [6.18769, 9.52487, 11.96209]},
			"faces": {
				"east": {"uv": [4.09091, 7.63636, 3.63636, 9.45455], "texture": "#1"},
				"west": {"uv": [3.63636, 7.63636, 4.09091, 9.45455], "texture": "#1"}
			}
		},
		{
			"from": [11.17541, 7.02487, 10.09244],
			"to": [11.20541, 12.02487, 11.34244],
			"rotation": {"angle": 45, "axis": "y", "origin": [9.81231, 9.52487, 11.96209]},
			"faces": {
				"east": {"uv": [5.90909, 6.90909, 5.45455, 8.72727], "texture": "#1"},
				"west": {"uv": [5.45455, 6.90909, 5.90909, 8.72727], "texture": "#1"}
			}
		},
		{
			"from": [7.3681, 7.02487, 9.95956],
			"to": [8.6181, 12.02487, 9.98956],
			"rotation": {"angle": -22.5, "axis": "y", "origin": [9.81231, 9.52487, 11.96209]},
			"faces": {
				"north": {"uv": [8.09091, 0, 7.63636, 1.81818], "texture": "#1"},
				"south": {"uv": [7.63636, 0, 8.09091, 1.81818], "texture": "#1"}
			}
		},
		{
			"from": [10.32922, 7.02487, 10.53887],
			"to": [10.35922, 12.02487, 11.78887],
			"rotation": {"angle": 0, "axis": "y", "origin": [9.81231, 9.52487, 11.96209]},
			"faces": {
				"east": {"uv": [1.90909, 7.63636, 1.45455, 9.45455], "texture": "#1"},
				"west": {"uv": [1.45455, 7.63636, 1.90909, 9.45455], "texture": "#1"}
			}
		},
		{
			"from": [10.2213, 7.02487, 11.59276],
			"to": [10.2513, 12.02487, 12.84276],
			"rotation": {"angle": -22.5, "axis": "y", "origin": [9.81231, 9.52487, 11.96209]},
			"faces": {
				"east": {"uv": [8.09091, 2.18182, 7.63636, 4], "texture": "#1"},
				"west": {"uv": [7.63636, 2.18182, 8.09091, 4], "texture": "#1"}
			}
		},
		{
			"from": [9.85315, 7.02487, 12.93224],
			"to": [9.88315, 12.02487, 14.18224],
			"rotation": {"angle": 0, "axis": "y", "origin": [9.81231, 9.52487, 11.96209]},
			"faces": {
				"east": {"uv": [3, 7.63636, 2.54545, 9.45455], "texture": "#1"},
				"west": {"uv": [2.54545, 7.63636, 3, 9.45455], "texture": "#1"}
			}
		},
		{
			"from": [9.00043, 7.02487, 14.02887],
			"to": [9.03043, 12.02487, 15.27887],
			"rotation": {"angle": 22.5, "axis": "y", "origin": [9.81231, 9.52487, 11.96209]},
			"faces": {
				"east": {"uv": [4.09091, 7.63636, 3.63636, 9.45455], "texture": "#1"},
				"west": {"uv": [3.63636, 7.63636, 4.09091, 9.45455], "texture": "#1"}
			}
		},
		{
			"from": [8.40485, 6.27165, -0.5],
			"to": [9.90485, 7.27165, 1],
			"rotation": {"angle": 22.5, "axis": "z", "origin": [8, 7.75, 0.25]},
			"faces": {
				"north": {"uv": [13.09091, 12.72727, 13.63636, 13.09091], "texture": "#1"},
				"east": {"uv": [13.45455, 2.90909, 14, 3.27273], "texture": "#1"},
				"south": {"uv": [13.45455, 3.63636, 14, 4], "texture": "#1"},
				"west": {"uv": [4, 13.45455, 4.54545, 13.81818], "texture": "#1"},
				"up": {"uv": [12.18182, 0.54545, 11.63636, 0], "texture": "#1"},
				"down": {"uv": [4.90909, 11.63636, 4.36364, 12.18182], "texture": "#1"}
			}
		},
		{
			"from": [8.52985, 7.27165, -0.375],
			"to": [9.77985, 8.27165, 0.875],
			"rotation": {"angle": 22.5, "axis": "z", "origin": [8, 7.75, 0.25]},
			"faces": {
				"north": {"uv": [8.36364, 13.81818, 8.81818, 14.18182], "texture": "#1"},
				"east": {"uv": [13.81818, 9.09091, 14.27273, 9.45455], "texture": "#1"},
				"south": {"uv": [9.45455, 13.81818, 9.90909, 14.18182], "texture": "#1"},
				"west": {"uv": [13.81818, 9.81818, 14.27273, 10.18182], "texture": "#1"},
				"up": {"uv": [0.45455, 13.18182, 0, 12.72727], "texture": "#1"}
			}
		},
		{
			"from": [10.075, 8.15, 0.325],
			"to": [11.325, 9.15, 1.575],
			"rotation": {"angle": 45, "axis": "z", "origin": [10.7, 8.15, 0.95]},
			"faces": {
				"north": {"uv": [8.36364, 13.81818, 8.81818, 14.18182], "texture": "#1"},
				"east": {"uv": [13.81818, 9.09091, 14.27273, 9.45455], "texture": "#1"},
				"south": {"uv": [9.45455, 13.81818, 9.90909, 14.18182], "texture": "#1"},
				"west": {"uv": [13.81818, 9.81818, 14.27273, 10.18182], "texture": "#1"},
				"up": {"uv": [0.45455, 13.18182, 0, 12.72727], "texture": "#1"}
			}
		},
		{
			"from": [9.95, 7.15, 0.2],
			"to": [11.45, 8.15, 1.7],
			"rotation": {"angle": 45, "axis": "z", "origin": [10.7, 8.15, 0.95]},
			"faces": {
				"north": {"uv": [13.09091, 12.72727, 13.63636, 13.09091], "texture": "#1"},
				"east": {"uv": [13.45455, 2.90909, 14, 3.27273], "texture": "#1"},
				"south": {"uv": [13.45455, 3.63636, 14, 4], "texture": "#1"},
				"west": {"uv": [4, 13.45455, 4.54545, 13.81818], "texture": "#1"},
				"up": {"uv": [12.18182, 0.54545, 11.63636, 0], "texture": "#1"},
				"down": {"uv": [4.90909, 11.63636, 4.36364, 12.18182], "texture": "#1"}
			}
		},
		{
			"from": [5.69131, 8.76656, -0.75417],
			"to": [7.19131, 9.76656, 1.74583],
			"rotation": {"angle": 22.5, "axis": "z", "origin": [6.6375, 10.19935, 0.55833]},
			"faces": {
				"north": {"uv": [13.63636, 12, 13.09091, 12.36364], "texture": "#1"},
				"east": {"uv": [12.18182, 10.54545, 11.27273, 10.90909], "texture": "#1"},
				"south": {"uv": [13.63636, 11.27273, 13.09091, 11.63636], "texture": "#1"},
				"west": {"uv": [9.63636, 3.63636, 8.72727, 4], "texture": "#1"},
				"down": {"uv": [10.72727, 9.27273, 9.81818, 8.72727], "rotation": 270, "texture": "#1"}
			}
		},
		{
			"from": [5.56631, 9.76656, -0.87917],
			"to": [7.31631, 10.51656, 1.87083],
			"rotation": {"angle": 22.5, "axis": "z", "origin": [6.6375, 10.19935, 0.55833]},
			"faces": {
				"north": {"uv": [14.45455, 7.27273, 13.81818, 7.54545], "texture": "#1"},
				"east": {"uv": [13.36364, 2.18182, 12.36364, 2.45455], "texture": "#1"},
				"south": {"uv": [14.45455, 6.54545, 13.81818, 6.81818], "texture": "#1"},
				"west": {"uv": [9.72727, 12, 8.72727, 12.27273], "texture": "#1"},
				"up": {"uv": [9.72727, 1.45455, 8.72727, 2.09091], "rotation": 90, "texture": "#1"},
				"down": {"uv": [9.72727, 3.18182, 8.72727, 2.54545], "rotation": 270, "texture": "#1"}
			}
		},
		{
			"from": [6.06631, 10.51656, 0.62083],
			"to": [6.81631, 11.01656, 1.12083],
			"rotation": {"angle": 22.5, "axis": "z", "origin": [6.6375, 10.19935, 0.55833]},
			"faces": {
				"east": {"uv": [0.90909, 15.63636, 0.72727, 15.81818], "texture": "#1"},
				"south": {"uv": [15.54545, 10.90909, 15.27273, 11.09091], "texture": "#1"},
				"west": {"uv": [0.18182, 15.63636, 0, 15.81818], "texture": "#1"},
				"up": {"uv": [11.81818, 15.27273, 11.63636, 15.54545], "rotation": 90, "texture": "#1"}
			}
		},
		{
			"from": [6.06631, 10.51656, -0.12917],
			"to": [6.81631, 11.26656, 0.62083],
			"rotation": {"angle": 22.5, "axis": "z", "origin": [6.6375, 10.19935, 0.55833]},
			"faces": {
				"north": {"uv": [13.36364, 14.90909, 13.09091, 15.18182], "texture": "#1"},
				"east": {"uv": [15.18182, 12.72727, 14.90909, 13], "texture": "#1"},
				"south": {"uv": [12.63636, 14.90909, 12.36364, 15.18182], "texture": "#1"},
				"west": {"uv": [15.18182, 10.18182, 14.90909, 10.45455], "texture": "#1"},
				"up": {"uv": [15.54545, 0, 15.27273, 0.27273], "rotation": 90, "texture": "#1"}
			}
		},
		{
			"from": [5.2384, 10.27283, 0.14583],
			"to": [5.9884, 10.30283, 0.89583],
			"rotation": {"angle": 0, "axis": "z", "origin": [6.6375, 10.19935, 0.55833]},
			"faces": {
				"up": {"uv": [15.54545, 0.72727, 15.27273, 1], "rotation": 90, "texture": "#1"},
				"down": {"uv": [1.72727, 15.54545, 1.45455, 15.27273], "rotation": 270, "texture": "#1"}
			}
		},
		{
			"from": [6.41387, 10.48594, 0.14583],
			"to": [6.44387, 11.23594, 0.89583],
			"rotation": {"angle": -45, "axis": "z", "origin": [6.6375, 10.19935, 0.55833]},
			"faces": {
				"east": {"uv": [2.18182, 15.27273, 2.45455, 15.54545], "texture": "#1"},
				"west": {"uv": [15.27273, 1.72727, 15.54545, 1.45455], "rotation": 180, "texture": "#1"}
			}
		},
		{
			"from": [6.09515, 6.27165, -0.5],
			"to": [7.59515, 7.27165, 1],
			"rotation": {"angle": -22.5, "axis": "z", "origin": [8, 7.75, 0.25]},
			"faces": {
				"north": {"uv": [13.63636, 12.72727, 13.09091, 13.09091], "texture": "#1"},
				"east": {"uv": [4.54545, 13.45455, 4, 13.81818], "texture": "#1"},
				"south": {"uv": [14, 3.63636, 13.45455, 4], "texture": "#1"},
				"west": {"uv": [14, 2.90909, 13.45455, 3.27273], "texture": "#1"},
				"up": {"uv": [11.63636, 0.54545, 12.18182, 0], "texture": "#1"},
				"down": {"uv": [4.36364, 11.63636, 4.90909, 12.18182], "texture": "#1"}
			}
		},
		{
			"from": [6.22015, 7.27165, -0.375],
			"to": [7.47015, 8.27165, 0.875],
			"rotation": {"angle": -22.5, "axis": "z", "origin": [8, 7.75, 0.25]},
			"faces": {
				"north": {"uv": [8.81818, 13.81818, 8.36364, 14.18182], "texture": "#1"},
				"east": {"uv": [14.27273, 9.81818, 13.81818, 10.18182], "texture": "#1"},
				"south": {"uv": [9.90909, 13.81818, 9.45455, 14.18182], "texture": "#1"},
				"west": {"uv": [14.27273, 9.09091, 13.81818, 9.45455], "texture": "#1"},
				"up": {"uv": [0, 13.18182, 0.45455, 12.72727], "texture": "#1"}
			}
		},
		{
			"from": [4.55, 7.15, 0.2],
			"to": [6.05, 8.15, 1.7],
			"rotation": {"angle": -45, "axis": "z", "origin": [5.3, 8.15, 0.95]},
			"faces": {
				"north": {"uv": [13.63636, 12.72727, 13.09091, 13.09091], "texture": "#1"},
				"east": {"uv": [4.54545, 13.45455, 4, 13.81818], "texture": "#1"},
				"south": {"uv": [14, 3.63636, 13.45455, 4], "texture": "#1"},
				"west": {"uv": [14, 2.90909, 13.45455, 3.27273], "texture": "#1"},
				"up": {"uv": [11.63636, 0.54545, 12.18182, 0], "texture": "#1"},
				"down": {"uv": [4.36364, 11.63636, 4.90909, 12.18182], "texture": "#1"}
			}
		},
		{
			"from": [4.675, 8.15, 0.325],
			"to": [5.925, 9.15, 1.575],
			"rotation": {"angle": -45, "axis": "z", "origin": [5.3, 8.15, 0.95]},
			"faces": {
				"north": {"uv": [8.81818, 13.81818, 8.36364, 14.18182], "texture": "#1"},
				"east": {"uv": [14.27273, 9.81818, 13.81818, 10.18182], "texture": "#1"},
				"south": {"uv": [9.90909, 13.81818, 9.45455, 14.18182], "texture": "#1"},
				"west": {"uv": [14.27273, 9.09091, 13.81818, 9.45455], "texture": "#1"},
				"up": {"uv": [0, 13.18182, 0.45455, 12.72727], "texture": "#1"}
			}
		},
		{
			"from": [7.0035, 8, 0],
			"to": [8.9965, 9, 7],
			"rotation": {"angle": 0, "axis": "y", "origin": [7.0035, 7, 0]},
			"faces": {
				"north": {"uv": [5.45455, 12, 6.18182, 12.36364], "texture": "#1"},
				"east": {"uv": [6.54545, 5.09091, 9.09091, 5.45455], "texture": "#1"},
				"south": {"uv": [10.18182, 12, 10.90909, 12.36364], "texture": "#1"},
				"west": {"uv": [6.54545, 5.81818, 9.09091, 6.18182], "texture": "#1"},
				"up": {"uv": [6.18182, 6.54545, 5.45455, 4], "texture": "#1"},
				"down": {"uv": [7.27273, 0, 6.54545, 2.54545], "texture": "#1"}
			}
		},
		{
			"from": [7.3785, 7.75, 9.5],
			"to": [8.6215, 9, 12.5],
			"rotation": {"angle": 0, "axis": "y", "origin": [7.1285, 7, 8.5]},
			"faces": {
				"north": {"uv": [1.81818, 12.72727, 2.27273, 13.18182], "texture": "#1"},
				"east": {"uv": [9.81818, 9.81818, 10.90909, 10.27273], "texture": "#1"},
				"west": {"uv": [10.18182, 0, 11.27273, 0.45455], "texture": "#1"},
				"up": {"uv": [10.63636, 2.18182, 10.18182, 1.09091], "texture": "#1"},
				"down": {"uv": [10.63636, 2.54545, 10.18182, 3.63636], "texture": "#1"}
			}
		},
		{
			"from": [7.3785, 5.5, 11.25],
			"to": [8.6215, 6.75, 12.5],
			"rotation": {"angle": 0, "axis": "y", "origin": [7.1285, 4.5, 6.5]},
			"faces": {
				"north": {"uv": [12.72727, 6.18182, 13.18182, 6.63636], "texture": "#1"},
				"east": {"uv": [6.54545, 12.72727, 7, 13.18182], "texture": "#1"},
				"west": {"uv": [12.72727, 7.27273, 13.18182, 7.72727], "texture": "#1"},
				"up": {"uv": [9.18182, 13.18182, 8.72727, 12.72727], "texture": "#1"},
				"down": {"uv": [10.27273, 12.72727, 9.81818, 13.18182], "texture": "#1"}
			}
		},
		{
			"from": [7.3785, 5.5, 12.5],
			"to": [8.6215, 9, 13.75],
			"rotation": {"angle": 0, "axis": "y", "origin": [7.1285, 7, 9.75]},
			"faces": {
				"north": {"uv": [5.45455, 9.09091, 5.90909, 10.36364], "texture": "#1"},
				"east": {"uv": [9.45455, 5.09091, 9.90909, 6.36364], "texture": "#1"},
				"south": {"uv": [9.45455, 6.90909, 9.90909, 8.18182], "texture": "#1"},
				"west": {"uv": [1.09091, 9.81818, 1.54545, 11.09091], "texture": "#1"},
				"up": {"uv": [13.18182, 5.54545, 12.72727, 5.09091], "texture": "#1"},
				"down": {"uv": [5.90909, 12.72727, 5.45455, 13.18182], "texture": "#1"}
			}
		},
		{
			"from": [7.5035, 7, 3],
			"to": [8.4965, 8, 8.25],
			"rotation": {"angle": 0, "axis": "y", "origin": [7.0035, 7, 0]},
			"faces": {
				"east": {"uv": [7.63636, 4.36364, 9.54545, 4.72727], "texture": "#1"},
				"west": {"uv": [6.54545, 8, 8.45455, 8.36364], "texture": "#1"},
				"down": {"uv": [5.09091, 7.63636, 4.72727, 9.54545], "texture": "#1"}
			}
		},
		{
			"from": [7.2535, 6.75, 0.25],
			"to": [8.7465, 8, 3],
			"rotation": {"angle": 0, "axis": "y", "origin": [7.0035, 6, 0]},
			"faces": {
				"north": {"uv": [7.63636, 12.36364, 8.18182, 12.81818], "texture": "#1"},
				"east": {"uv": [10.18182, 4, 11.18182, 4.45455], "texture": "#1"},
				"south": {"uv": [12.36364, 8.36364, 12.90909, 8.81818], "texture": "#1"},
				"west": {"uv": [7.63636, 10.18182, 8.63636, 10.63636], "texture": "#1"},
				"down": {"uv": [2.72727, 9.81818, 2.18182, 10.81818], "texture": "#1"}
			}
		},
		{
			"from": [7.625, 5.25, 8],
			"to": [8.375, 7.75, 9],
			"rotation": {"angle": -45, "axis": "x", "origin": [7.375, 5.75, 8]},
			"faces": {
				"north": {"uv": [11.27273, 12.36364, 11.54545, 13.27273], "texture": "#1"},
				"east": {"uv": [1.09091, 11.63636, 1.45455, 12.54545], "texture": "#1"},
				"south": {"uv": [12.36364, 11.27273, 12.63636, 12.18182], "texture": "#1"},
				"west": {"uv": [11.63636, 3.63636, 12, 4.54545], "texture": "#1"},
				"up": {"uv": [1, 15.27273, 0.72727, 14.90909], "texture": "#1"},
				"down": {"uv": [3.18182, 14.90909, 2.90909, 15.27273], "texture": "#1"}
			}
		},
		{
			"from": [7.75, 5.25, 7.75],
			"to": [8.25, 8, 8],
			"rotation": {"angle": -45, "axis": "x", "origin": [7.25, 5.75, 8]},
			"faces": {
				"north": {"uv": [5.81818, 13.81818, 6, 14.81818], "texture": "#1"},
				"east": {"uv": [14.90909, 6.18182, 15, 7.18182], "texture": "#1"},
				"south": {"uv": [6.54545, 13.81818, 6.72727, 14.81818], "texture": "#1"},
				"west": {"uv": [14.90909, 8.72727, 15, 9.72727], "texture": "#1"},
				"up": {"uv": [15.81818, 3, 15.63636, 2.90909], "texture": "#1"},
				"down": {"uv": [3.81818, 15.63636, 3.63636, 15.72727], "texture": "#1"}
			}
		},
		{
			"from": [7.5, 4.75, 7.5],
			"to": [8.5, 5.25, 9],
			"rotation": {"angle": -45, "axis": "x", "origin": [7.5, 5.75, 8]},
			"faces": {
				"north": {"uv": [10.18182, 15.27273, 10.54545, 15.45455], "texture": "#1"},
				"east": {"uv": [3.63636, 14.90909, 4.18182, 15.09091], "texture": "#1"},
				"south": {"uv": [10.90909, 15.27273, 11.27273, 15.45455], "texture": "#1"},
				"west": {"uv": [4.72727, 14.90909, 5.27273, 15.09091], "texture": "#1"},
				"up": {"uv": [1.45455, 13.63636, 1.09091, 13.09091], "texture": "#1"},
				"down": {"uv": [8, 13.45455, 7.63636, 14], "texture": "#1"}
			}
		},
		{
			"from": [9.30033, 8.5, -1.27569],
			"to": [12.30033, 10, 0.22431],
			"rotation": {"angle": 22.5, "axis": "y", "origin": [12.33975, 9.2625, 1.11367]},
			"faces": {
				"north": {"uv": [6.54545, 8.72727, 7.09091, 9.81818], "rotation": 270, "texture": "#1"},
				"east": {"uv": [12.18182, 5.63636, 11.63636, 5.09091], "rotation": 90, "texture": "#1"},
				"south": {"uv": [8.72727, 8.72727, 9.27273, 9.81818], "rotation": 90, "texture": "#1"},
				"west": {"uv": [12.18182, 6.18182, 11.63636, 6.72727], "rotation": 90, "texture": "#1"},
				"up": {"uv": [0, 9.09091, 0.54545, 10.18182], "rotation": 90, "texture": "#1"},
				"down": {"uv": [7.63636, 8.72727, 8.18182, 9.81818], "rotation": 90, "texture": "#1"}
			}
		},
		{
			"from": [10.30033, 8.25, -1.52569],
			"to": [12.30033, 10.25, 0.47431],
			"rotation": {"angle": 22.5, "axis": "y", "origin": [12.33975, 9.2625, 1.11367]},
			"faces": {
				"north": {"uv": [11, 0, 15, 4], "texture": "#2"},
				"south": {"uv": [11, 4.5, 15, 8.5], "texture": "#2"},
				"up": {"uv": [4, 16, 0, 12], "texture": "#2"},
				"down": {"uv": [8.5, 12, 4.5, 16], "texture": "#2"}
			}
		},
		{
			"from": [10.59763, 8.625, -0.491],
			"to": [13.59763, 9.875, 0.459],
			"rotation": {"angle": -22.5, "axis": "y", "origin": [12.33975, 9.2625, 1.11367]},
			"faces": {
				"north": {"uv": [4.36364, 10.18182, 4.81818, 11.27273], "rotation": 270, "texture": "#1"},
				"east": {"uv": [14.27273, 10.90909, 13.81818, 10.54545], "rotation": 90, "texture": "#1"},
				"south": {"uv": [6.54545, 10.18182, 7, 11.27273], "rotation": 90, "texture": "#1"},
				"up": {"uv": [2.18182, 11.27273, 2.54545, 12.36364], "rotation": 90, "texture": "#1"},
				"down": {"uv": [11.27273, 1.09091, 11.63636, 2.18182], "rotation": 90, "texture": "#1"}
			}
		},
		{
			"from": [10.43761, 8.4, -0.71723],
			"to": [13.43761, 10.15, 0.73277],
			"rotation": {"angle": -22.5, "axis": "y", "origin": [12.35472, 9.3875, 1.13744]},
			"faces": {
				"north": {"uv": [4.5, 0, 10.5, 3.5], "texture": "#2"},
				"south": {"uv": [4.5, 4, 10.5, 7.5], "texture": "#2"},
				"up": {"uv": [6, 11.5, 0, 8.5], "texture": "#2"},
				"down": {"uv": [15, 13, 9, 16], "texture": "#2"}
			}
		},
		{
			"from": [10.43761, 5.65, -0.71723],
			"to": [12.43761, 8.4, -0.68723],
			"rotation": {"angle": -22.5, "axis": "y", "origin": [12.35472, 9.3875, 1.13744]},
			"faces": {
				"north": {"uv": [0, 0, 4, 5.5], "texture": "#2"},
				"south": {"uv": [4, 0, 0, 5.5], "texture": "#2"}
			}
		},
		{
			"from": [3.69967, 8.25, -1.52569],
			"to": [5.69967, 10.25, 0.47431],
			"rotation": {"angle": -22.5, "axis": "y", "origin": [3.66025, 9.2625, 1.11367]},
			"faces": {
				"north": {"uv": [15, 0, 11, 4], "texture": "#2"},
				"south": {"uv": [15, 4.5, 11, 8.5], "texture": "#2"},
				"up": {"uv": [0, 16, 4, 12], "texture": "#2"},
				"down": {"uv": [4.5, 12, 8.5, 16], "texture": "#2"}
			}
		},
		{
			"from": [2.56239, 8.4, -0.71723],
			"to": [5.56239, 10.15, 0.73277],
			"rotation": {"angle": 22.5, "axis": "y", "origin": [3.64528, 9.3875, 1.13744]},
			"faces": {
				"north": {"uv": [10.5, 0, 4.5, 3.5], "texture": "#2"},
				"south": {"uv": [10.5, 4, 4.5, 7.5], "texture": "#2"},
				"up": {"uv": [0, 11.5, 6, 8.5], "texture": "#2"},
				"down": {"uv": [9, 13, 15, 16], "texture": "#2"}
			}
		},
		{
			"from": [3.56239, 5.65, -0.71723],
			"to": [5.56239, 8.4, -0.68723],
			"rotation": {"angle": 22.5, "axis": "y", "origin": [3.64528, 9.3875, 1.13744]},
			"faces": {
				"north": {"uv": [4, 0, 0, 5.5], "texture": "#2"},
				"south": {"uv": [0, 0, 4, 5.5], "texture": "#2"}
			}
		},
		{
			"from": [13.33888, 8.6275, 0.61846],
			"to": [14.36388, 9.8725, 2.61846],
			"rotation": {"angle": 22.5, "axis": "y", "origin": [12.33975, 9.2625, 1.11367]},
			"faces": {
				"east": {"uv": [11.72727, 12, 11.27273, 11.27273], "rotation": 90, "texture": "#1"},
				"south": {"uv": [10.54545, 13.81818, 11, 14.18182], "rotation": 90, "texture": "#1"},
				"west": {"uv": [0.45455, 11.63636, 0, 12.36364], "rotation": 90, "texture": "#1"},
				"up": {"uv": [12.36364, 3.63636, 13.09091, 4], "rotation": 90, "texture": "#1"},
				"down": {"uv": [12.36364, 2.90909, 13.09091, 3.27273], "rotation": 90, "texture": "#1"}
			}
		},
		{
			"from": [7.625, 8.85756, 6.30835],
			"to": [8.375, 10.10756, 7.05835],
			"rotation": {"angle": 22.5, "axis": "x", "origin": [7.375, 8.85756, 6.05835]},
			"faces": {
				"north": {"uv": [14.18182, 12.72727, 14.45455, 13.18182], "texture": "#1"},
				"east": {"uv": [13.81818, 14.18182, 14.09091, 14.63636], "texture": "#1"},
				"south": {"uv": [0, 14.54545, 0.27273, 15], "texture": "#1"},
				"west": {"uv": [14.54545, 1.45455, 14.81818, 1.90909], "texture": "#1"},
				"up": {"uv": [9, 15.54545, 8.72727, 15.27273], "texture": "#1"},
				"down": {"uv": [9.72727, 15.27273, 9.45455, 15.54545], "texture": "#1"}
			}
		},
		{
			"from": [1.25, 9.5, 1.625],
			"to": [14.75, 9.51, 6.875],
			"rotation": {"angle": 0, "axis": "y", "origin": [2, 9.5, 1.625]},
			"faces": {
				"up": {"uv": [4.90909, 1.90909, 0, 0], "texture": "#1"},
				"down": {"uv": [4.90909, 0, 0, 1.90909], "texture": "#1"}
			}
		},
		{
			"from": [13.63934, 8.775, 1.5],
			"to": [15.13934, 9.775, 3],
			"rotation": {"angle": -22.5, "axis": "y", "origin": [14.38934, 9.275, 2.25]},
			"faces": {
				"north": {"uv": [14.18182, 5.45455, 13.81818, 6], "rotation": 90, "texture": "#1"},
				"east": {"uv": [13.81818, 1.81818, 14.18182, 2.36364], "rotation": 270, "texture": "#1"},
				"south": {"uv": [5.45455, 14.36364, 5.09091, 13.81818], "rotation": 90, "texture": "#1"},
				"west": {"uv": [13.81818, 4.36364, 14.18182, 4.90909], "rotation": 90, "texture": "#1"},
				"up": {"uv": [2.90909, 12, 3.45455, 12.54545], "rotation": 180, "texture": "#1"},
				"down": {"uv": [12, 1.09091, 12.54545, 1.63636], "texture": "#1"}
			}
		},
		{
			"from": [1.63612, 8.6275, 0.61846],
			"to": [2.66112, 9.8725, 2.61846],
			"rotation": {"angle": -22.5, "axis": "y", "origin": [3.66025, 9.2625, 1.11367]},
			"faces": {
				"east": {"uv": [0.45455, 12.36364, 0, 11.63636], "rotation": 90, "texture": "#1"},
				"south": {"uv": [10.54545, 14.18182, 11, 13.81818], "rotation": 90, "texture": "#1"},
				"west": {"uv": [11.72727, 11.27273, 11.27273, 12], "rotation": 90, "texture": "#1"},
				"up": {"uv": [12.36364, 4, 13.09091, 3.63636], "rotation": 90, "texture": "#1"},
				"down": {"uv": [12.36364, 3.27273, 13.09091, 2.90909], "rotation": 90, "texture": "#1"}
			}
		},
		{
			"from": [2.40237, 8.625, -0.491],
			"to": [5.40237, 9.875, 0.459],
			"rotation": {"angle": 22.5, "axis": "y", "origin": [3.66025, 9.2625, 1.11367]},
			"faces": {
				"north": {"uv": [4.36364, 11.27273, 4.81818, 10.18182], "rotation": 270, "texture": "#1"},
				"south": {"uv": [6.54545, 11.27273, 7, 10.18182], "rotation": 90, "texture": "#1"},
				"west": {"uv": [14.27273, 10.54545, 13.81818, 10.90909], "rotation": 90, "texture": "#1"},
				"up": {"uv": [2.18182, 12.36364, 2.54545, 11.27273], "rotation": 90, "texture": "#1"},
				"down": {"uv": [11.27273, 2.18182, 11.63636, 1.09091], "rotation": 90, "texture": "#1"}
			}
		},
		{
			"from": [3.69967, 8.5, -1.27569],
			"to": [6.69967, 10, 0.22431],
			"rotation": {"angle": -22.5, "axis": "y", "origin": [3.66025, 9.2625, 1.11367]},
			"faces": {
				"north": {"uv": [6.54545, 9.81818, 7.09091, 8.72727], "rotation": 270, "texture": "#1"},
				"east": {"uv": [12.18182, 6.72727, 11.63636, 6.18182], "rotation": 90, "texture": "#1"},
				"south": {"uv": [8.72727, 9.81818, 9.27273, 8.72727], "rotation": 90, "texture": "#1"},
				"west": {"uv": [12.18182, 5.09091, 11.63636, 5.63636], "rotation": 90, "texture": "#1"},
				"up": {"uv": [0, 10.18182, 0.54545, 9.09091], "rotation": 90, "texture": "#1"},
				"down": {"uv": [7.63636, 9.81818, 8.18182, 8.72727], "rotation": 90, "texture": "#1"}
			}
		},
		{
			"from": [0.86066, 8.775, 1.5],
			"to": [2.36066, 9.775, 3],
			"rotation": {"angle": 22.5, "axis": "y", "origin": [1.61066, 9.275, 2.25]},
			"faces": {
				"north": {"uv": [14.18182, 6, 13.81818, 5.45455], "rotation": 90, "texture": "#1"},
				"east": {"uv": [13.81818, 4.90909, 14.18182, 4.36364], "rotation": 90, "texture": "#1"},
				"south": {"uv": [5.45455, 13.81818, 5.09091, 14.36364], "rotation": 90, "texture": "#1"},
				"west": {"uv": [13.81818, 2.36364, 14.18182, 1.81818], "rotation": 270, "texture": "#1"},
				"up": {"uv": [3.45455, 12, 2.90909, 12.54545], "rotation": 180, "texture": "#1"},
				"down": {"uv": [12.54545, 1.09091, 12, 1.63636], "texture": "#1"}
			}
		}
	],
	"gui_light": "front",
	"display": {
		"thirdperson_righthand": {
			"translation": [0, 1, 2]
		},
		"thirdperson_lefthand": {
			"translation": [0, 1, 2]
		},
		"firstperson_righthand": {
			"translation": [2, 2.75, 1.75],
			"scale": [0.7, 0.7, 0.7]
		},
		"firstperson_lefthand": {
			"translation": [2, 2.75, 1.75],
			"scale": [0.7, 0.7, 0.7]
		},
		"ground": {
			"rotation": [35, 0, 0],
			"translation": [0, 3, 0],
			"scale": [0.7, 0.7, 0.7]
		},
		"gui": {
			"rotation": [89, 45, 0],
			"translation": [1.75, -1.75, 0]
		},
		"fixed": {
			"rotation": [-90, 0, 0],
			"translation": [0, 0, -3.25],
			"scale": [2, 2, 2]
		}
	},
	"groups": [
		{
			"name": "crossbow",
			"origin": [8, 6, 9.75],
			"color": 0,
			"children": [
				0,
				1,
				2,
				3,
				4,
				5,
				6,
				7,
				8,
				9,
				10,
				11,
				12,
				13,
				14,
				15,
				16,
				17,
				18,
				19,
				20,
				21,
				22,
				23,
				24,
				25,
				26,
				27,
				28,
				29,
				30,
				31,
				32,
				33,
				34,
				35,
				36,
				37,
				38,
				39,
				40,
				41,
				42,
				43,
				44,
				45,
				46,
				47,
				48,
				49,
				50,
				51,
				52,
				53,
				54,
				55,
				56,
				57,
				58,
				59,
				60,
				61,
				62,
				63,
				64,
				65,
				66,
				67,
				68,
				69,
				70,
				71
			]
		}
	]
}