{
    "credit": "Pologony Creation Co.,Ltd.",
    "texture_size": [
        36,
        36
    ],
    "textures": {
        "1": "item/christmas24/wings_1",
        "3": "item/christmas24/animated/wing_2",
        "particle": "item/christmas24/animated/wing_2"
    },
    "elements": [
        {
            "from": [
                8.44321,
                7.94321,
                7.52652
            ],
            "to": [
                10.44321,
                8.44321,
                9.02652
            ],
            "rotation": {
                "angle": 45,
                "axis": "z",
                "origin": [
                    8,
                    8,
                    14
                ]
            },
            "faces": {
                "north": {
                    "uv": [
                        12.57143,
                        12,
                        13.71429,
                        12.28571
                    ],
                    "texture": "#1"
                },
                "south": {
                    "uv": [
                        12.57143,
                        10.85714,
                        13.71429,
                        11.14286
                    ],
                    "texture": "#1"
                },
                "up": {
                    "uv": [
                        0.85714,
                        9.14286,
                        0,
                        8
                    ],
                    "rotation": 90,
                    "texture": "#1"
                },
                "down": {
                    "uv": [
                        8.85714,
                        3.42857,
                        8,
                        4.57143
                    ],
                    "rotation": 270,
                    "texture": "#1"
                }
            }
        },
        {
            "from": [
                5.55679,
                10.44322,
                7.52652
            ],
            "to": [
                7.55679,
                10.94322,
                9.02652
            ],
            "rotation": {
                "angle": -45,
                "axis": "z",
                "origin": [
                    8,
                    8,
                    14
                ]
            },
            "faces": {
                "north": {
                    "uv": [
                        13.14286,
                        1.14286,
                        14.28571,
                        1.42857
                    ],
                    "texture": "#1"
                },
                "south": {
                    "uv": [
                        13.14286,
                        0,
                        14.28571,
                        0.28571
                    ],
                    "texture": "#1"
                },
                "west": {
                    "uv": [
                        13.14286,
                        8,
                        14,
                        8.28571
                    ],
                    "texture": "#1"
                },
                "up": {
                    "uv": [
                        8.85714,
                        6.28571,
                        8,
                        5.14286
                    ],
                    "rotation": 90,
                    "texture": "#1"
                },
                "down": {
                    "uv": [
                        6.57143,
                        8,
                        5.71429,
                        9.14286
                    ],
                    "rotation": 270,
                    "texture": "#1"
                }
            }
        },
        {
            "from": [
                10.44321,
                7.94321,
                7.52652
            ],
            "to": [
                10.94321,
                8.44321,
                9.02652
            ],
            "rotation": {
                "angle": 45,
                "axis": "z",
                "origin": [
                    8,
                    8,
                    14
                ]
            },
            "faces": {
                "north": {
                    "uv": [
                        10.28571,
                        14.85714,
                        10.57143,
                        15.14286
                    ],
                    "texture": "#1"
                },
                "east": {
                    "uv": [
                        13.14286,
                        9.14286,
                        14,
                        9.42857
                    ],
                    "texture": "#1"
                },
                "south": {
                    "uv": [
                        14.85714,
                        9.14286,
                        15.14286,
                        9.42857
                    ],
                    "texture": "#1"
                },
                "down": {
                    "uv": [
                        13.42857,
                        13.14286,
                        12.57143,
                        13.42857
                    ],
                    "rotation": 270,
                    "texture": "#1"
                }
            }
        },
        {
            "from": [
                10.44321,
                10.44321,
                7.52652
            ],
            "to": [
                10.94321,
                10.94321,
                9.02652
            ],
            "rotation": {
                "angle": 45,
                "axis": "z",
                "origin": [
                    8,
                    8,
                    14
                ]
            },
            "faces": {
                "north": {
                    "uv": [
                        1.14286,
                        15.42857,
                        1.42857,
                        15.71429
                    ],
                    "texture": "#1"
                },
                "east": {
                    "uv": [
                        0,
                        13.71429,
                        0.85714,
                        14
                    ],
                    "texture": "#1"
                },
                "south": {
                    "uv": [
                        14.28571,
                        14.85714,
                        14.57143,
                        15.14286
                    ],
                    "texture": "#1"
                },
                "up": {
                    "uv": [
                        14.57143,
                        3.71429,
                        13.71429,
                        3.42857
                    ],
                    "rotation": 90,
                    "texture": "#1"
                },
                "down": {
                    "uv": [
                        14.57143,
                        4.57143,
                        13.71429,
                        4.85714
                    ],
                    "rotation": 270,
                    "texture": "#1"
                }
            }
        },
        {
            "from": [
                7.94322,
                7.94322,
                7.52652
            ],
            "to": [
                8.44322,
                8.44322,
                9.02652
            ],
            "rotation": {
                "angle": 45,
                "axis": "z",
                "origin": [
                    8,
                    8,
                    14
                ]
            },
            "faces": {
                "north": {
                    "uv": [
                        3.42857,
                        15.42857,
                        3.71429,
                        15.71429
                    ],
                    "texture": "#1"
                },
                "south": {
                    "uv": [
                        2.28571,
                        15.42857,
                        2.57143,
                        15.71429
                    ],
                    "texture": "#1"
                },
                "west": {
                    "uv": [
                        6.85714,
                        13.71429,
                        7.71429,
                        14
                    ],
                    "texture": "#1"
                },
                "down": {
                    "uv": [
                        14.57143,
                        6.85714,
                        13.71429,
                        7.14286
                    ],
                    "rotation": 270,
                    "texture": "#1"
                }
            }
        },
        {
            "from": [
                8.44321,
                10.44321,
                7.52652
            ],
            "to": [
                10.44321,
                10.94321,
                9.02652
            ],
            "rotation": {
                "angle": 45,
                "axis": "z",
                "origin": [
                    8,
                    8,
                    14
                ]
            },
            "faces": {
                "north": {
                    "uv": [
                        13.14286,
                        2.28571,
                        14.28571,
                        2.57143
                    ],
                    "texture": "#1"
                },
                "south": {
                    "uv": [
                        1.71429,
                        13.14286,
                        2.85714,
                        13.42857
                    ],
                    "texture": "#1"
                },
                "west": {
                    "uv": [
                        8.57143,
                        13.71429,
                        9.42857,
                        14
                    ],
                    "texture": "#1"
                },
                "up": {
                    "uv": [
                        8.85714,
                        8,
                        8,
                        6.85714
                    ],
                    "rotation": 90,
                    "texture": "#1"
                },
                "down": {
                    "uv": [
                        2.57143,
                        8.57143,
                        1.71429,
                        9.71429
                    ],
                    "rotation": 270,
                    "texture": "#1"
                }
            }
        },
        {
            "from": [
                5.55679,
                7.94321,
                7.52652
            ],
            "to": [
                7.55679,
                8.44321,
                9.02652
            ],
            "rotation": {
                "angle": -45,
                "axis": "z",
                "origin": [
                    8,
                    8,
                    14
                ]
            },
            "faces": {
                "north": {
                    "uv": [
                        5.14286,
                        13.14286,
                        6.28571,
                        13.42857
                    ],
                    "texture": "#1"
                },
                "south": {
                    "uv": [
                        3.42857,
                        13.14286,
                        4.57143,
                        13.42857
                    ],
                    "texture": "#1"
                },
                "up": {
                    "uv": [
                        4.28571,
                        9.71429,
                        3.42857,
                        8.57143
                    ],
                    "rotation": 90,
                    "texture": "#1"
                },
                "down": {
                    "uv": [
                        8.28571,
                        8.57143,
                        7.42857,
                        9.71429
                    ],
                    "rotation": 270,
                    "texture": "#1"
                }
            }
        },
        {
            "from": [
                5.05679,
                7.94321,
                7.52652
            ],
            "to": [
                5.55679,
                8.44321,
                9.02652
            ],
            "rotation": {
                "angle": -45,
                "axis": "z",
                "origin": [
                    8,
                    8,
                    14
                ]
            },
            "faces": {
                "north": {
                    "uv": [
                        4.57143,
                        15.42857,
                        4.85714,
                        15.71429
                    ],
                    "texture": "#1"
                },
                "south": {
                    "uv": [
                        15.42857,
                        3.42857,
                        15.71429,
                        3.71429
                    ],
                    "texture": "#1"
                },
                "west": {
                    "uv": [
                        10.28571,
                        13.71429,
                        11.14286,
                        14
                    ],
                    "texture": "#1"
                },
                "down": {
                    "uv": [
                        2.57143,
                        14.28571,
                        1.71429,
                        14.57143
                    ],
                    "rotation": 270,
                    "texture": "#1"
                }
            }
        },
        {
            "from": [
                8.19321,
                8.19321,
                7.77652
            ],
            "to": [
                10.69321,
                10.69321,
                8.77652
            ],
            "rotation": {
                "angle": 45,
                "axis": "z",
                "origin": [
                    8,
                    8,
                    14
                ]
            },
            "faces": {
                "north": {
                    "uv": [
                        0,
                        2.28571,
                        1.42857,
                        3.71429
                    ],
                    "texture": "#1"
                },
                "south": {
                    "uv": [
                        0,
                        0,
                        1.42857,
                        1.42857
                    ],
                    "texture": "#1"
                }
            }
        },
        {
            "from": [
                7,
                7.06059,
                8.63398
            ],
            "to": [
                9,
                8.56059,
                10.63398
            ],
            "rotation": {
                "angle": 22.5,
                "axis": "x",
                "origin": [
                    8,
                    8,
                    14
                ]
            },
            "faces": {
                "north": {
                    "uv": [
                        9.71429,
                        1.71429,
                        10.85714,
                        2.57143
                    ],
                    "texture": "#1"
                },
                "east": {
                    "uv": [
                        9.14286,
                        8.57143,
                        10.28571,
                        9.42857
                    ],
                    "texture": "#1"
                },
                "south": {
                    "uv": [
                        0,
                        9.71429,
                        1.14286,
                        10.57143
                    ],
                    "texture": "#1"
                },
                "west": {
                    "uv": [
                        9.71429,
                        0,
                        10.85714,
                        0.85714
                    ],
                    "texture": "#1"
                },
                "down": {
                    "uv": [
                        5.14286,
                        6.85714,
                        4,
                        8
                    ],
                    "rotation": 270,
                    "texture": "#1"
                }
            }
        },
        {
            "from": [
                6.875,
                8.56059,
                8.50898
            ],
            "to": [
                9.125,
                9.31059,
                10.75898
            ],
            "rotation": {
                "angle": 22.5,
                "axis": "x",
                "origin": [
                    8,
                    8,
                    14
                ]
            },
            "faces": {
                "north": {
                    "uv": [
                        0,
                        11.42857,
                        1.28571,
                        11.85714
                    ],
                    "texture": "#1"
                },
                "east": {
                    "uv": [
                        6.85714,
                        10.28571,
                        8.14286,
                        10.71429
                    ],
                    "texture": "#1"
                },
                "south": {
                    "uv": [
                        9.14286,
                        10.28571,
                        10.42857,
                        10.71429
                    ],
                    "texture": "#1"
                },
                "west": {
                    "uv": [
                        10.85714,
                        8.57143,
                        12.14286,
                        9
                    ],
                    "texture": "#1"
                },
                "up": {
                    "uv": [
                        7,
                        4.71429,
                        5.71429,
                        3.42857
                    ],
                    "rotation": 90,
                    "texture": "#1"
                },
                "down": {
                    "uv": [
                        7,
                        5.71429,
                        5.71429,
                        7
                    ],
                    "rotation": 270,
                    "texture": "#1"
                }
            }
        },
        {
            "from": [
                7.125,
                9.31059,
                9.25898
            ],
            "to": [
                7.875,
                10.06059,
                10.00898
            ],
            "rotation": {
                "angle": 22.5,
                "axis": "x",
                "origin": [
                    8,
                    8,
                    14
                ]
            },
            "faces": {
                "north": {
                    "uv": [
                        14.28571,
                        11.42857,
                        14.71429,
                        11.85714
                    ],
                    "texture": "#1"
                },
                "south": {
                    "uv": [
                        14.28571,
                        5.71429,
                        14.71429,
                        6.14286
                    ],
                    "texture": "#1"
                },
                "west": {
                    "uv": [
                        14.28571,
                        10.28571,
                        14.71429,
                        10.71429
                    ],
                    "texture": "#1"
                },
                "up": {
                    "uv": [
                        12.42857,
                        14.71429,
                        12,
                        14.28571
                    ],
                    "rotation": 90,
                    "texture": "#1"
                }
            }
        },
        {
            "from": [
                7.875,
                9.31059,
                9.25898
            ],
            "to": [
                8.875,
                10.31059,
                10.00898
            ],
            "rotation": {
                "angle": 22.5,
                "axis": "x",
                "origin": [
                    8,
                    8,
                    14
                ]
            },
            "faces": {
                "north": {
                    "uv": [
                        13.14286,
                        5.71429,
                        13.71429,
                        6.28571
                    ],
                    "texture": "#1"
                },
                "east": {
                    "uv": [
                        3.42857,
                        14.28571,
                        3.85714,
                        14.85714
                    ],
                    "texture": "#1"
                },
                "south": {
                    "uv": [
                        4,
                        10.28571,
                        4.57143,
                        10.85714
                    ],
                    "texture": "#1"
                },
                "west": {
                    "uv": [
                        4.57143,
                        14.28571,
                        5,
                        14.85714
                    ],
                    "texture": "#1"
                },
                "up": {
                    "uv": [
                        6.14286,
                        14.85714,
                        5.71429,
                        14.28571
                    ],
                    "rotation": 90,
                    "texture": "#1"
                }
            }
        },
        {
            "from": [
                7.3875,
                7.39551,
                7.86832
            ],
            "to": [
                8.6375,
                7.42551,
                9.11832
            ],
            "rotation": {
                "angle": 45,
                "axis": "x",
                "origin": [
                    8,
                    8,
                    14
                ]
            },
            "faces": {
                "up": {
                    "uv": [
                        12.14286,
                        0.71429,
                        11.42857,
                        0
                    ],
                    "rotation": 90,
                    "texture": "#1"
                },
                "down": {
                    "uv": [
                        12.14286,
                        1.71429,
                        11.42857,
                        2.42857
                    ],
                    "rotation": 270,
                    "texture": "#1"
                }
            }
        },
        {
            "from": [
                7.3875,
                10.73712,
                10.81432
            ],
            "to": [
                8.6375,
                10.76712,
                12.06432
            ],
            "rotation": {
                "angle": 0,
                "axis": "y",
                "origin": [
                    8,
                    8,
                    14
                ]
            },
            "faces": {
                "up": {
                    "uv": [
                        3,
                        12.14286,
                        2.28571,
                        11.42857
                    ],
                    "rotation": 90,
                    "texture": "#1"
                },
                "down": {
                    "uv": [
                        4.71429,
                        11.42857,
                        4,
                        12.14286
                    ],
                    "rotation": 270,
                    "texture": "#1"
                }
            }
        },
        {
            "from": [
                7.9635,
                11.07313,
                7.02652
            ],
            "to": [
                9.4635,
                12.07313,
                9.52652
            ],
            "rotation": {
                "angle": -22.5,
                "axis": "z",
                "origin": [
                    8,
                    8,
                    14
                ]
            },
            "faces": {
                "north": {
                    "uv": [
                        7.42857,
                        11.42857,
                        8.28571,
                        12
                    ],
                    "texture": "#1"
                },
                "east": {
                    "uv": [
                        9.71429,
                        3.42857,
                        11.14286,
                        4
                    ],
                    "texture": "#1"
                },
                "south": {
                    "uv": [
                        11.42857,
                        5.71429,
                        12.28571,
                        6.28571
                    ],
                    "texture": "#1"
                },
                "west": {
                    "uv": [
                        9.71429,
                        4.57143,
                        11.14286,
                        5.14286
                    ],
                    "texture": "#1"
                },
                "down": {
                    "uv": [
                        8.85714,
                        1.71429,
                        7.42857,
                        2.57143
                    ],
                    "rotation": 270,
                    "texture": "#1"
                }
            }
        },
        {
            "from": [
                7.8385,
                12.07313,
                6.90152
            ],
            "to": [
                9.5885,
                12.82313,
                9.65152
            ],
            "rotation": {
                "angle": -22.5,
                "axis": "z",
                "origin": [
                    8,
                    8,
                    14
                ]
            },
            "faces": {
                "north": {
                    "uv": [
                        12,
                        6.85714,
                        13,
                        7.28571
                    ],
                    "texture": "#1"
                },
                "east": {
                    "uv": [
                        9.71429,
                        7.42857,
                        11.28571,
                        7.85714
                    ],
                    "texture": "#1"
                },
                "south": {
                    "uv": [
                        12,
                        4.57143,
                        13,
                        5
                    ],
                    "texture": "#1"
                },
                "west": {
                    "uv": [
                        1.71429,
                        10.28571,
                        3.28571,
                        10.71429
                    ],
                    "texture": "#1"
                },
                "up": {
                    "uv": [
                        3.28571,
                        7.85714,
                        1.71429,
                        6.85714
                    ],
                    "rotation": 90,
                    "texture": "#1"
                },
                "down": {
                    "uv": [
                        9,
                        0,
                        7.42857,
                        1
                    ],
                    "rotation": 270,
                    "texture": "#1"
                }
            }
        },
        {
            "from": [
                8.3385,
                12.82314,
                8.40152
            ],
            "to": [
                9.0885,
                13.32314,
                8.90152
            ],
            "rotation": {
                "angle": -22.5,
                "axis": "z",
                "origin": [
                    8,
                    8,
                    14
                ]
            },
            "faces": {
                "east": {
                    "uv": [
                        15.42857,
                        4.57143,
                        15.71429,
                        4.85714
                    ],
                    "texture": "#1"
                },
                "south": {
                    "uv": [
                        14.85714,
                        8,
                        15.28571,
                        8.28571
                    ],
                    "texture": "#1"
                },
                "west": {
                    "uv": [
                        5.71429,
                        15.42857,
                        6,
                        15.71429
                    ],
                    "texture": "#1"
                },
                "up": {
                    "uv": [
                        9.42857,
                        15.28571,
                        9.14286,
                        14.85714
                    ],
                    "rotation": 90,
                    "texture": "#1"
                }
            }
        },
        {
            "from": [
                8.3385,
                12.82314,
                7.65152
            ],
            "to": [
                9.0885,
                13.57314,
                8.40152
            ],
            "rotation": {
                "angle": -22.5,
                "axis": "z",
                "origin": [
                    8,
                    8,
                    14
                ]
            },
            "faces": {
                "north": {
                    "uv": [
                        0,
                        14.85714,
                        0.42857,
                        15.28571
                    ],
                    "texture": "#1"
                },
                "east": {
                    "uv": [
                        14.28571,
                        12.57143,
                        14.71429,
                        13
                    ],
                    "texture": "#1"
                },
                "south": {
                    "uv": [
                        13.14286,
                        14.28571,
                        13.57143,
                        14.71429
                    ],
                    "texture": "#1"
                },
                "west": {
                    "uv": [
                        14.28571,
                        13.71429,
                        14.71429,
                        14.14286
                    ],
                    "texture": "#1"
                },
                "up": {
                    "uv": [
                        15.28571,
                        0.42857,
                        14.85714,
                        0
                    ],
                    "rotation": 90,
                    "texture": "#1"
                }
            }
        },
        {
            "from": [
                10.85138,
                12.03844,
                7.92652
            ],
            "to": [
                11.60138,
                12.06844,
                8.67652
            ],
            "rotation": {
                "angle": 0,
                "axis": "y",
                "origin": [
                    8,
                    8,
                    14
                ]
            },
            "faces": {
                "up": {
                    "uv": [
                        15.28571,
                        1.57143,
                        14.85714,
                        1.14286
                    ],
                    "rotation": 90,
                    "texture": "#1"
                },
                "down": {
                    "uv": [
                        15.28571,
                        2.28571,
                        14.85714,
                        2.71429
                    ],
                    "rotation": 270,
                    "texture": "#1"
                }
            }
        },
        {
            "from": [
                12.55453,
                9.533,
                7.92652
            ],
            "to": [
                12.58453,
                10.283,
                8.67652
            ],
            "rotation": {
                "angle": 45,
                "axis": "z",
                "origin": [
                    8,
                    8,
                    14
                ]
            },
            "faces": {
                "east": {
                    "uv": [
                        6.85714,
                        14.85714,
                        7.28571,
                        15.28571
                    ],
                    "texture": "#1"
                },
                "west": {
                    "uv": [
                        8,
                        14.85714,
                        8.42857,
                        15.28571
                    ],
                    "texture": "#1"
                }
            }
        },
        {
            "from": [
                6.9115,
                12.82314,
                7.65152
            ],
            "to": [
                7.6615,
                13.57314,
                8.40152
            ],
            "rotation": {
                "angle": 22.5,
                "axis": "z",
                "origin": [
                    8,
                    8,
                    14
                ]
            },
            "faces": {
                "north": {
                    "uv": [
                        0.42857,
                        14.85714,
                        0,
                        15.28571
                    ],
                    "texture": "#1"
                },
                "east": {
                    "uv": [
                        14.71429,
                        13.71429,
                        14.28571,
                        14.14286
                    ],
                    "texture": "#1"
                },
                "south": {
                    "uv": [
                        13.57143,
                        14.28571,
                        13.14286,
                        14.71429
                    ],
                    "texture": "#1"
                },
                "west": {
                    "uv": [
                        14.71429,
                        12.57143,
                        14.28571,
                        13
                    ],
                    "texture": "#1"
                },
                "up": {
                    "uv": [
                        15.28571,
                        0,
                        14.85714,
                        0.42857
                    ],
                    "rotation": 90,
                    "texture": "#1"
                }
            }
        },
        {
            "from": [
                6.9115,
                12.82314,
                8.40152
            ],
            "to": [
                7.6615,
                13.32314,
                8.90152
            ],
            "rotation": {
                "angle": 22.5,
                "axis": "z",
                "origin": [
                    8,
                    8,
                    14
                ]
            },
            "faces": {
                "east": {
                    "uv": [
                        6,
                        15.42857,
                        5.71429,
                        15.71429
                    ],
                    "texture": "#1"
                },
                "south": {
                    "uv": [
                        15.28571,
                        8,
                        14.85714,
                        8.28571
                    ],
                    "texture": "#1"
                },
                "west": {
                    "uv": [
                        15.71429,
                        4.57143,
                        15.42857,
                        4.85714
                    ],
                    "texture": "#1"
                },
                "up": {
                    "uv": [
                        9.42857,
                        14.85714,
                        9.14286,
                        15.28571
                    ],
                    "rotation": 90,
                    "texture": "#1"
                }
            }
        },
        {
            "from": [
                3.41547,
                9.533,
                7.92652
            ],
            "to": [
                3.44547,
                10.283,
                8.67652
            ],
            "rotation": {
                "angle": -45,
                "axis": "z",
                "origin": [
                    8,
                    8,
                    14
                ]
            },
            "faces": {
                "east": {
                    "uv": [
                        8.42857,
                        14.85714,
                        8,
                        15.28571
                    ],
                    "texture": "#1"
                },
                "west": {
                    "uv": [
                        7.28571,
                        14.85714,
                        6.85714,
                        15.28571
                    ],
                    "texture": "#1"
                }
            }
        },
        {
            "from": [
                4.39862,
                12.03844,
                7.92652
            ],
            "to": [
                5.14862,
                12.06844,
                8.67652
            ],
            "rotation": {
                "angle": 0,
                "axis": "y",
                "origin": [
                    8,
                    8,
                    14
                ]
            },
            "faces": {
                "up": {
                    "uv": [
                        15.28571,
                        1.14286,
                        14.85714,
                        1.57143
                    ],
                    "rotation": 90,
                    "texture": "#1"
                },
                "down": {
                    "uv": [
                        15.28571,
                        2.71429,
                        14.85714,
                        2.28571
                    ],
                    "rotation": 270,
                    "texture": "#1"
                }
            }
        },
        {
            "from": [
                6.4115,
                12.07313,
                6.90152
            ],
            "to": [
                8.1615,
                12.82313,
                9.65152
            ],
            "rotation": {
                "angle": 22.5,
                "axis": "z",
                "origin": [
                    8,
                    8,
                    14
                ]
            },
            "faces": {
                "north": {
                    "uv": [
                        13,
                        6.85714,
                        12,
                        7.28571
                    ],
                    "texture": "#1"
                },
                "east": {
                    "uv": [
                        3.28571,
                        10.28571,
                        1.71429,
                        10.71429
                    ],
                    "texture": "#1"
                },
                "south": {
                    "uv": [
                        13,
                        4.57143,
                        12,
                        5
                    ],
                    "texture": "#1"
                },
                "west": {
                    "uv": [
                        11.28571,
                        7.42857,
                        9.71429,
                        7.85714
                    ],
                    "texture": "#1"
                },
                "up": {
                    "uv": [
                        3.28571,
                        6.85714,
                        1.71429,
                        7.85714
                    ],
                    "rotation": 90,
                    "texture": "#1"
                },
                "down": {
                    "uv": [
                        9,
                        1,
                        7.42857,
                        0
                    ],
                    "rotation": 270,
                    "texture": "#1"
                }
            }
        },
        {
            "from": [
                6.5365,
                11.07313,
                7.02652
            ],
            "to": [
                8.0365,
                12.07313,
                9.52652
            ],
            "rotation": {
                "angle": 22.5,
                "axis": "z",
                "origin": [
                    8,
                    8,
                    14
                ]
            },
            "faces": {
                "north": {
                    "uv": [
                        8.28571,
                        11.42857,
                        7.42857,
                        12
                    ],
                    "texture": "#1"
                },
                "east": {
                    "uv": [
                        11.14286,
                        4.57143,
                        9.71429,
                        5.14286
                    ],
                    "texture": "#1"
                },
                "south": {
                    "uv": [
                        12.28571,
                        5.71429,
                        11.42857,
                        6.28571
                    ],
                    "texture": "#1"
                },
                "west": {
                    "uv": [
                        11.14286,
                        3.42857,
                        9.71429,
                        4
                    ],
                    "texture": "#1"
                },
                "down": {
                    "uv": [
                        8.85714,
                        2.57143,
                        7.42857,
                        1.71429
                    ],
                    "rotation": 270,
                    "texture": "#1"
                }
            }
        },
        {
            "from": [
                12.27286,
                8.59456,
                8.13104
            ],
            "to": [
                13.52286,
                13.59456,
                8.16104
            ],
            "rotation": {
                "angle": 22.5,
                "axis": "y",
                "origin": [
                    8,
                    8,
                    14
                ]
            },
            "faces": {
                "north": {
                    "uv": [
                        2.28571,
                        0,
                        3,
                        2.85714
                    ],
                    "texture": "#1"
                },
                "south": {
                    "uv": [
                        3,
                        0,
                        2.28571,
                        2.85714
                    ],
                    "texture": "#1"
                }
            }
        },
        {
            "from": [
                7.75526,
                8.59456,
                5.94477
            ],
            "to": [
                9.00526,
                13.59456,
                5.97477
            ],
            "rotation": {
                "angle": -22.5,
                "axis": "y",
                "origin": [
                    8,
                    8,
                    14
                ]
            },
            "faces": {
                "north": {
                    "uv": [
                        2.28571,
                        3.42857,
                        3,
                        6.28571
                    ],
                    "texture": "#1"
                },
                "south": {
                    "uv": [
                        3,
                        3.42857,
                        2.28571,
                        6.28571
                    ],
                    "texture": "#1"
                }
            }
        },
        {
            "from": [
                5.84614,
                8.59456,
                6.17324
            ],
            "to": [
                7.09614,
                13.59456,
                6.20324
            ],
            "rotation": {
                "angle": -45,
                "axis": "y",
                "origin": [
                    8,
                    8,
                    14
                ]
            },
            "faces": {
                "north": {
                    "uv": [
                        4,
                        0,
                        4.71429,
                        2.85714
                    ],
                    "texture": "#1"
                },
                "south": {
                    "uv": [
                        4.71429,
                        0,
                        4,
                        2.85714
                    ],
                    "texture": "#1"
                }
            }
        },
        {
            "from": [
                12.94356,
                8.59456,
                10.21294
            ],
            "to": [
                14.19356,
                13.59456,
                10.24294
            ],
            "rotation": {
                "angle": 45,
                "axis": "y",
                "origin": [
                    8,
                    8,
                    14
                ]
            },
            "faces": {
                "north": {
                    "uv": [
                        4,
                        3.42857,
                        4.71429,
                        6.28571
                    ],
                    "texture": "#1"
                },
                "south": {
                    "uv": [
                        4.71429,
                        3.42857,
                        4,
                        6.28571
                    ],
                    "texture": "#1"
                }
            }
        },
        {
            "from": [
                10.14864,
                8.59456,
                6.42084
            ],
            "to": [
                11.39864,
                13.59456,
                6.45084
            ],
            "rotation": {
                "angle": -22.5,
                "axis": "y",
                "origin": [
                    8,
                    8,
                    14
                ]
            },
            "faces": {
                "north": {
                    "uv": [
                        0,
                        4.57143,
                        0.71429,
                        7.42857
                    ],
                    "texture": "#1"
                },
                "south": {
                    "uv": [
                        0.71429,
                        4.57143,
                        0,
                        7.42857
                    ],
                    "texture": "#1"
                }
            }
        },
        {
            "from": [
                14.02887,
                8.59456,
                8.29609
            ],
            "to": [
                15.27887,
                13.59456,
                8.32609
            ],
            "rotation": {
                "angle": 0,
                "axis": "y",
                "origin": [
                    8,
                    8,
                    14
                ]
            },
            "faces": {
                "north": {
                    "uv": [
                        5.71429,
                        0,
                        6.42857,
                        2.85714
                    ],
                    "texture": "#1"
                },
                "south": {
                    "uv": [
                        6.42857,
                        0,
                        5.71429,
                        2.85714
                    ],
                    "texture": "#1"
                }
            }
        },
        {
            "from": [
                1.80644,
                8.59456,
                10.21294
            ],
            "to": [
                3.05644,
                13.59456,
                10.24294
            ],
            "rotation": {
                "angle": -45,
                "axis": "y",
                "origin": [
                    8,
                    8,
                    14
                ]
            },
            "faces": {
                "north": {
                    "uv": [
                        4.71429,
                        3.42857,
                        4,
                        6.28571
                    ],
                    "texture": "#1"
                },
                "south": {
                    "uv": [
                        4,
                        3.42857,
                        4.71429,
                        6.28571
                    ],
                    "texture": "#1"
                }
            }
        },
        {
            "from": [
                2.47714,
                8.59456,
                8.13104
            ],
            "to": [
                3.72714,
                13.59456,
                8.16104
            ],
            "rotation": {
                "angle": -22.5,
                "axis": "y",
                "origin": [
                    8,
                    8,
                    14
                ]
            },
            "faces": {
                "north": {
                    "uv": [
                        3,
                        0,
                        2.28571,
                        2.85714
                    ],
                    "texture": "#1"
                },
                "south": {
                    "uv": [
                        2.28571,
                        0,
                        3,
                        2.85714
                    ],
                    "texture": "#1"
                }
            }
        },
        {
            "from": [
                6.99474,
                8.59456,
                5.94477
            ],
            "to": [
                8.24474,
                13.59456,
                5.97477
            ],
            "rotation": {
                "angle": 22.5,
                "axis": "y",
                "origin": [
                    8,
                    8,
                    14
                ]
            },
            "faces": {
                "north": {
                    "uv": [
                        3,
                        3.42857,
                        2.28571,
                        6.28571
                    ],
                    "texture": "#1"
                },
                "south": {
                    "uv": [
                        2.28571,
                        3.42857,
                        3,
                        6.28571
                    ],
                    "texture": "#1"
                }
            }
        },
        {
            "from": [
                8.90386,
                8.59456,
                6.17324
            ],
            "to": [
                10.15386,
                13.59456,
                6.20324
            ],
            "rotation": {
                "angle": 45,
                "axis": "y",
                "origin": [
                    8,
                    8,
                    14
                ]
            },
            "faces": {
                "north": {
                    "uv": [
                        4.71429,
                        0,
                        4,
                        2.85714
                    ],
                    "texture": "#1"
                },
                "south": {
                    "uv": [
                        4,
                        0,
                        4.71429,
                        2.85714
                    ],
                    "texture": "#1"
                }
            }
        },
        {
            "from": [
                4.60136,
                8.59456,
                6.42084
            ],
            "to": [
                5.85136,
                13.59456,
                6.45084
            ],
            "rotation": {
                "angle": 22.5,
                "axis": "y",
                "origin": [
                    8,
                    8,
                    14
                ]
            },
            "faces": {
                "north": {
                    "uv": [
                        0.71429,
                        4.57143,
                        0,
                        7.42857
                    ],
                    "texture": "#1"
                },
                "south": {
                    "uv": [
                        0,
                        4.57143,
                        0.71429,
                        7.42857
                    ],
                    "texture": "#1"
                }
            }
        },
        {
            "from": [
                0.72113,
                8.59456,
                8.29609
            ],
            "to": [
                1.97113,
                13.59456,
                8.32609
            ],
            "rotation": {
                "angle": 0,
                "axis": "y",
                "origin": [
                    8,
                    8,
                    14
                ]
            },
            "faces": {
                "north": {
                    "uv": [
                        6.42857,
                        0,
                        5.71429,
                        2.85714
                    ],
                    "texture": "#1"
                },
                "south": {
                    "uv": [
                        5.71429,
                        0,
                        6.42857,
                        2.85714
                    ],
                    "texture": "#1"
                }
            }
        },
        {
            "from": [
                9.0274,
                6.71805,
                7.02652
            ],
            "to": [
                10.5274,
                7.71805,
                8.52652
            ],
            "rotation": {
                "angle": 22.5,
                "axis": "z",
                "origin": [
                    8,
                    8,
                    14
                ]
            },
            "faces": {
                "north": {
                    "uv": [
                        12,
                        3.42857,
                        12.85714,
                        4
                    ],
                    "texture": "#1"
                },
                "east": {
                    "uv": [
                        9.14286,
                        11.42857,
                        10,
                        12
                    ],
                    "texture": "#1"
                },
                "south": {
                    "uv": [
                        11.42857,
                        9.71429,
                        12.28571,
                        10.28571
                    ],
                    "texture": "#1"
                },
                "west": {
                    "uv": [
                        10.85714,
                        11.42857,
                        11.71429,
                        12
                    ],
                    "texture": "#1"
                },
                "up": {
                    "uv": [
                        6,
                        10.57143,
                        5.14286,
                        9.71429
                    ],
                    "rotation": 90,
                    "texture": "#1"
                },
                "down": {
                    "uv": [
                        10.57143,
                        5.71429,
                        9.71429,
                        6.57143
                    ],
                    "rotation": 270,
                    "texture": "#1"
                }
            }
        },
        {
            "from": [
                9.1524,
                7.71805,
                7.15152
            ],
            "to": [
                10.4024,
                8.71805,
                8.40152
            ],
            "rotation": {
                "angle": 22.5,
                "axis": "z",
                "origin": [
                    8,
                    8,
                    14
                ]
            },
            "faces": {
                "north": {
                    "uv": [
                        10.85714,
                        12.57143,
                        11.57143,
                        13.14286
                    ],
                    "texture": "#1"
                },
                "east": {
                    "uv": [
                        0,
                        12.57143,
                        0.71429,
                        13.14286
                    ],
                    "texture": "#1"
                },
                "south": {
                    "uv": [
                        7.42857,
                        12.57143,
                        8.14286,
                        13.14286
                    ],
                    "texture": "#1"
                },
                "west": {
                    "uv": [
                        9.14286,
                        12.57143,
                        9.85714,
                        13.14286
                    ],
                    "texture": "#1"
                },
                "up": {
                    "uv": [
                        6.42857,
                        12.14286,
                        5.71429,
                        11.42857
                    ],
                    "rotation": 90,
                    "texture": "#1"
                }
            }
        },
        {
            "from": [
                5.5976,
                7.71805,
                7.15152
            ],
            "to": [
                6.8476,
                8.71805,
                8.40152
            ],
            "rotation": {
                "angle": -22.5,
                "axis": "z",
                "origin": [
                    8,
                    8,
                    14
                ]
            },
            "faces": {
                "north": {
                    "uv": [
                        11.57143,
                        12.57143,
                        10.85714,
                        13.14286
                    ],
                    "texture": "#1"
                },
                "east": {
                    "uv": [
                        9.85714,
                        12.57143,
                        9.14286,
                        13.14286
                    ],
                    "texture": "#1"
                },
                "south": {
                    "uv": [
                        8.14286,
                        12.57143,
                        7.42857,
                        13.14286
                    ],
                    "texture": "#1"
                },
                "west": {
                    "uv": [
                        0.71429,
                        12.57143,
                        0,
                        13.14286
                    ],
                    "texture": "#1"
                },
                "up": {
                    "uv": [
                        6.42857,
                        11.42857,
                        5.71429,
                        12.14286
                    ],
                    "rotation": 90,
                    "texture": "#1"
                }
            }
        },
        {
            "from": [
                5.4726,
                6.71805,
                7.02652
            ],
            "to": [
                6.9726,
                7.71805,
                8.52652
            ],
            "rotation": {
                "angle": -22.5,
                "axis": "z",
                "origin": [
                    8,
                    8,
                    14
                ]
            },
            "faces": {
                "north": {
                    "uv": [
                        12.85714,
                        3.42857,
                        12,
                        4
                    ],
                    "texture": "#1"
                },
                "east": {
                    "uv": [
                        11.71429,
                        11.42857,
                        10.85714,
                        12
                    ],
                    "texture": "#1"
                },
                "south": {
                    "uv": [
                        12.28571,
                        9.71429,
                        11.42857,
                        10.28571
                    ],
                    "texture": "#1"
                },
                "west": {
                    "uv": [
                        10,
                        11.42857,
                        9.14286,
                        12
                    ],
                    "texture": "#1"
                },
                "up": {
                    "uv": [
                        6,
                        9.71429,
                        5.14286,
                        10.57143
                    ],
                    "rotation": 90,
                    "texture": "#1"
                },
                "down": {
                    "uv": [
                        10.57143,
                        6.57143,
                        9.71429,
                        5.71429
                    ],
                    "rotation": 270,
                    "texture": "#1"
                }
            }
        },
        {
            "from": [
                8.15344,
                1.91969,
                8.73744
            ],
            "to": [
                16.15344,
                19.91969,
                8.76744
            ],
            "rotation": {
                "angle": 0,
                "axis": "y",
                "origin": [
                    19.25787,
                    10.91969,
                    11.69519
                ]
            },
            "faces": {
                "north": {
                    "uv": [
                        7.55556,
                        0,
                        11.11111,
                        8
                    ],
                    "texture": "#3"
                },
                "south": {
                    "uv": [
                        11.11111,
                        0,
                        7.55556,
                        8
                    ],
                    "texture": "#3"
                }
            }
        },
        {
            "from": [
                8,
                -4.08031,
                8.62652
            ],
            "to": [
                13,
                10.91969,
                8.65652
            ],
            "rotation": {
                "angle": 0,
                "axis": "y",
                "origin": [
                    7,
                    8,
                    14
                ]
            },
            "faces": {
                "north": {
                    "uv": [
                        4.88889,
                        8.44444,
                        7.11111,
                        15.11111
                    ],
                    "texture": "#3"
                },
                "south": {
                    "uv": [
                        7.11111,
                        8.44444,
                        4.88889,
                        15.11111
                    ],
                    "texture": "#3"
                }
            }
        },
        {
            "from": [
                12.80396,
                -4.08031,
                6.71539
            ],
            "to": [
                17.80396,
                10.91969,
                6.74539
            ],
            "rotation": {
                "angle": 22.5,
                "axis": "y",
                "origin": [
                    17.70594,
                    3.41969,
                    7.20817
                ]
            },
            "faces": {
                "north": {
                    "uv": [
                        2.66667,
                        8.44444,
                        4.88889,
                        15.11111
                    ],
                    "texture": "#3"
                },
                "south": {
                    "uv": [
                        4.88889,
                        8.44444,
                        2.66667,
                        15.11111
                    ],
                    "texture": "#3"
                }
            }
        },
        {
            "from": [
                17.91792,
                -4.08031,
                6.50825
            ],
            "to": [
                22.91792,
                10.91969,
                6.53825
            ],
            "rotation": {
                "angle": 45,
                "axis": "y",
                "origin": [
                    18.01595,
                    3.41969,
                    7.00103
                ]
            },
            "faces": {
                "north": {
                    "uv": [
                        0.44444,
                        8.44444,
                        2.66667,
                        15.11111
                    ],
                    "texture": "#3"
                },
                "south": {
                    "uv": [
                        2.66667,
                        8.44444,
                        0.44444,
                        15.11111
                    ],
                    "texture": "#3"
                }
            }
        },
        {
            "from": [
                3,
                -4.08031,
                8.62652
            ],
            "to": [
                8,
                10.91969,
                8.65652
            ],
            "rotation": {
                "angle": 0,
                "axis": "y",
                "origin": [
                    9,
                    8,
                    14
                ]
            },
            "faces": {
                "north": {
                    "uv": [
                        7.11111,
                        8.44444,
                        4.88889,
                        15.11111
                    ],
                    "texture": "#3"
                },
                "south": {
                    "uv": [
                        4.88889,
                        8.44444,
                        7.11111,
                        15.11111
                    ],
                    "texture": "#3"
                }
            }
        },
        {
            "from": [
                -1.80396,
                -4.08031,
                6.71539
            ],
            "to": [
                3.19604,
                10.91969,
                6.74539
            ],
            "rotation": {
                "angle": -22.5,
                "axis": "y",
                "origin": [
                    -1.70594,
                    3.41969,
                    7.20817
                ]
            },
            "faces": {
                "north": {
                    "uv": [
                        4.88889,
                        8.44444,
                        2.66667,
                        15.11111
                    ],
                    "texture": "#3"
                },
                "south": {
                    "uv": [
                        2.66667,
                        8.44444,
                        4.88889,
                        15.11111
                    ],
                    "texture": "#3"
                }
            }
        },
        {
            "from": [
                -6.91792,
                -4.08031,
                6.50825
            ],
            "to": [
                -1.91792,
                10.91969,
                6.53825
            ],
            "rotation": {
                "angle": -45,
                "axis": "y",
                "origin": [
                    -2.01595,
                    3.41969,
                    7.00103
                ]
            },
            "faces": {
                "north": {
                    "uv": [
                        2.66667,
                        8.44444,
                        0.44444,
                        15.11111
                    ],
                    "texture": "#3"
                },
                "south": {
                    "uv": [
                        0.44444,
                        8.44444,
                        2.66667,
                        15.11111
                    ],
                    "texture": "#3"
                }
            }
        },
        {
            "from": [
                15.25787,
                1.91969,
                10.15059
            ],
            "to": [
                23.25787,
                19.91969,
                10.18059
            ],
            "rotation": {
                "angle": -22.5,
                "axis": "y",
                "origin": [
                    19.25787,
                    10.91969,
                    11.69519
                ]
            },
            "faces": {
                "north": {
                    "uv": [
                        4,
                        0,
                        7.55556,
                        8
                    ],
                    "texture": "#3"
                },
                "south": {
                    "uv": [
                        7.55556,
                        0,
                        4,
                        8
                    ],
                    "texture": "#3"
                }
            }
        },
        {
            "from": [
                22.18563,
                1.91969,
                14.79962
            ],
            "to": [
                22.21563,
                19.91969,
                22.79962
            ],
            "rotation": {
                "angle": 45,
                "axis": "y",
                "origin": [
                    19.25787,
                    10.91969,
                    11.69519
                ]
            },
            "faces": {
                "east": {
                    "uv": [
                        0.44444,
                        0,
                        4,
                        8
                    ],
                    "texture": "#3"
                },
                "west": {
                    "uv": [
                        4,
                        0,
                        0.44444,
                        8
                    ],
                    "texture": "#3"
                }
            }
        },
        {
            "from": [
                -0.15344,
                1.91969,
                8.73744
            ],
            "to": [
                7.84656,
                19.91969,
                8.76744
            ],
            "rotation": {
                "angle": 0,
                "axis": "y",
                "origin": [
                    -3.25787,
                    10.91969,
                    11.69519
                ]
            },
            "faces": {
                "north": {
                    "uv": [
                        11.11111,
                        0,
                        7.55556,
                        8
                    ],
                    "texture": "#3"
                },
                "south": {
                    "uv": [
                        7.55556,
                        0,
                        11.11111,
                        8
                    ],
                    "texture": "#3"
                }
            }
        },
        {
            "from": [
                -7.25787,
                1.91969,
                10.15059
            ],
            "to": [
                0.74213,
                19.91969,
                10.18059
            ],
            "rotation": {
                "angle": 22.5,
                "axis": "y",
                "origin": [
                    -3.25787,
                    10.91969,
                    11.69519
                ]
            },
            "faces": {
                "north": {
                    "uv": [
                        7.55556,
                        0,
                        4,
                        8
                    ],
                    "texture": "#3"
                },
                "south": {
                    "uv": [
                        4,
                        0,
                        7.55556,
                        8
                    ],
                    "texture": "#3"
                }
            }
        },
        {
            "from": [
                -6.21563,
                1.91969,
                14.79962
            ],
            "to": [
                -6.18563,
                19.91969,
                22.79962
            ],
            "rotation": {
                "angle": -45,
                "axis": "y",
                "origin": [
                    -3.25787,
                    10.91969,
                    11.69519
                ]
            },
            "faces": {
                "east": {
                    "uv": [
                        0.44444,
                        0,
                        4,
                        8
                    ],
                    "texture": "#3"
                },
                "west": {
                    "uv": [
                        4,
                        0,
                        0.44444,
                        8
                    ],
                    "texture": "#3"
                }
            }
        }
    ],
    "gui_light": "front",
    "display": {
        "thirdperson_righthand": {
            "rotation": [
                -124,
                0,
                -180
            ],
            "translation": [
                0,
                0.25,
                0.5
            ],
            "scale": [
                0.6,
                0.6,
                0.6
            ]
        },
        "thirdperson_lefthand": {
            "rotation": [
                64.75,
                0,
                0
            ],
            "translation": [
                -5.5,
                -7.5,
                8.25
            ]
        },
        "firstperson_righthand": {
            "rotation": [
                168.25,
                0,
                -180
            ],
            "translation": [
                2,
                2.5,
                1.75
            ],
            "scale": [
                0.7,
                0.7,
                0.7
            ]
        },
        "firstperson_lefthand": {
            "rotation": [
                10,
                0,
                0
            ],
            "translation": [
                2,
                2,
                0
            ],
            "scale": [
                0,
                0,
                0
            ]
        },
        "ground": {
            "rotation": [
                -45,
                0,
                0
            ],
            "translation": [
                0,
                3,
                0
            ],
            "scale": [
                0.7,
                0.7,
                0.7
            ]
        },
        "gui": {
            "rotation": [
                0,
                180,
                0
            ],
            "scale": [
                0.57,
                0.57,
                0.57
            ]
        },
        "head": {
            "translation": [
                0,
                -15.75,
                7
            ],
            "scale": [
                1.6,
                1.6,
                1.6
            ]
        },
        "fixed": {
            "rotation": [
                0,
                180,
                0
            ],
            "translation": [
                0,
                -3.75,
                -2.75
            ],
            "scale": [
                2,
                2,
                2
            ]
        }
    },
    "groups": [
        {
            "name": "wings",
            "origin": [
                2.27652,
                8.41969,
                9.75
            ],
            "color": 0,
            "children": [
                0,
                1,
                2,
                3,
                4,
                5,
                6,
                7,
                8,
                9,
                10,
                11,
                12,
                13,
                14,
                15,
                16,
                17,
                18,
                19,
                20,
                21,
                22,
                23,
                24,
                25,
                26,
                27,
                28,
                29,
                30,
                31,
                32,
                33,
                34,
                35,
                36,
                37,
                38,
                39,
                40,
                41,
                42,
                43,
                44,
                45,
                46,
                47,
                48,
                49,
                50,
                51,
                52,
                53,
                54
            ]
        }
    ]
}