{
	"credit": "Made with Blockbench",
	"texture_size": [128, 128],
	"textures": {
		"4": "custom:bat/bat_bow"
	},
	"elements": [
		{
			"from": [7.21875, -4.82361, 13.37369],
			"to": [7.21875, 9.17639, 14.37369],
			"rotation": {"angle": 45, "axis": "x", "origin": [7.21875, 2.17639, 15.87369]},
			"faces": {
				"north": {"uv": [0.375, 5.5, 0.375, 7.25], "texture": "#4"},
				"east": {"uv": [2.375, 2.5, 2.5, 4.25], "texture": "#4"},
				"south": {"uv": [0.5, 5.5, 0.5, 7.25], "texture": "#4"},
				"west": {"uv": [2.625, 2.5, 2.75, 4.25], "texture": "#4"},
				"up": {"uv": [0.625, 5.625, 0.625, 5.5], "texture": "#4"},
				"down": {"uv": [0.75, 5.5, 0.75, 5.625], "texture": "#4"}
			}
		},
		{
			"from": [7.16875, 5.82324, 17.61747],
			"to": [7.16875, 19.82324, 18.61747],
			"rotation": {"angle": -45, "axis": "x", "origin": [7.19375, 8.22297, 15.83723]},
			"faces": {
				"north": {"uv": [0.875, 5.5, 0.875, 7.25], "texture": "#4"},
				"east": {"uv": [0.5, 2.75, 0.625, 4.5], "texture": "#4"},
				"south": {"uv": [3.5, 5.5, 3.5, 7.25], "texture": "#4"},
				"west": {"uv": [0.75, 2.75, 0.875, 4.5], "texture": "#4"},
				"up": {"uv": [3.625, 5.625, 3.625, 5.5], "texture": "#4"},
				"down": {"uv": [3.75, 5.5, 3.75, 5.625], "texture": "#4"}
			}
		},
		{
			"from": [5.53029, 2.5, 3.85928],
			"to": [8.53029, 5.5, 6.85928],
			"rotation": {"angle": 0, "axis": "y", "origin": [6.88029, 9, 19.45928]},
			"faces": {
				"north": {"uv": [4.125, 0, 4.5, 0.375], "texture": "#4"},
				"east": {"uv": [4.25, 3.75, 4.625, 4.125], "texture": "#4"},
				"south": {"uv": [4.25, 4.25, 4.625, 4.625], "texture": "#4"},
				"west": {"uv": [4.375, 0.5, 4.75, 0.875], "texture": "#4"},
				"up": {"uv": [4.75, 1.375, 4.375, 1], "texture": "#4"},
				"down": {"uv": [4.75, 1.5, 4.375, 1.875], "texture": "#4"}
			}
		},
		{
			"from": [5.53029, 21.70469, 6.40863],
			"to": [8.53029, 23.70469, 9.40863],
			"rotation": {"angle": 45, "axis": "x", "origin": [7.03029, 17.17969, 8.90863]},
			"faces": {
				"north": {"uv": [0.5, 5.125, 0.875, 5.375], "texture": "#4"},
				"east": {"uv": [5.25, 3.5, 5.625, 3.75], "texture": "#4"},
				"south": {"uv": [5.25, 3.875, 5.625, 4.125], "texture": "#4"},
				"west": {"uv": [4, 5.25, 4.375, 5.5], "texture": "#4"},
				"up": {"uv": [2.125, 4.75, 1.75, 4.375], "texture": "#4"},
				"down": {"uv": [4.75, 2, 4.375, 2.375], "texture": "#4"}
			}
		},
		{
			"from": [5.53029, 18.41179, 6.70152],
			"to": [8.53029, 22.41179, 9.70152],
			"rotation": {"angle": 45, "axis": "x", "origin": [7.03029, 17.88679, 8.20152]},
			"faces": {
				"north": {"uv": [2.625, 0, 3, 0.5], "texture": "#4"},
				"east": {"uv": [2.875, 0.625, 3.25, 1.125], "texture": "#4"},
				"south": {"uv": [2.875, 1.25, 3.25, 1.75], "texture": "#4"},
				"west": {"uv": [2.875, 1.875, 3.25, 2.375], "texture": "#4"},
				"up": {"uv": [2.625, 4.75, 2.25, 4.375], "texture": "#4"},
				"down": {"uv": [4.75, 2.5, 4.375, 2.875], "texture": "#4"}
			}
		},
		{
			"from": [6.85625, 16.26384, 12.45928],
			"to": [6.85625, 19.26384, 18.45928],
			"rotation": {"angle": -22.5, "axis": "x", "origin": [14.85625, 12.76384, 6.45928]},
			"faces": {
				"north": {"uv": [3.875, 5.5, 3.875, 5.875], "texture": "#4"},
				"east": {"uv": [2, 1, 2.75, 1.375], "texture": "#4"},
				"south": {"uv": [4.75, 5.5, 4.75, 5.875], "texture": "#4"},
				"west": {"uv": [2, 1.5, 2.75, 1.875], "texture": "#4"},
				"up": {"uv": [4.875, 6.25, 4.875, 5.5], "texture": "#4"},
				"down": {"uv": [5, 5.5, 5, 6.25], "texture": "#4"}
			}
		},
		{
			"from": [6.85625, -2.67573, 14.45928],
			"to": [6.85625, 0.32427, 20.45928],
			"rotation": {"angle": 22.5, "axis": "x", "origin": [14.85625, 9.12427, 6.45928]},
			"faces": {
				"north": {"uv": [5.125, 5.5, 5.125, 5.875], "texture": "#4"},
				"east": {"uv": [2, 2, 2.75, 2.375], "texture": "#4"},
				"south": {"uv": [5.5, 5.375, 5.5, 5.75], "texture": "#4"},
				"west": {"uv": [0.5, 2.25, 1.25, 2.625], "texture": "#4"},
				"up": {"uv": [2.5, 6.375, 2.5, 5.625], "texture": "#4"},
				"down": {"uv": [2.625, 5.625, 2.625, 6.375], "texture": "#4"}
			}
		},
		{
			"from": [5.53029, 14.72249, 7.65854],
			"to": [8.53029, 17.72249, 10.65854],
			"rotation": {"angle": -45, "axis": "x", "origin": [7.03029, 14.72249, 7.15854]},
			"faces": {
				"north": {"uv": [2.75, 4.375, 3.125, 4.75], "texture": "#4"},
				"east": {"uv": [4.375, 3, 4.75, 3.375], "texture": "#4"},
				"south": {"uv": [3.25, 4.375, 3.625, 4.75], "texture": "#4"},
				"west": {"uv": [0, 4.5, 0.375, 4.875], "texture": "#4"},
				"up": {"uv": [4.125, 4.875, 3.75, 4.5], "texture": "#4"},
				"down": {"uv": [5, 0, 4.625, 0.375], "texture": "#4"}
			}
		},
		{
			"from": [5.52929, 12.77328, 4.51077],
			"to": [8.53129, 16.77528, 7.51277],
			"rotation": {"angle": 22.5, "axis": "x", "origin": [7.03029, 14.77428, 6.01177]},
			"faces": {
				"north": {"uv": [2.875, 2.5, 3.25, 3], "texture": "#4"},
				"east": {"uv": [3.125, 0, 3.5, 0.5], "texture": "#4"},
				"south": {"uv": [2.875, 3.125, 3.25, 3.625], "texture": "#4"},
				"west": {"uv": [3.375, 0.625, 3.75, 1.125], "texture": "#4"},
				"up": {"uv": [0.875, 5, 0.5, 4.625], "texture": "#4"},
				"down": {"uv": [5.125, 3.5, 4.75, 3.875], "texture": "#4"}
			}
		},
		{
			"from": [5.53029, 10.5, 3.85928],
			"to": [8.53029, 13.5, 6.85928],
			"rotation": {"angle": 0, "axis": "y", "origin": [6.88029, 7, 19.45928]},
			"faces": {
				"north": {"uv": [4.75, 4, 5.125, 4.375], "texture": "#4"},
				"east": {"uv": [4.25, 4.75, 4.625, 5.125], "texture": "#4"},
				"south": {"uv": [4.75, 4.5, 5.125, 4.875], "texture": "#4"},
				"west": {"uv": [4.875, 0.5, 5.25, 0.875], "texture": "#4"},
				"up": {"uv": [1.375, 5.25, 1, 4.875], "texture": "#4"},
				"down": {"uv": [5.25, 1, 4.875, 1.375], "texture": "#4"}
			}
		},
		{
			"from": [5.52929, -0.77528, 4.51077],
			"to": [8.53129, 3.22672, 7.51277],
			"rotation": {"angle": -22.5, "axis": "x", "origin": [7.03029, 1.22572, 6.01177]},
			"faces": {
				"north": {"uv": [3.375, 1.25, 3.75, 1.75], "texture": "#4"},
				"east": {"uv": [3.375, 1.875, 3.75, 2.375], "texture": "#4"},
				"south": {"uv": [3.375, 2.5, 3.75, 3], "texture": "#4"},
				"west": {"uv": [3.375, 3.125, 3.75, 3.625], "texture": "#4"},
				"up": {"uv": [1.875, 5.25, 1.5, 4.875], "texture": "#4"},
				"down": {"uv": [5.25, 1.5, 4.875, 1.875], "texture": "#4"}
			}
		},
		{
			"from": [7.16875, 11.56538, 5.95928],
			"to": [7.16875, 15.56538, 10.95928],
			"rotation": {"angle": 0, "axis": "y", "origin": [7.16875, -8.43462, 6.45928]},
			"faces": {
				"north": {"uv": [2.75, 5.625, 2.75, 6.125], "texture": "#4"},
				"east": {"uv": [0.5, 1, 1.125, 1.5], "texture": "#4"},
				"south": {"uv": [4, 5.625, 4, 6.125], "texture": "#4"},
				"west": {"uv": [1.25, 1, 1.875, 1.5], "texture": "#4"},
				"up": {"uv": [4.125, 6.25, 4.125, 5.625], "texture": "#4"},
				"down": {"uv": [4.25, 5.625, 4.25, 6.25], "texture": "#4"}
			}
		},
		{
			"from": [7.16875, 0.56538, 5.95928],
			"to": [7.16875, 4.56538, 10.95928],
			"rotation": {"angle": 0, "axis": "y", "origin": [7.16875, -8.43462, 6.45928]},
			"faces": {
				"north": {"uv": [4.375, 5.625, 4.375, 6.125], "texture": "#4"},
				"east": {"uv": [0.5, 1.625, 1.125, 2.125], "texture": "#4"},
				"south": {"uv": [4.5, 5.625, 4.5, 6.125], "texture": "#4"},
				"west": {"uv": [1.25, 1.625, 1.875, 2.125], "texture": "#4"},
				"up": {"uv": [4.625, 6.25, 4.625, 5.625], "texture": "#4"},
				"down": {"uv": [5.625, 5.375, 5.625, 6], "texture": "#4"}
			}
		},
		{
			"from": [5.53029, -1.72249, 7.65854],
			"to": [8.53029, 1.27751, 10.65854],
			"rotation": {"angle": 45, "axis": "x", "origin": [7.03029, 1.27751, 7.15854]},
			"faces": {
				"north": {"uv": [2, 4.875, 2.375, 5.25], "texture": "#4"},
				"east": {"uv": [4.875, 2, 5.25, 2.375], "texture": "#4"},
				"south": {"uv": [2.5, 4.875, 2.875, 5.25], "texture": "#4"},
				"west": {"uv": [4.875, 2.5, 5.25, 2.875], "texture": "#4"},
				"up": {"uv": [3.375, 5.25, 3, 4.875], "texture": "#4"},
				"down": {"uv": [5.25, 3, 4.875, 3.375], "texture": "#4"}
			}
		},
		{
			"from": [5.53029, -6.41179, 6.70152],
			"to": [8.53029, -2.41179, 9.70152],
			"rotation": {"angle": -45, "axis": "x", "origin": [7.03029, -1.88679, 8.20152]},
			"faces": {
				"north": {"uv": [3.625, 0, 4, 0.5], "texture": "#4"},
				"east": {"uv": [2.875, 3.75, 3.25, 4.25], "texture": "#4"},
				"south": {"uv": [3.375, 3.75, 3.75, 4.25], "texture": "#4"},
				"west": {"uv": [3.875, 0.625, 4.25, 1.125], "texture": "#4"},
				"up": {"uv": [0.375, 5.375, 0, 5], "texture": "#4"},
				"down": {"uv": [3.875, 5, 3.5, 5.375], "texture": "#4"}
			}
		},
		{
			"from": [5.53029, -7.70469, 6.40863],
			"to": [8.53029, -5.70469, 9.40863],
			"rotation": {"angle": -45, "axis": "x", "origin": [7.03029, -1.17969, 8.90863]},
			"faces": {
				"north": {"uv": [5.25, 4.25, 5.625, 4.5], "texture": "#4"},
				"east": {"uv": [5.25, 4.625, 5.625, 4.875], "texture": "#4"},
				"south": {"uv": [5.25, 5, 5.625, 5.25], "texture": "#4"},
				"west": {"uv": [5.375, 0.5, 5.75, 0.75], "texture": "#4"},
				"up": {"uv": [5.125, 5.375, 4.75, 5], "texture": "#4"},
				"down": {"uv": [5.5, 0, 5.125, 0.375], "texture": "#4"}
			}
		},
		{
			"from": [6.03029, 5.5, 4.45928],
			"to": [8.03029, 10.5, 6.45928],
			"rotation": {"angle": 0, "axis": "y", "origin": [7.03029, 8, 19.45928]},
			"faces": {
				"north": {"uv": [1, 2.75, 1.25, 3.375], "texture": "#4"},
				"east": {"uv": [1, 3.5, 1.25, 4.125], "texture": "#4"},
				"south": {"uv": [3.875, 3.75, 4.125, 4.375], "texture": "#4"},
				"west": {"uv": [1.375, 4.125, 1.625, 4.75], "texture": "#4"},
				"up": {"uv": [1.25, 4.5, 1, 4.25], "texture": "#4"},
				"down": {"uv": [5.625, 0.875, 5.375, 1.125], "texture": "#4"}
			}
		},
		{
			"from": [7.03029, 6.5, -1.54072],
			"to": [7.03029, 9.5, 18.45928],
			"rotation": {"angle": 0, "axis": "y", "origin": [7.03029, 8, 19.45928]},
			"faces": {
				"north": {"uv": [5.625, 0, 5.625, 0.375], "texture": "#4"},
				"east": {"uv": [0, 0, 2.5, 0.375], "texture": "#4"},
				"south": {"uv": [5.625, 3, 5.625, 3.375], "texture": "#4"},
				"west": {"uv": [0, 0.5, 2.5, 0.875], "texture": "#4"},
				"up": {"uv": [0.125, 8.25, 0.125, 5.75], "texture": "#4"},
				"down": {"uv": [0.25, 5.75, 0.25, 8.25], "texture": "#4"}
			}
		},
		{
			"from": [8.54375, 9.16437, 3.0333],
			"to": [8.54375, 13.16437, 6.0333],
			"rotation": {"angle": -22.5, "axis": "x", "origin": [8.84375, 8.85913, 3.25928]},
			"faces": {
				"north": {"uv": [0.625, 5.75, 0.625, 6.25], "texture": "#4"},
				"east": {"uv": [3.875, 1.25, 4.25, 1.75], "texture": "#4"},
				"south": {"uv": [0.75, 5.75, 0.75, 6.25], "texture": "#4"},
				"west": {"uv": [3.875, 1.875, 4.25, 2.375], "texture": "#4"},
				"up": {"uv": [5.75, 0.375, 5.75, 0], "texture": "#4"},
				"down": {"uv": [5.75, 0.875, 5.75, 1.25], "texture": "#4"}
			}
		},
		{
			"from": [8.54375, 4.55388, 3.0333],
			"to": [8.54375, 8.55388, 6.0333],
			"rotation": {"angle": 22.5, "axis": "x", "origin": [8.84375, 8.85913, 3.25928]},
			"faces": {
				"north": {"uv": [1, 5.75, 1, 6.25], "texture": "#4"},
				"east": {"uv": [3.875, 2.5, 4.25, 3], "texture": "#4"},
				"south": {"uv": [1.125, 5.75, 1.125, 6.25], "texture": "#4"},
				"west": {"uv": [3.875, 3.125, 4.25, 3.625], "texture": "#4"},
				"up": {"uv": [1.25, 6.125, 1.25, 5.75], "texture": "#4"},
				"down": {"uv": [1.375, 5.75, 1.375, 6.125], "texture": "#4"}
			}
		},
		{
			"from": [8.14375, 7.85913, 1.97803],
			"to": [10.14375, 9.85913, 3.97803],
			"rotation": {"angle": 0, "axis": "y", "origin": [8.84375, 8.85913, 3.25928]},
			"faces": {
				"north": {"uv": [1, 5.375, 1.25, 5.625], "texture": "#4"},
				"east": {"uv": [5.375, 1.25, 5.625, 1.5], "texture": "#4"},
				"south": {"uv": [1.375, 5.375, 1.625, 5.625], "texture": "#4"},
				"west": {"uv": [5.375, 1.625, 5.625, 1.875], "texture": "#4"},
				"up": {"uv": [2, 5.625, 1.75, 5.375], "texture": "#4"},
				"down": {"uv": [5.625, 2, 5.375, 2.25], "texture": "#4"}
			}
		},
		{
			"from": [9.14375, 9.25913, 0.50303],
			"to": [9.14375, 10.25913, 2.57803],
			"rotation": {"angle": 0, "axis": "y", "origin": [8.84375, 8.85913, 3.25928]},
			"faces": {
				"north": {"uv": [5.75, 1.375, 5.75, 1.5], "texture": "#4"},
				"east": {"uv": [4.375, 3.5, 4.625, 3.625], "texture": "#4"},
				"south": {"uv": [1.5, 5.75, 1.5, 5.875], "texture": "#4"},
				"west": {"uv": [1, 4.625, 1.25, 4.75], "texture": "#4"},
				"up": {"uv": [1.625, 6, 1.625, 5.75], "texture": "#4"},
				"down": {"uv": [5.75, 1.625, 5.75, 1.875], "texture": "#4"}
			}
		},
		{
			"from": [9.14375, 7.45913, 0.50303],
			"to": [9.14375, 8.45913, 2.57803],
			"rotation": {"angle": 0, "axis": "y", "origin": [8.84375, 8.85913, 3.25928]},
			"faces": {
				"north": {"uv": [1.75, 5.75, 1.75, 5.875], "texture": "#4"},
				"east": {"uv": [2.5, 5.375, 2.75, 5.5], "texture": "#4"},
				"south": {"uv": [1.875, 5.75, 1.875, 5.875], "texture": "#4"},
				"west": {"uv": [5.375, 2.75, 5.625, 2.875], "texture": "#4"},
				"up": {"uv": [2, 6, 2, 5.75], "texture": "#4"},
				"down": {"uv": [5.75, 2, 5.75, 2.25], "texture": "#4"}
			}
		},
		{
			"from": [8.54375, 7.85913, 3.97803],
			"to": [9.54375, 9.85913, 5.97803],
			"rotation": {"angle": 0, "axis": "y", "origin": [8.84375, 8.85913, 3.25928]},
			"faces": {
				"north": {"uv": [2.625, 0.625, 2.75, 0.875], "texture": "#4"},
				"east": {"uv": [2.125, 5.375, 2.375, 5.625], "texture": "#4"},
				"south": {"uv": [4.5, 5.25, 4.625, 5.5], "texture": "#4"},
				"west": {"uv": [5.375, 2.375, 5.625, 2.625], "texture": "#4"},
				"up": {"uv": [3, 5.625, 2.875, 5.375], "texture": "#4"},
				"down": {"uv": [5.5, 3, 5.375, 3.25], "texture": "#4"}
			}
		}
	],
	"gui_light": "front",
	"display": {
		"thirdperson_righthand": {
			"translation": [0, 0.5, 0.75],
			"scale": [0.63, 0.63, 0.63]
		},
		"thirdperson_lefthand": {
			"translation": [0, 0.5, 0.75],
			"scale": [0.63, 0.63, 0.63]
		},
		"firstperson_righthand": {
			"rotation": [19, 29, 3],
			"translation": [4.25, 5, 0.25],
			"scale": [0.54, 0.54, 0.54]
		},
		"firstperson_lefthand": {
			"rotation": [19, 29, 3],
			"translation": [4.25, 5, 0.25],
			"scale": [0.54, 0.54, 0.54]
		},
		"ground": {
			"rotation": [-45, 0, 0],
			"translation": [0, 6, 0],
			"scale": [0.5, 0.5, 0.5]
		},
		"gui": {
			"rotation": [90, -45, 90],
			"translation": [1.25, 0.75, -0.75],
			"scale": [0.57, 0.57, 0.57]
		},
		"head": {
			"rotation": [90, -38, -90],
			"translation": [-1.25, -14, 5],
			"scale": [0.88, 0.88, 0.88]
		},
		"fixed": {
			"rotation": [90, 45, -90],
			"translation": [-1, 0.5, -0.75],
			"scale": [0.69, 0.69, 0.69]
		}
	},
	"groups": [
		{
			"name": "group",
			"origin": [5.66875, -0.17969, 8.90863],
			"color": 0,
			"children": [
				0,
				1,
				2,
				3,
				4,
				5,
				6,
				7,
				8,
				9,
				10,
				11,
				12,
				13,
				14,
				15,
				16,
				17,
				{
					"name": "group",
					"origin": [8.84375, 8.85913, 3.25928],
					"color": 0,
					"children": [18, 19, 20, 21, 22, 23]
				}
			]
		}
	]
}