{
	"credit": "Made with Blockbench",
	"texture_size": [64, 64],
	"textures": {
		"2": "custom:bat/bat_hoe"
	},
	"elements": [
		{
			"from": [9.025, 18.21875, 9.07315],
			"to": [11.025, 20.21875, 11.07315],
			"rotation": {"angle": 0, "axis": "y", "origin": [9.725, 18.9375, 10.07315]},
			"faces": {
				"north": {"uv": [7.25, 4.75, 7.75, 5.25], "texture": "#2"},
				"east": {"uv": [2.75, 7.25, 3.25, 7.75], "texture": "#2"},
				"south": {"uv": [7.25, 3.25, 7.75, 3.75], "texture": "#2"},
				"west": {"uv": [7.25, 4, 7.75, 4.5], "texture": "#2"},
				"up": {"uv": [7.75, 7, 7.25, 6.5], "rotation": 90, "texture": "#2"},
				"down": {"uv": [7.75, 7.25, 7.25, 7.75], "rotation": 270, "texture": "#2"}
			}
		},
		{
			"from": [10.025, 19.61875, 10.47315],
			"to": [10.025, 21.69375, 11.47315],
			"rotation": {"angle": 0, "axis": "y", "origin": [9.725, 18.9375, 10.07315]},
			"faces": {
				"north": {"uv": [2.5, 8.25, 2.5, 8.75], "texture": "#2"},
				"east": {"uv": [7, 8, 7.25, 8.5], "texture": "#2"},
				"south": {"uv": [2.25, 8.25, 2.25, 8.75], "texture": "#2"},
				"west": {"uv": [8, 7, 8.25, 7.5], "texture": "#2"},
				"up": {"uv": [4, 5, 3.75, 5], "rotation": 90, "texture": "#2"},
				"down": {"uv": [4, 5.25, 3.75, 5.25], "rotation": 270, "texture": "#2"}
			}
		},
		{
			"from": [10.025, 19.61875, 8.67315],
			"to": [10.025, 21.69375, 9.67315],
			"rotation": {"angle": 0, "axis": "y", "origin": [9.725, 18.9375, 10.07315]},
			"faces": {
				"north": {"uv": [4.5, 8.25, 4.5, 8.75], "texture": "#2"},
				"east": {"uv": [7.5, 8, 7.75, 8.5], "texture": "#2"},
				"south": {"uv": [4.25, 8.25, 4.25, 8.75], "texture": "#2"},
				"west": {"uv": [8, 7.75, 8.25, 8.25], "texture": "#2"},
				"up": {"uv": [7, 3.25, 6.75, 3.25], "rotation": 90, "texture": "#2"},
				"down": {"uv": [6, 7.5, 5.75, 7.5], "rotation": 270, "texture": "#2"}
			}
		},
		{
			"from": [9.425, 16.21875, 9.07315],
			"to": [10.425, 18.21875, 11.07315],
			"rotation": {"angle": 0, "axis": "y", "origin": [9.725, 18.9375, 10.07315]},
			"faces": {
				"north": {"uv": [1.75, 8.25, 2, 8.75], "texture": "#2"},
				"east": {"uv": [3.5, 7.5, 4, 8], "texture": "#2"},
				"south": {"uv": [1.25, 8.25, 1.5, 8.75], "texture": "#2"},
				"west": {"uv": [4.25, 7.5, 4.75, 8], "texture": "#2"},
				"up": {"uv": [8.5, 5.25, 8, 5], "rotation": 90, "texture": "#2"},
				"down": {"uv": [4, 8.25, 3.5, 8.5], "rotation": 270, "texture": "#2"}
			}
		},
		{
			"from": [9.425, 16.16347, 10.37839],
			"to": [9.425, 19.16347, 14.37839],
			"rotation": {"angle": -22.5, "axis": "x", "origin": [9.725, 18.9375, 10.07315]},
			"faces": {
				"north": {"uv": [5, 8.25, 5, 9], "texture": "#2"},
				"east": {"uv": [6, 3.5, 7, 4.25], "texture": "#2"},
				"south": {"uv": [4.75, 8.25, 4.75, 9], "texture": "#2"},
				"west": {"uv": [6, 4.5, 7, 5.25], "texture": "#2"},
				"up": {"uv": [6.25, 8.25, 5.25, 8.25], "rotation": 90, "texture": "#2"},
				"down": {"uv": [9.25, 5.5, 8.25, 5.5], "rotation": 270, "texture": "#2"}
			}
		},
		{
			"from": [9.425, 16.16347, 5.76791],
			"to": [9.425, 19.16347, 9.76791],
			"rotation": {"angle": 22.5, "axis": "x", "origin": [9.725, 18.9375, 10.07315]},
			"faces": {
				"north": {"uv": [6.75, 8.25, 6.75, 9], "texture": "#2"},
				"east": {"uv": [0, 6.25, 1, 7], "texture": "#2"},
				"south": {"uv": [6.5, 8.25, 6.5, 9], "texture": "#2"},
				"west": {"uv": [1.25, 6.25, 2.25, 7], "texture": "#2"},
				"up": {"uv": [9.25, 5.75, 8.25, 5.75], "rotation": 90, "texture": "#2"},
				"down": {"uv": [9.25, 6, 8.25, 6], "rotation": 270, "texture": "#2"}
			}
		},
		{
			"from": [6.5, -2.12721, 0.80466],
			"to": [10.5, 0.87279, 3.80466],
			"rotation": {"angle": -45, "axis": "x", "origin": [8, 8, 8]},
			"faces": {
				"north": {"uv": [2.5, 6.25, 3.5, 7], "texture": "#2"},
				"east": {"uv": [6.75, 2.25, 7.5, 3], "texture": "#2"},
				"south": {"uv": [6.25, 5.5, 7.25, 6.25], "texture": "#2"},
				"west": {"uv": [6.75, 1.25, 7.5, 2], "texture": "#2"},
				"up": {"uv": [7, 7.5, 6.25, 6.5], "rotation": 270, "texture": "#2"},
				"down": {"uv": [7.5, 0, 6.75, 1], "rotation": 90, "texture": "#2"}
			}
		},
		{
			"from": [7.5, -2.00625, 9.07315],
			"to": [9.5, 16.99375, 11.07315],
			"rotation": {"angle": 0, "axis": "y", "origin": [8, 8, 8]},
			"faces": {
				"north": {"uv": [0.75, 0, 1.25, 4.75], "texture": "#2"},
				"east": {"uv": [1.5, 0, 2, 4.75], "texture": "#2"},
				"south": {"uv": [2.25, 0, 2.75, 4.75], "texture": "#2"},
				"west": {"uv": [0, 0, 0.5, 4.75], "texture": "#2"},
				"up": {"uv": [5.5, 8, 5, 7.5], "rotation": 270, "texture": "#2"},
				"down": {"uv": [8, 5.5, 7.5, 6], "rotation": 90, "texture": "#2"}
			}
		},
		{
			"from": [8.5, -7.00625, 8.07315],
			"to": [8.5, -2.00625, 12.07315],
			"rotation": {"angle": 0, "axis": "y", "origin": [8, 8, 8]},
			"faces": {
				"north": {"uv": [0, 8.5, 0, 9.75], "texture": "#2"},
				"east": {"uv": [3, 3.5, 4, 4.75], "texture": "#2"},
				"south": {"uv": [0.25, 8.5, 0.25, 9.75], "texture": "#2"},
				"west": {"uv": [3, 2, 4, 3.25], "texture": "#2"},
				"up": {"uv": [6.25, 8.5, 5.25, 8.5], "rotation": 270, "texture": "#2"},
				"down": {"uv": [9.5, 7, 8.5, 7], "rotation": 90, "texture": "#2"}
			}
		},
		{
			"from": [6.5, 7.89375, 8.07315],
			"to": [10.5, 8.89375, 12.07315],
			"rotation": {"angle": 0, "axis": "y", "origin": [8, 8, 8]},
			"faces": {
				"north": {"uv": [7.75, 0.5, 8.75, 0.75], "texture": "#2"},
				"east": {"uv": [7.75, 1, 8.75, 1.25], "texture": "#2"},
				"south": {"uv": [7.75, 1.5, 8.75, 1.75], "texture": "#2"},
				"west": {"uv": [7.75, 0, 8.75, 0.25], "texture": "#2"},
				"up": {"uv": [1, 6, 0, 5], "rotation": 270, "texture": "#2"},
				"down": {"uv": [2.25, 5, 1.25, 6], "rotation": 90, "texture": "#2"}
			}
		},
		{
			"from": [6.5, 15.89375, 8.07315],
			"to": [10.5, 16.89375, 12.07315],
			"rotation": {"angle": 0, "axis": "y", "origin": [8, 8, 8]},
			"faces": {
				"north": {"uv": [7.75, 2.5, 8.75, 2.75], "texture": "#2"},
				"east": {"uv": [5.75, 7.75, 6.75, 8], "texture": "#2"},
				"south": {"uv": [0, 8, 1, 8.25], "texture": "#2"},
				"west": {"uv": [7.75, 2, 8.75, 2.25], "texture": "#2"},
				"up": {"uv": [3.5, 6, 2.5, 5], "rotation": 270, "texture": "#2"},
				"down": {"uv": [6.5, 0, 5.5, 1], "rotation": 90, "texture": "#2"}
			}
		},
		{
			"from": [6.5, -0.10625, 8.07315],
			"to": [10.5, 0.89375, 12.07315],
			"rotation": {"angle": 0, "axis": "y", "origin": [8, 8, 8]},
			"faces": {
				"north": {"uv": [8, 3.5, 9, 3.75], "texture": "#2"},
				"east": {"uv": [8, 4, 9, 4.25], "texture": "#2"},
				"south": {"uv": [8, 4.5, 9, 4.75], "texture": "#2"},
				"west": {"uv": [8, 3, 9, 3.25], "texture": "#2"},
				"up": {"uv": [4.75, 6.5, 3.75, 5.5], "rotation": 270, "texture": "#2"},
				"down": {"uv": [6, 5.5, 5, 6.5], "rotation": 90, "texture": "#2"}
			}
		},
		{
			"from": [7.25, 17.06875, 4.57315],
			"to": [9.25, 20.06875, 13.57315],
			"rotation": {"angle": 0, "axis": "y", "origin": [7.25, 8, 8]},
			"faces": {
				"north": {"uv": [1.25, 7.25, 1.75, 8], "texture": "#2"},
				"east": {"uv": [3, 1, 5.25, 1.75], "texture": "#2"},
				"south": {"uv": [2, 7.25, 2.5, 8], "texture": "#2"},
				"west": {"uv": [3, 0, 5.25, 0.75], "texture": "#2"},
				"up": {"uv": [6.5, 2.5, 4.25, 2], "rotation": 270, "texture": "#2"},
				"down": {"uv": [6.5, 2.75, 4.25, 3.25], "rotation": 90, "texture": "#2"}
			}
		},
		{
			"from": [7.75, 16.67908, 4.13939],
			"to": [7.75, 19.67908, 10.13939],
			"rotation": {"angle": -22.5, "axis": "x", "origin": [7.25, 8, 8]},
			"faces": {
				"north": {"uv": [0.5, 8.5, 0.5, 9.25], "texture": "#2"},
				"east": {"uv": [4.25, 4.5, 5.75, 5.25], "texture": "#2"},
				"south": {"uv": [0.75, 8.5, 0.75, 9.25], "texture": "#2"},
				"west": {"uv": [4.25, 3.5, 5.75, 4.25], "texture": "#2"},
				"up": {"uv": [10, 7.25, 8.5, 7.25], "rotation": 270, "texture": "#2"},
				"down": {"uv": [10, 7.5, 8.5, 7.5], "rotation": 90, "texture": "#2"}
			}
		},
		{
			"from": [7.225, 17.67908, 6.13939],
			"to": [9.225, 19.67908, 10.13939],
			"rotation": {"angle": -22.5, "axis": "x", "origin": [7.25, 8, 8]},
			"faces": {
				"north": {"uv": [2.75, 8, 3.25, 8.5], "texture": "#2"},
				"east": {"uv": [3.75, 6.75, 4.75, 7.25], "texture": "#2"},
				"south": {"uv": [8, 6.25, 8.5, 6.75], "texture": "#2"},
				"west": {"uv": [5.5, 1.25, 6.5, 1.75], "texture": "#2"},
				"up": {"uv": [6, 7.25, 5, 6.75], "rotation": 270, "texture": "#2"},
				"down": {"uv": [1, 7.25, 0, 7.75], "rotation": 90, "texture": "#2"}
			}
		}
	],
	"gui_light": "front",
	"display": {
		"thirdperson_righthand": {
			"translation": [0, 0.5, 0.75],
			"scale": [0.63, 0.63, 0.63]
		},
		"thirdperson_lefthand": {
			"translation": [0, 0.5, 0.75],
			"scale": [0.63, 0.63, 0.63]
		},
		"firstperson_righthand": {
			"translation": [2, -0.25, 0],
			"scale": [0.76, 0.76, 0.76]
		},
		"firstperson_lefthand": {
			"translation": [2, -0.25, 0],
			"scale": [0.76, 0.76, 0.76]
		},
		"ground": {
			"rotation": [-45, 0, 0],
			"translation": [0, 3.25, 0],
			"scale": [0.5, 0.5, 0.5]
		},
		"gui": {
			"rotation": [-90, -45, -90],
			"translation": [-0.25, -1.75, -0.75],
			"scale": [0.52, 0.52, 0.52]
		},
		"head": {
			"rotation": [90, -38, -90],
			"translation": [-0.5, -12.25, 5],
			"scale": [0.88, 0.88, 0.88]
		},
		"fixed": {
			"rotation": [-90, 45, 90],
			"translation": [-0.5, -2.25, -0.5],
			"scale": [0.64, 0.64, 0.64]
		}
	},
	"groups": [
		{
			"name": "group",
			"origin": [2.92685, 17.56875, 7.6],
			"color": 0,
			"children": [
				{
					"name": "group",
					"origin": [2.92685, 17.56875, 7.6],
					"color": 0,
					"children": [
						0,
						1,
						2,
						3,
						4,
						5,
						{
							"name": "group",
							"origin": [5.92685, 19.06875, 8],
							"color": 0,
							"children": [6, 7, 8, 9, 10, 11, 12, 13, 14]
						}
					]
				}
			]
		}
	]
}