{"texture_size":[32,32],"textures":{"4":"item/blossom/blossom_pickaxe"},"elements":[{"from":[7.5,0.625,7.5],"to":[8.5,16.625,8.5],"rotation":{"angle":0,"axis":"y","origin":[8,8,8]},"faces":{"north":{"uv":[4.5,0,5,8],"texture":"#4"},"east":{"uv":[1.5,4.5,2,12.5],"texture":"#4"},"south":{"uv":[2,4.5,2.5,12.5],"texture":"#4"},"west":{"uv":[2.5,4.5,3,12.5],"texture":"#4"},"up":{"uv":[7.5,5,7,4.5],"texture":"#4"},"down":{"uv":[7.5,5,7,5.5],"texture":"#4"}}},{"from":[7.375,1.125,7.375],"to":[8.625,3.625,8.625],"rotation":{"angle":0,"axis":"y","origin":[8,9,8.125]},"faces":{"north":{"uv":[6,11.5,6.75,12.75],"texture":"#4"},"east":{"uv":[7,11.5,7.75,12.75],"texture":"#4"},"south":{"uv":[8,11.5,8.75,12.75],"texture":"#4"},"west":{"uv":[11.5,8,12.25,9.25],"texture":"#4"},"up":{"uv":[3.75,12.75,3,12],"texture":"#4"},"down":{"uv":[4.75,12,4,12.75],"texture":"#4"}}},{"from":[7.375,4.125,7.375],"to":[8.625,14.625,8.625],"rotation":{"angle":0,"axis":"y","origin":[8,15,8.125]},"faces":{"north":{"uv":[3,4.5,3.75,9.75],"texture":"#4"},"east":{"uv":[5,0,5.75,5.25],"texture":"#4"},"south":{"uv":[5,5.5,5.75,10.75],"texture":"#4"},"west":{"uv":[6,0,6.75,5.25],"texture":"#4"},"up":{"uv":[12.75,11.25,12,10.5],"texture":"#4"},"down":{"uv":[12.75,11.5,12,12.25],"texture":"#4"}}},{"from":[6.60355,-0.14645,7.25],"to":[8.60355,1.85355,8.75],"rotation":{"angle":45,"axis":"z","origin":[8.35355,1.10355,8]},"faces":{"north":{"uv":[4,9,5,10],"texture":"#4"},"east":{"uv":[11.5,2,12.25,3],"texture":"#4"},"south":{"uv":[10.5,8,11.5,9],"texture":"#4"},"west":{"uv":[9,11.5,9.75,12.5],"texture":"#4"},"up":{"uv":[12.5,10.25,11.5,9.5],"texture":"#4"},"down":{"uv":[12,11.5,11,12.25],"texture":"#4"}}},{"from":[6.5,15.625,6.5],"to":[9.5,18.625,9.5],"rotation":{"angle":45,"axis":"z","origin":[8,17.125,8]},"faces":{"north":{"uv":[6,5.5,7.5,7],"texture":"#4"},"east":{"uv":[7,0,8.5,1.5],"texture":"#4"},"south":{"uv":[7,1.5,8.5,3],"texture":"#4"},"west":{"uv":[7,3,8.5,4.5],"texture":"#4"},"up":{"uv":[7.5,8.5,6,7],"texture":"#4"},"down":{"uv":[9,4.5,7.5,6],"texture":"#4"}}},{"from":[6.66667,16.7848,10.169],"to":[9.16667,20.0848,10.189],"rotation":{"angle":22.5,"axis":"x","origin":[7.91667,18.4348,10.179]},"faces":{"north":{"uv":[0,9,1.25,10.75],"texture":"#4"},"east":{"uv":[1.75,12.5,1.5,14.25],"texture":"#4"},"south":{"uv":[1.25,9,0,10.75],"texture":"#4"},"west":{"uv":[2.25,12.5,2,14.25],"texture":"#4"},"up":{"uv":[13.75,9.5,12.5,9.75],"texture":"#4"},"down":{"uv":[13.75,10.25,12.5,10],"texture":"#4"}}},{"from":[6.66667,13.93002,9.23648],"to":[9.16667,17.23002,9.25648],"rotation":{"angle":-22.5,"axis":"x","origin":[7.91667,17.91667,9.75]},"faces":{"north":{"uv":[8.5,1,9.75,2.75],"texture":"#4"},"east":{"uv":[1.25,11,1,12.75],"texture":"#4"},"south":{"uv":[9.75,1,8.5,2.75],"texture":"#4"},"west":{"uv":[10.25,11.5,10,13.25],"texture":"#4"},"up":{"uv":[13.75,6,12.5,6.25],"texture":"#4"},"down":{"uv":[13.75,6.75,12.5,6.5],"texture":"#4"}}},{"from":[4.94109,15.75,9.61993],"to":[8.24109,18.25,9.63993],"rotation":{"angle":22.5,"axis":"y","origin":[7.91667,17,10.179]},"faces":{"north":{"uv":[7.5,9,9.25,10.25],"texture":"#4"},"east":{"uv":[9.25,12.5,9,13.75],"texture":"#4"},"south":{"uv":[9.25,9,7.5,10.25],"texture":"#4"},"west":{"uv":[9.75,12.5,9.5,13.75],"texture":"#4"},"up":{"uv":[14.25,1,12.5,1.25],"texture":"#4"},"down":{"uv":[14.25,1.75,12.5,1.5],"texture":"#4"}}},{"from":[7.59225,15.75,9.61993],"to":[10.89225,18.25,9.63993],"rotation":{"angle":-22.5,"axis":"y","origin":[7.91667,17,10.179]},"faces":{"north":{"uv":[8.5,3,10.25,4.25],"texture":"#4"},"east":{"uv":[2.75,12.5,2.5,13.75],"texture":"#4"},"south":{"uv":[10.25,3,8.5,4.25],"texture":"#4"},"west":{"uv":[12.75,8,12.5,9.25],"texture":"#4"},"up":{"uv":[14.25,0,12.5,0.25],"texture":"#4"},"down":{"uv":[14.25,0.75,12.5,0.5],"texture":"#4"}}},{"from":[9.71517,15.08023,6.53695],"to":[10.92792,16.68106,6.54665],"rotation":{"angle":-22.5,"axis":"x","origin":[10.32155,15.88064,6.5418]},"faces":{"north":{"uv":[0,9,1.25,10.75],"texture":"#4"},"east":{"uv":[1.5,12.5,1.75,14.25],"texture":"#4"},"south":{"uv":[1.25,9,0,10.75],"texture":"#4"},"west":{"uv":[2,12.5,2.25,14.25],"texture":"#4"},"up":{"uv":[13.75,9.75,12.5,9.5],"texture":"#4"},"down":{"uv":[13.75,10,12.5,10.25],"texture":"#4"}}},{"from":[9.71517,13.69538,6.98932],"to":[10.92792,15.29621,6.99902],"rotation":{"angle":22.5,"axis":"x","origin":[10.32155,15.6293,6.74991]},"faces":{"north":{"uv":[8.5,1,9.75,2.75],"texture":"#4"},"east":{"uv":[1,11,1.25,12.75],"texture":"#4"},"south":{"uv":[9.75,1,8.5,2.75],"texture":"#4"},"west":{"uv":[10,11.5,10.25,13.25],"texture":"#4"},"up":{"uv":[13.75,6.25,12.5,6],"texture":"#4"},"down":{"uv":[13.75,6.5,12.5,6.75],"texture":"#4"}}},{"from":[8.8781,14.57825,6.80331],"to":[10.47893,15.791,6.81301],"rotation":{"angle":-22.5,"axis":"y","origin":[10.32155,15.18463,6.5418]},"faces":{"north":{"uv":[7.5,9,9.25,10.25],"texture":"#4"},"east":{"uv":[9,12.5,9.25,13.75],"texture":"#4"},"south":{"uv":[9.25,9,7.5,10.25],"texture":"#4"},"west":{"uv":[9.5,12.5,9.75,13.75],"texture":"#4"},"up":{"uv":[14.25,1.25,12.5,1],"texture":"#4"},"down":{"uv":[14.25,1.5,12.5,1.75],"texture":"#4"}}},{"from":[10.16417,14.57825,6.80331],"to":[11.765,15.791,6.81301],"rotation":{"angle":22.5,"axis":"y","origin":[10.32155,15.18463,6.5418]},"faces":{"north":{"uv":[8.5,3,10.25,4.25],"texture":"#4"},"east":{"uv":[2.5,12.5,2.75,13.75],"texture":"#4"},"south":{"uv":[10.25,3,8.5,4.25],"texture":"#4"},"west":{"uv":[12.5,8,12.75,9.25],"texture":"#4"},"up":{"uv":[14.25,0.25,12.5,0],"texture":"#4"},"down":{"uv":[14.25,0.5,12.5,0.75],"texture":"#4"}}},{"from":[4.94708,15.08023,6.53695],"to":[6.15983,16.68106,6.54665],"rotation":{"angle":-22.5,"axis":"x","origin":[5.55345,15.88064,6.5418]},"faces":{"north":{"uv":[1.25,9,0,10.75],"texture":"#4"},"east":{"uv":[2.25,12.5,2,14.25],"texture":"#4"},"south":{"uv":[0,9,1.25,10.75],"texture":"#4"},"west":{"uv":[1.75,12.5,1.5,14.25],"texture":"#4"},"up":{"uv":[12.5,9.75,13.75,9.5],"texture":"#4"},"down":{"uv":[12.5,10,13.75,10.25],"texture":"#4"}}},{"from":[4.94708,13.69538,6.98932],"to":[6.15983,15.29621,6.99902],"rotation":{"angle":22.5,"axis":"x","origin":[5.55345,15.6293,6.74991]},"faces":{"north":{"uv":[9.75,1,8.5,2.75],"texture":"#4"},"east":{"uv":[10.25,11.5,10,13.25],"texture":"#4"},"south":{"uv":[8.5,1,9.75,2.75],"texture":"#4"},"west":{"uv":[1.25,11,1,12.75],"texture":"#4"},"up":{"uv":[12.5,6.25,13.75,6],"texture":"#4"},"down":{"uv":[12.5,6.5,13.75,6.75],"texture":"#4"}}},{"from":[5.39607,14.57825,6.80331],"to":[6.9969,15.791,6.81301],"rotation":{"angle":22.5,"axis":"y","origin":[5.55345,15.18463,6.5418]},"faces":{"north":{"uv":[9.25,9,7.5,10.25],"texture":"#4"},"east":{"uv":[9.75,12.5,9.5,13.75],"texture":"#4"},"south":{"uv":[7.5,9,9.25,10.25],"texture":"#4"},"west":{"uv":[9.25,12.5,9,13.75],"texture":"#4"},"up":{"uv":[12.5,1.25,14.25,1],"texture":"#4"},"down":{"uv":[12.5,1.5,14.25,1.75],"texture":"#4"}}},{"from":[4.11,14.57825,6.80331],"to":[5.71083,15.791,6.81301],"rotation":{"angle":-22.5,"axis":"y","origin":[5.55345,15.18463,6.5418]},"faces":{"north":{"uv":[10.25,3,8.5,4.25],"texture":"#4"},"east":{"uv":[12.75,8,12.5,9.25],"texture":"#4"},"south":{"uv":[8.5,3,10.25,4.25],"texture":"#4"},"west":{"uv":[2.75,12.5,2.5,13.75],"texture":"#4"},"up":{"uv":[12.5,0.25,14.25,0],"texture":"#4"},"down":{"uv":[12.5,0.5,14.25,0.75],"texture":"#4"}}},{"from":[6.66667,16.7848,5.811],"to":[9.16667,20.0848,5.831],"rotation":{"angle":-22.5,"axis":"x","origin":[7.91667,18.4348,5.821]},"faces":{"north":{"uv":[0,9,1.25,10.75],"texture":"#4"},"east":{"uv":[1.5,12.5,1.75,14.25],"texture":"#4"},"south":{"uv":[1.25,9,0,10.75],"texture":"#4"},"west":{"uv":[2,12.5,2.25,14.25],"texture":"#4"},"up":{"uv":[13.75,9.75,12.5,9.5],"texture":"#4"},"down":{"uv":[13.75,10,12.5,10.25],"texture":"#4"}}},{"from":[6.66667,13.93002,6.74352],"to":[9.16667,17.23002,6.76352],"rotation":{"angle":22.5,"axis":"x","origin":[7.91667,17.91667,6.25]},"faces":{"north":{"uv":[8.5,1,9.75,2.75],"texture":"#4"},"east":{"uv":[1,11,1.25,12.75],"texture":"#4"},"south":{"uv":[9.75,1,8.5,2.75],"texture":"#4"},"west":{"uv":[10,11.5,10.25,13.25],"texture":"#4"},"up":{"uv":[13.75,6.25,12.5,6],"texture":"#4"},"down":{"uv":[13.75,6.5,12.5,6.75],"texture":"#4"}}},{"from":[4.94109,15.75,6.36007],"to":[8.24109,18.25,6.38007],"rotation":{"angle":-22.5,"axis":"y","origin":[7.91667,17,5.821]},"faces":{"north":{"uv":[7.5,9,9.25,10.25],"texture":"#4"},"east":{"uv":[9,12.5,9.25,13.75],"texture":"#4"},"south":{"uv":[9.25,9,7.5,10.25],"texture":"#4"},"west":{"uv":[9.5,12.5,9.75,13.75],"texture":"#4"},"up":{"uv":[14.25,1.25,12.5,1],"texture":"#4"},"down":{"uv":[14.25,1.5,12.5,1.75],"texture":"#4"}}},{"from":[7.59225,15.75,6.36007],"to":[10.89225,18.25,6.38007],"rotation":{"angle":22.5,"axis":"y","origin":[7.91667,17,5.821]},"faces":{"north":{"uv":[8.5,3,10.25,4.25],"texture":"#4"},"east":{"uv":[2.5,12.5,2.75,13.75],"texture":"#4"},"south":{"uv":[10.25,3,8.5,4.25],"texture":"#4"},"west":{"uv":[12.5,8,12.75,9.25],"texture":"#4"},"up":{"uv":[14.25,0.25,12.5,0],"texture":"#4"},"down":{"uv":[14.25,0.5,12.5,0.75],"texture":"#4"}}},{"from":[4.25,7.5,7.99],"to":[6.75,16.5,8.01],"rotation":{"angle":-22.5,"axis":"z","origin":[5.5,12,8]},"faces":{"north":{"uv":[3,0,4.25,4.5],"texture":"#4"},"east":{"uv":[0,11,0.25,15.5],"texture":"#4"},"south":{"uv":[4.25,0,3,4.5],"texture":"#4"},"west":{"uv":[0.5,11,0.75,15.5],"texture":"#4"},"up":{"uv":[4.25,13.25,3,13],"texture":"#4"},"down":{"uv":[14.25,4,13,4.25],"texture":"#4"}}},{"from":[9.25,7.5,7.99],"to":[11.75,16.5,8.01],"rotation":{"angle":22.5,"axis":"z","origin":[10.5,12,8]},"faces":{"north":{"uv":[0,0,1.25,4.5],"texture":"#4"},"east":{"uv":[4,4.5,4.25,9],"texture":"#4"},"south":{"uv":[1.25,0,0,4.5],"texture":"#4"},"west":{"uv":[10.5,10.5,10.75,15],"texture":"#4"},"up":{"uv":[12.25,12.75,11,12.5],"texture":"#4"},"down":{"uv":[13.75,12.5,12.5,12.75],"texture":"#4"}}},{"from":[9.75,14.25,7.99],"to":[14.25,15.75,8.01],"rotation":{"angle":-22.5,"axis":"z","origin":[12,15,8]},"faces":{"north":{"uv":[10.5,7.75,12.75,7],"texture":"#4"},"east":{"uv":[4.5,8.75,4.75,8],"texture":"#4"},"south":{"uv":[12.75,7.75,10.5,7],"texture":"#4"},"west":{"uv":[1,13.75,1.25,13],"texture":"#4"},"up":{"uv":[14.25,5.75,12,5.5],"texture":"#4"},"down":{"uv":[14.25,5,12,5.25],"texture":"#4"}}},{"from":[1.75,14.25,7.99],"to":[6.25,15.75,8.01],"rotation":{"angle":22.5,"axis":"z","origin":[4,15,8]},"faces":{"north":{"uv":[12.75,7.75,10.5,7],"texture":"#4"},"east":{"uv":[1.25,13.75,1,13],"texture":"#4"},"south":{"uv":[10.5,7.75,12.75,7],"texture":"#4"},"west":{"uv":[4.75,8.75,4.5,8],"texture":"#4"},"up":{"uv":[12,5.75,14.25,5.5],"texture":"#4"},"down":{"uv":[12,5,14.25,5.25],"texture":"#4"}}},{"from":[2.87265,16.61367,6.85125],"to":[6.47265,18.77367,9.01125],"rotation":{"angle":0,"axis":"y","origin":[7.91402,14.23345,7.93125]},"faces":{"north":{"uv":[4.75,10,3,11],"texture":"#4"},"east":{"uv":[5,11,4,12],"texture":"#4"},"south":{"uv":[12.25,3,10.5,4],"texture":"#4"},"west":{"uv":[4,11,3,12],"texture":"#4"},"up":{"uv":[6,11.5,7.75,10.5],"texture":"#4"},"down":{"uv":[10.5,6,12.25,7],"texture":"#4"}}},{"from":[1.03894,18.92168,7.21125],"to":[6.79894,20.36168,8.65125],"rotation":{"angle":22.5,"axis":"z","origin":[7.91402,14.23345,7.93125]},"faces":{"north":{"uv":[10.5,6,7.5,6.75],"texture":"#4"},"east":{"uv":[5.75,12,5,12.75],"texture":"#4"},"south":{"uv":[10.5,7,7.5,7.75],"texture":"#4"},"west":{"uv":[12.75,4,12,4.75],"texture":"#4"},"up":{"uv":[7.5,8.75,10.5,8],"texture":"#4"},"down":{"uv":[8.5,0,11.5,0.75],"texture":"#4"}}},{"from":[1.86999,21.81803,7.57125],"to":[5.46999,22.53803,8.29125],"rotation":{"angle":45,"axis":"z","origin":[7.91402,14.23345,7.93125]},"faces":{"north":{"uv":[14.25,2,12.5,2.25],"texture":"#4"},"east":{"uv":[4.75,13,4.5,13.25],"texture":"#4"},"south":{"uv":[14.25,2.5,12.5,2.75],"texture":"#4"},"west":{"uv":[10.75,4,10.5,4.25],"texture":"#4"},"up":{"uv":[12.5,3.25,14.25,3],"texture":"#4"},"down":{"uv":[12.5,3.5,14.25,3.75],"texture":"#4"}}},{"from":[3.6844,14.26467,6.8625],"to":[5.8444,16.42467,9],"rotation":{"angle":-45,"axis":"z","origin":[7.91402,14.23345,7.93125]},"faces":{"north":{"uv":[12,4,11,5],"texture":"#4"},"east":{"uv":[12,10.5,11,11.5],"texture":"#4"},"south":{"uv":[12,5,11,6],"texture":"#4"},"west":{"uv":[6,11,5,12],"texture":"#4"},"up":{"uv":[11.5,1,12.5,0],"texture":"#4"},"down":{"uv":[11.5,1,12.5,2],"texture":"#4"}}},{"from":[9.52735,16.61367,6.85125],"to":[13.12735,18.77367,9.01125],"rotation":{"angle":0,"axis":"y","origin":[8.08598,14.23345,7.93125]},"faces":{"north":{"uv":[3,10,4.75,11],"texture":"#4"},"east":{"uv":[3,11,4,12],"texture":"#4"},"south":{"uv":[10.5,3,12.25,4],"texture":"#4"},"west":{"uv":[4,11,5,12],"texture":"#4"},"up":{"uv":[7.75,11.5,6,10.5],"texture":"#4"},"down":{"uv":[12.25,6,10.5,7],"texture":"#4"}}},{"from":[9.20106,18.92168,7.21125],"to":[14.96106,20.36168,8.65125],"rotation":{"angle":-22.5,"axis":"z","origin":[8.08598,14.23345,7.93125]},"faces":{"north":{"uv":[7.5,6,10.5,6.75],"texture":"#4"},"east":{"uv":[12,4,12.75,4.75],"texture":"#4"},"south":{"uv":[7.5,7,10.5,7.75],"texture":"#4"},"west":{"uv":[5,12,5.75,12.75],"texture":"#4"},"up":{"uv":[10.5,8.75,7.5,8],"texture":"#4"},"down":{"uv":[11.5,0,8.5,0.75],"texture":"#4"}}},{"from":[10.53001,21.81803,7.57125],"to":[14.13001,22.53803,8.29125],"rotation":{"angle":-45,"axis":"z","origin":[8.08598,14.23345,7.93125]},"faces":{"north":{"uv":[12.5,2,14.25,2.25],"texture":"#4"},"east":{"uv":[10.5,4,10.75,4.25],"texture":"#4"},"south":{"uv":[12.5,2.5,14.25,2.75],"texture":"#4"},"west":{"uv":[4.5,13,4.75,13.25],"texture":"#4"},"up":{"uv":[14.25,3.25,12.5,3],"texture":"#4"},"down":{"uv":[14.25,3.5,12.5,3.75],"texture":"#4"}}},{"from":[10.1556,14.26467,6.8625],"to":[12.3156,16.42467,9],"rotation":{"angle":45,"axis":"z","origin":[8.08598,14.23345,7.93125]},"faces":{"north":{"uv":[11,4,12,5],"texture":"#4"},"east":{"uv":[5,11,6,12],"texture":"#4"},"south":{"uv":[11,5,12,6],"texture":"#4"},"west":{"uv":[11,10.5,12,11.5],"texture":"#4"},"up":{"uv":[12.5,1,11.5,0],"texture":"#4"},"down":{"uv":[12.5,1,11.5,2],"texture":"#4"}}}],"gui_light":"front","display":{"thirdperson_righthand":{"rotation":[0,-90,0],"translation":[0.25,-1.25,1.5],"scale":[0.9,0.9,0.9]},"thirdperson_lefthand":{"rotation":[0,-90,0],"translation":[0.25,-1.25,1.5],"scale":[0.9,0.9,0.9]},"firstperson_righthand":{"rotation":[0,-90,0],"translation":[0.25,-0.5,2],"scale":[0.9,0.9,0.9]},"firstperson_lefthand":{"rotation":[0,-90,0],"translation":[0.25,-0.5,2],"scale":[0.9,0.9,0.9]},"ground":{"rotation":[-45,0,0],"translation":[0,4,0],"scale":[0.7,0.7,0.7]},"gui":{"rotation":[-180,0,-140],"translation":[-2,-1.75,0],"scale":[0.7,0.7,0.7]},"fixed":{"translation":[0,-1.5,-1.5]}},"groups":[{"name":"group","origin":[8,8,8],"color":0,"children":[{"name":"group","origin":[8,8,8],"color":0,"children":[0,1,2,3,4]},{"name":"group","origin":[8,8,8],"color":0,"children":[{"name":"group","origin":[10.75,8.25,15.875],"color":0,"children":[5,6,7,8]},{"name":"group","origin":[10.75,8.25,15.875],"color":0,"children":[9,10,11,12]},{"name":"group","origin":[10.75,8.25,15.875],"color":0,"children":[13,14,15,16]},{"name":"group","origin":[10.75,8.25,15.875],"color":0,"children":[17,18,19,20]}]},{"name":"group","origin":[10.5,12,8],"color":0,"children":[21,22,23,24]},{"name":"group","origin":[8,8,8],"color":0,"children":[{"name":"group","origin":[8,24.41421,13.53553],"color":0,"children":[25,26,27,28]},{"name":"group","origin":[8,24.41421,13.53553],"color":0,"children":[29,30,31,32]}]}]}],"mcmodels":"7389d07b5c739909d011763eb957f9db"}