{
    "format_version": "1.21.6",
    "credit": "Made with Blockbench",
    "texture_size": [64, 64],
    "textures": {
        "1": "cosmetics:cosmetics/worncosmetic/summer25/diving_goggles"
    },
    "elements": [
        {
            "from": [11.5, 2, 7.5],
            "to": [14.5, 6, 14.5],
            "rotation": { "angle": 22.5, "axis": "x", "origin": [8, 4, 10.2] },
            "faces": {
                "north": { "uv": [5.75, 3.75, 6.5, 4.75], "texture": "#1" },
                "east": { "uv": [0, 2.5, 1.75, 3.5], "texture": "#1" },
                "south": { "uv": [5.75, 5, 6.5, 6], "texture": "#1" },
                "west": { "uv": [2.5, 0, 4.25, 1], "texture": "#1" },
                "up": { "uv": [2.75, 5.25, 2, 3.5], "texture": "#1" },
                "down": { "uv": [3.75, 3.5, 3, 5.25], "texture": "#1" }
            }
        },
        {
            "from": [14.5, 3, 11.5],
            "to": [15.5, 5, 13.5],
            "rotation": { "angle": 22.5, "axis": "x", "origin": [8, 4, 10.2] },
            "faces": {
                "north": { "uv": [7.75, 5.25, 8, 5.75], "texture": "#1" },
                "east": { "uv": [6, 7.25, 6.5, 7.75], "texture": "#1" },
                "south": { "uv": [6.75, 7.75, 7, 8.25], "texture": "#1" },
                "up": { "uv": [7.5, 8.25, 7.25, 7.75], "texture": "#1" },
                "down": { "uv": [8, 7.25, 7.75, 7.75], "texture": "#1" }
            }
        },
        {
            "from": [1.5, 2, 7.5],
            "to": [4.5, 6, 14.5],
            "rotation": { "angle": 22.5, "axis": "x", "origin": [8, 4, 10.2] },
            "faces": {
                "north": { "uv": [6.5, 3.75, 5.75, 4.75], "texture": "#1" },
                "east": { "uv": [4.25, 0, 2.5, 1], "texture": "#1" },
                "south": { "uv": [6.5, 5, 5.75, 6], "texture": "#1" },
                "west": { "uv": [1.75, 2.5, 0, 3.5], "texture": "#1" },
                "up": { "uv": [2, 5.25, 2.75, 3.5], "texture": "#1" },
                "down": { "uv": [3, 3.5, 3.75, 5.25], "texture": "#1" }
            }
        },
        {
            "from": [0.5, 3, 11.5],
            "to": [1.5, 5, 13.5],
            "rotation": { "angle": 22.5, "axis": "x", "origin": [8, 4, 10.2] },
            "faces": {
                "north": { "uv": [8, 5.25, 7.75, 5.75], "texture": "#1" },
                "south": { "uv": [7, 7.75, 6.75, 8.25], "texture": "#1" },
                "west": { "uv": [6.5, 7.25, 6, 7.75], "texture": "#1" },
                "up": { "uv": [7.25, 8.25, 7.5, 7.75], "texture": "#1" },
                "down": { "uv": [7.75, 7.25, 8, 7.75], "texture": "#1" }
            }
        },
        {
            "from": [3.5, 2, 7.4],
            "to": [12.5, 6, 8.4],
            "rotation": { "angle": 22.5, "axis": "x", "origin": [8, 4, 10.2] },
            "faces": {
                "north": { "uv": [0, 0, 2.25, 1], "texture": "#1" },
                "south": { "uv": [2.25, 0, 0, 1], "texture": "#1" }
            }
        },
        {
            "from": [10.5, 1, 6.5],
            "to": [13.5, 2, 9.5],
            "rotation": { "angle": 22.5, "axis": "x", "origin": [8, 4, 10.2] },
            "faces": {
                "north": {
                    "uv": [7.5, 3.25, 8.25, 3.5],
                    "texture": "#1",
                    "tintindex": 0
                },
                "east": {
                    "uv": [7.75, 4.25, 8.5, 4.5],
                    "texture": "#1",
                    "tintindex": 0
                },
                "south": {
                    "uv": [7.75, 4.75, 8.5, 5],
                    "texture": "#1",
                    "tintindex": 0
                },
                "up": {
                    "uv": [6.25, 7, 5.5, 6.25],
                    "texture": "#1",
                    "tintindex": 0
                },
                "down": {
                    "uv": [7.25, 6.25, 6.5, 7],
                    "texture": "#1",
                    "tintindex": 0
                }
            }
        },
        {
            "from": [12.5, 2, 6.5],
            "to": [13.5, 7, 9.5],
            "rotation": { "angle": 22.5, "axis": "x", "origin": [8, 4, 10.2] },
            "faces": {
                "north": {
                    "uv": [1.5, 3.75, 1.75, 5],
                    "texture": "#1",
                    "tintindex": 0
                },
                "east": {
                    "uv": [4.75, 4.75, 5.5, 6],
                    "texture": "#1",
                    "tintindex": 0
                },
                "south": {
                    "uv": [3, 7.25, 3.25, 8.5],
                    "texture": "#1",
                    "tintindex": 0
                },
                "west": {
                    "uv": [5, 0, 5.75, 1.25],
                    "texture": "#1",
                    "tintindex": 0
                },
                "up": {
                    "uv": [4.25, 8.5, 4, 7.75],
                    "texture": "#1",
                    "tintindex": 0
                }
            }
        },
        {
            "from": [2.5, 2, 6.5],
            "to": [3.5, 7, 9.5],
            "rotation": { "angle": 22.5, "axis": "x", "origin": [8, 4, 10.2] },
            "faces": {
                "north": {
                    "uv": [1.75, 3.75, 1.5, 5],
                    "texture": "#1",
                    "tintindex": 0
                },
                "east": {
                    "uv": [5.75, 0, 5, 1.25],
                    "texture": "#1",
                    "tintindex": 0
                },
                "south": {
                    "uv": [3.25, 7.25, 3, 8.5],
                    "texture": "#1",
                    "tintindex": 0
                },
                "west": {
                    "uv": [5.5, 4.75, 4.75, 6],
                    "texture": "#1",
                    "tintindex": 0
                },
                "up": {
                    "uv": [4, 8.5, 4.25, 7.75],
                    "texture": "#1",
                    "tintindex": 0
                }
            }
        },
        {
            "from": [2.5, 1, 6.5],
            "to": [5.5, 2, 9.5],
            "rotation": { "angle": 22.5, "axis": "x", "origin": [8, 4, 10.2] },
            "faces": {
                "north": {
                    "uv": [8.25, 3.25, 7.5, 3.5],
                    "texture": "#1",
                    "tintindex": 0
                },
                "south": {
                    "uv": [8.5, 4.75, 7.75, 5],
                    "texture": "#1",
                    "tintindex": 0
                },
                "west": {
                    "uv": [8.5, 4.25, 7.75, 4.5],
                    "texture": "#1",
                    "tintindex": 0
                },
                "up": {
                    "uv": [5.5, 7, 6.25, 6.25],
                    "texture": "#1",
                    "tintindex": 0
                },
                "down": {
                    "uv": [6.5, 6.25, 7.25, 7],
                    "texture": "#1",
                    "tintindex": 0
                }
            }
        },
        {
            "from": [9.5, 1, 6.5],
            "to": [10.5, 3, 9.5],
            "rotation": { "angle": 22.5, "axis": "x", "origin": [8, 4, 10.2] },
            "faces": {
                "north": {
                    "uv": [0.5, 8, 0.75, 8.5],
                    "texture": "#1",
                    "tintindex": 0
                },
                "east": {
                    "uv": [1, 7.25, 1.75, 7.75],
                    "texture": "#1",
                    "tintindex": 0
                },
                "south": {
                    "uv": [1, 8, 1.25, 8.5],
                    "texture": "#1",
                    "tintindex": 0
                },
                "west": {
                    "uv": [2, 7.25, 2.75, 7.75],
                    "texture": "#1",
                    "tintindex": 0
                },
                "up": {
                    "uv": [7.75, 7, 7.5, 6.25],
                    "texture": "#1",
                    "tintindex": 0
                },
                "down": {
                    "uv": [3.75, 7.75, 3.5, 8.5],
                    "texture": "#1",
                    "tintindex": 0
                }
            }
        },
        {
            "from": [5.5, 1, 6.5],
            "to": [6.5, 3, 9.5],
            "rotation": { "angle": 22.5, "axis": "x", "origin": [8, 4, 10.2] },
            "faces": {
                "north": {
                    "uv": [0, 8, 0.25, 8.5],
                    "texture": "#1",
                    "tintindex": 0
                },
                "east": {
                    "uv": [3.5, 7, 4.25, 7.5],
                    "texture": "#1",
                    "tintindex": 0
                },
                "south": {
                    "uv": [8, 0, 8.25, 0.5],
                    "texture": "#1",
                    "tintindex": 0
                },
                "west": {
                    "uv": [0, 7.25, 0.75, 7.75],
                    "texture": "#1",
                    "tintindex": 0
                },
                "up": {
                    "uv": [4.75, 0.75, 4.5, 0],
                    "texture": "#1",
                    "tintindex": 0
                },
                "down": {
                    "uv": [7.75, 2.25, 7.5, 3],
                    "texture": "#1",
                    "tintindex": 0
                }
            }
        },
        {
            "from": [6.5, 2, 6.5],
            "to": [9.5, 3, 9.5],
            "rotation": { "angle": 22.5, "axis": "x", "origin": [8, 4, 10.2] },
            "faces": {
                "north": {
                    "uv": [6.75, 5.75, 7.5, 6],
                    "texture": "#1",
                    "tintindex": 0
                },
                "south": {
                    "uv": [6.75, 7.25, 7.5, 7.5],
                    "texture": "#1",
                    "tintindex": 0
                },
                "up": {
                    "uv": [3.25, 7, 2.5, 6.25],
                    "texture": "#1",
                    "tintindex": 0
                },
                "down": {
                    "uv": [5.25, 6.25, 4.5, 7],
                    "texture": "#1",
                    "tintindex": 0
                }
            }
        },
        {
            "from": [3.5, 6, 6.5],
            "to": [12.5, 7, 9.5],
            "rotation": { "angle": 22.5, "axis": "x", "origin": [8, 4, 10.2] },
            "faces": {
                "north": {
                    "uv": [6, 1, 8.25, 1.25],
                    "texture": "#1",
                    "tintindex": 0
                },
                "south": {
                    "uv": [0, 6.25, 2.25, 6.5],
                    "texture": "#1",
                    "tintindex": 0
                },
                "up": {
                    "uv": [4.75, 2, 2.5, 1.25],
                    "texture": "#1",
                    "tintindex": 0
                },
                "down": {
                    "uv": [4.25, 2.5, 2, 3.25],
                    "texture": "#1",
                    "tintindex": 0
                }
            }
        },
        {
            "from": [-0.9, -2.5, 8],
            "to": [6.1, -0.5, 10],
            "rotation": { "angle": 22.5, "axis": "y", "origin": [1.35, 4, 9] },
            "faces": {
                "north": {
                    "uv": [5, 1.5, 6.75, 2],
                    "texture": "#1",
                    "tintindex": 0
                },
                "east": {
                    "uv": [4.5, 7.25, 5, 7.75],
                    "texture": "#1",
                    "tintindex": 0
                },
                "south": {
                    "uv": [1.5, 5.5, 3.25, 6],
                    "texture": "#1",
                    "tintindex": 0
                },
                "west": {
                    "uv": [5.25, 7.25, 5.75, 7.75],
                    "texture": "#1",
                    "tintindex": 0
                },
                "up": {
                    "uv": [7.25, 2.75, 5.5, 2.25],
                    "texture": "#1",
                    "tintindex": 0
                },
                "down": {
                    "uv": [7.25, 3, 5.5, 3.5],
                    "texture": "#1",
                    "tintindex": 0
                }
            }
        },
        {
            "from": [-0.9, -0.5, 8],
            "to": [1.1, 8.5, 10],
            "rotation": { "angle": 22.5, "axis": "y", "origin": [1.35, 4, 9] },
            "faces": {
                "north": {
                    "uv": [0, 3.75, 0.5, 6],
                    "texture": "#1",
                    "tintindex": 0
                },
                "east": {
                    "uv": [0.75, 3.75, 1.25, 6],
                    "texture": "#1",
                    "tintindex": 0
                },
                "south": {
                    "uv": [4, 3.5, 4.5, 5.75],
                    "texture": "#1",
                    "tintindex": 0
                },
                "west": {
                    "uv": [4.75, 2.25, 5.25, 4.5],
                    "texture": "#1",
                    "tintindex": 0
                }
            }
        },
        {
            "from": [-1.4, 8.5, 7.5],
            "to": [1.6, 10.5, 10.5],
            "rotation": { "angle": 22.5, "axis": "y", "origin": [1.35, 4, 9] },
            "faces": {
                "north": { "uv": [6.75, 4.25, 7.5, 4.75], "texture": "#1" },
                "east": { "uv": [6.75, 5, 7.5, 5.5], "texture": "#1" },
                "south": { "uv": [7, 0, 7.75, 0.5], "texture": "#1" },
                "west": { "uv": [7, 1.5, 7.75, 2], "texture": "#1" },
                "up": { "uv": [6.75, 0.75, 6, 0], "texture": "#1" },
                "down": { "uv": [4.25, 6, 3.5, 6.75], "texture": "#1" }
            }
        }
    ],
    "gui_light": "front",
    "display": {
        "thirdperson_righthand": {
            "rotation": [75, 45, 0],
            "translation": [0, 2.5, 0],
            "scale": [0.375, 0.375, 0.375]
        },
        "thirdperson_lefthand": {
            "rotation": [75, 45, 0],
            "translation": [0, 2.5, 0],
            "scale": [0.375, 0.375, 0.375]
        },
        "firstperson_righthand": {
            "rotation": [0, 120, 0],
            "translation": [0, 3.5, 0],
            "scale": [0.4, 0.4, 0.4]
        },
        "firstperson_lefthand": {
            "rotation": [0, 120, 0],
            "translation": [0, 3.5, 0],
            "scale": [0.4, 0.4, 0.4]
        },
        "ground": { "translation": [0, 6, 0], "scale": [0.5, 0.5, 0.5] },
        "gui": {
            "rotation": [45, -145, 0],
            "translation": [0.75, 0.25, 0],
            "scale": [0.8, 0.8, 0.8]
        },
        "head": { "translation": [0, 9.5, -8], "scale": [1.6, 1.6, 1.6] }
    },
    "groups": [
        {
            "name": "group",
            "origin": [10.5, 5, 6.5],
            "color": 0,
            "children": [
                {
                    "name": "group",
                    "origin": [8, 4, 10.2],
                    "color": 0,
                    "children": [0, 1, 2, 3]
                },
                4,
                5,
                6,
                7,
                8,
                9,
                10,
                11,
                12,
                {
                    "name": "group",
                    "origin": [2.25, 5, 9],
                    "color": 0,
                    "children": [13, 14, 15]
                }
            ]
        }
    ]
}
