{
    "format_version": "1.21.6",
    "credit": "Made with Blockbench",
    "texture_size": [32, 32],
    "textures": {
        "1": "cosmetics:cosmetics/worncosmetic/summer25/fishing_rod"
    },
    "elements": [
        {
            "from": [7, 1.33642, 4.07789],
            "to": [9, 5.33642, 6.07789],
            "rotation": {
                "angle": 22.5,
                "axis": "x",
                "origin": [8, 8.33642, 4.57789]
            },
            "faces": {
                "north": { "uv": [7, 10.5, 8, 12.5], "texture": "#1" },
                "east": { "uv": [11.5, 0, 12.5, 2], "texture": "#1" },
                "south": { "uv": [11.5, 2.5, 12.5, 4.5], "texture": "#1" },
                "west": { "uv": [11.5, 5, 12.5, 7], "texture": "#1" },
                "up": { "uv": [9.5, 13, 8.5, 12], "texture": "#1" }
            }
        },
        {
            "from": [7, -1.66358, 4.07789],
            "to": [9, 0.33642, 6.07789],
            "rotation": {
                "angle": 22.5,
                "axis": "x",
                "origin": [8, 8.33642, 4.57789]
            },
            "faces": {
                "north": {
                    "uv": [3, 12.5, 4, 13.5],
                    "texture": "#1",
                    "tintindex": 0
                },
                "east": {
                    "uv": [4.5, 12.5, 5.5, 13.5],
                    "texture": "#1",
                    "tintindex": 0
                },
                "south": {
                    "uv": [11.5, 12.5, 12.5, 13.5],
                    "texture": "#1",
                    "tintindex": 0
                },
                "west": {
                    "uv": [13, 0, 14, 1],
                    "texture": "#1",
                    "tintindex": 0
                }
            }
        },
        {
            "from": [6.5, 0.33642, 3.57789],
            "to": [9.5, 1.33642, 6.57789],
            "rotation": {
                "angle": 22.5,
                "axis": "x",
                "origin": [8, 8.33642, 4.57789]
            },
            "faces": {
                "north": {
                    "uv": [13, 1.5, 14.5, 2],
                    "texture": "#1",
                    "tintindex": 0
                },
                "east": {
                    "uv": [13, 2.5, 14.5, 3],
                    "texture": "#1",
                    "tintindex": 0
                },
                "south": {
                    "uv": [13, 3.5, 14.5, 4],
                    "texture": "#1",
                    "tintindex": 0
                },
                "west": {
                    "uv": [13, 4.5, 14.5, 5],
                    "texture": "#1",
                    "tintindex": 0
                },
                "up": {
                    "uv": [4.5, 12, 3, 10.5],
                    "texture": "#1",
                    "tintindex": 0
                },
                "down": {
                    "uv": [6.5, 10.5, 5, 12],
                    "texture": "#1",
                    "tintindex": 0
                }
            }
        },
        {
            "from": [7, -4.71103, 0.28911],
            "to": [9, -0.71103, 2.28911],
            "rotation": {
                "angle": 0,
                "axis": "y",
                "origin": [8, -2.71103, 1.28911]
            },
            "faces": {
                "north": {
                    "uv": [11.5, 7.5, 12.5, 9.5],
                    "texture": "#1",
                    "tintindex": 0
                },
                "east": {
                    "uv": [11.5, 10, 12.5, 12],
                    "texture": "#1",
                    "tintindex": 0
                },
                "south": {
                    "uv": [0, 12, 1, 14],
                    "texture": "#1",
                    "tintindex": 0
                },
                "west": {
                    "uv": [1.5, 12, 2.5, 14],
                    "texture": "#1",
                    "tintindex": 0
                },
                "down": {
                    "uv": [11, 12, 10, 13],
                    "texture": "#1",
                    "tintindex": 0
                }
            }
        },
        {
            "from": [6.25, 2.75, 4.01187],
            "to": [9.75, 6.25, 7.51187],
            "rotation": {
                "angle": 0,
                "axis": "y",
                "origin": [-6.75, -1.5, 2.2309]
            },
            "faces": {
                "north": { "uv": [9.5, 0, 11, 1.5], "texture": "#1" },
                "east": { "uv": [9.5, 2, 11, 3.5], "texture": "#1" },
                "south": { "uv": [9.5, 4, 11, 5.5], "texture": "#1" },
                "west": { "uv": [9.5, 6, 11, 7.5], "texture": "#1" },
                "up": { "uv": [11, 9.5, 9.5, 8], "texture": "#1" },
                "down": { "uv": [11, 10, 9.5, 11.5], "texture": "#1" }
            }
        },
        {
            "from": [6.5, 3, 4.26187],
            "to": [9.5, 6, 7.26187],
            "rotation": {
                "angle": 0,
                "axis": "y",
                "origin": [-6.75, -1.5, 2.2309]
            },
            "faces": {
                "north": { "uv": [0, 14.5, 1.5, 16], "texture": "#1" },
                "east": { "uv": [0, 14.5, 1.5, 16], "texture": "#1" },
                "south": { "uv": [0, 14.5, 1.5, 16], "texture": "#1" },
                "west": { "uv": [0, 14.5, 1.5, 16], "texture": "#1" },
                "up": { "uv": [3.5, 16, 2, 14.5], "texture": "#1" },
                "down": { "uv": [5.5, 14.5, 4, 16], "texture": "#1" }
            }
        },
        {
            "from": [4.5, 4.5, 5.26187],
            "to": [6.5, 4.5, 6.26187],
            "rotation": {
                "angle": 0,
                "axis": "y",
                "origin": [-9.75, 0.5, 2.2309]
            },
            "faces": {
                "north": { "uv": [9.5, 13.5, 10.5, 13.5], "texture": "#1" },
                "east": { "uv": [8.5, 11.5, 9, 11.5], "texture": "#1" },
                "south": { "uv": [13, 13.5, 14, 13.5], "texture": "#1" },
                "west": { "uv": [6, 12.5, 6.5, 12.5], "texture": "#1" },
                "up": { "uv": [14, 6, 13, 5.5], "texture": "#1" },
                "down": { "uv": [7, 13, 6, 13.5], "texture": "#1" }
            }
        },
        {
            "from": [4.5, 3.5, 5.26187],
            "to": [4.5, 4.5, 6.26187],
            "rotation": {
                "angle": 0,
                "axis": "y",
                "origin": [-8.75, 0.5, 2.2309]
            },
            "faces": {
                "north": { "uv": [11, 13.5, 11, 14], "texture": "#1" },
                "east": { "uv": [13, 10.5, 13.5, 11], "texture": "#1" },
                "south": { "uv": [3, 14, 3, 14.5], "texture": "#1" },
                "west": { "uv": [13, 11.5, 13.5, 12], "texture": "#1" },
                "up": { "uv": [3.5, 14.5, 3.5, 14], "texture": "#1" },
                "down": { "uv": [4, 14, 4, 14.5], "texture": "#1" }
            }
        },
        {
            "from": [2.5, 2.5, 5.26187],
            "to": [4.5, 3.5, 6.26187],
            "rotation": {
                "angle": 0,
                "axis": "y",
                "origin": [-8.75, 0.5, 2.2309]
            },
            "faces": {
                "north": { "uv": [13, 6.5, 14, 7], "texture": "#1" },
                "east": { "uv": [13, 12.5, 13.5, 13], "texture": "#1" },
                "south": { "uv": [13, 7.5, 14, 8], "texture": "#1" },
                "west": { "uv": [8.5, 13.5, 9, 14], "texture": "#1" },
                "up": { "uv": [14, 9, 13, 8.5], "texture": "#1" },
                "down": { "uv": [14, 9.5, 13, 10], "texture": "#1" }
            }
        },
        {
            "from": [8, 3, 6.76187],
            "to": [8, 23, 10.76187],
            "rotation": {
                "angle": 22.5,
                "axis": "x",
                "origin": [8, 15.17168, 12.04287]
            },
            "faces": {
                "east": { "uv": [3, 0, 5, 10], "texture": "#1" },
                "west": { "uv": [5, 0, 3, 10], "texture": "#1" }
            }
        },
        {
            "from": [7.5, 3, 7.76187],
            "to": [8.5, 23, 8.76187],
            "rotation": {
                "angle": 22.5,
                "axis": "x",
                "origin": [8, 15.17168, 12.04287]
            },
            "faces": {
                "north": { "uv": [5.5, 0, 6, 10], "texture": "#1" },
                "east": { "uv": [6.5, 0, 7, 10], "texture": "#1" },
                "south": { "uv": [7.5, 0, 8, 10], "texture": "#1" },
                "west": { "uv": [8.5, 0, 9, 10], "texture": "#1" },
                "up": { "uv": [9, 11, 8.5, 10.5], "texture": "#1" },
                "down": { "uv": [8, 13, 7.5, 13.5], "texture": "#1" }
            }
        },
        {
            "from": [8.05, -0.3272, 12.0501],
            "to": [7.95, 22.6728, 17.0501],
            "rotation": {
                "angle": -22.5,
                "axis": "x",
                "origin": [8.1, 15.51786, 11.04802]
            },
            "faces": {
                "east": { "uv": [0, 0, 2.5, 11.5], "texture": "#1" },
                "west": { "uv": [2.5, 0, 0, 11.5], "texture": "#1" }
            }
        }
    ],
    "gui_light": "front",
    "display": {
        "thirdperson_righthand": {
            "rotation": [67.5, -180, 0],
            "translation": [0, 10, 7]
        },
        "thirdperson_lefthand": {
            "rotation": [67.5, -180, 0],
            "translation": [0, 10, 7]
        },
        "firstperson_righthand": { "rotation": [0, -180, 0] },
        "firstperson_lefthand": { "translation": [0, 0, 80] },
        "ground": { "translation": [0, 5, 0], "scale": [0.5, 0.5, 0.5] },
        "gui": {
            "rotation": [-35, 135, 35],
            "translation": [0.25, -1, 0],
            "scale": [0.6, 0.6, 0.6]
        }
    },
    "groups": [
        {
            "name": "group",
            "origin": [-6.7625, 0, 1.2309],
            "color": 0,
            "children": [
                0,
                1,
                2,
                3,
                {
                    "name": "group",
                    "origin": [-8.75, 2, -1.7691],
                    "color": 0,
                    "children": [4, 5, 6, 7, 8]
                },
                {
                    "name": "group",
                    "origin": [8.225, 16, 15.7309],
                    "color": 0,
                    "children": [9, 10, 11]
                }
            ]
        }
    ]
}
