{
    "format_version": "1.9.0",
    "credit": "Made with Blockbench",
    "texture_size": [64, 64],
    "textures": {
        "2": "cosmetics:cosmetics/worncosmetic/summer25/lotus_backpack",
        "particle": "cosmetics:cosmetics/worncosmetic/summer25/lotus_backpack"
    },
    "elements": [
        {
            "from": [3.5, 5, 2],
            "to": [12.5, 11, 7],
            "rotation": {
                "angle": -22.5,
                "axis": "x",
                "origin": [9.25, 3.5, 8.5]
            },
            "faces": {
                "north": { "uv": [7.5, 6.75, 9.75, 8.25], "texture": "#2" },
                "south": { "uv": [0, 8, 2.25, 9.5], "texture": "#2" },
                "up": { "uv": [10.5, 2.5, 8.25, 1.25], "texture": "#2" },
                "down": { "uv": [10.5, 2.75, 8.25, 4], "texture": "#2" }
            }
        },
        {
            "from": [12.5, 5, 2],
            "to": [3.5, 11, 7],
            "rotation": {
                "angle": -22.5,
                "axis": "x",
                "origin": [-2.25, 3.5, 8.5]
            },
            "faces": {
                "north": { "uv": [9.75, 6.75, 7.5, 8.25], "texture": "#2" },
                "south": { "uv": [2.25, 8, 0, 9.5], "texture": "#2" },
                "up": { "uv": [8.25, 2.5, 10.5, 1.25], "texture": "#2" },
                "down": { "uv": [8.25, 2.75, 10.5, 4], "texture": "#2" }
            }
        },
        {
            "from": [2, 4.2, 5],
            "to": [14, 8.2, 16],
            "rotation": {
                "angle": -22.5,
                "axis": "x",
                "origin": [9.25, 3.5, 8]
            },
            "faces": {
                "north": { "uv": [2.5, 8, 5.5, 9], "texture": "#2" },
                "east": { "uv": [5.75, 8.5, 8.5, 9.5], "texture": "#2" },
                "south": { "uv": [8.25, 0, 11.25, 1], "texture": "#2" },
                "west": { "uv": [8.75, 8.5, 11.5, 9.5], "texture": "#2" },
                "up": { "uv": [3, 2.75, 0, 0], "texture": "#2" }
            }
        },
        {
            "from": [2.5, 6, 5.5],
            "to": [13.5, 8, 15.5],
            "rotation": {
                "angle": -22.5,
                "axis": "x",
                "origin": [9.25, 3.5, 8]
            },
            "faces": {
                "north": { "uv": [6, 9.75, 8.75, 10.25], "texture": "#2" },
                "east": { "uv": [10, 6.25, 12.5, 6.75], "texture": "#2" },
                "south": { "uv": [9, 9.75, 11.75, 10.25], "texture": "#2" },
                "west": { "uv": [10, 7, 12.5, 7.5], "texture": "#2" },
                "up": { "uv": [2.75, 5.5, 0, 3], "texture": "#2" },
                "down": { "uv": [5.75, 3, 3, 5.5], "texture": "#2" }
            }
        },
        {
            "from": [3.5, -2, 6.5],
            "to": [12.5, 6, 14.5],
            "rotation": {
                "angle": -22.5,
                "axis": "x",
                "origin": [9.25, 3.5, 8]
            },
            "faces": {
                "north": { "uv": [0, 5.75, 2.25, 7.75], "texture": "#2" },
                "east": { "uv": [6, 2.25, 8, 4.25], "texture": "#2" },
                "south": { "uv": [5.75, 0, 8, 2], "texture": "#2" },
                "west": { "uv": [7.5, 4.5, 9.5, 6.5], "texture": "#2" },
                "up": { "uv": [4.75, 7.75, 2.5, 5.75], "texture": "#2" },
                "down": { "uv": [7.25, 5.75, 5, 7.75], "texture": "#2" }
            }
        },
        {
            "from": [10, 8, 11.5],
            "to": [11, 12, 12.5],
            "rotation": { "angle": 0, "axis": "y", "origin": [9.25, 4.5, 8] },
            "faces": {
                "north": { "uv": [7, 4.5, 7.25, 5.5], "texture": "#2" },
                "east": { "uv": [2, 9.75, 2.25, 10.75], "texture": "#2" },
                "south": { "uv": [5, 11.25, 5.25, 12.25], "texture": "#2" },
                "west": { "uv": [5.5, 11.25, 5.75, 12.25], "texture": "#2" },
                "up": { "uv": [5.5, 2.75, 5.25, 2.5], "texture": "#2" },
                "down": { "uv": [4.75, 9.25, 4.5, 9.5], "texture": "#2" }
            }
        },
        {
            "from": [9, 11, 10.5],
            "to": [12, 15, 13.5],
            "rotation": { "angle": 0, "axis": "y", "origin": [10, 12, 10.5] },
            "faces": {
                "north": {
                    "uv": [6, 4.5, 6.75, 5.5],
                    "texture": "#2",
                    "tintindex": 0
                },
                "east": {
                    "uv": [6, 4.5, 6.75, 5.5],
                    "texture": "#2",
                    "tintindex": 0
                },
                "south": {
                    "uv": [6, 4.5, 6.75, 5.5],
                    "texture": "#2",
                    "tintindex": 0
                },
                "west": {
                    "uv": [6, 4.5, 6.75, 5.5],
                    "texture": "#2",
                    "tintindex": 0
                },
                "up": {
                    "uv": [3.75, 11.75, 3, 11],
                    "texture": "#2",
                    "tintindex": 0
                },
                "down": {
                    "uv": [11.75, 10.5, 11, 11.25],
                    "texture": "#2",
                    "tintindex": 0
                }
            }
        },
        {
            "from": [10, 15, 11.5],
            "to": [11, 15, 12.5],
            "rotation": { "angle": 0, "axis": "y", "origin": [10, 12, 10.5] },
            "faces": { "up": { "uv": [3.25, 12.25, 3, 12], "texture": "#2" } }
        },
        {
            "from": [5, 12, 9.5],
            "to": [10, 12, 14.5],
            "rotation": { "angle": -45, "axis": "z", "origin": [10, 12, 10.5] },
            "faces": {
                "up": {
                    "uv": [5.75, 11, 4.5, 9.75],
                    "texture": "#2",
                    "tintindex": 0
                },
                "down": {
                    "uv": [5.75, 11, 4.5, 9.75],
                    "texture": "#2",
                    "tintindex": 0
                }
            }
        },
        {
            "from": [5, 11.5, 8.5],
            "to": [10, 11.5, 15.5],
            "rotation": {
                "angle": -22.5,
                "axis": "z",
                "origin": [10, 11.5, 10.5]
            },
            "faces": {
                "up": {
                    "uv": [11, 6, 9.75, 4.25],
                    "texture": "#2",
                    "tintindex": 0
                },
                "down": {
                    "uv": [11, 6, 9.75, 4.25],
                    "texture": "#2",
                    "tintindex": 0
                }
            }
        },
        {
            "from": [11, 11.5, 8.5],
            "to": [16, 11.5, 15.5],
            "rotation": {
                "angle": 22.5,
                "axis": "z",
                "origin": [11, 11.5, 10.5]
            },
            "faces": {
                "up": {
                    "uv": [9.75, 6, 11, 4.25],
                    "texture": "#2",
                    "tintindex": 0
                },
                "down": {
                    "uv": [9.75, 6, 11, 4.25],
                    "texture": "#2",
                    "tintindex": 0
                }
            }
        },
        {
            "from": [11, 12, 9.5],
            "to": [16, 12, 14.5],
            "rotation": { "angle": 45, "axis": "z", "origin": [11, 12, 10.5] },
            "faces": {
                "up": {
                    "uv": [4.5, 11, 5.75, 9.75],
                    "texture": "#2",
                    "tintindex": 0
                },
                "down": {
                    "uv": [4.5, 11, 5.75, 9.75],
                    "texture": "#2",
                    "tintindex": 0
                }
            }
        },
        {
            "from": [8, 12.04544, 7.60969],
            "to": [13, 12.04544, 12.60969],
            "rotation": {
                "angle": 45,
                "axis": "x",
                "origin": [10.5, 13.36224, 12]
            },
            "faces": {
                "up": {
                    "uv": [5.75, 11, 4.5, 9.75],
                    "rotation": 90,
                    "texture": "#2",
                    "tintindex": 0
                },
                "down": {
                    "uv": [5.75, 11, 4.5, 9.75],
                    "rotation": 270,
                    "texture": "#2",
                    "tintindex": 0
                }
            }
        },
        {
            "from": [7, 11.41235, 7.05937],
            "to": [14, 11.41235, 12.05937],
            "rotation": {
                "angle": 22.5,
                "axis": "x",
                "origin": [10.5, 12.86224, 12]
            },
            "faces": {
                "up": {
                    "uv": [11, 6, 9.75, 4.25],
                    "rotation": 90,
                    "texture": "#2",
                    "tintindex": 0
                },
                "down": {
                    "uv": [11, 6, 9.75, 4.25],
                    "rotation": 270,
                    "texture": "#2",
                    "tintindex": 0
                }
            }
        },
        {
            "from": [7, 11.41235, 11.94063],
            "to": [14, 11.41235, 16.94063],
            "rotation": {
                "angle": -22.5,
                "axis": "x",
                "origin": [10.5, 12.86224, 12]
            },
            "faces": {
                "up": {
                    "uv": [9.75, 6, 11, 4.25],
                    "rotation": 90,
                    "texture": "#2",
                    "tintindex": 0
                },
                "down": {
                    "uv": [9.75, 6, 11, 4.25],
                    "rotation": 270,
                    "texture": "#2",
                    "tintindex": 0
                }
            }
        },
        {
            "from": [8, 12.04544, 11.39031],
            "to": [13, 12.04544, 16.39031],
            "rotation": {
                "angle": -45,
                "axis": "x",
                "origin": [10.5, 13.36224, 12]
            },
            "faces": {
                "up": {
                    "uv": [4.5, 11, 5.75, 9.75],
                    "rotation": 90,
                    "texture": "#2",
                    "tintindex": 0
                },
                "down": {
                    "uv": [4.5, 11, 5.75, 9.75],
                    "rotation": 270,
                    "texture": "#2",
                    "tintindex": 0
                }
            }
        },
        {
            "from": [13, 7, 6],
            "to": [14, 11, 7],
            "rotation": {
                "angle": -22.5,
                "axis": "z",
                "origin": [13.5, 10.25, 6.5]
            },
            "faces": {
                "north": { "uv": [1.5, 11.5, 1.75, 12.5], "texture": "#2" },
                "east": { "uv": [11, 11.5, 11.25, 12.5], "texture": "#2" },
                "south": { "uv": [11.5, 11.5, 11.75, 12.5], "texture": "#2" },
                "west": { "uv": [11.75, 1.25, 12, 2.25], "texture": "#2" },
                "up": { "uv": [10.75, 12, 10.5, 11.75], "texture": "#2" },
                "down": { "uv": [12.25, 0, 12, 0.25], "texture": "#2" }
            }
        },
        {
            "from": [12, 11, 5],
            "to": [15, 15, 8],
            "rotation": {
                "angle": -22.5,
                "axis": "z",
                "origin": [13.5, 10.25, 6.5]
            },
            "faces": {
                "north": { "uv": [6, 10.75, 6.75, 11.75], "texture": "#2" },
                "east": { "uv": [7, 10.75, 7.75, 11.75], "texture": "#2" },
                "south": { "uv": [8, 10.75, 8.75, 11.75], "texture": "#2" },
                "west": { "uv": [9, 10.75, 9.75, 11.75], "texture": "#2" },
                "up": { "uv": [12, 4.5, 11.25, 3.75], "texture": "#2" },
                "down": { "uv": [4.75, 11.25, 4, 12], "texture": "#2" }
            }
        },
        {
            "from": [11.75, 11.75, 4.75],
            "to": [15.25, 15.25, 8.25],
            "rotation": {
                "angle": -22.5,
                "axis": "z",
                "origin": [13.5, 10.25, 6.5]
            },
            "faces": {
                "north": { "uv": [10, 10.75, 10.75, 11.5], "texture": "#2" },
                "east": { "uv": [10.75, 1.5, 11.5, 2.25], "texture": "#2" },
                "south": { "uv": [10.75, 2.75, 11.5, 3.5], "texture": "#2" },
                "west": { "uv": [2, 11.25, 2.75, 12], "texture": "#2" },
                "up": { "uv": [11.25, 3.75, 12, 4.5], "texture": "#2" },
                "down": { "uv": [11.75, 10.5, 12.5, 11.25], "texture": "#2" }
            }
        },
        {
            "from": [4, 8, 8],
            "to": [5, 12, 9],
            "rotation": { "angle": 0, "axis": "y", "origin": [3, 7, 10] },
            "faces": {
                "north": { "uv": [0, 11.5, 0.25, 12.5], "texture": "#2" },
                "east": { "uv": [11.5, 0, 11.75, 1], "texture": "#2" },
                "south": { "uv": [0.5, 11.5, 0.75, 12.5], "texture": "#2" },
                "west": { "uv": [1, 11.5, 1.25, 12.5], "texture": "#2" },
                "up": { "uv": [5.25, 9.5, 5, 9.25], "texture": "#2" },
                "down": { "uv": [11, 3.75, 10.75, 4], "texture": "#2" }
            }
        },
        {
            "from": [4.15224, 11.23463, 8],
            "to": [5.15224, 14.23463, 9],
            "rotation": {
                "angle": 22.5,
                "axis": "z",
                "origin": [3.15224, 11.23463, 10]
            },
            "faces": {
                "north": { "uv": [11.25, 5.25, 11.5, 6], "texture": "#2" },
                "east": { "uv": [11.75, 2.5, 12, 3.25], "texture": "#2" },
                "south": { "uv": [11.75, 5.25, 12, 6], "texture": "#2" },
                "west": { "uv": [11.75, 8.25, 12, 9], "texture": "#2" },
                "up": { "uv": [12, 9.5, 11.75, 9.25], "texture": "#2" },
                "down": { "uv": [10.25, 11.75, 10, 12], "texture": "#2" }
            }
        },
        {
            "from": [0.15224, 14.23463, 4],
            "to": [9.15224, 14.23463, 13],
            "rotation": {
                "angle": 22.5,
                "axis": "z",
                "origin": [3.15224, 11.23463, 10]
            },
            "faces": {
                "up": {
                    "uv": [3.25, 2.25, 5.5, 0],
                    "rotation": 270,
                    "texture": "#2"
                },
                "down": {
                    "uv": [5.5, 2.25, 3.25, 0],
                    "rotation": 270,
                    "texture": "#2"
                }
            }
        }
    ],
    "gui_light": "front",
    "display": {
        "thirdperson_righthand": {
            "rotation": [75, 45, 0],
            "translation": [0, 2.5, 0],
            "scale": [0.375, 0.375, 0.375]
        },
        "thirdperson_lefthand": {
            "rotation": [75, 45, 0],
            "translation": [0, 2.5, 0],
            "scale": [0.375, 0.375, 0.375]
        },
        "firstperson_righthand": {
            "rotation": [0, 120, 0],
            "translation": [0, 2.75, 0],
            "scale": [0.4, 0.4, 0.4]
        },
        "firstperson_lefthand": {
            "rotation": [0, 120, 0],
            "translation": [0, 2.75, 0],
            "scale": [0.4, 0.4, 0.4]
        },
        "ground": { "translation": [0, 5, 0], "scale": [0.5, 0.5, 0.5] },
        "gui": { "rotation": [15, 135, 0], "scale": [0.7, 0.7, 0.7] },
        "head": {
            "rotation": [32.5, 0, 0],
            "translation": [0, -60.25, 8],
            "scale": [1.6, 1.6, 1.6]
        }
    },
    "groups": [
        {
            "name": "group",
            "origin": [1.5, -10, 7],
            "color": 0,
            "children": [
                0,
                1,
                {
                    "name": "group",
                    "origin": [1.5, -10, 7],
                    "color": 0,
                    "children": [2, 3, 4]
                },
                {
                    "name": "group",
                    "origin": [8, 8, 8],
                    "color": 0,
                    "children": [
                        {
                            "name": "group",
                            "origin": [8.5, 8, 7.5],
                            "color": 0,
                            "children": [
                                5,
                                {
                                    "name": "group",
                                    "origin": [10.5, 9.5, 10.5],
                                    "color": 0,
                                    "children": [
                                        6,
                                        7,
                                        {
                                            "name": "group",
                                            "origin": [10.5, 13.86224, 12],
                                            "color": 0,
                                            "children": [
                                                8, 9, 10, 11, 12, 13, 14, 15
                                            ]
                                        }
                                    ]
                                }
                            ]
                        },
                        {
                            "name": "group",
                            "origin": [8, 8, 8],
                            "color": 0,
                            "children": [16, 17, 18]
                        },
                        {
                            "name": "group",
                            "origin": [8, 8, 8],
                            "color": 0,
                            "children": [19, 20, 21]
                        }
                    ]
                }
            ]
        }
    ]
}
