{
    "format_version": "1.9.0",
    "credit": "Made with Blockbench",
    "texture_size": [64, 64],
    "textures": {
        "1": "cosmetics:cosmetics/worncosmetic/summer25/lotus_lantern"
    },
    "elements": [
        {
            "from": [7.5, -4, 12],
            "to": [8.5, 18, 14],
            "rotation": { "angle": -45, "axis": "x", "origin": [7.5, 0, 12] },
            "faces": {
                "north": { "uv": [3, 0, 3.25, 5.5], "texture": "#1" },
                "east": { "uv": [0, 0, 0.5, 5.5], "texture": "#1" },
                "south": { "uv": [3.5, 0, 3.75, 5.5], "texture": "#1" },
                "west": { "uv": [0.75, 0, 1.25, 5.5], "texture": "#1" },
                "up": { "uv": [4.25, 4.5, 4, 4], "texture": "#1" },
                "down": { "uv": [4.75, 2, 4.5, 2.5], "texture": "#1" }
            }
        },
        {
            "from": [8, -9, 0.5],
            "to": [8, 12, 1.5],
            "rotation": { "angle": 0, "axis": "y", "origin": [6, 0, 0.5] },
            "faces": {
                "east": { "uv": [1.5, 3.5, 1.75, 8.75], "texture": "#1" },
                "west": { "uv": [1.5, 3.5, 1.75, 8.75], "texture": "#1" }
            }
        },
        {
            "from": [9.30037, -0.53739, 0.5],
            "to": [9.30037, 2.46261, 1.5],
            "rotation": {
                "angle": 22.5,
                "axis": "z",
                "origin": [7.30037, -0.53739, 0.5]
            },
            "faces": {
                "east": { "uv": [4, 2, 4.25, 2.75], "texture": "#1" },
                "west": { "uv": [4, 3, 4.25, 3.75], "texture": "#1" }
            }
        },
        {
            "from": [6.69963, -0.53739, 0.5],
            "to": [6.69963, 2.46261, 1.5],
            "rotation": {
                "angle": -22.5,
                "axis": "z",
                "origin": [8.69963, -0.53739, 0.5]
            },
            "faces": {
                "east": { "uv": [4.25, 3, 4, 3.75], "texture": "#1" },
                "west": { "uv": [4.25, 2, 4, 2.75], "texture": "#1" }
            }
        },
        {
            "from": [6.5, -3.5, -0.5],
            "to": [9.5, -2.5, 2.5],
            "rotation": { "angle": 0, "axis": "y", "origin": [7.5, 2, -0.5] },
            "faces": {
                "north": { "uv": [2, 4.25, 2.75, 4.5], "texture": "#1" },
                "east": { "uv": [2, 4.25, 2.75, 4.5], "texture": "#1" },
                "south": { "uv": [2, 4.25, 2.75, 4.5], "texture": "#1" },
                "west": { "uv": [2, 4.25, 2.75, 4.5], "texture": "#1" },
                "up": { "uv": [4.75, 0.75, 4, 0], "texture": "#1" },
                "down": { "uv": [4.75, 1, 4, 1.75], "texture": "#1" }
            }
        },
        {
            "from": [6.5, -2.5, -0.5],
            "to": [9.5, 0.5, 2.5],
            "rotation": { "angle": 0, "axis": "y", "origin": [7.5, 2, -0.5] },
            "faces": {
                "north": {
                    "uv": [2, 3.5, 2.75, 4.25],
                    "texture": "#1",
                    "tintindex": 0
                },
                "east": {
                    "uv": [2, 3.5, 2.75, 4.25],
                    "texture": "#1",
                    "tintindex": 0
                },
                "south": {
                    "uv": [2, 3.5, 2.75, 4.25],
                    "texture": "#1",
                    "tintindex": 0
                },
                "west": {
                    "uv": [2, 3.5, 2.75, 4.25],
                    "texture": "#1",
                    "tintindex": 0
                },
                "up": {
                    "uv": [4.75, 0.75, 4, 0],
                    "texture": "#1",
                    "tintindex": 0
                },
                "down": {
                    "uv": [4.75, 1, 4, 1.75],
                    "texture": "#1",
                    "tintindex": 0
                }
            }
        },
        {
            "from": [7.5, 0.5, 0.5],
            "to": [8.5, 0.5, 1.5],
            "rotation": {
                "angle": 0,
                "axis": "y",
                "origin": [7.5, -2.5, -0.5]
            },
            "faces": { "up": { "uv": [5.25, 0.25, 5, 0], "texture": "#1" } }
        },
        {
            "from": [8.5, -2.5, -1.5],
            "to": [13.5, -2.5, 3.5],
            "rotation": {
                "angle": 45,
                "axis": "z",
                "origin": [8.5, -2.5, -0.5]
            },
            "faces": {
                "up": {
                    "uv": [2.75, 3.25, 1.5, 2],
                    "texture": "#1",
                    "tintindex": 0
                },
                "down": {
                    "uv": [2.75, 3.25, 1.5, 2],
                    "texture": "#1",
                    "tintindex": 0
                }
            }
        },
        {
            "from": [9.5, -2.5, -2.5],
            "to": [13.5, -2.5, 4.5],
            "rotation": {
                "angle": 22.5,
                "axis": "z",
                "origin": [9.5, -2.5, -0.5]
            },
            "faces": {
                "up": {
                    "uv": [2.5, 1.75, 1.5, 0],
                    "texture": "#1",
                    "tintindex": 0
                },
                "down": {
                    "uv": [2.5, 1.75, 1.5, 0],
                    "texture": "#1",
                    "tintindex": 0
                }
            }
        },
        {
            "from": [5.5, -2.48258, 0.45796],
            "to": [10.5, -2.48258, 5.45796],
            "rotation": {
                "angle": -45,
                "axis": "x",
                "origin": [8, -1.23343, 1]
            },
            "faces": {
                "up": {
                    "uv": [2.75, 3.25, 1.5, 2],
                    "rotation": 90,
                    "texture": "#1",
                    "tintindex": 0
                },
                "down": {
                    "uv": [2.75, 3.25, 1.5, 2],
                    "rotation": 270,
                    "texture": "#1",
                    "tintindex": 0
                }
            }
        },
        {
            "from": [4.5, -2.97761, 1.90113],
            "to": [11.5, -2.97761, 5.90113],
            "rotation": {
                "angle": -22.5,
                "axis": "x",
                "origin": [8, -1.23343, 1]
            },
            "faces": {
                "up": {
                    "uv": [2.5, 1.75, 1.5, 0],
                    "rotation": 90,
                    "texture": "#1",
                    "tintindex": 0
                },
                "down": {
                    "uv": [2.5, 1.75, 1.5, 0],
                    "rotation": 270,
                    "texture": "#1",
                    "tintindex": 0
                }
            }
        },
        {
            "from": [2.5, -2.5, -1.5],
            "to": [7.5, -2.5, 3.5],
            "rotation": {
                "angle": -45,
                "axis": "z",
                "origin": [7.5, -2.5, -0.5]
            },
            "faces": {
                "up": {
                    "uv": [1.5, 3.25, 2.75, 2],
                    "texture": "#1",
                    "tintindex": 0
                },
                "down": {
                    "uv": [1.5, 3.25, 2.75, 2],
                    "texture": "#1",
                    "tintindex": 0
                }
            }
        },
        {
            "from": [2.5, -2.5, -2.5],
            "to": [6.5, -2.5, 4.5],
            "rotation": {
                "angle": -22.5,
                "axis": "z",
                "origin": [6.5, -2.5, -0.5]
            },
            "faces": {
                "up": {
                    "uv": [1.5, 1.75, 2.5, 0],
                    "texture": "#1",
                    "tintindex": 0
                },
                "down": {
                    "uv": [1.5, 1.75, 2.5, 0],
                    "texture": "#1",
                    "tintindex": 0
                }
            }
        },
        {
            "from": [5.5, -2.48258, -3.45796],
            "to": [10.5, -2.48258, 1.54204],
            "rotation": {
                "angle": 45,
                "axis": "x",
                "origin": [8, -1.23343, 1]
            },
            "faces": {
                "up": {
                    "uv": [1.5, 3.25, 2.75, 2],
                    "rotation": 90,
                    "texture": "#1",
                    "tintindex": 0
                },
                "down": {
                    "uv": [1.5, 3.25, 2.75, 2],
                    "rotation": 270,
                    "texture": "#1",
                    "tintindex": 0
                }
            }
        },
        {
            "from": [4.5, -2.97761, -3.90113],
            "to": [11.5, -2.97761, 0.09887],
            "rotation": {
                "angle": 22.5,
                "axis": "x",
                "origin": [8, -1.23343, 1]
            },
            "faces": {
                "up": {
                    "uv": [1.5, 1.75, 2.5, 0],
                    "rotation": 90,
                    "texture": "#1",
                    "tintindex": 0
                },
                "down": {
                    "uv": [1.5, 1.75, 2.5, 0],
                    "rotation": 270,
                    "texture": "#1",
                    "tintindex": 0
                }
            }
        }
    ],
    "gui_light": "front",
    "display": {
        "thirdperson_righthand": {
            "rotation": [67.5, 0, 0],
            "translation": [0, 4, 5],
            "scale": [1.1, 1.1, 1.1]
        },
        "thirdperson_lefthand": {
            "rotation": [67.5, 0, 0],
            "translation": [0, 4, 5],
            "scale": [1.1, 1.1, 1.1]
        },
        "firstperson_lefthand": { "translation": [0, 0, 80] },
        "ground": { "translation": [0, 5, 0], "scale": [0.5, 0.5, 0.5] },
        "gui": {
            "rotation": [15, 130, 0],
            "translation": [1.75, 3.75, 0],
            "scale": [0.7, 0.7, 0.7]
        }
    },
    "groups": [
        {
            "name": "group",
            "origin": [8.69963, -1.53739, 0.5],
            "color": 0,
            "children": [
                0,
                {
                    "name": "group",
                    "origin": [8.69963, -1.53739, 0.5],
                    "color": 0,
                    "children": [1, 2, 3]
                },
                {
                    "name": "group",
                    "origin": [8.5, 8, 7.5],
                    "color": 0,
                    "children": [
                        4,
                        5,
                        6,
                        {
                            "name": "group",
                            "origin": [8.5, -2.5, -0.5],
                            "color": 0,
                            "children": [7, 8]
                        },
                        {
                            "name": "group",
                            "origin": [8.5, -2.5, -0.5],
                            "color": 0,
                            "children": [9, 10]
                        },
                        {
                            "name": "group",
                            "origin": [8.5, -2.5, -0.5],
                            "color": 0,
                            "children": [11, 12]
                        },
                        {
                            "name": "group",
                            "origin": [8.5, -2.5, -0.5],
                            "color": 0,
                            "children": [13, 14]
                        }
                    ]
                }
            ]
        }
    ]
}
