{
    "format_version": "1.9.0",
    "credit": "Made with Blockbench",
    "texture_size": [64, 64],
    "textures": {
        "0": "cosmetics:cosmetics/worncosmetic/summer25/shark_hat",
        "particle": "cosmetics:cosmetics/worncosmetic/summer25/shark_hat"
    },
    "elements": [
        {
            "from": [2, 1.00821, 9.47561],
            "to": [14, 7.00821, 12.47561],
            "rotation": {
                "angle": 45,
                "axis": "x",
                "origin": [8, 8.57822, 6.6421]
            },
            "faces": {
                "north": { "uv": [0, 8, 3, 9.5], "texture": "#0" },
                "east": { "uv": [9, 0, 9.75, 1.5], "texture": "#0" },
                "south": { "uv": [3.25, 8, 6.25, 9.5], "texture": "#0" },
                "west": { "uv": [9.75, 9.25, 10.5, 10.75], "texture": "#0" },
                "down": { "uv": [3, 6, 0, 6.75], "texture": "#0" }
            }
        },
        {
            "from": [7, -2.38904, 6.29476],
            "to": [9, 5.61096, 12.29476],
            "rotation": {
                "angle": -22.5,
                "axis": "x",
                "origin": [8, 8.57822, 6.64211]
            },
            "faces": {
                "north": {
                    "uv": [10.5, 2.5, 11, 4.5],
                    "texture": "#0",
                    "tintindex": 0
                },
                "east": {
                    "uv": [8.75, 2.25, 10.25, 4.25],
                    "texture": "#0",
                    "tintindex": 0
                },
                "south": {
                    "uv": [10.5, 4.75, 11, 6.75],
                    "texture": "#0",
                    "tintindex": 0
                },
                "west": {
                    "uv": [8.75, 7, 10.25, 9],
                    "texture": "#0",
                    "tintindex": 0
                },
                "down": {
                    "uv": [0.5, 10.75, 0, 12.25],
                    "texture": "#0",
                    "tintindex": 0
                }
            }
        },
        {
            "from": [1.995, 2.995, 7],
            "to": [14.005, 14.005, 13.005],
            "rotation": { "angle": 0, "axis": "y", "origin": [8, 8.57822, 7] },
            "faces": {
                "north": {
                    "uv": [0, 0, 3, 2.75],
                    "texture": "#0",
                    "tintindex": 0
                },
                "east": {
                    "uv": [3.25, 5, 4.75, 7.75],
                    "texture": "#0",
                    "tintindex": 0
                },
                "south": {
                    "uv": [0, 3, 3, 5.75],
                    "texture": "#0",
                    "tintindex": 0
                },
                "west": {
                    "uv": [6.5, 5, 8, 7.75],
                    "texture": "#0",
                    "tintindex": 0
                },
                "up": {
                    "uv": [6.25, 1.5, 3.25, 0],
                    "texture": "#0",
                    "tintindex": 0
                },
                "down": {
                    "uv": [6.25, 2.5, 3.25, 4],
                    "texture": "#0",
                    "tintindex": 0
                }
            }
        },
        {
            "from": [-4.14723, 5.41624, 7],
            "to": [1.85277, 9.41624, 9],
            "rotation": {
                "angle": 22.5,
                "axis": "z",
                "origin": [8, 8.57822, 6.64211]
            },
            "faces": {
                "north": {
                    "uv": [4.75, 9.75, 3.25, 10.75],
                    "texture": "#0",
                    "tintindex": 0
                },
                "south": {
                    "uv": [6.5, 10.25, 5, 11.25],
                    "texture": "#0",
                    "tintindex": 0
                },
                "west": {
                    "uv": [2.75, 10.75, 2.25, 11.75],
                    "texture": "#0",
                    "tintindex": 0
                },
                "up": {
                    "uv": [10.5, 7.5, 12, 7],
                    "texture": "#0",
                    "tintindex": 0
                },
                "down": {
                    "uv": [10.5, 7.75, 12, 8.25],
                    "texture": "#0",
                    "tintindex": 0
                }
            }
        },
        {
            "from": [7.73378, 8.09986, 7],
            "to": [16.23378, 16.59986, 13],
            "rotation": { "angle": 45, "axis": "z", "origin": [8, 8.36608, 7] },
            "faces": {
                "north": {
                    "uv": [6.5, 8, 8.5, 10],
                    "texture": "#0",
                    "tintindex": 0
                },
                "east": {
                    "uv": [6.5, 0, 8, 2],
                    "texture": "#0",
                    "tintindex": 0
                },
                "south": {
                    "uv": [8.25, 4.75, 10.25, 6.75],
                    "texture": "#0",
                    "tintindex": 0
                },
                "up": {
                    "uv": [8.5, 3.75, 6.5, 2.25],
                    "texture": "#0",
                    "tintindex": 0
                }
            }
        },
        {
            "from": [14.14723, 5.41624, 7],
            "to": [20.14723, 9.41624, 9],
            "rotation": {
                "angle": -22.5,
                "axis": "z",
                "origin": [8, 8.57822, 6.64211]
            },
            "faces": {
                "north": {
                    "uv": [3.25, 9.75, 4.75, 10.75],
                    "texture": "#0",
                    "tintindex": 0
                },
                "east": {
                    "uv": [2.25, 10.75, 2.75, 11.75],
                    "texture": "#0",
                    "tintindex": 0
                },
                "south": {
                    "uv": [5, 10.25, 6.5, 11.25],
                    "texture": "#0",
                    "tintindex": 0
                },
                "up": {
                    "uv": [12, 7.5, 10.5, 7],
                    "texture": "#0",
                    "tintindex": 0
                },
                "down": {
                    "uv": [12, 7.75, 10.5, 8.25],
                    "texture": "#0",
                    "tintindex": 0
                }
            }
        },
        {
            "from": [7.73378, 8.09986, 4],
            "to": [16.23378, 16.59986, 7],
            "rotation": { "angle": 45, "axis": "z", "origin": [8, 8.36608, 7] },
            "faces": {
                "north": { "uv": [6.5, 8, 8.5, 10], "texture": "#0" },
                "east": { "uv": [8, 0, 8.75, 2], "texture": "#0" },
                "up": { "uv": [8.5, 4.5, 6.5, 3.75], "texture": "#0" }
            }
        },
        {
            "from": [1.995, 2.995, 3.995],
            "to": [14.005, 14.005, 7],
            "rotation": { "angle": 0, "axis": "y", "origin": [8, 8.57822, 7] },
            "faces": {
                "north": { "uv": [0, 0, 3, 2.75], "texture": "#0" },
                "east": { "uv": [4.75, 5, 5.5, 7.75], "texture": "#0" },
                "west": { "uv": [5.75, 5, 6.5, 7.75], "texture": "#0" }
            }
        },
        {
            "from": [1.995, 6.995, 0.995],
            "to": [14.005, 14.005, 4.005],
            "rotation": {
                "angle": 0,
                "axis": "y",
                "origin": [8, 8.57822, 6.64211]
            },
            "faces": {
                "east": { "uv": [6.75, 10.25, 7.5, 12], "texture": "#0" },
                "west": { "uv": [7.75, 10.25, 8.5, 12], "texture": "#0" },
                "up": { "uv": [3, 10.5, 0, 9.75], "texture": "#0" }
            }
        },
        {
            "from": [14, 7, 1],
            "to": [2, 14, 4],
            "rotation": {
                "angle": 0,
                "axis": "y",
                "origin": [8, 8.57822, 6.64211]
            },
            "faces": {
                "east": { "uv": [8.5, 10.25, 7.75, 12], "texture": "#0" },
                "west": { "uv": [7.5, 10.25, 6.75, 12], "texture": "#0" },
                "up": { "uv": [0, 10.5, 3, 9.75], "texture": "#0" }
            }
        },
        {
            "from": [2, 1.00821, 5.47561],
            "to": [14, 7.00821, 9.47561],
            "rotation": {
                "angle": 45,
                "axis": "x",
                "origin": [8, 8.57822, 6.6421]
            },
            "faces": {
                "north": { "uv": [0, 8, 3, 9.5], "texture": "#0" },
                "east": { "uv": [9.75, 0, 10.75, 1.5], "texture": "#0" },
                "west": { "uv": [8.75, 9.25, 9.75, 10.75], "texture": "#0" },
                "down": { "uv": [3, 6.75, 0, 7.75], "texture": "#0" }
            }
        },
        {
            "from": [2, 4.02513, 0.52513],
            "to": [14, 9.02513, 2.52513],
            "rotation": {
                "angle": 45,
                "axis": "x",
                "origin": [8, 6.52513, 1.52513]
            },
            "faces": {
                "east": { "uv": [0.75, 10.75, 1.25, 12], "texture": "#0" },
                "west": { "uv": [1.5, 10.75, 2, 12], "texture": "#0" },
                "down": { "uv": [13.5, 1.75, 10.5, 2.25], "texture": "#0" }
            }
        },
        {
            "from": [14, 4.02513, 0.52513],
            "to": [2, 9.02513, 2.52513],
            "rotation": {
                "angle": 45,
                "axis": "x",
                "origin": [8, 6.52513, 1.52513]
            },
            "faces": {
                "east": { "uv": [2, 10.75, 1.5, 12], "texture": "#0" },
                "west": { "uv": [1.25, 10.75, 0.75, 12], "texture": "#0" },
                "down": { "uv": [10.5, 1.75, 13.5, 2.25], "texture": "#0" }
            }
        }
    ],
    "gui_light": "front",
    "display": {
        "thirdperson_righthand": {
            "rotation": [75, 45, 0],
            "translation": [0, 2.5, 0],
            "scale": [0.375, 0.375, 0.375]
        },
        "thirdperson_lefthand": {
            "rotation": [75, 45, 0],
            "translation": [0, 2.5, 0],
            "scale": [0.375, 0.375, 0.375]
        },
        "firstperson_righthand": {
            "rotation": [0, 120, 0],
            "translation": [0, 2, 0],
            "scale": [0.4, 0.4, 0.4]
        },
        "firstperson_lefthand": {
            "rotation": [0, 120, 0],
            "translation": [0, 2, 0],
            "scale": [0.4, 0.4, 0.4]
        },
        "ground": { "translation": [0, 9, 0], "scale": [0.5, 0.5, 0.5] },
        "gui": {
            "rotation": [45, -180, 67.5],
            "translation": [-0.25, 0.25, 0],
            "scale": [0.6, 0.6, 0.6]
        },
        "head": {
            "rotation": [-22.5, 0, 0],
            "translation": [0, 2.75, 2.75],
            "scale": [1.6, 1.6, 1.6]
        }
    },
    "groups": [
        {
            "name": "group",
            "origin": [2, 0, 4],
            "color": 0,
            "children": [
                {
                    "name": "group",
                    "origin": [8, 8.57822, 6.64211],
                    "color": 0,
                    "children": [0, 1, 2, 3, 4, 5]
                },
                6,
                7,
                8,
                9,
                {
                    "name": "group",
                    "origin": [8, 6.52513, 1.52513],
                    "color": 0,
                    "children": [10, 11, 12]
                }
            ]
        }
    ]
}
