{
    "format_version": "1.21.6",
    "credit": "Made with Blockbench",
    "texture_size": [64, 64],
    "textures": {
        "2": "cosmetics:cosmetics/worncosmetic/summer25/toy_bubble_gun"
    },
    "elements": [
        {
            "from": [5, 5, 0.25],
            "to": [11, 11, 12.25],
            "rotation": { "angle": 0, "axis": "y", "origin": [0, 1, -1.75] },
            "faces": {
                "north": {
                    "uv": [3.5, 4.5, 5, 6],
                    "texture": "#2",
                    "tintindex": 0
                },
                "east": {
                    "uv": [0, 0, 3, 1.5],
                    "texture": "#2",
                    "tintindex": 0
                },
                "south": {
                    "uv": [0, 5, 1.5, 6.5],
                    "texture": "#2",
                    "tintindex": 0
                },
                "west": {
                    "uv": [3, 0, 0, 1.5],
                    "texture": "#2",
                    "tintindex": 0
                },
                "up": {
                    "uv": [1.5, 4.75, 0, 1.75],
                    "texture": "#2",
                    "tintindex": 0
                },
                "down": {
                    "uv": [3.25, 1.75, 1.75, 4.75],
                    "texture": "#2",
                    "tintindex": 0
                }
            }
        },
        {
            "from": [6, 6, -2.75],
            "to": [10, 10, 0.25],
            "rotation": { "angle": 0, "axis": "y", "origin": [0, 1, -1.75] },
            "faces": {
                "north": { "uv": [6.5, 5.75, 7.5, 6.75], "texture": "#2" },
                "east": { "uv": [7.75, 5.75, 8.5, 6.75], "texture": "#2" },
                "south": { "uv": [6.5, 5.75, 7.5, 6.75], "texture": "#2" },
                "west": { "uv": [7.5, 7.75, 8.25, 8.75], "texture": "#2" },
                "up": { "uv": [1, 8.75, 0, 8], "texture": "#2" },
                "down": { "uv": [2.25, 8, 1.25, 8.75], "texture": "#2" }
            }
        },
        {
            "from": [7.5, 11, 1.25],
            "to": [8.5, 13, 9.25],
            "rotation": { "angle": 0, "axis": "y", "origin": [0, 1, -1.75] },
            "faces": {
                "north": { "uv": [2.5, 9.25, 2.75, 9.75], "texture": "#2" },
                "east": { "uv": [5.75, 3.75, 7.75, 4.25], "texture": "#2" },
                "south": { "uv": [3, 9.25, 3.25, 9.75], "texture": "#2" },
                "west": { "uv": [7.75, 3.75, 5.75, 4.25], "texture": "#2" },
                "up": { "uv": [8.75, 10.75, 8.5, 8.75], "texture": "#2" },
                "down": { "uv": [0.25, 9, 0, 11], "texture": "#2" }
            }
        },
        {
            "from": [6.5, 6.5, 12.25],
            "to": [9.5, 9.5, 16.25],
            "rotation": { "angle": 0, "axis": "y", "origin": [8, 8, 14.25] },
            "faces": {
                "north": { "uv": [8.5, 7.75, 9.25, 8.5], "texture": "#2" },
                "east": { "uv": [8.25, 0, 9.25, 0.75], "texture": "#2" },
                "south": { "uv": [8.5, 7.75, 9.25, 8.5], "texture": "#2" },
                "west": { "uv": [9.25, 0, 8.25, 0.75], "texture": "#2" },
                "up": { "uv": [9, 2, 8.25, 1], "texture": "#2" },
                "down": { "uv": [9, 2.25, 8.25, 3.25], "texture": "#2" }
            }
        },
        {
            "from": [6, 6, 16.25],
            "to": [10, 10, 18.25],
            "rotation": { "angle": 0, "axis": "y", "origin": [0, 1, -1.75] },
            "faces": {
                "north": { "uv": [0, 6.75, 1, 7.75], "texture": "#2" },
                "east": { "uv": [2.75, 5, 3.25, 6], "texture": "#2" },
                "south": { "uv": [1.25, 6.75, 2.25, 7.75], "texture": "#2" },
                "west": { "uv": [3.25, 5, 2.75, 6], "texture": "#2" },
                "up": { "uv": [9.75, 6.25, 8.75, 5.75], "texture": "#2" },
                "down": { "uv": [1.5, 9, 0.5, 9.5], "texture": "#2" }
            }
        },
        {
            "from": [4, 7, -0.75],
            "to": [12, 9, 7.25],
            "rotation": { "angle": 0, "axis": "y", "origin": [0, 1, -1.75] },
            "faces": {
                "north": { "uv": [5.25, 7, 7.25, 7.5], "texture": "#2" },
                "east": { "uv": [2.5, 7.5, 4.5, 8], "texture": "#2" },
                "south": { "uv": [7.5, 7, 9.5, 7.5], "texture": "#2" },
                "west": { "uv": [4.5, 7.5, 2.5, 8], "texture": "#2" },
                "up": { "uv": [5.5, 2, 3.5, 0], "texture": "#2" },
                "down": { "uv": [5.5, 2.25, 3.5, 4.25], "texture": "#2" }
            }
        },
        {
            "from": [3.5, 6, 7.25],
            "to": [12.5, 10, 11.25],
            "rotation": { "angle": 0, "axis": "y", "origin": [0.5, 0, -1.75] },
            "faces": {
                "north": { "uv": [5.25, 4.5, 7.5, 5.5], "texture": "#2" },
                "east": { "uv": [4.75, 7.75, 5.75, 8.75], "texture": "#2" },
                "south": { "uv": [5.75, 0, 8, 1], "texture": "#2" },
                "west": { "uv": [4.75, 7.75, 5.75, 8.75], "texture": "#2" },
                "up": { "uv": [8, 2.25, 5.75, 1.25], "texture": "#2" },
                "down": { "uv": [8, 2.5, 5.75, 3.5], "texture": "#2" }
            }
        },
        {
            "from": [6.25, 0.25, 1.05],
            "to": [9.75, 3.75, 4.55],
            "rotation": {
                "angle": 0,
                "axis": "y",
                "origin": [7.95, 1.7, 2.75]
            },
            "faces": {
                "north": { "uv": [7.75, 4.5, 8.75, 5.5], "texture": "#2" },
                "east": { "uv": [7.75, 4.5, 8.75, 5.5], "texture": "#2" },
                "south": { "uv": [7.75, 4.5, 8.75, 5.5], "texture": "#2" },
                "west": { "uv": [7.75, 4.5, 8.75, 5.5], "texture": "#2" },
                "up": { "uv": [7, 10.5, 6, 9.5], "texture": "#2" },
                "down": { "uv": [8.25, 9.5, 7.25, 10.5], "texture": "#2" }
            }
        },
        {
            "from": [10, 0, 0.8],
            "to": [6, 4, 4.8],
            "rotation": { "angle": 0, "axis": "y", "origin": [0, -3, 2.8] },
            "faces": {
                "north": {
                    "uv": [5.25, 5.75, 6.25, 6.75],
                    "texture": "#2",
                    "tintindex": 0
                },
                "east": {
                    "uv": [5.25, 5.75, 6.25, 6.75],
                    "texture": "#2",
                    "tintindex": 0
                },
                "south": {
                    "uv": [5.25, 5.75, 6.25, 6.75],
                    "texture": "#2",
                    "tintindex": 0
                },
                "west": {
                    "uv": [5.25, 5.75, 6.25, 6.75],
                    "texture": "#2",
                    "tintindex": 0
                },
                "up": {
                    "uv": [3.75, 7.25, 2.75, 6.25],
                    "texture": "#2",
                    "tintindex": 0
                },
                "down": {
                    "uv": [5, 6.25, 4, 7.25],
                    "texture": "#2",
                    "tintindex": 0
                }
            }
        },
        {
            "from": [6.5, 4.01, 1.25],
            "to": [9.5, 5.01, 4.25],
            "rotation": { "angle": 0, "axis": "y", "origin": [0, 1, -1.25] },
            "faces": {
                "north": {
                    "uv": [8.75, 6.5, 9.5, 6.75],
                    "texture": "#2",
                    "tintindex": 0
                },
                "east": {
                    "uv": [7.5, 9, 8.25, 9.25],
                    "texture": "#2",
                    "tintindex": 0
                },
                "south": {
                    "uv": [9, 8.75, 9.75, 9],
                    "texture": "#2",
                    "tintindex": 0
                },
                "west": {
                    "uv": [8.25, 9, 7.5, 9.25],
                    "texture": "#2",
                    "tintindex": 0
                },
                "up": {
                    "uv": [4.5, 9, 3.75, 8.25],
                    "texture": "#2",
                    "tintindex": 0
                },
                "down": {
                    "uv": [3.75, 8.25, 4.5, 9],
                    "texture": "#2",
                    "tintindex": 0
                }
            }
        },
        {
            "from": [7, 0, 9.25],
            "to": [9, 2, 12.25],
            "rotation": { "angle": -22.5, "axis": "x", "origin": [8, 3, 11] },
            "faces": {
                "north": { "uv": [6, 8.75, 6.5, 9.25], "texture": "#2" },
                "east": { "uv": [2.5, 6, 1.75, 6.5], "texture": "#2" },
                "south": { "uv": [6.75, 8.75, 7.25, 9.25], "texture": "#2" },
                "west": { "uv": [1.75, 6, 2.5, 6.5], "texture": "#2" },
                "down": { "uv": [9.5, 4.5, 9, 5.25], "texture": "#2" }
            }
        },
        {
            "from": [7, 2, 9.25],
            "to": [9, 6, 12.25],
            "rotation": { "angle": -22.5, "axis": "x", "origin": [8, 3, 11] },
            "faces": {
                "north": {
                    "uv": [6, 7.75, 6.5, 8.75],
                    "texture": "#2",
                    "tintindex": 0
                },
                "east": {
                    "uv": [2.5, 5, 1.75, 6],
                    "texture": "#2",
                    "tintindex": 0
                },
                "south": {
                    "uv": [6.75, 7.75, 7.25, 8.75],
                    "texture": "#2",
                    "tintindex": 0
                },
                "west": {
                    "uv": [1.75, 5, 2.5, 6],
                    "texture": "#2",
                    "tintindex": 0
                }
            }
        },
        {
            "from": [7.5, 3, 6.25],
            "to": [8.5, 5, 9.25],
            "rotation": { "angle": 0, "axis": "y", "origin": [0, 1, -1.75] },
            "faces": {
                "north": { "uv": [3.5, 9.25, 3.75, 9.75], "texture": "#2" },
                "east": { "uv": [5.5, 9, 4.75, 9.5], "texture": "#2" },
                "south": { "uv": [4, 9.25, 4.25, 9.75], "texture": "#2" },
                "west": { "uv": [4.75, 9, 5.5, 9.5], "texture": "#2" },
                "up": { "uv": [9.5, 1.75, 9.25, 1], "texture": "#2" },
                "down": { "uv": [9.5, 2, 9.25, 2.75], "texture": "#2" }
            }
        }
    ],
    "gui_light": "front",
    "display": {
        "thirdperson_righthand": {
            "rotation": [24, 0, 0],
            "translation": [0, 6, 0],
            "scale": [1.03, 1, 1]
        },
        "thirdperson_lefthand": {
            "rotation": [24, 0, 0],
            "translation": [0, 6, 0],
            "scale": [1.03, 1, 1]
        },
        "firstperson_lefthand": { "translation": [0, 0, 70] },
        "gui": {
            "rotation": [15, 135, 0],
            "translation": [0.25, 1, 0],
            "scale": [0.8, 0.8, 0.8]
        }
    },
    "groups": [
        {
            "name": "group",
            "origin": [8, 8, 4.25],
            "color": 0,
            "children": [
                0,
                1,
                2,
                3,
                4,
                5,
                6,
                {
                    "name": "group",
                    "origin": [0, 1, -3.75],
                    "color": 0,
                    "children": [7, 8, 9]
                },
                {
                    "name": "group",
                    "origin": [0, 1, -3.75],
                    "color": 0,
                    "children": [10, 11, 12]
                }
            ]
        }
    ]
}
