{
    "credit": "Erocavontic",
    "texture_size": [
        64,
        64
    ],
    "textures": {
        "0": "item/christmas24/cosmetics/christmas_tree",
        "particle": "item/christmas24/cosmetics/christmas_tree"
    },
    "elements": [
        {
            "from": [
                5,
                0,
                7
            ],
            "to": [
                11,
                5,
                9
            ],
            "faces": {
                "north": {
                    "uv": [
                        0.5,
                        7.0,
                        2.0,
                        8.25
                    ],
                    "texture": "#0"
                },
                "east": {
                    "uv": [
                        0.0,
                        7.0,
                        0.5,
                        8.25
                    ],
                    "texture": "#0"
                },
                "south": {
                    "uv": [
                        2.5,
                        7.0,
                        4.0,
                        8.25
                    ],
                    "texture": "#0"
                },
                "west": {
                    "uv": [
                        2.0,
                        7.0,
                        2.5,
                        8.25
                    ],
                    "texture": "#0"
                },
                "up": {
                    "uv": [
                        1.5,
                        8.75,
                        0.0,
                        8.25
                    ],
                    "texture": "#0"
                },
                "down": {
                    "uv": [
                        3.0,
                        8.25,
                        1.5,
                        8.75
                    ],
                    "texture": "#0"
                }
            },
            "rotation": {
                "angle": 0,
                "axis": "y",
                "origin": [
                    7,
                    0,
                    7
                ]
            }
        },
        {
            "from": [
                2.3431457505076194,
                2.999999999999999,
                6.5
            ],
            "to": [
                10.34314575050762,
                10,
                9.5
            ],
            "faces": {
                "north": {
                    "uv": [
                        6.25,
                        0.0,
                        8.25,
                        1.75
                    ],
                    "texture": "#0"
                },
                "east": {
                    "uv": [
                        5.5,
                        0.0,
                        6.25,
                        1.75
                    ],
                    "texture": "#0"
                },
                "south": {
                    "uv": [
                        9.0,
                        0.0,
                        11.0,
                        1.75
                    ],
                    "texture": "#0"
                },
                "west": {
                    "uv": [
                        8.25,
                        0.0,
                        9.0,
                        1.75
                    ],
                    "texture": "#0"
                },
                "up": {
                    "uv": [
                        7.5,
                        2.5,
                        5.5,
                        1.75
                    ],
                    "texture": "#0"
                },
                "down": {
                    "uv": [
                        9.5,
                        1.75,
                        7.5,
                        2.5
                    ],
                    "texture": "#0"
                }
            },
            "rotation": {
                "angle": 45,
                "axis": "z",
                "origin": [
                    2.3431457505076194,
                    1.9999999999999991,
                    7
                ]
            }
        },
        {
            "from": [
                8,
                2,
                6.475
            ],
            "to": [
                16,
                10,
                9.525
            ],
            "faces": {
                "north": {
                    "uv": [
                        0.75,
                        0.0,
                        2.75,
                        2.0
                    ],
                    "texture": "#0"
                },
                "east": {
                    "uv": [
                        0.0,
                        0.0,
                        0.75,
                        2.0
                    ],
                    "texture": "#0"
                },
                "south": {
                    "uv": [
                        3.5,
                        0.0,
                        5.5,
                        2.0
                    ],
                    "texture": "#0"
                },
                "west": {
                    "uv": [
                        2.75,
                        0.0,
                        3.5,
                        2.0
                    ],
                    "texture": "#0"
                },
                "up": {
                    "uv": [
                        7.5,
                        3.25,
                        5.5,
                        2.5
                    ],
                    "texture": "#0"
                },
                "down": {
                    "uv": [
                        9.5,
                        2.5,
                        7.5,
                        3.25
                    ],
                    "texture": "#0"
                }
            },
            "rotation": {
                "angle": 45,
                "axis": "z",
                "origin": [
                    8,
                    2,
                    7
                ]
            }
        },
        {
            "from": [
                5,
                8.75,
                7
            ],
            "to": [
                11,
                14.75,
                9
            ],
            "faces": {
                "north": {
                    "uv": [
                        5.5,
                        3.25,
                        7.0,
                        4.75
                    ],
                    "texture": "#0"
                },
                "south": {
                    "uv": [
                        7.5,
                        3.25,
                        9.0,
                        4.75
                    ],
                    "texture": "#0"
                },
                "west": {
                    "uv": [
                        7.0,
                        3.25,
                        7.5,
                        4.75
                    ],
                    "texture": "#0"
                },
                "up": {
                    "uv": [
                        11.0,
                        2.25,
                        9.5,
                        1.75
                    ],
                    "texture": "#0"
                }
            },
            "rotation": {
                "angle": 45,
                "axis": "z",
                "origin": [
                    3,
                    7.75,
                    7
                ]
            }
        },
        {
            "from": [
                10,
                15.75,
                6.475
            ],
            "to": [
                16,
                21.75,
                9.525
            ],
            "faces": {
                "north": {
                    "uv": [
                        0.75,
                        4.75,
                        2.25,
                        6.25
                    ],
                    "texture": "#0"
                },
                "east": {
                    "uv": [
                        0.0,
                        4.75,
                        0.75,
                        6.25
                    ],
                    "texture": "#0"
                },
                "south": {
                    "uv": [
                        3.0,
                        4.75,
                        4.5,
                        6.25
                    ],
                    "texture": "#0"
                },
                "west": {
                    "uv": [
                        2.25,
                        4.75,
                        3.0,
                        6.25
                    ],
                    "texture": "#0"
                },
                "up": {
                    "uv": [
                        1.5,
                        7.0,
                        0.0,
                        6.25
                    ],
                    "texture": "#0"
                },
                "down": {
                    "uv": [
                        3.0,
                        6.25,
                        1.5,
                        7.0
                    ],
                    "texture": "#0"
                }
            },
            "rotation": {
                "angle": 45,
                "axis": "z",
                "origin": [
                    8,
                    13.75,
                    7
                ]
            }
        },
        {
            "from": [
                6.34314575050762,
                13.75,
                6.5
            ],
            "to": [
                10.34314575050762,
                17.75,
                9.5
            ],
            "faces": {
                "north": {
                    "uv": [
                        6.25,
                        4.75,
                        7.25,
                        5.75
                    ],
                    "texture": "#0"
                },
                "east": {
                    "uv": [
                        5.5,
                        4.75,
                        6.25,
                        5.75
                    ],
                    "texture": "#0"
                },
                "south": {
                    "uv": [
                        8.0,
                        4.75,
                        9.0,
                        5.75
                    ],
                    "texture": "#0"
                },
                "west": {
                    "uv": [
                        7.25,
                        4.75,
                        8.0,
                        5.75
                    ],
                    "texture": "#0"
                },
                "up": {
                    "uv": [
                        6.5,
                        6.5,
                        5.5,
                        5.75
                    ],
                    "texture": "#0"
                },
                "down": {
                    "uv": [
                        7.5,
                        5.75,
                        6.5,
                        6.5
                    ],
                    "texture": "#0"
                }
            },
            "rotation": {
                "angle": 45,
                "axis": "z",
                "origin": [
                    2.3431457505076203,
                    12.75,
                    7
                ]
            }
        },
        {
            "from": [
                5.65685424949238,
                2.999999999999999,
                6.5
            ],
            "to": [
                13.65685424949238,
                10,
                9.5
            ],
            "faces": {
                "north": {
                    "uv": [
                        8.25,
                        0.0,
                        6.25,
                        1.75
                    ],
                    "texture": "#0"
                },
                "east": {
                    "uv": [
                        9.0,
                        0.0,
                        8.25,
                        1.75
                    ],
                    "texture": "#0"
                },
                "south": {
                    "uv": [
                        11.0,
                        0.0,
                        9.0,
                        1.75
                    ],
                    "texture": "#0"
                },
                "west": {
                    "uv": [
                        6.25,
                        0.0,
                        5.5,
                        1.75
                    ],
                    "texture": "#0"
                },
                "up": {
                    "uv": [
                        5.5,
                        2.5,
                        7.5,
                        1.75
                    ],
                    "texture": "#0"
                },
                "down": {
                    "uv": [
                        7.5,
                        1.75,
                        9.5,
                        2.5
                    ],
                    "texture": "#0"
                }
            },
            "rotation": {
                "angle": -45,
                "axis": "z",
                "origin": [
                    13.65685424949238,
                    1.9999999999999991,
                    7
                ]
            }
        },
        {
            "from": [
                5.65685424949238,
                13.75,
                6.5
            ],
            "to": [
                9.65685424949238,
                17.75,
                9.5
            ],
            "faces": {
                "north": {
                    "uv": [
                        7.25,
                        4.75,
                        6.25,
                        5.75
                    ],
                    "texture": "#0"
                },
                "east": {
                    "uv": [
                        8.0,
                        4.75,
                        7.25,
                        5.75
                    ],
                    "texture": "#0"
                },
                "south": {
                    "uv": [
                        9.0,
                        4.75,
                        8.0,
                        5.75
                    ],
                    "texture": "#0"
                },
                "west": {
                    "uv": [
                        6.25,
                        4.75,
                        5.5,
                        5.75
                    ],
                    "texture": "#0"
                },
                "up": {
                    "uv": [
                        5.5,
                        6.5,
                        6.5,
                        5.75
                    ],
                    "texture": "#0"
                },
                "down": {
                    "uv": [
                        6.5,
                        5.75,
                        7.5,
                        6.5
                    ],
                    "texture": "#0"
                }
            },
            "rotation": {
                "angle": -45,
                "axis": "z",
                "origin": [
                    13.65685424949238,
                    12.75,
                    7
                ]
            }
        },
        {
            "from": [
                8.17157287525381,
                6.921572875253808,
                7.025
            ],
            "to": [
                17.242640687119284,
                15.992640687119284,
                8.975
            ],
            "faces": {
                "north": {
                    "uv": [
                        0.5,
                        2.0,
                        2.75,
                        4.25
                    ],
                    "texture": "#0"
                },
                "east": {
                    "uv": [
                        0.0,
                        2.0,
                        0.5,
                        4.25
                    ],
                    "texture": "#0"
                },
                "south": {
                    "uv": [
                        3.25,
                        2.0,
                        5.5,
                        4.25
                    ],
                    "texture": "#0"
                },
                "west": {
                    "uv": [
                        2.75,
                        2.0,
                        3.25,
                        4.25
                    ],
                    "texture": "#0"
                },
                "up": {
                    "uv": [
                        2.25,
                        4.75,
                        0.0,
                        4.25
                    ],
                    "texture": "#0"
                },
                "down": {
                    "uv": [
                        4.5,
                        4.25,
                        2.25,
                        4.75
                    ],
                    "texture": "#0"
                }
            },
            "rotation": {
                "angle": 45,
                "axis": "z",
                "origin": [
                    8,
                    6.75,
                    7
                ]
            }
        },
        {
            "from": [
                5,
                8.75,
                7
            ],
            "to": [
                11,
                14.75,
                9
            ],
            "faces": {
                "north": {
                    "uv": [
                        7.0,
                        3.25,
                        5.5,
                        4.75
                    ],
                    "texture": "#0"
                },
                "east": {
                    "uv": [
                        7.5,
                        3.25,
                        7.0,
                        4.75
                    ],
                    "texture": "#0"
                },
                "south": {
                    "uv": [
                        9.0,
                        3.25,
                        7.5,
                        4.75
                    ],
                    "texture": "#0"
                },
                "up": {
                    "uv": [
                        9.5,
                        2.25,
                        11.0,
                        1.75
                    ],
                    "texture": "#0"
                }
            },
            "rotation": {
                "angle": -45,
                "axis": "z",
                "origin": [
                    13,
                    7.75,
                    7
                ]
            }
        },
        {
            "from": [
                1.75,
                6.5,
                5.5
            ],
            "to": [
                3.75,
                8.5,
                7.5
            ],
            "faces": {
                "north": {
                    "uv": [
                        4.0,
                        7.0,
                        4.75,
                        7.75
                    ],
                    "texture": "#0"
                },
                "east": {
                    "uv": [
                        4.75,
                        7.0,
                        5.5,
                        7.75
                    ],
                    "texture": "#0"
                },
                "south": {
                    "uv": [
                        4.0,
                        7.75,
                        4.75,
                        8.5
                    ],
                    "texture": "#0"
                },
                "west": {
                    "uv": [
                        4.75,
                        7.75,
                        5.5,
                        8.5
                    ],
                    "texture": "#0"
                },
                "up": {
                    "uv": [
                        5.5,
                        7.0,
                        6.25,
                        7.75
                    ],
                    "texture": "#0"
                },
                "down": {
                    "uv": [
                        5.5,
                        7.75,
                        6.25,
                        8.5
                    ],
                    "texture": "#0"
                }
            },
            "rotation": {
                "angle": 0,
                "axis": "y",
                "origin": [
                    2.75,
                    7.5,
                    6.5
                ]
            }
        },
        {
            "from": [
                13,
                8,
                5.5
            ],
            "to": [
                15,
                10,
                7.5
            ],
            "faces": {
                "north": {
                    "uv": [
                        6.25,
                        7.0,
                        7.0,
                        7.75
                    ],
                    "texture": "#0"
                },
                "east": {
                    "uv": [
                        7.0,
                        7.0,
                        7.75,
                        7.75
                    ],
                    "texture": "#0"
                },
                "south": {
                    "uv": [
                        6.25,
                        7.75,
                        7.0,
                        8.5
                    ],
                    "texture": "#0"
                },
                "west": {
                    "uv": [
                        7.0,
                        7.75,
                        7.75,
                        8.5
                    ],
                    "texture": "#0"
                },
                "up": {
                    "uv": [
                        7.75,
                        7.0,
                        8.5,
                        7.75
                    ],
                    "texture": "#0"
                },
                "down": {
                    "uv": [
                        7.75,
                        7.75,
                        8.5,
                        8.5
                    ],
                    "texture": "#0"
                }
            },
            "rotation": {
                "angle": 0,
                "axis": "y",
                "origin": [
                    14,
                    9,
                    6.5
                ]
            }
        },
        {
            "from": [
                10.5,
                13.25,
                5.75
            ],
            "to": [
                12.5,
                15.25,
                7.75
            ],
            "faces": {
                "north": {
                    "uv": [
                        4.0,
                        8.5,
                        4.75,
                        9.25
                    ],
                    "texture": "#0"
                },
                "east": {
                    "uv": [
                        4.75,
                        8.5,
                        5.5,
                        9.25
                    ],
                    "texture": "#0"
                },
                "south": {
                    "uv": [
                        4.0,
                        9.25,
                        4.75,
                        10.0
                    ],
                    "texture": "#0"
                },
                "west": {
                    "uv": [
                        4.75,
                        9.25,
                        5.5,
                        10.0
                    ],
                    "texture": "#0"
                },
                "up": {
                    "uv": [
                        5.5,
                        8.5,
                        6.25,
                        9.25
                    ],
                    "texture": "#0"
                },
                "down": {
                    "uv": [
                        5.5,
                        9.25,
                        6.25,
                        10.0
                    ],
                    "texture": "#0"
                }
            },
            "rotation": {
                "angle": 0,
                "axis": "y",
                "origin": [
                    11.5,
                    14.25,
                    6.75
                ]
            }
        },
        {
            "from": [
                8.45,
                19.35,
                5.5
            ],
            "to": [
                10.45,
                21.35,
                7.5
            ],
            "faces": {
                "north": {
                    "uv": [
                        6.25,
                        8.5,
                        7.0,
                        9.25
                    ],
                    "texture": "#0"
                },
                "east": {
                    "uv": [
                        7.0,
                        8.5,
                        7.75,
                        9.25
                    ],
                    "texture": "#0"
                },
                "south": {
                    "uv": [
                        6.25,
                        9.25,
                        7.0,
                        10.0
                    ],
                    "texture": "#0"
                },
                "west": {
                    "uv": [
                        7.0,
                        9.25,
                        7.75,
                        10.0
                    ],
                    "texture": "#0"
                },
                "up": {
                    "uv": [
                        7.75,
                        8.5,
                        8.5,
                        9.25
                    ],
                    "texture": "#0"
                },
                "down": {
                    "uv": [
                        7.75,
                        9.25,
                        8.5,
                        10.0
                    ],
                    "texture": "#0"
                }
            },
            "rotation": {
                "angle": 0,
                "axis": "y",
                "origin": [
                    9.45,
                    20.35,
                    6.5
                ]
            }
        },
        {
            "from": [
                8,
                1,
                6.25
            ],
            "to": [
                21,
                14,
                9.75
            ],
            "faces": {
                "north": {
                    "uv": [
                        0.0,
                        10.0,
                        3.25,
                        13.25
                    ],
                    "texture": "#0"
                },
                "east": {
                    "uv": [
                        3.25,
                        10.0,
                        4.0,
                        13.25
                    ],
                    "texture": "#0"
                },
                "south": {
                    "uv": [
                        4.0,
                        10.0,
                        7.25,
                        13.25
                    ],
                    "texture": "#0"
                },
                "up": {
                    "uv": [
                        0.0,
                        9.25,
                        3.25,
                        10.0
                    ],
                    "texture": "#0"
                }
            },
            "rotation": {
                "angle": 45,
                "axis": "z",
                "origin": [
                    8,
                    1,
                    7
                ]
            }
        },
        {
            "from": [
                8,
                8.75,
                6.75
            ],
            "to": [
                18,
                18.75,
                9.25
            ],
            "faces": {
                "north": {
                    "uv": [
                        7.25,
                        10.5,
                        9.75,
                        13.0
                    ],
                    "texture": "#0"
                },
                "east": {
                    "uv": [
                        9.75,
                        10.5,
                        10.25,
                        13.0
                    ],
                    "texture": "#0"
                },
                "south": {
                    "uv": [
                        10.25,
                        10.5,
                        12.75,
                        13.0
                    ],
                    "texture": "#0"
                },
                "up": {
                    "uv": [
                        7.25,
                        10.0,
                        9.75,
                        10.5
                    ],
                    "texture": "#0"
                }
            },
            "rotation": {
                "angle": 45,
                "axis": "z",
                "origin": [
                    8,
                    8.75,
                    7
                ]
            }
        },
        {
            "from": [
                13,
                16.3,
                6.25
            ],
            "to": [
                18,
                21.299999999999997,
                9.75
            ],
            "faces": {
                "north": {
                    "uv": [
                        0.0,
                        13.25,
                        1.25,
                        14.5
                    ],
                    "texture": "#0"
                },
                "east": {
                    "uv": [
                        1.25,
                        13.25,
                        2.0,
                        14.5
                    ],
                    "texture": "#0"
                },
                "south": {
                    "uv": [
                        2.0,
                        13.25,
                        3.25,
                        14.5
                    ],
                    "texture": "#0"
                },
                "up": {
                    "uv": [
                        3.25,
                        13.25,
                        4.5,
                        14.0
                    ],
                    "texture": "#0"
                }
            },
            "rotation": {
                "angle": 45,
                "axis": "z",
                "origin": [
                    8,
                    11.3,
                    7
                ]
            }
        },
        {
            "from": [
                5,
                14,
                6
            ],
            "to": [
                6,
                15,
                7
            ],
            "faces": {
                "north": {
                    "uv": [
                        9.5,
                        2.25,
                        9.75,
                        2.5
                    ],
                    "texture": "#0"
                },
                "east": {
                    "uv": [
                        9.75,
                        2.25,
                        10.0,
                        2.5
                    ],
                    "texture": "#0"
                },
                "south": {
                    "uv": [
                        10.0,
                        2.25,
                        10.25,
                        2.5
                    ],
                    "texture": "#0"
                },
                "west": {
                    "uv": [
                        9.5,
                        2.5,
                        9.75,
                        2.75
                    ],
                    "texture": "#0"
                },
                "up": {
                    "uv": [
                        9.75,
                        2.5,
                        10.0,
                        2.75
                    ],
                    "texture": "#0"
                },
                "down": {
                    "uv": [
                        10.0,
                        2.5,
                        10.25,
                        2.75
                    ],
                    "texture": "#0"
                }
            },
            "rotation": {
                "angle": 22.5,
                "axis": "z",
                "origin": [
                    4,
                    15,
                    6.5
                ]
            }
        },
        {
            "from": [
                3,
                15,
                6
            ],
            "to": [
                6,
                16,
                7
            ],
            "faces": {
                "north": {
                    "uv": [
                        9.5,
                        2.75,
                        10.25,
                        3.0
                    ],
                    "texture": "#0"
                },
                "east": {
                    "uv": [
                        9.5,
                        3.75,
                        9.75,
                        4.0
                    ],
                    "texture": "#0"
                },
                "south": {
                    "uv": [
                        9.5,
                        3.0,
                        10.25,
                        3.25
                    ],
                    "texture": "#0"
                },
                "west": {
                    "uv": [
                        9.75,
                        3.75,
                        10.0,
                        4.0
                    ],
                    "texture": "#0"
                },
                "up": {
                    "uv": [
                        9.5,
                        3.25,
                        10.25,
                        3.5
                    ],
                    "texture": "#0"
                },
                "down": {
                    "uv": [
                        9.5,
                        3.5,
                        10.25,
                        3.75
                    ],
                    "texture": "#0"
                }
            },
            "rotation": {
                "angle": 22.5,
                "axis": "z",
                "origin": [
                    4,
                    15,
                    6.5
                ]
            }
        },
        {
            "from": [
                3,
                12,
                6
            ],
            "to": [
                4,
                15,
                7
            ],
            "faces": {
                "north": {
                    "uv": [
                        9.5,
                        4.0,
                        9.75,
                        4.75
                    ],
                    "texture": "#0"
                },
                "east": {
                    "uv": [
                        9.75,
                        4.0,
                        10.0,
                        4.75
                    ],
                    "texture": "#0"
                },
                "south": {
                    "uv": [
                        10.0,
                        4.0,
                        10.25,
                        4.75
                    ],
                    "texture": "#0"
                },
                "west": {
                    "uv": [
                        9.5,
                        4.75,
                        9.75,
                        5.5
                    ],
                    "texture": "#0"
                },
                "up": {
                    "uv": [
                        9.75,
                        4.75,
                        10.0,
                        5.0
                    ],
                    "texture": "#0"
                },
                "down": {
                    "uv": [
                        9.75,
                        5.0,
                        10.0,
                        5.25
                    ],
                    "texture": "#0"
                }
            },
            "rotation": {
                "angle": 22.5,
                "axis": "z",
                "origin": [
                    4,
                    15,
                    6.5
                ]
            }
        },
        {
            "from": [
                5.25,
                23.75,
                8
            ],
            "to": [
                10.75,
                30.25,
                8
            ],
            "faces": {
                "north": {
                    "uv": [
                        11.0,
                        4.0,
                        13.75,
                        7.25
                    ],
                    "texture": "#0"
                },
                "south": {
                    "uv": [
                        11.0,
                        4.0,
                        13.75,
                        7.25
                    ],
                    "texture": "#0"
                }
            },
            "rotation": {
                "angle": 0,
                "axis": "y",
                "origin": [
                    8,
                    24,
                    8
                ]
            }
        },
        {
            "from": [
                5.25,
                24.75,
                7.75
            ],
            "to": [
                10.75,
                30.25,
                7.75
            ],
            "faces": {
                "north": {
                    "uv": [
                        11.0,
                        7.25,
                        13.75,
                        10.0
                    ],
                    "texture": "#0"
                },
                "south": {
                    "uv": [
                        11.0,
                        7.25,
                        13.75,
                        10.0
                    ],
                    "texture": "#0"
                }
            },
            "rotation": {
                "angle": 0,
                "axis": "y",
                "origin": [
                    8,
                    24,
                    7.75
                ]
            }
        },
        {
            "from": [
                5.25,
                24.75,
                8.25
            ],
            "to": [
                10.75,
                30.25,
                8.25
            ],
            "faces": {
                "north": {
                    "uv": [
                        13.75,
                        7.25,
                        11.0,
                        10.0
                    ],
                    "texture": "#0"
                },
                "south": {
                    "uv": [
                        13.75,
                        7.25,
                        11.0,
                        10.0
                    ],
                    "texture": "#0"
                }
            },
            "rotation": {
                "angle": 0,
                "axis": "y",
                "origin": [
                    8,
                    24,
                    8.25
                ]
            }
        }
    ],
    "gui_light": "front",
    "display": {
        "thirdperson_righthand": {
            "rotation": [
                57,
                0,
                0
            ],
            "translation": [
                0,
                -0.5,
                -1.5
            ],
            "scale": [
                0.25,
                0.25,
                0.25
            ]
        },
        "thirdperson_lefthand": {
            "rotation": [
                -111,
                -5.5,
                155.15
            ],
            "translation": [
                -4.5,
                -11.75,
                2.75
            ]
        },
        "firstperson_righthand": {
            "rotation": [
                0,
                135,
                0
            ],
            "translation": [
                -1.25,
                3,
                2
            ],
            "scale": [
                0.25,
                0.25,
                0.25
            ]
        },
        "firstperson_lefthand": {
            "rotation": [
                0,
                -45,
                0
            ],
            "translation": [
                -1.25,
                4.75,
                2
            ],
            "scale": [
                0,
                0,
                0
            ]
        },
        "ground": {
            "translation": [
                0,
                3,
                0
            ],
            "scale": [
                0.5,
                0.5,
                0.5
            ]
        },
        "gui": {
            "rotation": [
                -171.15,
                8.67,
                -164.45
            ],
            "translation": [
                0,
                -2.75,
                0
            ],
            "scale": [
                0.5,
                0.5,
                0.5
            ]
        },
        "head": {
            "rotation": [
                -180,
                0,
                -160
            ],
            "translation": [
                0,
                -25.75,
                10.25
            ],
            "scale": [
                1.75,
                1.75,
                1.75
            ]
        },
        "fixed": {
            "translation": [
                0,
                -3.5,
                -1
            ],
            "scale": [
                0.607421875,
                0.607421875,
                0.607421875
            ]
        }
    }
}