{
    "credit": "Erocavontic",
    "texture_size": [
        64,
        64
    ],
    "textures": {
        "0": "item/christmas24/cosmetics/christmas_wreath",
        "particle": "item/christmas24/cosmetics/christmas_wreath"
    },
    "elements": [
        {
            "from": [
                1.5,
                0,
                6
            ],
            "to": [
                14.5,
                4,
                10
            ],
            "faces": {
                "north": {
                    "uv": [
                        1.0,
                        0.0,
                        4.25,
                        1.0
                    ],
                    "texture": "#0"
                },
                "east": {
                    "uv": [
                        0.0,
                        0.0,
                        1.0,
                        1.0
                    ],
                    "texture": "#0"
                },
                "south": {
                    "uv": [
                        5.25,
                        0.0,
                        8.5,
                        1.0
                    ],
                    "texture": "#0"
                },
                "west": {
                    "uv": [
                        4.25,
                        0.0,
                        5.25,
                        1.0
                    ],
                    "texture": "#0"
                },
                "up": {
                    "uv": [
                        3.25,
                        2.0,
                        0.0,
                        1.0
                    ],
                    "texture": "#0"
                },
                "down": {
                    "uv": [
                        6.5,
                        1.0,
                        3.25,
                        2.0
                    ],
                    "texture": "#0"
                }
            },
            "rotation": {
                "angle": 0,
                "axis": "y",
                "origin": [
                    8,
                    0,
                    8
                ]
            }
        },
        {
            "from": [
                1.5,
                9,
                6
            ],
            "to": [
                14.5,
                13,
                10
            ],
            "faces": {
                "north": {
                    "uv": [
                        1.0,
                        2.0,
                        4.25,
                        3.0
                    ],
                    "texture": "#0"
                },
                "east": {
                    "uv": [
                        0.0,
                        2.0,
                        1.0,
                        3.0
                    ],
                    "texture": "#0"
                },
                "south": {
                    "uv": [
                        5.25,
                        2.0,
                        8.5,
                        3.0
                    ],
                    "texture": "#0"
                },
                "west": {
                    "uv": [
                        4.25,
                        2.0,
                        5.25,
                        3.0
                    ],
                    "texture": "#0"
                },
                "up": {
                    "uv": [
                        3.25,
                        4.0,
                        0.0,
                        3.0
                    ],
                    "texture": "#0"
                },
                "down": {
                    "uv": [
                        6.5,
                        3.0,
                        3.25,
                        4.0
                    ],
                    "texture": "#0"
                }
            },
            "rotation": {
                "angle": 0,
                "axis": "y",
                "origin": [
                    8,
                    9,
                    8
                ]
            }
        },
        {
            "from": [
                10.5,
                4,
                6
            ],
            "to": [
                14.5,
                9,
                10
            ],
            "faces": {
                "north": {
                    "uv": [
                        1.0,
                        4.0,
                        2.0,
                        5.25
                    ],
                    "texture": "#0"
                },
                "east": {
                    "uv": [
                        0.0,
                        4.0,
                        1.0,
                        5.25
                    ],
                    "texture": "#0"
                },
                "south": {
                    "uv": [
                        3.0,
                        4.0,
                        4.0,
                        5.25
                    ],
                    "texture": "#0"
                },
                "west": {
                    "uv": [
                        2.0,
                        4.0,
                        3.0,
                        5.25
                    ],
                    "texture": "#0"
                }
            },
            "rotation": {
                "angle": 0,
                "axis": "y",
                "origin": [
                    7.5,
                    0,
                    8
                ]
            }
        },
        {
            "from": [
                1.5,
                4,
                6
            ],
            "to": [
                5.5,
                9,
                10
            ],
            "faces": {
                "north": {
                    "uv": [
                        1.0,
                        5.25,
                        2.0,
                        6.5
                    ],
                    "texture": "#0"
                },
                "east": {
                    "uv": [
                        0.0,
                        5.25,
                        1.0,
                        6.5
                    ],
                    "texture": "#0"
                },
                "south": {
                    "uv": [
                        3.0,
                        5.25,
                        4.0,
                        6.5
                    ],
                    "texture": "#0"
                },
                "west": {
                    "uv": [
                        2.0,
                        5.25,
                        3.0,
                        6.5
                    ],
                    "texture": "#0"
                }
            },
            "rotation": {
                "angle": 0,
                "axis": "y",
                "origin": [
                    8.5,
                    0,
                    8
                ]
            }
        },
        {
            "from": [
                9,
                7.5,
                5.6
            ],
            "to": [
                16,
                15.5,
                5.6
            ],
            "faces": {
                "north": {
                    "uv": [
                        7.25,
                        3.25,
                        9.0,
                        5.25
                    ],
                    "texture": "#0"
                },
                "south": {
                    "uv": [
                        9.0,
                        3.25,
                        7.25,
                        5.25
                    ],
                    "texture": "#0"
                }
            },
            "rotation": {
                "angle": 22.5,
                "axis": "z",
                "origin": [
                    15,
                    7.5,
                    5.6
                ]
            }
        },
        {
            "from": [
                10.25,
                5.525,
                5.75
            ],
            "to": [
                14.75,
                7.475,
                10.25
            ],
            "faces": {
                "north": {
                    "uv": [
                        5.0,
                        4.0,
                        6.0,
                        4.5
                    ],
                    "texture": "#0"
                },
                "east": {
                    "uv": [
                        4.0,
                        4.0,
                        5.0,
                        4.5
                    ],
                    "texture": "#0"
                },
                "south": {
                    "uv": [
                        5.0,
                        4.5,
                        6.0,
                        5.0
                    ],
                    "texture": "#0"
                },
                "west": {
                    "uv": [
                        4.0,
                        4.5,
                        5.0,
                        5.0
                    ],
                    "texture": "#0"
                },
                "up": {
                    "uv": [
                        8.0,
                        2.0,
                        7.0,
                        1.0
                    ],
                    "texture": "#0"
                },
                "down": {
                    "uv": [
                        9.0,
                        1.0,
                        8.0,
                        2.0
                    ],
                    "texture": "#0"
                }
            },
            "rotation": {
                "angle": 0,
                "axis": "y",
                "origin": [
                    12.5,
                    5.5,
                    6
                ]
            }
        },
        {
            "from": [
                9.366116523516816,
                3.4267766952966365,
                5.15
            ],
            "to": [
                12.366116523516816,
                6.4267766952966365,
                6.15
            ],
            "faces": {
                "north": {
                    "uv": [
                        0.25,
                        6.5,
                        1.0,
                        7.25
                    ],
                    "texture": "#0"
                },
                "east": {
                    "uv": [
                        0.0,
                        6.5,
                        0.25,
                        7.25
                    ],
                    "texture": "#0"
                },
                "south": {
                    "uv": [
                        1.25,
                        6.5,
                        2.0,
                        7.25
                    ],
                    "texture": "#0"
                },
                "west": {
                    "uv": [
                        1.0,
                        6.5,
                        1.25,
                        7.25
                    ],
                    "texture": "#0"
                },
                "up": {
                    "uv": [
                        2.75,
                        6.75,
                        2.0,
                        6.5
                    ],
                    "texture": "#0"
                },
                "down": {
                    "uv": [
                        2.75,
                        6.75,
                        2.0,
                        7.0
                    ],
                    "texture": "#0"
                }
            },
            "rotation": {
                "angle": -45,
                "axis": "z",
                "origin": [
                    12.457106781186548,
                    6.457106781186548,
                    6.15
                ]
            }
        },
        {
            "from": [
                11.5,
                5.5,
                5.25
            ],
            "to": [
                13.5,
                7.5,
                6.25
            ],
            "faces": {
                "north": {
                    "uv": [
                        3.5,
                        6.5,
                        4.0,
                        7.0
                    ],
                    "texture": "#0"
                },
                "east": {
                    "uv": [
                        3.25,
                        6.5,
                        3.5,
                        7.0
                    ],
                    "texture": "#0"
                },
                "south": {
                    "uv": [
                        3.5,
                        7.0,
                        4.0,
                        7.5
                    ],
                    "texture": "#0"
                },
                "west": {
                    "uv": [
                        3.25,
                        7.0,
                        3.5,
                        7.5
                    ],
                    "texture": "#0"
                },
                "up": {
                    "uv": [
                        4.0,
                        7.75,
                        3.5,
                        7.5
                    ],
                    "texture": "#0"
                },
                "down": {
                    "uv": [
                        4.0,
                        7.75,
                        3.5,
                        8.0
                    ],
                    "texture": "#0"
                }
            },
            "rotation": {
                "angle": 0,
                "axis": "y",
                "origin": [
                    12.457106781186548,
                    6.457106781186548,
                    6.15
                ]
            }
        },
        {
            "from": [
                12.608757210636101,
                3.3661165235168156,
                5.15
            ],
            "to": [
                15.6087572106361,
                6.366116523516816,
                6.15
            ],
            "faces": {
                "north": {
                    "uv": [
                        0.25,
                        7.25,
                        1.0,
                        8.0
                    ],
                    "texture": "#0"
                },
                "east": {
                    "uv": [
                        0.0,
                        7.25,
                        0.25,
                        8.0
                    ],
                    "texture": "#0"
                },
                "south": {
                    "uv": [
                        1.25,
                        7.25,
                        2.0,
                        8.0
                    ],
                    "texture": "#0"
                },
                "west": {
                    "uv": [
                        1.0,
                        7.25,
                        1.25,
                        8.0
                    ],
                    "texture": "#0"
                },
                "up": {
                    "uv": [
                        2.75,
                        7.5,
                        2.0,
                        7.25
                    ],
                    "texture": "#0"
                },
                "down": {
                    "uv": [
                        2.75,
                        7.5,
                        2.0,
                        7.75
                    ],
                    "texture": "#0"
                }
            },
            "rotation": {
                "angle": 45,
                "axis": "z",
                "origin": [
                    12.457106781186548,
                    6.457106781186548,
                    6.15
                ]
            }
        },
        {
            "from": [
                12.361435923095275,
                2.4607700333285467,
                5.75
            ],
            "to": [
                13.361435923095275,
                5.460770033328547,
                5.75
            ],
            "faces": {
                "north": {
                    "uv": [
                        2.75,
                        6.5,
                        3.0,
                        7.25
                    ],
                    "texture": "#0"
                },
                "south": {
                    "uv": [
                        2.75,
                        6.5,
                        3.0,
                        7.25
                    ],
                    "texture": "#0"
                }
            },
            "rotation": {
                "angle": 22.5,
                "axis": "z",
                "origin": [
                    12.457106781186548,
                    6.457106781186548,
                    6.15
                ]
            }
        },
        {
            "from": [
                11.632033973168374,
                2.4935990817299833,
                5.75
            ],
            "to": [
                12.632033973168372,
                5.493599081729983,
                5.75
            ],
            "faces": {
                "north": {
                    "uv": [
                        3.0,
                        6.5,
                        3.25,
                        7.25
                    ],
                    "texture": "#0"
                },
                "south": {
                    "uv": [
                        3.0,
                        6.5,
                        3.25,
                        7.25
                    ],
                    "texture": "#0"
                }
            },
            "rotation": {
                "angle": -22.5,
                "axis": "z",
                "origin": [
                    12.457106781186548,
                    6.457106781186548,
                    6.15
                ]
            }
        },
        {
            "from": [
                13,
                7,
                5.5
            ],
            "to": [
                17,
                12,
                5.5
            ],
            "faces": {
                "north": {
                    "uv": [
                        7.25,
                        5.5,
                        8.25,
                        6.75
                    ],
                    "texture": "#0"
                },
                "south": {
                    "uv": [
                        8.25,
                        5.5,
                        7.25,
                        6.75
                    ],
                    "texture": "#0"
                }
            },
            "rotation": {
                "angle": -22.5,
                "axis": "z",
                "origin": [
                    15,
                    7,
                    5.5
                ]
            }
        },
        {
            "from": [
                2,
                -1,
                5
            ],
            "to": [
                4,
                1,
                7
            ],
            "faces": {
                "north": {
                    "uv": [
                        4.5,
                        5.0,
                        5.0,
                        5.5
                    ],
                    "texture": "#0"
                },
                "east": {
                    "uv": [
                        4.0,
                        5.0,
                        4.5,
                        5.5
                    ],
                    "texture": "#0"
                },
                "south": {
                    "uv": [
                        4.0,
                        5.5,
                        4.5,
                        6.0
                    ],
                    "texture": "#0"
                },
                "west": {
                    "uv": [
                        5.0,
                        5.0,
                        5.5,
                        5.5
                    ],
                    "texture": "#0"
                },
                "up": {
                    "uv": [
                        5.0,
                        6.0,
                        4.5,
                        5.5
                    ],
                    "texture": "#0"
                },
                "down": {
                    "uv": [
                        5.5,
                        5.5,
                        5.0,
                        6.0
                    ],
                    "texture": "#0"
                }
            },
            "rotation": {
                "angle": 0,
                "axis": "y",
                "origin": [
                    2,
                    -1,
                    5
                ]
            }
        },
        {
            "from": [
                0,
                8,
                5
            ],
            "to": [
                2,
                10,
                7
            ],
            "faces": {
                "north": {
                    "uv": [
                        4.5,
                        7.0,
                        5.0,
                        7.5
                    ],
                    "texture": "#0"
                },
                "east": {
                    "uv": [
                        4.0,
                        7.0,
                        4.5,
                        7.5
                    ],
                    "texture": "#0"
                },
                "south": {
                    "uv": [
                        4.0,
                        7.5,
                        4.5,
                        8.0
                    ],
                    "texture": "#0"
                },
                "west": {
                    "uv": [
                        5.0,
                        7.0,
                        5.5,
                        7.5
                    ],
                    "texture": "#0"
                },
                "up": {
                    "uv": [
                        5.0,
                        8.0,
                        4.5,
                        7.5
                    ],
                    "texture": "#0"
                },
                "down": {
                    "uv": [
                        5.5,
                        7.5,
                        5.0,
                        8.0
                    ],
                    "texture": "#0"
                }
            },
            "rotation": {
                "angle": 0,
                "axis": "y",
                "origin": [
                    0,
                    8,
                    5
                ]
            }
        },
        {
            "from": [
                12,
                1,
                5
            ],
            "to": [
                14,
                3,
                7
            ],
            "faces": {
                "north": {
                    "uv": [
                        4.5,
                        6.0,
                        5.0,
                        6.5
                    ],
                    "texture": "#0"
                },
                "east": {
                    "uv": [
                        4.0,
                        6.0,
                        4.5,
                        6.5
                    ],
                    "texture": "#0"
                },
                "south": {
                    "uv": [
                        4.0,
                        6.5,
                        4.5,
                        7.0
                    ],
                    "texture": "#0"
                },
                "west": {
                    "uv": [
                        5.0,
                        6.0,
                        5.5,
                        6.5
                    ],
                    "texture": "#0"
                },
                "up": {
                    "uv": [
                        5.0,
                        7.0,
                        4.5,
                        6.5
                    ],
                    "texture": "#0"
                },
                "down": {
                    "uv": [
                        5.5,
                        6.5,
                        5.0,
                        7.0
                    ],
                    "texture": "#0"
                }
            },
            "rotation": {
                "angle": 0,
                "axis": "y",
                "origin": [
                    12,
                    1,
                    5
                ]
            }
        },
        {
            "from": [
                0.75,
                9.75,
                5.75
            ],
            "to": [
                7.25,
                13.25,
                10.25
            ],
            "faces": {
                "north": {
                    "uv": [
                        5.5,
                        7.0,
                        7.0,
                        7.75
                    ],
                    "texture": "#0"
                },
                "south": {
                    "uv": [
                        7.0,
                        7.0,
                        8.5,
                        7.75
                    ],
                    "texture": "#0"
                },
                "west": {
                    "uv": [
                        6.0,
                        4.25,
                        7.0,
                        5.0
                    ],
                    "texture": "#0"
                },
                "up": {
                    "uv": [
                        7.0,
                        6.0,
                        5.5,
                        5.0
                    ],
                    "texture": "#0"
                },
                "down": {
                    "uv": [
                        7.0,
                        6.0,
                        5.5,
                        7.0
                    ],
                    "texture": "#0"
                }
            },
            "rotation": {
                "angle": 0,
                "axis": "y",
                "origin": [
                    1,
                    11,
                    6
                ]
            }
        },
        {
            "from": [
                7,
                -2,
                5.5
            ],
            "to": [
                8,
                1,
                6.5
            ],
            "faces": {
                "north": {
                    "uv": [
                        9.0,
                        1.75,
                        9.25,
                        2.5
                    ],
                    "texture": "#0"
                },
                "east": {
                    "uv": [
                        9.25,
                        1.75,
                        9.5,
                        2.5
                    ],
                    "texture": "#0"
                },
                "south": {
                    "uv": [
                        9.5,
                        1.75,
                        9.75,
                        2.5
                    ],
                    "texture": "#0"
                },
                "west": {
                    "uv": [
                        9.0,
                        2.5,
                        9.25,
                        3.25
                    ],
                    "texture": "#0"
                },
                "up": {
                    "uv": [
                        9.25,
                        2.5,
                        9.5,
                        2.75
                    ],
                    "texture": "#0"
                },
                "down": {
                    "uv": [
                        9.25,
                        2.75,
                        9.5,
                        3.0
                    ],
                    "texture": "#0"
                }
            },
            "rotation": {
                "angle": 22.5,
                "axis": "z",
                "origin": [
                    8,
                    1,
                    6
                ]
            }
        },
        {
            "from": [
                7,
                1,
                5.5
            ],
            "to": [
                10,
                2,
                6.5
            ],
            "faces": {
                "north": {
                    "uv": [
                        9.0,
                        0.5,
                        9.75,
                        0.75
                    ],
                    "texture": "#0"
                },
                "east": {
                    "uv": [
                        9.0,
                        1.5,
                        9.25,
                        1.75
                    ],
                    "texture": "#0"
                },
                "south": {
                    "uv": [
                        9.0,
                        0.75,
                        9.75,
                        1.0
                    ],
                    "texture": "#0"
                },
                "west": {
                    "uv": [
                        9.25,
                        1.5,
                        9.5,
                        1.75
                    ],
                    "texture": "#0"
                },
                "up": {
                    "uv": [
                        9.0,
                        1.0,
                        9.75,
                        1.25
                    ],
                    "texture": "#0"
                },
                "down": {
                    "uv": [
                        9.0,
                        1.25,
                        9.75,
                        1.5
                    ],
                    "texture": "#0"
                }
            },
            "rotation": {
                "angle": 22.5,
                "axis": "z",
                "origin": [
                    8,
                    1,
                    6
                ]
            }
        },
        {
            "from": [
                9,
                0,
                5.5
            ],
            "to": [
                10,
                1,
                6.5
            ],
            "faces": {
                "north": {
                    "uv": [
                        9.0,
                        0.0,
                        9.25,
                        0.25
                    ],
                    "texture": "#0"
                },
                "east": {
                    "uv": [
                        9.25,
                        0.0,
                        9.5,
                        0.25
                    ],
                    "texture": "#0"
                },
                "south": {
                    "uv": [
                        9.5,
                        0.0,
                        9.75,
                        0.25
                    ],
                    "texture": "#0"
                },
                "west": {
                    "uv": [
                        9.0,
                        0.25,
                        9.25,
                        0.5
                    ],
                    "texture": "#0"
                },
                "up": {
                    "uv": [
                        9.25,
                        0.25,
                        9.5,
                        0.5
                    ],
                    "texture": "#0"
                },
                "down": {
                    "uv": [
                        9.5,
                        0.25,
                        9.75,
                        0.5
                    ],
                    "texture": "#0"
                }
            },
            "rotation": {
                "angle": 22.5,
                "axis": "z",
                "origin": [
                    8,
                    1,
                    6
                ]
            }
        },
        {
            "from": [
                1,
                4,
                5.5
            ],
            "to": [
                6,
                5,
                10.5
            ],
            "faces": {
                "north": {
                    "uv": [
                        2.5,
                        8.0,
                        3.75,
                        8.25
                    ],
                    "texture": "#0"
                },
                "east": {
                    "uv": [
                        2.5,
                        8.25,
                        3.75,
                        8.5
                    ],
                    "texture": "#0"
                },
                "south": {
                    "uv": [
                        2.5,
                        8.5,
                        3.75,
                        8.75
                    ],
                    "texture": "#0"
                },
                "west": {
                    "uv": [
                        2.5,
                        8.75,
                        3.75,
                        9.0
                    ],
                    "texture": "#0"
                },
                "up": {
                    "uv": [
                        0.0,
                        8.0,
                        1.25,
                        9.25
                    ],
                    "texture": "#0"
                },
                "down": {
                    "uv": [
                        1.25,
                        8.0,
                        2.5,
                        9.25
                    ],
                    "texture": "#0"
                }
            },
            "rotation": {
                "angle": 0,
                "axis": "y",
                "origin": [
                    1.5,
                    4,
                    6
                ]
            }
        }
    ],
    "gui_light": "front",
    "display": {
        "thirdperson_righthand": {
            "rotation": [
                57,
                0,
                0
            ],
            "translation": [
                0,
                0.25,
                -0.25
            ],
            "scale": [
                0.25,
                0.25,
                0.25
            ]
        },
        "thirdperson_lefthand": {
            "rotation": [
                66.75,
                180,
                0
            ],
            "translation": [
                -5.5,
                -8.75,
                8.75
            ],
            "scale": [
                1.01367,
                1.01367,
                1.01367
            ]
        },
        "firstperson_righthand": {
            "rotation": [
                0,
                135,
                0
            ],
            "translation": [
                -1.25,
                4.25,
                2
            ],
            "scale": [
                0.35,
                0.35,
                0.35
            ]
        },
        "firstperson_lefthand": {
            "scale": [
                0,
                0,
                0
            ]
        },
        "ground": {
            "rotation": [
                28.75,
                -0.07,
                -0.3
            ],
            "translation": [
                0,
                3,
                0
            ],
            "scale": [
                0.5,
                0.5,
                0.5
            ]
        },
        "gui": {
            "rotation": [
                -177.19,
                1.5,
                179.58
            ],
            "translation": [
                0.25,
                1.5,
                0
            ],
            "scale": [
                0.75,
                0.75,
                0.75
            ]
        },
        "head": {
            "rotation": [
                0,
                180,
                0
            ],
            "translation": [
                0,
                -14.5,
                9.25
            ],
            "scale": [
                1.5,
                1.5,
                1.5
            ]
        },
        "fixed": {
            "translation": [
                0,
                1.5,
                -3.5
            ],
            "scale": [
                1.388671875,
                1.388671875,
                1.388671875
            ]
        }
    }
}