{
    "credit": "Erocavontic",
    "texture_size": [
        32,
        32
    ],
    "textures": {
        "0": "item/christmas24/cosmetics/elf_hat_1",
        "particle": "item/christmas24/cosmetics/elf_hat_1"
    },
    "elements": [
        {
            "from": [
                3.5,
                0,
                3.5
            ],
            "to": [
                12.5,
                5,
                12.5
            ],
            "faces": {
                "north": {
                    "uv": [
                        4.5,
                        6.5,
                        9.0,
                        9.0
                    ],
                    "texture": "#0"
                },
                "east": {
                    "uv": [
                        0.0,
                        6.5,
                        4.5,
                        9.0
                    ],
                    "texture": "#0"
                },
                "south": {
                    "uv": [
                        4.5,
                        9.0,
                        9.0,
                        11.5
                    ],
                    "texture": "#0"
                },
                "west": {
                    "uv": [
                        0.0,
                        9.0,
                        4.5,
                        11.5
                    ],
                    "texture": "#0"
                },
                "up": {
                    "uv": [
                        6.5,
                        0.0,
                        11.0,
                        4.5
                    ],
                    "texture": "#0"
                }
            },
            "rotation": {
                "angle": 0,
                "axis": "y",
                "origin": [
                    7,
                    0,
                    7
                ]
            }
        },
        {
            "from": [
                1.5,
                0,
                1.5
            ],
            "to": [
                14.5,
                0,
                14.5
            ],
            "faces": {
                "up": {
                    "uv": [
                        6.5,
                        6.5,
                        0.0,
                        0.0
                    ],
                    "texture": "#0"
                },
                "down": {
                    "uv": [
                        6.5,
                        6.5,
                        0.0,
                        0.0
                    ],
                    "texture": "#0"
                }
            },
            "rotation": {
                "angle": 0,
                "axis": "y",
                "origin": [
                    7,
                    0,
                    7
                ]
            }
        },
        {
            "from": [
                -0.75,
                -4.25,
                8.75
            ],
            "to": [
                4.25,
                -1.25,
                8.75
            ],
            "faces": {
                "north": {
                    "uv": [
                        6.5,
                        4.5,
                        9.0,
                        6.0
                    ],
                    "texture": "#0"
                },
                "south": {
                    "uv": [
                        9.0,
                        4.5,
                        6.5,
                        6.0
                    ],
                    "texture": "#0"
                }
            },
            "rotation": {
                "angle": -22.5,
                "axis": "z",
                "origin": [
                    4.25,
                    -4.25,
                    8.75
                ]
            }
        },
        {
            "from": [
                11.75,
                -4.25,
                8.75
            ],
            "to": [
                16.75,
                -1.25,
                8.75
            ],
            "faces": {
                "north": {
                    "uv": [
                        9.0,
                        4.5,
                        6.5,
                        6.0
                    ],
                    "texture": "#0"
                },
                "south": {
                    "uv": [
                        6.5,
                        4.5,
                        9.0,
                        6.0
                    ],
                    "texture": "#0"
                }
            },
            "rotation": {
                "angle": 22.5,
                "axis": "z",
                "origin": [
                    11.75,
                    -4.25,
                    8.75
                ]
            }
        }
    ],
    "gui_light": "front",
    "display": {
        "thirdperson_righthand": {
            "rotation": [
                0,
                90,
                55
            ],
            "translation": [
                0,
                1.5,
                1
            ],
            "scale": [
                0.35,
                0.35,
                0.35
            ]
        },
        "thirdperson_lefthand": {
            "rotation": [
                0,
                90,
                55
            ],
            "translation": [
                0,
                1.5,
                1
            ],
            "scale": [
                0.35,
                0.35,
                0.35
            ]
        },
        "firstperson_righthand": {
            "rotation": [
                0,
                90,
                0
            ],
            "translation": [
                0.5,
                5,
                0
            ],
            "scale": [
                0.5,
                0.5,
                0.5
            ]
        },
        "firstperson_lefthand": {
            "rotation": [
                0,
                90,
                0
            ],
            "translation": [
                0.5,
                5,
                0
            ],
            "scale": [
                0.5,
                0.5,
                0.5
            ]
        },
        "ground": {
            "translation": [
                0,
                5,
                0
            ],
            "scale": [
                0.531640625,
                0.531640625,
                0.531640625
            ]
        },
        "gui": {
            "rotation": [
                179.55,
                -0.47,
                -179.13
            ],
            "translation": [
                0.25,
                7,
                0
            ],
            "scale": [
                0.9,
                0.9,
                0.9
            ]
        },
        "head": {
            "rotation": [
                9,
                0,
                0
            ],
            "translation": [
                0,
                15,
                1.75
            ],
            "scale": [
                1.81,
                1.81,
                1.81
            ]
        },
        "fixed": {
            "rotation": [
                2,
                0,
                0
            ],
            "translation": [
                0,
                10.25,
                -7.25
            ],
            "scale": [
                1.2,
                1.2,
                1.2
            ]
        }
    }
}