{
	"credit": "Erocavontic",
	"texture_size": [64, 64],
	"textures": {
		"0": "item/christmas24/cosmetics/gift_stocking",
		"particle": "item/christmas24/cosmetics/gift_stocking"
	},
	"elements": [
		{
			"from": [2.5, -4, 5],
			"to": [12.5, 0, 11],
			"rotation": {"angle": 0, "axis": "y", "origin": [8, -4, 7]},
			"faces": {
				"north": {"uv": [1.5, 1.5, 4, 2.5], "texture": "#0"},
				"east": {"uv": [0, 1.5, 1.5, 2.5], "texture": "#0"},
				"south": {"uv": [1.5, 2.5, 4, 3.5], "texture": "#0"},
				"west": {"uv": [0, 2.5, 1.5, 3.5], "texture": "#0"},
				"up": {"uv": [2.5, 1.5, 0, 0], "texture": "#0"},
				"down": {"uv": [5, 0, 2.5, 1.5], "texture": "#0"}
			}
		},
		{
			"from": [2.5, 0, 5],
			"to": [10.5, 5, 11],
			"rotation": {"angle": 0, "axis": "y", "origin": [8, -4, 7]},
			"faces": {
				"north": {"uv": [1.5, 3.5, 3.5, 4.75], "texture": "#0"},
				"east": {"uv": [0, 3.5, 1.5, 4.75], "texture": "#0"},
				"south": {"uv": [1.5, 4.75, 3.5, 6], "texture": "#0"},
				"west": {"uv": [0, 4.75, 1.5, 6], "texture": "#0"},
				"up": {"uv": [5.5, 5, 3.5, 3.5], "texture": "#0"}
			}
		},
		{
			"from": [1.5, 5, 4.5],
			"to": [11.5, 8, 6.5],
			"rotation": {"angle": 0, "axis": "y", "origin": [8, -4, 9]},
			"faces": {
				"north": {"uv": [6, 1, 8.5, 1.75], "texture": "#0"},
				"east": {"uv": [5.5, 1, 6, 1.75], "texture": "#0"},
				"south": {"uv": [6, 1.75, 8.5, 2.5], "texture": "#0"},
				"west": {"uv": [5.5, 1.75, 6, 2.5], "texture": "#0"},
				"up": {"uv": [8, 0.5, 5.5, 0], "texture": "#0"},
				"down": {"uv": [8, 0.5, 5.5, 1], "texture": "#0"}
			}
		},
		{
			"from": [5.5, 5, 6.5],
			"to": [9.5, 9, 8.5],
			"rotation": {"angle": 0, "axis": "y", "origin": [7.5, 5, 4.5]},
			"faces": {
				"north": {"uv": [0.5, 6, 1.5, 7], "texture": "#0"},
				"east": {"uv": [0, 6, 0.5, 7], "texture": "#0"},
				"south": {"uv": [2, 6, 3, 7], "texture": "#0"},
				"west": {"uv": [1.5, 6, 2, 7], "texture": "#0"},
				"up": {"uv": [1, 7.5, 0, 7], "texture": "#0"},
				"down": {"uv": [2, 7, 1, 7.5], "texture": "#0"}
			}
		},
		{
			"from": [1.5, 5, 9.5],
			"to": [11.5, 8, 11.5],
			"rotation": {"angle": 0, "axis": "y", "origin": [8, -4, 14]},
			"faces": {
				"north": {"uv": [6, 3.5, 8.5, 4.25], "texture": "#0"},
				"east": {"uv": [5.5, 3.5, 6, 4.25], "texture": "#0"},
				"south": {"uv": [6, 4.25, 8.5, 5], "texture": "#0"},
				"west": {"uv": [5.5, 4.25, 6, 5], "texture": "#0"},
				"up": {"uv": [8, 3, 5.5, 2.5], "texture": "#0"},
				"down": {"uv": [8, 3, 5.5, 3.5], "texture": "#0"}
			}
		},
		{
			"from": [9.5, 5, 6.5],
			"to": [11.5, 8, 9.5],
			"rotation": {"angle": 0, "axis": "y", "origin": [8, -4, 12]},
			"faces": {
				"east": {"uv": [6.5, 5, 7.25, 5.75], "texture": "#0"},
				"west": {"uv": [7.25, 5, 8, 5.75], "texture": "#0"},
				"up": {"uv": [6, 5.75, 5.5, 5], "texture": "#0"},
				"down": {"uv": [6.5, 5, 6, 5.75], "texture": "#0"}
			}
		},
		{
			"from": [1.5, 5, 6.5],
			"to": [3.5, 8, 9.5],
			"rotation": {"angle": 0, "axis": "y", "origin": [8, -4, 7]},
			"faces": {
				"east": {"uv": [6.5, 5.75, 7.25, 6.5], "texture": "#0"},
				"west": {"uv": [7.25, 5.75, 8, 6.5], "texture": "#0"},
				"up": {"uv": [6, 6.5, 5.5, 5.75], "texture": "#0"},
				"down": {"uv": [6.5, 5.75, 6, 6.5], "texture": "#0"}
			}
		},
		{
			"from": [4.5, 5, 8.5],
			"to": [7.5, 10, 9.5],
			"rotation": {"angle": 0, "axis": "y", "origin": [6.5, 5, 5.5]},
			"faces": {
				"north": {"uv": [3.25, 6, 4, 7.25], "texture": "#0"},
				"east": {"uv": [3, 6, 3.25, 7.25], "texture": "#0"},
				"south": {"uv": [4.25, 6, 5, 7.25], "texture": "#0"},
				"west": {"uv": [4, 6, 4.25, 7.25], "texture": "#0"},
				"up": {"uv": [3.75, 7.5, 3, 7.25], "texture": "#0"},
				"down": {"uv": [4.5, 7.25, 3.75, 7.5], "texture": "#0"}
			}
		},
		{
			"from": [3.5, 5.5, 6.5],
			"to": [5.5, 8.5, 8.5],
			"rotation": {"angle": 0, "axis": "y", "origin": [5.5, 5.5, 4.5]},
			"faces": {
				"north": {"uv": [6, 6.5, 6.5, 7.25], "texture": "#0"},
				"east": {"uv": [5.5, 6.5, 6, 7.25], "texture": "#0"},
				"south": {"uv": [7, 6.5, 7.5, 7.25], "texture": "#0"},
				"west": {"uv": [6.5, 6.5, 7, 7.25], "texture": "#0"},
				"up": {"uv": [8, 7, 7.5, 6.5], "texture": "#0"},
				"down": {"uv": [8, 7, 7.5, 7.5], "texture": "#0"}
			}
		},
		{
			"from": [8.25, 9, 6],
			"to": [9.25, 10, 7],
			"rotation": {"angle": -22.5, "axis": "x", "origin": [8.75, 10, 8]},
			"faces": {
				"north": {"uv": [4, 1.5, 4.25, 1.75], "texture": "#0"},
				"east": {"uv": [4.25, 1.5, 4.5, 1.75], "texture": "#0"},
				"south": {"uv": [4.5, 1.5, 4.75, 1.75], "texture": "#0"},
				"west": {"uv": [4, 1.75, 4.25, 2], "texture": "#0"},
				"up": {"uv": [4.25, 1.75, 4.5, 2], "texture": "#0"},
				"down": {"uv": [4.5, 1.75, 4.75, 2], "texture": "#0"}
			}
		},
		{
			"from": [8.25, 10, 6],
			"to": [9.25, 11, 9],
			"rotation": {"angle": -22.5, "axis": "x", "origin": [8.75, 10, 8]},
			"faces": {
				"north": {"uv": [4, 2.75, 4.25, 3], "texture": "#0"},
				"east": {"uv": [4, 2.5, 4.75, 2.75], "texture": "#0"},
				"south": {"uv": [4.25, 2.75, 4.5, 3], "texture": "#0"},
				"west": {"uv": [4.75, 2.25, 4, 2.5], "texture": "#0"},
				"up": {"uv": [4.75, 2.5, 4, 2.75], "rotation": 90, "texture": "#0"},
				"down": {"uv": [4, 2, 4.75, 2.25], "rotation": 90, "texture": "#0"}
			}
		},
		{
			"from": [8.25, 7, 8],
			"to": [9.25, 10, 9],
			"rotation": {"angle": -22.5, "axis": "x", "origin": [8.75, 10, 8]},
			"faces": {
				"north": {"uv": [4.75, 1.5, 5, 2.25], "texture": "#0"},
				"east": {"uv": [5, 1.5, 5.25, 2.25], "texture": "#0"},
				"south": {"uv": [5.25, 1.5, 5.5, 2.25], "texture": "#0"},
				"west": {"uv": [4.75, 2.25, 5, 3], "texture": "#0"},
				"up": {"uv": [5, 2.25, 5.25, 2.5], "texture": "#0"},
				"down": {"uv": [5, 2.5, 5.25, 2.75], "texture": "#0"}
			}
		}
	],
	"gui_light": "front",
	"display": {
		"thirdperson_righthand": {
			"rotation": [57, 180, 0],
			"translation": [-2.25, 0.25, -4.25]
		},
		"thirdperson_lefthand": {
			"rotation": [-114.74, 1.2, 152.75],
			"translation": [-4, -10, 9.75]
		},
		"firstperson_righthand": {
			"rotation": [0, 135, 0],
			"translation": [-1.25, 4, 2],
			"scale": [0.5, 0.5, 0.5]
		},
		"firstperson_lefthand": {
			"scale": [0, 0, 0]
		},
		"ground": {
			"rotation": [26.82, 3.81, 15.9],
			"translation": [0, 5, 0],
			"scale": [0.75, 0.75, 0.75]
		},
		"gui": {
			"rotation": [-172.49, -9.29, -161.79],
			"translation": [1, 4.25, 0],
			"scale": [0.75, 0.75, 0.75]
		},
		"head": {
			"rotation": [180, 0, -159],
			"translation": [-0.75, -73, 11.5],
			"scale": [1.75, 1.75, 1.75]
		},
		"fixed": {
			"translation": [0, 1.75, -6],
			"scale": [1.33398, 1.33398, 1.33398]
		}
	}
}