{
    "credit": "Erocavontic",
    "texture_size": [
        64,
        64
    ],
    "textures": {
        "0": "item/christmas24/cosmetics/santa_s_treasure_bag",
        "particle": "item/christmas24/cosmetics/santa_s_treasure_bag"
    },
    "elements": [
        {
            "from": [
                3,
                0,
                4
            ],
            "to": [
                13,
                9,
                12
            ],
            "faces": {
                "north": {
                    "uv": [
                        2.0,
                        0.0,
                        4.5,
                        2.25
                    ],
                    "texture": "#0"
                },
                "east": {
                    "uv": [
                        0.0,
                        0.0,
                        2.0,
                        2.25
                    ],
                    "texture": "#0"
                },
                "south": {
                    "uv": [
                        6.5,
                        0.0,
                        9.0,
                        2.25
                    ],
                    "texture": "#0"
                },
                "west": {
                    "uv": [
                        4.5,
                        0.0,
                        6.5,
                        2.25
                    ],
                    "texture": "#0"
                },
                "up": {
                    "uv": [
                        2.5,
                        4.25,
                        0.0,
                        2.25
                    ],
                    "texture": "#0"
                },
                "down": {
                    "uv": [
                        5.0,
                        2.25,
                        2.5,
                        4.25
                    ],
                    "texture": "#0"
                }
            },
            "rotation": {
                "angle": 0,
                "axis": "y",
                "origin": [
                    7,
                    0,
                    4
                ]
            }
        },
        {
            "from": [
                5,
                9,
                6
            ],
            "to": [
                11,
                11,
                10
            ],
            "faces": {
                "north": {
                    "uv": [
                        1.0,
                        4.25,
                        2.5,
                        4.75
                    ],
                    "texture": "#0"
                },
                "east": {
                    "uv": [
                        0.0,
                        4.25,
                        1.0,
                        4.75
                    ],
                    "texture": "#0"
                },
                "south": {
                    "uv": [
                        1.0,
                        4.75,
                        2.5,
                        5.25
                    ],
                    "texture": "#0"
                },
                "west": {
                    "uv": [
                        0.0,
                        4.75,
                        1.0,
                        5.25
                    ],
                    "texture": "#0"
                },
                "up": {
                    "uv": [
                        5.0,
                        6.5,
                        6.5,
                        7.5
                    ],
                    "texture": "#0"
                }
            },
            "rotation": {
                "angle": 0,
                "axis": "y",
                "origin": [
                    6,
                    9,
                    4
                ]
            }
        },
        {
            "from": [
                4,
                10.5,
                10
            ],
            "to": [
                12,
                12.5,
                11
            ],
            "faces": {
                "north": {
                    "uv": [
                        5.0,
                        2.75,
                        7.0,
                        3.25
                    ],
                    "texture": "#0"
                },
                "east": {
                    "uv": [
                        5.0,
                        2.75,
                        5.25,
                        3.25
                    ],
                    "texture": "#0"
                },
                "south": {
                    "uv": [
                        5.0,
                        3.25,
                        7.0,
                        3.75
                    ],
                    "texture": "#0"
                },
                "west": {
                    "uv": [
                        5.0,
                        3.25,
                        5.25,
                        3.75
                    ],
                    "texture": "#0"
                },
                "up": {
                    "uv": [
                        7.0,
                        2.75,
                        5.0,
                        2.5
                    ],
                    "texture": "#0"
                },
                "down": {
                    "uv": [
                        9.0,
                        2.25,
                        7.0,
                        2.5
                    ],
                    "texture": "#0"
                }
            },
            "rotation": {
                "angle": 0,
                "axis": "y",
                "origin": [
                    8,
                    10.5,
                    8
                ]
            }
        },
        {
            "from": [
                6,
                1.25,
                9.25
            ],
            "to": [
                8,
                9.25,
                12.25
            ],
            "faces": {
                "south": {
                    "uv": [
                        0.0,
                        6.0,
                        0.5,
                        8.0
                    ],
                    "texture": "#0"
                },
                "up": {
                    "uv": [
                        0.5,
                        6.0,
                        0.0,
                        5.25
                    ],
                    "texture": "#0"
                }
            },
            "rotation": {
                "angle": 0,
                "axis": "y",
                "origin": [
                    6,
                    0.25,
                    4.25
                ]
            }
        },
        {
            "from": [
                6,
                8.5,
                10
            ],
            "to": [
                8,
                10.5,
                11
            ],
            "faces": {
                "east": {
                    "uv": [
                        2.5,
                        4.25,
                        2.75,
                        4.75
                    ],
                    "texture": "#0"
                },
                "south": {
                    "uv": [
                        3.0,
                        4.25,
                        3.5,
                        4.75
                    ],
                    "texture": "#0"
                },
                "west": {
                    "uv": [
                        2.75,
                        4.25,
                        3.0,
                        4.75
                    ],
                    "texture": "#0"
                },
                "up": {
                    "uv": [
                        4.0,
                        4.5,
                        3.5,
                        4.25
                    ],
                    "texture": "#0"
                },
                "down": {
                    "uv": [
                        4.0,
                        4.5,
                        3.5,
                        4.75
                    ],
                    "texture": "#0"
                }
            },
            "rotation": {
                "angle": 0,
                "axis": "y",
                "origin": [
                    6,
                    8.5,
                    10
                ]
            }
        },
        {
            "from": [
                6,
                9.5,
                8.5
            ],
            "to": [
                9,
                14.5,
                9.5
            ],
            "faces": {
                "north": {
                    "uv": [
                        0.75,
                        5.25,
                        1.5,
                        6.5
                    ],
                    "texture": "#0"
                },
                "east": {
                    "uv": [
                        0.5,
                        5.25,
                        0.75,
                        6.5
                    ],
                    "texture": "#0"
                },
                "south": {
                    "uv": [
                        1.75,
                        5.25,
                        2.5,
                        6.5
                    ],
                    "texture": "#0"
                },
                "west": {
                    "uv": [
                        1.5,
                        5.25,
                        1.75,
                        6.5
                    ],
                    "texture": "#0"
                },
                "up": {
                    "uv": [
                        1.25,
                        6.75,
                        0.5,
                        6.5
                    ],
                    "texture": "#0"
                },
                "down": {
                    "uv": [
                        2.0,
                        6.5,
                        1.25,
                        6.75
                    ],
                    "texture": "#0"
                }
            },
            "rotation": {
                "angle": 0,
                "axis": "y",
                "origin": [
                    8,
                    9.5,
                    5.5
                ]
            }
        },
        {
            "from": [
                7,
                10.5,
                6.5
            ],
            "to": [
                11,
                13.5,
                8.5
            ],
            "faces": {
                "north": {
                    "uv": [
                        3.0,
                        4.75,
                        4.0,
                        5.5
                    ],
                    "texture": "#0"
                },
                "east": {
                    "uv": [
                        2.5,
                        4.75,
                        3.0,
                        5.5
                    ],
                    "texture": "#0"
                },
                "south": {
                    "uv": [
                        3.0,
                        5.5,
                        4.0,
                        6.25
                    ],
                    "texture": "#0"
                },
                "west": {
                    "uv": [
                        2.5,
                        5.5,
                        3.0,
                        6.25
                    ],
                    "texture": "#0"
                },
                "up": {
                    "uv": [
                        3.5,
                        6.75,
                        2.5,
                        6.25
                    ],
                    "texture": "#0"
                },
                "down": {
                    "uv": [
                        3.5,
                        6.75,
                        2.5,
                        7.25
                    ],
                    "texture": "#0"
                }
            },
            "rotation": {
                "angle": 0,
                "axis": "y",
                "origin": [
                    9,
                    9.5,
                    4.5
                ]
            }
        },
        {
            "from": [
                5,
                11,
                6.5
            ],
            "to": [
                7,
                13,
                8.5
            ],
            "faces": {
                "north": {
                    "uv": [
                        5.5,
                        6.0,
                        6.0,
                        6.5
                    ],
                    "texture": "#0"
                },
                "east": {
                    "uv": [
                        5.0,
                        6.0,
                        5.5,
                        6.5
                    ],
                    "texture": "#0"
                },
                "south": {
                    "uv": [
                        6.0,
                        5.5,
                        6.5,
                        6.0
                    ],
                    "texture": "#0"
                },
                "west": {
                    "uv": [
                        6.0,
                        6.0,
                        6.5,
                        6.5
                    ],
                    "texture": "#0"
                },
                "up": {
                    "uv": [
                        5.5,
                        6.0,
                        5.0,
                        5.5
                    ],
                    "texture": "#0"
                },
                "down": {
                    "uv": [
                        6.0,
                        5.5,
                        5.5,
                        6.0
                    ],
                    "texture": "#0"
                }
            },
            "rotation": {
                "angle": 0,
                "axis": "y",
                "origin": [
                    7,
                    10,
                    4.5
                ]
            }
        },
        {
            "from": [
                9.75,
                13.5,
                6
            ],
            "to": [
                10.75,
                14.5,
                7
            ],
            "faces": {
                "north": {
                    "uv": [
                        5.0,
                        3.75,
                        5.25,
                        4.0
                    ],
                    "texture": "#0"
                },
                "east": {
                    "uv": [
                        5.25,
                        3.75,
                        5.5,
                        4.0
                    ],
                    "texture": "#0"
                },
                "south": {
                    "uv": [
                        5.5,
                        3.75,
                        5.75,
                        4.0
                    ],
                    "texture": "#0"
                },
                "west": {
                    "uv": [
                        5.0,
                        4.0,
                        5.25,
                        4.25
                    ],
                    "texture": "#0"
                },
                "up": {
                    "uv": [
                        5.25,
                        4.0,
                        5.5,
                        4.25
                    ],
                    "texture": "#0"
                },
                "down": {
                    "uv": [
                        5.5,
                        4.0,
                        5.75,
                        4.25
                    ],
                    "texture": "#0"
                }
            },
            "rotation": {
                "angle": -22.5,
                "axis": "x",
                "origin": [
                    10.25,
                    14.5,
                    8
                ]
            }
        },
        {
            "from": [
                9.75,
                14.5,
                6
            ],
            "to": [
                10.75,
                15.5,
                9
            ],
            "faces": {
                "north": {
                    "uv": [
                        5.25,
                        4.25,
                        5.5,
                        4.5
                    ],
                    "texture": "#0"
                },
                "east": {
                    "uv": [
                        5.75,
                        4.25,
                        6.5,
                        4.5
                    ],
                    "texture": "#0"
                },
                "south": {
                    "uv": [
                        5.5,
                        4.25,
                        5.75,
                        4.5
                    ],
                    "texture": "#0"
                },
                "west": {
                    "uv": [
                        6.5,
                        4.0,
                        5.75,
                        4.25
                    ],
                    "texture": "#0"
                },
                "up": {
                    "uv": [
                        6.5,
                        4.25,
                        5.75,
                        4.5
                    ],
                    "rotation": 90,
                    "texture": "#0"
                },
                "down": {
                    "uv": [
                        5.75,
                        3.75,
                        6.5,
                        4.0
                    ],
                    "rotation": 90,
                    "texture": "#0"
                }
            },
            "rotation": {
                "angle": -22.5,
                "axis": "x",
                "origin": [
                    10.25,
                    14.5,
                    8
                ]
            }
        },
        {
            "from": [
                9.75,
                11.5,
                8
            ],
            "to": [
                10.75,
                14.5,
                9
            ],
            "faces": {
                "north": {
                    "uv": [
                        6.5,
                        3.75,
                        6.75,
                        4.5
                    ],
                    "texture": "#0"
                },
                "east": {
                    "uv": [
                        6.75,
                        3.75,
                        7.0,
                        4.5
                    ],
                    "texture": "#0"
                },
                "south": {
                    "uv": [
                        7.0,
                        3.75,
                        7.25,
                        4.5
                    ],
                    "texture": "#0"
                },
                "west": {
                    "uv": [
                        7.25,
                        3.75,
                        7.5,
                        4.5
                    ],
                    "texture": "#0"
                },
                "up": {
                    "uv": [
                        7.5,
                        3.75,
                        7.75,
                        4.0
                    ],
                    "texture": "#0"
                },
                "down": {
                    "uv": [
                        7.5,
                        4.0,
                        7.75,
                        4.25
                    ],
                    "texture": "#0"
                }
            },
            "rotation": {
                "angle": -22.5,
                "axis": "x",
                "origin": [
                    10.25,
                    14.5,
                    8
                ]
            }
        },
        {
            "from": [
                4,
                10.5,
                5
            ],
            "to": [
                12,
                12.5,
                6
            ],
            "faces": {
                "north": {
                    "uv": [
                        5.0,
                        2.75,
                        7.0,
                        3.25
                    ],
                    "texture": "#0"
                },
                "east": {
                    "uv": [
                        6.75,
                        2.75,
                        7.0,
                        3.25
                    ],
                    "texture": "#0"
                },
                "south": {
                    "uv": [
                        5.0,
                        3.25,
                        7.0,
                        3.75
                    ],
                    "texture": "#0"
                },
                "west": {
                    "uv": [
                        6.75,
                        3.25,
                        7.0,
                        3.75
                    ],
                    "texture": "#0"
                },
                "up": {
                    "uv": [
                        7.0,
                        2.5,
                        5.0,
                        2.25
                    ],
                    "texture": "#0"
                },
                "down": {
                    "uv": [
                        9.0,
                        2.5,
                        7.0,
                        2.75
                    ],
                    "texture": "#0"
                }
            },
            "rotation": {
                "angle": 0,
                "axis": "y",
                "origin": [
                    8,
                    10.5,
                    8
                ]
            }
        },
        {
            "from": [
                4,
                10.5,
                6
            ],
            "to": [
                5,
                12.5,
                10
            ],
            "faces": {
                "east": {
                    "uv": [
                        7.0,
                        2.75,
                        8.0,
                        3.25
                    ],
                    "texture": "#0"
                },
                "west": {
                    "uv": [
                        7.0,
                        3.25,
                        8.0,
                        3.75
                    ],
                    "texture": "#0"
                },
                "up": {
                    "uv": [
                        9.0,
                        3.75,
                        8.75,
                        2.75
                    ],
                    "texture": "#0"
                },
                "down": {
                    "uv": [
                        8.5,
                        2.75,
                        8.25,
                        3.75
                    ],
                    "texture": "#0"
                }
            },
            "rotation": {
                "angle": 0,
                "axis": "y",
                "origin": [
                    8,
                    10.5,
                    8
                ]
            }
        },
        {
            "from": [
                11,
                10.5,
                6
            ],
            "to": [
                12,
                12.5,
                10
            ],
            "faces": {
                "east": {
                    "uv": [
                        7.0,
                        2.75,
                        8.0,
                        3.25
                    ],
                    "texture": "#0"
                },
                "west": {
                    "uv": [
                        7.0,
                        3.25,
                        8.0,
                        3.75
                    ],
                    "texture": "#0"
                },
                "up": {
                    "uv": [
                        8.75,
                        3.75,
                        8.5,
                        2.75
                    ],
                    "texture": "#0"
                },
                "down": {
                    "uv": [
                        8.25,
                        2.75,
                        8.0,
                        3.75
                    ],
                    "texture": "#0"
                }
            },
            "rotation": {
                "angle": 0,
                "axis": "y",
                "origin": [
                    8,
                    10.5,
                    8
                ]
            }
        }
    ],
    "gui_light": "front",
    "display": {
        "thirdperson_righthand": {
            "rotation": [
                57,
                180,
                0
            ],
            "translation": [
                0,
                1.75,
                -2.25
            ]
        },
        "thirdperson_lefthand": {
            "rotation": [
                66.75,
                0,
                0
            ],
            "translation": [
                -5.5,
                -9.5,
                11.25
            ]
        },
        "firstperson_righthand": {
            "rotation": [
                0,
                -45,
                0
            ],
            "translation": [
                -1.25,
                3.75,
                2
            ],
            "scale": [
                0.5,
                0.5,
                0.5
            ]
        },
        "firstperson_lefthand": {
            "rotation": [
                0,
                -45,
                0
            ],
            "translation": [
                -1.25,
                4.75,
                2
            ],
            "scale": [
                0,
                0,
                0
            ]
        },
        "ground": {
            "translation": [
                0,
                5,
                0
            ],
            "scale": [
                0.75,
                0.75,
                0.75
            ]
        },
        "gui": {
            "rotation": [
                25,
                -45,
                0
            ],
            "translation": [
                0,
                1.5,
                0
            ],
            "scale": [
                0.75,
                0.75,
                0.75
            ]
        },
        "head": {
            "translation": [
                0,
                -13.5,
                12.25
            ],
            "scale": [
                1.8,
                1.8,
                1.8
            ]
        },
        "fixed": {
            "translation": [
                0,
                1,
                -4.75
            ],
            "scale": [
                1.2421875,
                1.2421875,
                1.2421875
            ]
        }
    }
}