{
	"credit": "Made with Blockbench",
	"texture_size": [64, 64],
	"textures": {
		"1": "custom:valentine/v_axe"
	},
	"elements": [
		{
			"from": [6.5, -7.45133, 13.86015],
			"to": [9.5, -4.45133, 16.86015],
			"rotation": {"angle": 45, "axis": "x", "origin": [8, 1.40882, 8]},
			"faces": {
				"north": {"uv": [5.5, 3.75, 6.25, 4.5], "texture": "#1"},
				"east": {"uv": [5.5, 4.75, 6.25, 5.5], "texture": "#1"},
				"south": {"uv": [5.5, 5.75, 6.25, 6.5], "texture": "#1"},
				"west": {"uv": [1, 6.25, 1.75, 7], "texture": "#1"},
				"up": {"uv": [2.75, 7, 2, 6.25], "texture": "#1"},
				"down": {"uv": [7.25, 3.75, 6.5, 4.5], "texture": "#1"}
			}
		},
		{
			"from": [7.1375, -8.87868, 7],
			"to": [9.1375, 7.12132, 9],
			"rotation": {"angle": 0, "axis": "y", "origin": [8.3875, 6.15882, 4.15625]},
			"faces": {
				"north": {"uv": [3, 0, 3.5, 4], "texture": "#1"},
				"east": {"uv": [3.75, 0, 4.25, 4], "texture": "#1"},
				"south": {"uv": [3, 4.25, 3.5, 8.25], "texture": "#1"},
				"west": {"uv": [3.75, 4.25, 4.25, 8.25], "texture": "#1"},
				"up": {"uv": [7.25, 3.5, 6.75, 3], "texture": "#1"},
				"down": {"uv": [0.5, 7.25, 0, 7.75], "texture": "#1"}
			}
		},
		{
			"from": [7.5, 7.87132, 1.075],
			"to": [8.5, 10.87132, 4.075],
			"rotation": {"angle": 0, "axis": "y", "origin": [8, 12.37132, 7.875]},
			"faces": {
				"north": {"uv": [7.75, 2, 8, 2.75], "texture": "#1"},
				"east": {"uv": [6.5, 4.75, 7.25, 5.5], "texture": "#1"},
				"south": {"uv": [4.5, 7.75, 4.75, 8.5], "texture": "#1"},
				"west": {"uv": [6.5, 5.75, 7.25, 6.5], "texture": "#1"},
				"up": {"uv": [5.25, 8.5, 5, 7.75], "texture": "#1"},
				"down": {"uv": [6.5, 7.75, 6.25, 8.5], "texture": "#1"}
			}
		},
		{
			"from": [8, 4.87132, 0.925],
			"to": [8, 13.87132, 5.925],
			"rotation": {"angle": 0, "axis": "y", "origin": [8, 12.37132, 7.875]},
			"faces": {
				"north": {"uv": [2.75, 8.75, 2.75, 11], "texture": "#1"},
				"east": {"uv": [0, 0, 1.25, 2.25], "texture": "#1"},
				"south": {"uv": [3, 9, 3, 11.25], "texture": "#1"},
				"west": {"uv": [1.5, 0, 2.75, 2.25], "texture": "#1"},
				"up": {"uv": [3.25, 10.25, 3.25, 9], "texture": "#1"},
				"down": {"uv": [3.5, 9, 3.5, 10.25], "texture": "#1"}
			}
		},
		{
			"from": [8, 4.87132, 10.075],
			"to": [8, 13.87132, 15.075],
			"rotation": {"angle": 0, "axis": "y", "origin": [8, 9.37132, 3]},
			"faces": {
				"north": {"uv": [3.75, 9, 3.75, 11.25], "texture": "#1"},
				"east": {"uv": [0, 2.5, 1.25, 4.75], "texture": "#1"},
				"south": {"uv": [4, 9, 4, 11.25], "texture": "#1"},
				"west": {"uv": [1.5, 2.5, 2.75, 4.75], "texture": "#1"},
				"up": {"uv": [4.25, 10.25, 4.25, 9], "texture": "#1"},
				"down": {"uv": [9.25, 1, 9.25, 2.25], "texture": "#1"}
			}
		},
		{
			"from": [7.5, 7.87132, 11.925],
			"to": [8.5, 10.87132, 14.925],
			"rotation": {"angle": 0, "axis": "y", "origin": [8, 9.37132, 3]},
			"faces": {
				"north": {"uv": [6.75, 7.75, 7, 8.5], "texture": "#1"},
				"east": {"uv": [6.75, 0, 7.5, 0.75], "texture": "#1"},
				"south": {"uv": [7.75, 6.75, 8, 7.5], "texture": "#1"},
				"west": {"uv": [6.75, 1, 7.5, 1.75], "texture": "#1"},
				"up": {"uv": [7.5, 8.5, 7.25, 7.75], "texture": "#1"},
				"down": {"uv": [8, 7.75, 7.75, 8.5], "texture": "#1"}
			}
		},
		{
			"from": [7.499, 5.999, 6.999],
			"to": [7.501, 7.001, 8.001],
			"rotation": {"angle": 45, "axis": "x", "origin": [8.5, 11, 8]},
			"faces": {
				"north": {"uv": [6, 8, 6, 8.25], "texture": "#1"},
				"east": {"uv": [6.25, 8.75, 6.5, 9], "texture": "#1"},
				"south": {"uv": [9, 1, 9, 1.25], "texture": "#1"},
				"west": {"uv": [6.75, 8.75, 7, 9], "texture": "#1"},
				"up": {"uv": [9, 1.75, 9, 1.5], "texture": "#1"},
				"down": {"uv": [9, 2.75, 9, 3], "texture": "#1"}
			}
		},
		{
			"from": [7.499, 5.999, 7.999],
			"to": [8.501, 8.001, 9.001],
			"rotation": {"angle": 45, "axis": "x", "origin": [8.5, 11, 8]},
			"faces": {
				"north": {"uv": [2, 8, 2.25, 8.5], "texture": "#1"},
				"east": {"uv": [2.5, 8, 2.75, 8.5], "texture": "#1"},
				"south": {"uv": [5.5, 8, 5.75, 8.5], "texture": "#1"},
				"west": {"uv": [8.25, 2, 8.5, 2.5], "texture": "#1"},
				"up": {"uv": [9, 7, 8.75, 6.75], "texture": "#1"},
				"down": {"uv": [7.5, 8.75, 7.25, 9], "texture": "#1"}
			}
		},
		{
			"from": [6.999, 7.999, 6.999],
			"to": [9.001, 9.001, 10.001],
			"rotation": {"angle": 45, "axis": "x", "origin": [8, 11, 8]},
			"faces": {
				"north": {"uv": [8.25, 2.75, 8.75, 3], "texture": "#1"},
				"east": {"uv": [0, 8, 0.75, 8.25], "texture": "#1"},
				"south": {"uv": [8.25, 3.25, 8.75, 3.5], "texture": "#1"},
				"west": {"uv": [1, 8, 1.75, 8.25], "texture": "#1"},
				"up": {"uv": [6.75, 7.5, 6.25, 6.75], "texture": "#1"},
				"down": {"uv": [7.5, 6.75, 7, 7.5], "texture": "#1"}
			}
		},
		{
			"from": [6.999, 8.999, 6.999],
			"to": [9.001, 11.001, 8.001],
			"rotation": {"angle": 45, "axis": "x", "origin": [8, 11, 8]},
			"faces": {
				"north": {"uv": [0.75, 7.25, 1.25, 7.75], "texture": "#1"},
				"east": {"uv": [8.25, 6.75, 8.5, 7.25], "texture": "#1"},
				"south": {"uv": [1.5, 7.25, 2, 7.75], "texture": "#1"},
				"west": {"uv": [8.25, 7.5, 8.5, 8], "texture": "#1"},
				"up": {"uv": [8.75, 8.5, 8.25, 8.25], "texture": "#1"},
				"down": {"uv": [0.5, 8.5, 0, 8.75], "texture": "#1"}
			}
		},
		{
			"from": [6.999, 9.999, 6.999],
			"to": [9.001, 11.001, 8.001],
			"rotation": {"angle": -45, "axis": "x", "origin": [8, 11, 8]},
			"faces": {
				"north": {"uv": [0.75, 8.5, 1.25, 8.75], "texture": "#1"},
				"east": {"uv": [8.75, 7.25, 9, 7.5], "texture": "#1"},
				"south": {"uv": [3, 8.5, 3.5, 8.75], "texture": "#1"},
				"west": {"uv": [7.75, 8.75, 8, 9], "texture": "#1"},
				"up": {"uv": [4.25, 8.75, 3.75, 8.5], "texture": "#1"},
				"down": {"uv": [2, 8.75, 1.5, 9], "texture": "#1"}
			}
		},
		{
			"from": [6.999, 8.999, 7.999],
			"to": [9.001, 11.001, 9.001],
			"rotation": {"angle": -45, "axis": "x", "origin": [8, 11, 8]},
			"faces": {
				"north": {"uv": [2.25, 7.25, 2.75, 7.75], "texture": "#1"},
				"east": {"uv": [8.75, 2, 9, 2.5], "texture": "#1"},
				"south": {"uv": [7.5, 3, 8, 3.5], "texture": "#1"},
				"west": {"uv": [2.25, 8.75, 2.5, 9.25], "texture": "#1"},
				"up": {"uv": [9.25, 4, 8.75, 3.75], "texture": "#1"},
				"down": {"uv": [9.25, 4.25, 8.75, 4.5], "texture": "#1"}
			}
		},
		{
			"from": [6.999, 7.999, 4.999],
			"to": [9.001, 9.001, 9.001],
			"rotation": {"angle": -45, "axis": "x", "origin": [8, 11, 8]},
			"faces": {
				"north": {"uv": [4.5, 8.75, 5, 9], "texture": "#1"},
				"east": {"uv": [7.5, 3.75, 8.5, 4], "texture": "#1"},
				"south": {"uv": [8.75, 4.75, 9.25, 5], "texture": "#1"},
				"west": {"uv": [7.5, 4.25, 8.5, 4.5], "texture": "#1"},
				"up": {"uv": [2.75, 6, 2.25, 5], "texture": "#1"},
				"down": {"uv": [6, 6.75, 5.5, 7.75], "texture": "#1"}
			}
		},
		{
			"from": [7.499, 5.999, 6.999],
			"to": [8.501, 8.001, 8.001],
			"rotation": {"angle": -45, "axis": "x", "origin": [8.5, 11, 8]},
			"faces": {
				"north": {"uv": [5.25, 8.75, 5.5, 9.25], "texture": "#1"},
				"east": {"uv": [8.75, 5.25, 9, 5.75], "texture": "#1"},
				"south": {"uv": [5.75, 8.75, 6, 9.25], "texture": "#1"},
				"west": {"uv": [8.75, 6, 9, 6.5], "texture": "#1"},
				"up": {"uv": [9, 8, 8.75, 7.75], "texture": "#1"},
				"down": {"uv": [8.5, 8.75, 8.25, 9], "texture": "#1"}
			}
		},
		{
			"from": [7.499, 5.999, 7.999],
			"to": [7.501, 7.001, 9.001],
			"rotation": {"angle": -45, "axis": "x", "origin": [8.5, 11, 8]},
			"faces": {
				"north": {"uv": [9, 3.25, 9, 3.5], "texture": "#1"},
				"east": {"uv": [8.75, 8.75, 9, 9], "texture": "#1"},
				"south": {"uv": [9, 8.25, 9, 8.5], "texture": "#1"},
				"west": {"uv": [0, 9, 0.25, 9.25], "texture": "#1"},
				"up": {"uv": [1.5, 9.5, 1.5, 9.25], "texture": "#1"},
				"down": {"uv": [1.75, 9.25, 1.75, 9.5], "texture": "#1"}
			}
		},
		{
			"from": [7.499, 6.999, 8.999],
			"to": [7.501, 8.001, 10.001],
			"rotation": {"angle": -45, "axis": "x", "origin": [8.5, 11, 8]},
			"faces": {
				"north": {"uv": [2, 9.25, 2, 9.5], "texture": "#1"},
				"east": {"uv": [9, 0, 9.25, 0.25], "texture": "#1"},
				"south": {"uv": [9.25, 2.5, 9.25, 2.75], "texture": "#1"},
				"west": {"uv": [0.5, 9, 0.75, 9.25], "texture": "#1"},
				"up": {"uv": [9.25, 3.25, 9.25, 3], "texture": "#1"},
				"down": {"uv": [4.5, 9.25, 4.5, 9.5], "texture": "#1"}
			}
		},
		{
			"from": [7.499, 6.999, 5.999],
			"to": [7.501, 8.001, 7.001],
			"rotation": {"angle": 45, "axis": "x", "origin": [8.5, 11, 8]},
			"faces": {
				"north": {"uv": [4.75, 9.25, 4.75, 9.5], "texture": "#1"},
				"east": {"uv": [9, 0.5, 9.25, 0.75], "texture": "#1"},
				"south": {"uv": [5, 9.25, 5, 9.5], "texture": "#1"},
				"west": {"uv": [1, 9, 1.25, 9.25], "texture": "#1"},
				"up": {"uv": [9.25, 5.5, 9.25, 5.25], "texture": "#1"},
				"down": {"uv": [9.25, 5.75, 9.25, 6], "texture": "#1"}
			}
		},
		{
			"from": [6, 7.02132, 6],
			"to": [10, 8.02132, 10],
			"rotation": {"angle": 0, "axis": "y", "origin": [2.525, 1.40882, 9.125]},
			"faces": {
				"north": {"uv": [7.5, 4.75, 8.5, 5], "texture": "#1"},
				"east": {"uv": [7.5, 5.25, 8.5, 5.5], "texture": "#1"},
				"south": {"uv": [7.5, 5.75, 8.5, 6], "texture": "#1"},
				"west": {"uv": [7.5, 6.25, 8.5, 6.5], "texture": "#1"},
				"up": {"uv": [2, 6, 1, 5], "texture": "#1"},
				"down": {"uv": [6.5, 0, 5.5, 1], "texture": "#1"}
			}
		},
		{
			"from": [6, -6.97868, 6],
			"to": [10, -5.97868, 10],
			"rotation": {"angle": 0, "axis": "y", "origin": [8, 7.52132, 8]},
			"faces": {
				"north": {"uv": [7.75, 0, 8.75, 0.25], "texture": "#1"},
				"east": {"uv": [7.75, 0.5, 8.75, 0.75], "texture": "#1"},
				"south": {"uv": [7.75, 1, 8.75, 1.25], "texture": "#1"},
				"west": {"uv": [7.75, 1.5, 8.75, 1.75], "texture": "#1"},
				"up": {"uv": [6.5, 2.25, 5.5, 1.25], "texture": "#1"},
				"down": {"uv": [6.5, 2.5, 5.5, 3.5], "texture": "#1"}
			}
		},
		{
			"from": [6.49, -3.44459, 6.50563],
			"to": [9.51, 4.57541, 9.52563],
			"rotation": {"angle": 45, "axis": "y", "origin": [8, 0.56541, 8.01563]},
			"faces": {
				"north": {"uv": [4.5, 0, 5.25, 2], "texture": "#1"},
				"east": {"uv": [4.5, 2.25, 5.25, 4.25], "texture": "#1"},
				"south": {"uv": [4.5, 4.5, 5.25, 6.5], "texture": "#1"},
				"west": {"uv": [0, 5, 0.75, 7], "texture": "#1"},
				"up": {"uv": [7.5, 2.75, 6.75, 2], "texture": "#1"},
				"down": {"uv": [5.25, 6.75, 4.5, 7.5], "texture": "#1"}
			}
		},
		{
			"from": [8.55, 1.625, -2.225],
			"to": [8.551, 17.625, 13.775],
			"faces": {
				"north": {"uv": [4.25, 0, 4.25, 4], "texture": "#1"},
				"east": {"uv": [16, 0, 12, 4], "texture": "#1"},
				"south": {"uv": [4.25, 4.25, 4.25, 8.25], "texture": "#1"},
				"west": {"uv": [12, 0, 16, 4], "texture": "#1"},
				"up": {"uv": [4.5, 4, 4.5, 0], "texture": "#1"},
				"down": {"uv": [4.5, 4.25, 4.5, 8.25], "texture": "#1"}
			}
		}
	],
	"gui_light": "front",
	"display": {
		"thirdperson_righthand": {
			"rotation": [0, -180, 0],
			"translation": [0, 4.25, 0],
			"scale": [0.8, 0.8, 0.8]
		},
		"thirdperson_lefthand": {
			"translation": [0, 6, 0],
			"scale": [0.8, 0.8, 0.8]
		},
		"firstperson_righthand": {
			"rotation": [0, -180, 0],
			"translation": [4, 2.75, -2.5]
		},
		"firstperson_lefthand": {
			"translation": [4.5, 2.75, -2.5]
		},
		"ground": {
			"rotation": [-45, 0, 0],
			"translation": [0, 9.25, -2.25],
			"scale": [0.7, 0.7, 0.7]
		},
		"gui": {
			"rotation": [90, -135, 90],
			"translation": [2, 2.25, 1.5],
			"scale": [0.68, 0.68, 0.68]
		},
		"head": {
			"rotation": [90, -38, -90],
			"translation": [5, -18.75, 4.25]
		},
		"fixed": {
			"rotation": [-90, 45, 90],
			"translation": [-3, 2.75, -0.25],
			"scale": [0.91, 0.91, 0.91]
		}
	},
	"groups": [
		{
			"name": "group",
			"origin": [5, 10.69632, 7.1],
			"color": 0,
			"children": [
				{
					"name": "group",
					"origin": [5, 10.69632, 7.1],
					"color": 0,
					"children": [
						{
							"name": "group",
							"origin": [8, 12.19632, 7.5],
							"color": 0,
							"children": [
								0,
								1,
								2,
								3,
								4,
								5,
								{
									"name": "group",
									"origin": [8.5, 20, 8],
									"color": 0,
									"children": [6, 7, 8, 9, 10, 11, 12, 13, 14, 15, 16]
								},
								17,
								18,
								19,
								20
							]
						}
					]
				}
			]
		}
	]
}