{
	"credit": "Made with Blockbench",
	"texture_size": [128, 128],
	"textures": {
		"4": "custom:valentine/v_chest"
	},
	"elements": [
		{
			"from": [3, 1, 3],
			"to": [13, 16, 13],
			"faces": {
				"north": {"uv": [2.125, 0, 3.375, 1.875], "texture": "#4"},
				"east": {"uv": [2.125, 0, 3.375, 1.875], "texture": "#4"},
				"south": {"uv": [2.125, 0, 3.375, 1.875], "texture": "#4"},
				"west": {"uv": [2.125, 0, 3.375, 1.875], "texture": "#4"},
				"up": {"uv": [6.125, 2.875, 4.875, 1.625], "texture": "#4"},
				"down": {"uv": [6.625, 3, 5.375, 4.25], "texture": "#4"}
			}
		},
		{
			"from": [2.225, -1.2, 2.2],
			"to": [18.225, 14.8, 2.201],
			"faces": {
				"north": {"uv": [14, 0, 16, 2], "texture": "#4"},
				"east": {"uv": [2.125, 0, 2.125, 2], "texture": "#4"},
				"south": {"uv": [16, 0, 14, 2], "texture": "#4"},
				"west": {"uv": [2.125, 2.125, 2.125, 4.125], "texture": "#4"},
				"up": {"uv": [2.25, 2, 2.25, 0], "rotation": 90, "texture": "#4"},
				"down": {"uv": [2.25, 2.125, 2.25, 4.125], "rotation": 270, "texture": "#4"}
			}
		},
		{
			"from": [2, 0, 2],
			"to": [14, 2, 14],
			"faces": {
				"north": {"uv": [0, 5.875, 1.5, 6.125], "texture": "#4"},
				"east": {"uv": [0, 5.875, 1.5, 6.125], "texture": "#4"},
				"south": {"uv": [0, 5.875, 1.5, 6.125], "texture": "#4"},
				"west": {"uv": [0, 5.875, 1.5, 6.125], "texture": "#4"},
				"up": {"uv": [3.625, 5.5, 2.125, 4], "texture": "#4"},
				"down": {"uv": [5.25, 4, 3.75, 5.5], "texture": "#4"}
			}
		},
		{
			"from": [2, 10, 2],
			"to": [14, 12, 14],
			"faces": {
				"north": {"uv": [7.25, 0.375, 8.75, 0.625], "texture": "#4"},
				"east": {"uv": [7.25, 0.375, 8.75, 0.625], "texture": "#4"},
				"south": {"uv": [7.25, 0.375, 8.75, 0.625], "texture": "#4"},
				"west": {"uv": [7.25, 0.375, 8.75, 0.625], "texture": "#4"},
				"up": {"uv": [1.5, 5.75, 0, 4.25], "texture": "#4"},
				"down": {"uv": [6.375, 0, 4.875, 1.5], "texture": "#4"}
			}
		},
		{
			"from": [0, 11, 0],
			"to": [16, 13, 16],
			"faces": {
				"north": {"uv": [6.25, 2.375, 8.25, 2.625], "texture": "#4"},
				"east": {"uv": [6.25, 2.375, 8.25, 2.625], "texture": "#4"},
				"south": {"uv": [6.25, 2.375, 8.25, 2.625], "texture": "#4"},
				"west": {"uv": [6.25, 2.375, 8.25, 2.625], "texture": "#4"},
				"up": {"uv": [2, 2, 0, 0], "texture": "#4"},
				"down": {"uv": [2, 2.125, 0, 4.125], "texture": "#4"}
			}
		},
		{
			"from": [12.4, 12, 1],
			"to": [14.4, 17, 15],
			"rotation": {"angle": -22.5, "axis": "z", "origin": [14, 15, 9]},
			"faces": {
				"north": {"uv": [1.625, 4.25, 1.875, 4.875], "texture": "#4"},
				"east": {"uv": [5.375, 4.375, 7.125, 5], "texture": "#4"},
				"south": {"uv": [4.875, 3, 5.125, 3.625], "texture": "#4"},
				"west": {"uv": [5.375, 5.125, 7.125, 5.75], "texture": "#4"},
				"up": {"uv": [4.5, 8.125, 4.25, 6.375], "texture": "#4"},
				"down": {"uv": [4.875, 6.375, 4.625, 8.125], "texture": "#4"}
			}
		},
		{
			"from": [1.74567, 12.26767, 1],
			"to": [3.74567, 17.26767, 15],
			"rotation": {"angle": 22.5, "axis": "z", "origin": [2.74567, 14.76767, 8]},
			"faces": {
				"north": {"uv": [7.5, 2.75, 7.75, 3.375], "texture": "#4"},
				"east": {"uv": [1.625, 5.625, 3.375, 6.25], "texture": "#4"},
				"south": {"uv": [7.625, 6.5, 7.875, 7.125], "texture": "#4"},
				"west": {"uv": [3.5, 5.625, 5.25, 6.25], "texture": "#4"},
				"up": {"uv": [5.25, 8.125, 5, 6.375], "texture": "#4"},
				"down": {"uv": [5.625, 6.625, 5.375, 8.375], "texture": "#4"}
			}
		},
		{
			"from": [7, 12.86767, 1],
			"to": [9, 17.86767, 15],
			"rotation": {"angle": 0, "axis": "y", "origin": [13, 14.76767, 8]},
			"faces": {
				"north": {"uv": [7.625, 7.25, 7.875, 7.875], "texture": "#4"},
				"east": {"uv": [5.375, 5.875, 7.125, 6.5], "texture": "#4"},
				"south": {"uv": [7.875, 2.75, 8.125, 3.375], "texture": "#4"},
				"west": {"uv": [6.25, 1.625, 8, 2.25], "texture": "#4"},
				"up": {"uv": [6, 8.375, 5.75, 6.625], "texture": "#4"},
				"down": {"uv": [6.375, 6.625, 6.125, 8.375], "texture": "#4"}
			}
		},
		{
			"from": [11.999, -0.001, -0.001],
			"to": [16.001, 2.001, 4.001],
			"faces": {
				"north": {"uv": [8, 5, 8.625, 5.25], "texture": "#4"},
				"east": {"uv": [8, 5, 8.625, 5.25], "texture": "#4"},
				"south": {"uv": [8, 5, 8.625, 5.25], "texture": "#4"},
				"west": {"uv": [8, 5, 8.625, 5.25], "texture": "#4"},
				"up": {"uv": [7.125, 1, 6.5, 0.375], "texture": "#4"},
				"down": {"uv": [7.125, 6.625, 6.5, 7.25], "texture": "#4"}
			}
		},
		{
			"from": [-0.001, -0.001, -0.001],
			"to": [4.001, 2.001, 4.001],
			"faces": {
				"north": {"uv": [8, 5, 8.625, 5.25], "texture": "#4"},
				"east": {"uv": [8, 5, 8.625, 5.25], "texture": "#4"},
				"south": {"uv": [8, 5, 8.625, 5.25], "texture": "#4"},
				"west": {"uv": [8, 5, 8.625, 5.25], "texture": "#4"},
				"up": {"uv": [7.125, 1, 6.5, 0.375], "texture": "#4"},
				"down": {"uv": [7.125, 6.625, 6.5, 7.25], "texture": "#4"}
			}
		},
		{
			"from": [-0.001, -0.001, 11.999],
			"to": [4.001, 2.001, 16.001],
			"faces": {
				"north": {"uv": [8, 5, 8.625, 5.25], "texture": "#4"},
				"east": {"uv": [8, 5, 8.625, 5.25], "texture": "#4"},
				"south": {"uv": [8, 5, 8.625, 5.25], "texture": "#4"},
				"west": {"uv": [8, 5, 8.625, 5.25], "texture": "#4"},
				"up": {"uv": [7.125, 1, 6.5, 0.375], "texture": "#4"},
				"down": {"uv": [7.125, 6.625, 6.5, 7.25], "texture": "#4"}
			}
		},
		{
			"from": [11.999, -0.001, 11.999],
			"to": [16.001, 2.001, 16.001],
			"faces": {
				"north": {"uv": [8, 5, 8.625, 5.25], "texture": "#4"},
				"east": {"uv": [8, 5, 8.625, 5.25], "texture": "#4"},
				"south": {"uv": [8, 5, 8.625, 5.25], "texture": "#4"},
				"west": {"uv": [8, 5, 8.625, 5.25], "texture": "#4"},
				"up": {"uv": [7.125, 1, 6.5, 0.375], "texture": "#4"},
				"down": {"uv": [7.125, 6.625, 6.5, 7.25], "texture": "#4"}
			}
		},
		{
			"from": [5.749, 2.48123, 2.999],
			"to": [6.751, 3.48323, 3.001],
			"rotation": {"angle": -45, "axis": "z", "origin": [8, 6.23223, 3]},
			"faces": {
				"north": {"uv": [0, 9, 0.125, 9.125], "texture": "#4"},
				"east": {"uv": [2, 4.25, 2, 4.375], "texture": "#4"},
				"south": {"uv": [0.25, 9, 0.375, 9.125], "texture": "#4"},
				"west": {"uv": [2, 4.5, 2, 4.625], "texture": "#4"},
				"up": {"uv": [1.75, 5.5, 1.625, 5.5], "texture": "#4"},
				"down": {"uv": [2, 5.5, 1.875, 5.5], "texture": "#4"}
			}
		},
		{
			"from": [6.749, 2.48123, 2.499],
			"to": [7.751, 4.48323, 3.501],
			"rotation": {"angle": -45, "axis": "z", "origin": [8, 6.23223, 3]},
			"faces": {
				"north": {"uv": [8.75, 6.875, 8.875, 7.125], "texture": "#4"},
				"east": {"uv": [7.25, 8.75, 7.375, 9], "texture": "#4"},
				"south": {"uv": [8.75, 7.25, 8.875, 7.5], "texture": "#4"},
				"west": {"uv": [7.5, 8.75, 7.625, 9], "texture": "#4"},
				"up": {"uv": [0.625, 9.125, 0.5, 9], "texture": "#4"},
				"down": {"uv": [0.875, 9, 0.75, 9.125], "texture": "#4"}
			}
		},
		{
			"from": [5.749, 4.48123, 1.999],
			"to": [8.751, 5.48323, 4.001],
			"rotation": {"angle": -45, "axis": "z", "origin": [8, 6.23223, 3]},
			"faces": {
				"north": {"uv": [4.875, 3.75, 5.25, 3.875], "texture": "#4"},
				"east": {"uv": [8.75, 7.625, 9, 7.75], "texture": "#4"},
				"south": {"uv": [6.25, 2.75, 6.625, 2.875], "texture": "#4"},
				"west": {"uv": [7.75, 8.75, 8, 8.875], "texture": "#4"},
				"up": {"uv": [8.75, 4.125, 8.375, 3.875], "texture": "#4"},
				"down": {"uv": [7.625, 8.375, 7.25, 8.625], "texture": "#4"}
			}
		},
		{
			"from": [5.749, 5.48123, 1.999],
			"to": [6.751, 7.48323, 4.001],
			"rotation": {"angle": -45, "axis": "z", "origin": [8, 6.23223, 3]},
			"faces": {
				"north": {"uv": [8.75, 7.875, 8.875, 8.125], "texture": "#4"},
				"east": {"uv": [8.125, 8.375, 8.375, 8.625], "texture": "#4"},
				"south": {"uv": [8.125, 8.75, 8.25, 9], "texture": "#4"},
				"west": {"uv": [5.375, 8.5, 5.625, 8.75], "texture": "#4"},
				"up": {"uv": [9, 0.5, 8.875, 0.25], "texture": "#4"},
				"down": {"uv": [9, 0.625, 8.875, 0.875], "texture": "#4"}
			}
		},
		{
			"from": [8.249, 6.48123, 1.999],
			"to": [9.251, 7.48323, 4.001],
			"rotation": {"angle": 45, "axis": "z", "origin": [8, 6.23223, 3]},
			"faces": {
				"north": {"uv": [1, 9, 1.125, 9.125], "texture": "#4"},
				"east": {"uv": [8.875, 1, 9.125, 1.125], "texture": "#4"},
				"south": {"uv": [1.25, 9, 1.375, 9.125], "texture": "#4"},
				"west": {"uv": [8.875, 1.25, 9.125, 1.375], "texture": "#4"},
				"up": {"uv": [9, 1.75, 8.875, 1.5], "texture": "#4"},
				"down": {"uv": [9, 1.875, 8.875, 2.125], "texture": "#4"}
			}
		},
		{
			"from": [10.249, 8.48123, 1.124],
			"to": [13.251, 11.48323, 2.126],
			"rotation": {"angle": 45, "axis": "z", "origin": [8, 6.23223, 3]},
			"faces": {
				"north": {"uv": [1.625, 5, 2, 5.375], "texture": "#4"},
				"east": {"uv": [8.75, 5.375, 8.875, 5.75], "texture": "#4"},
				"south": {"uv": [4.5, 8.25, 4.875, 8.625], "texture": "#4"},
				"west": {"uv": [8.75, 5.875, 8.875, 6.25], "texture": "#4"},
				"up": {"uv": [9.125, 6.5, 8.75, 6.375], "texture": "#4"},
				"down": {"uv": [9.125, 6.625, 8.75, 6.75], "texture": "#4"}
			}
		},
		{
			"from": [9.249, 5.48123, 1.999],
			"to": [10.251, 7.48323, 4.001],
			"rotation": {"angle": 45, "axis": "z", "origin": [8, 6.23223, 3]},
			"faces": {
				"north": {"uv": [8.875, 3.875, 9, 4.125], "texture": "#4"},
				"east": {"uv": [5.75, 8.5, 6, 8.75], "texture": "#4"},
				"south": {"uv": [8.875, 4.25, 9, 4.5], "texture": "#4"},
				"west": {"uv": [6.125, 8.5, 6.375, 8.75], "texture": "#4"},
				"up": {"uv": [9, 4.875, 8.875, 4.625], "texture": "#4"},
				"down": {"uv": [5.5, 8.875, 5.375, 9.125], "texture": "#4"}
			}
		},
		{
			"from": [6.249, 4.48123, 1.999],
			"to": [10.251, 5.48323, 4.001],
			"rotation": {"angle": 45, "axis": "z", "origin": [8, 6.23223, 3]},
			"faces": {
				"north": {"uv": [8.5, 8.375, 9, 8.5], "texture": "#4"},
				"east": {"uv": [5.625, 8.875, 5.875, 9], "texture": "#4"},
				"south": {"uv": [8.625, 0, 9.125, 0.125], "texture": "#4"},
				"west": {"uv": [6, 8.875, 6.25, 9], "texture": "#4"},
				"up": {"uv": [8.875, 2.5, 8.375, 2.25], "texture": "#4"},
				"down": {"uv": [8.875, 3.5, 8.375, 3.75], "texture": "#4"}
			}
		},
		{
			"from": [8.249, 2.48123, 2.499],
			"to": [9.251, 4.48323, 3.501],
			"rotation": {"angle": 45, "axis": "z", "origin": [8, 6.23223, 3]},
			"faces": {
				"north": {"uv": [6.375, 8.875, 6.5, 9.125], "texture": "#4"},
				"east": {"uv": [6.625, 8.875, 6.75, 9.125], "texture": "#4"},
				"south": {"uv": [6.875, 8.875, 7, 9.125], "texture": "#4"},
				"west": {"uv": [8.875, 8.625, 9, 8.875], "texture": "#4"},
				"up": {"uv": [1.625, 9.125, 1.5, 9], "texture": "#4"},
				"down": {"uv": [1.875, 9, 1.75, 9.125], "texture": "#4"}
			}
		},
		{
			"from": [9.249, 2.48123, 2.999],
			"to": [10.251, 3.48323, 3.001],
			"rotation": {"angle": 45, "axis": "z", "origin": [8, 6.23223, 3]},
			"faces": {
				"north": {"uv": [2, 9, 2.125, 9.125], "texture": "#4"},
				"east": {"uv": [2, 4.75, 2, 4.875], "texture": "#4"},
				"south": {"uv": [2.25, 9, 2.375, 9.125], "texture": "#4"},
				"west": {"uv": [5.25, 3, 5.25, 3.125], "texture": "#4"},
				"up": {"uv": [0.125, 6.25, 0, 6.25], "texture": "#4"},
				"down": {"uv": [0.375, 6.25, 0.25, 6.25], "texture": "#4"}
			}
		},
		{
			"from": [10.249, 3.48123, 2.999],
			"to": [11.251, 4.48323, 3.001],
			"rotation": {"angle": 45, "axis": "z", "origin": [8, 6.23223, 3]},
			"faces": {
				"north": {"uv": [9, 2.25, 9.125, 2.375], "texture": "#4"},
				"east": {"uv": [5.25, 3.25, 5.25, 3.375], "texture": "#4"},
				"south": {"uv": [2.5, 9, 2.625, 9.125], "texture": "#4"},
				"west": {"uv": [5.25, 3.5, 5.25, 3.625], "texture": "#4"},
				"up": {"uv": [0.625, 6.25, 0.5, 6.25], "texture": "#4"},
				"down": {"uv": [0.875, 6.25, 0.75, 6.25], "texture": "#4"}
			}
		},
		{
			"from": [4.749, 3.48123, 2.999],
			"to": [5.751, 4.48323, 3.001],
			"rotation": {"angle": -45, "axis": "z", "origin": [8, 6.23223, 3]},
			"faces": {
				"north": {"uv": [9, 2.5, 9.125, 2.625], "texture": "#4"},
				"east": {"uv": [4.125, 6.75, 4.125, 6.875], "texture": "#4"},
				"south": {"uv": [2.75, 9, 2.875, 9.125], "texture": "#4"},
				"west": {"uv": [4.125, 7, 4.125, 7.125], "texture": "#4"},
				"up": {"uv": [1.125, 6.25, 1, 6.25], "texture": "#4"},
				"down": {"uv": [1.375, 6.25, 1.25, 6.25], "texture": "#4"}
			}
		},
		{
			"from": [13, 0, 1],
			"to": [15, 11, 3],
			"faces": {
				"north": {"uv": [6.875, 7.375, 7.125, 8.75], "texture": "#4"},
				"east": {"uv": [6.875, 7.375, 7.125, 8.75], "texture": "#4"},
				"south": {"uv": [6.875, 7.375, 7.125, 8.75], "texture": "#4"},
				"west": {"uv": [6.875, 7.375, 7.125, 8.75], "texture": "#4"},
				"up": {"uv": [4, 8.875, 3.75, 8.625], "texture": "#4"},
				"down": {"uv": [4.375, 8.625, 4.125, 8.875], "texture": "#4"}
			}
		},
		{
			"from": [13, 0, 13],
			"to": [15, 11, 15],
			"faces": {
				"north": {"uv": [6.875, 7.375, 7.125, 8.75], "texture": "#4"},
				"east": {"uv": [6.875, 7.375, 7.125, 8.75], "texture": "#4"},
				"south": {"uv": [6.875, 7.375, 7.125, 8.75], "texture": "#4"},
				"west": {"uv": [6.875, 7.375, 7.125, 8.75], "texture": "#4"},
				"up": {"uv": [4, 8.875, 3.75, 8.625], "texture": "#4"},
				"down": {"uv": [4.375, 8.625, 4.125, 8.875], "texture": "#4"}
			}
		},
		{
			"from": [1, 0, 13],
			"to": [3, 11, 15],
			"faces": {
				"north": {"uv": [6.875, 7.375, 7.125, 8.75], "texture": "#4"},
				"east": {"uv": [6.875, 7.375, 7.125, 8.75], "texture": "#4"},
				"south": {"uv": [6.875, 7.375, 7.125, 8.75], "texture": "#4"},
				"west": {"uv": [6.875, 7.375, 7.125, 8.75], "texture": "#4"},
				"up": {"uv": [4, 8.875, 3.75, 8.625], "texture": "#4"},
				"down": {"uv": [4.375, 8.625, 4.125, 8.875], "texture": "#4"}
			}
		},
		{
			"from": [1, 0, 1],
			"to": [3, 11, 3],
			"faces": {
				"north": {"uv": [6.875, 7.375, 7.125, 8.75], "texture": "#4"},
				"east": {"uv": [6.875, 7.375, 7.125, 8.75], "texture": "#4"},
				"south": {"uv": [6.875, 7.375, 7.125, 8.75], "texture": "#4"},
				"west": {"uv": [6.875, 7.375, 7.125, 8.75], "texture": "#4"},
				"up": {"uv": [4, 8.875, 3.75, 8.625], "texture": "#4"},
				"down": {"uv": [4.375, 8.625, 4.125, 8.875], "texture": "#4"}
			}
		}
	],
	"gui_light": "front",
	"display": {
		"thirdperson_righthand": {
			"rotation": [68, 84, 0],
			"translation": [0.25, -0.75, 0.25],
			"scale": [0.3, 0.3, 0.3]
		},
		"thirdperson_lefthand": {
			"rotation": [68, -84, 0],
			"translation": [0.25, -0.25, 0.25],
			"scale": [0.3, 0.3, 0.3]
		},
		"firstperson_righthand": {
			"rotation": [0, 85, 0],
			"translation": [-1.5, -1.5, -2.5],
			"scale": [0.5, 0.5, 0.5]
		},
		"firstperson_lefthand": {
			"rotation": [0, -85, 0],
			"translation": [-1.5, -1.5, -2.5],
			"scale": [0.5, 0.5, 0.5]
		},
		"ground": {
			"rotation": [-45, 0, 0],
			"translation": [0, 3.25, 0],
			"scale": [0.5, 0.5, 0.5]
		},
		"gui": {
			"rotation": [15.5, 145, 0],
			"translation": [0.25, 0, -1.25],
			"scale": [0.58, 0.58, 0.58]
		},
		"head": {
			"translation": [0.25, 33.5, 0.5],
			"scale": [2, 2, 2]
		},
		"fixed": {
			"translation": [-0.75, -0.25, -1.25],
			"scale": [0.98, 0.98, 0.98]
		}
	},
	"groups": [
		{
			"name": "group",
			"origin": [0, 0, 0],
			"color": 0,
			"children": [
				0,
				1,
				2,
				3,
				4,
				5,
				6,
				7,
				8,
				9,
				10,
				11,
				{
					"name": "group",
					"origin": [8.5, 20, 8],
					"color": 0,
					"children": [12, 13, 14, 15, 16, 17, 18, 19, 20, 21, 22, 23]
				},
				24,
				25,
				26,
				27
			]
		}
	]
}