{
  "parent": "item/generated",
  "textures": {
    "layer0": "item/book"
  },
  "overrides": [
        { "predicate": {"custom_model_data": 1}, "model": "custom/runes/common_book"},
		{ "predicate": {"custom_model_data": 2}, "model": "custom/runes/uncommon_book"},
		{ "predicate": {"custom_model_data": 3}, "model": "custom/runes/rare_book"},
		{ "predicate": {"custom_model_data": 4}, "model": "custom/runes/legendary_book"},
		{ "predicate": {"custom_model_data": 5}, "model": "custom/runes/mythic_book"}
  ]
}