{
    "parent": "item/generated",
    "textures": {
        "layer0": "item/bow"
    },
    "display": {
        "thirdperson_righthand": {
            "rotation": [ -80, 260, -40 ],
            "translation": [ -1, -2, 2.5 ],
            "scale": [ 0.9, 0.9, 0.9 ]
        },
        "thirdperson_lefthand": {
            "rotation": [ -80, -280, 40 ],
            "translation": [ -1, -2, 2.5 ],
            "scale": [ 0.9, 0.9, 0.9 ]
        },
        "firstperson_righthand": {
            "rotation": [ 0, -90, 25 ],
            "translation": [ 1.13, 3.2, 1.13],
            "scale": [ 0.68, 0.68, 0.68 ]
        },
        "firstperson_lefthand": {
            "rotation": [ 0, 90, -25 ],
            "translation": [ 1.13, 3.2, 1.13],
            "scale": [ 0.68, 0.68, 0.68 ]
        }
    },
    "overrides": [
        {
            "predicate": {
                "pulling": 1
            },
            "model": "item/bow_pulling_0"
        },
        {
            "predicate": {
                "pulling": 1,
                "pull": 0.65
            },
            "model": "item/bow_pulling_1"
        },
        {
            "predicate": {
                "pulling": 1,
                "pull": 0.9
            },
            "model": "item/bow_pulling_2"
        },
    { 
	"predicate": { "custom_model_data": 1 }, "model": "custom:bat/bat_bow_1" },
    {"predicate": { "custom_model_data": 1, "pulling": 1 }, "model": "custom:bat/bat_bow_pulling_1" },
    {"predicate": { "custom_model_data": 1, "pulling": 1, "pull": 0.65 }, "model": "custom:bat/bat_bow_pulling_2" },
    {"predicate": { "custom_model_data": 1, "pulling": 1, "pull": 0.9 }, "model": "custom:bat/bat_bow_pulling_3" },
	
    {"predicate": { "custom_model_data": 2 }, "model": "custom:frosty/wintercow_bow_1" },
    {"predicate": { "custom_model_data": 2, "pulling": 1 }, "model": "custom:frosty/wintercow_bow_pulling_1" },
    {"predicate": { "custom_model_data": 2, "pulling": 1, "pull": 0.65 }, "model": "custom:frosty/wintercow_bow_pulling_2" },
    {"predicate": { "custom_model_data": 2, "pulling": 1, "pull": 0.9 }, "model": "custom:frosty/wintercow_bow_pulling_3" },
	
    {"predicate": { "custom_model_data": 3 }, "model": "custom:valentine/v_bow" },
    {"predicate": { "custom_model_data": 3, "pulling": 1 }, "model": "custom:valentine/v_bow_pulling_1" },
    {"predicate": { "custom_model_data": 3, "pulling": 1, "pull": 0.65 }, "model": "custom:valentine/v_bow_pulling_2" },
    {"predicate": { "custom_model_data": 3, "pulling": 1, "pull": 0.9 }, "model": "custom:valentine/v_bow_pulling_3" },
	
    {"predicate": { "custom_model_data": 4 }, "model": "custom:poison/em_bow_1" },
    {"predicate": { "custom_model_data": 4, "pulling": 1 }, "model": "custom:poison/em_bow_pulling_1" },
    {"predicate": { "custom_model_data": 4, "pulling": 1, "pull": 0.65 }, "model": "custom:poison/em_bow_pulling_2" },
    {"predicate": { "custom_model_data": 4, "pulling": 1, "pull": 0.9 }, "model": "custom:poison/em_bow_pulling_3" },
	
    {"predicate": { "custom_model_data": 5 }, "model": "custom/subnautic/fish_bow_1" },
    {"predicate": { "custom_model_data": 5, "pulling": 1 }, "model": "custom/subnautic/fish_bow_pulling_1" },
    {"predicate": { "custom_model_data": 5, "pulling": 1, "pull": 0.65 }, "model": "custom/subnautic/fish_bow_pulling_2" },
    {"predicate": { "custom_model_data": 5, "pulling": 1, "pull": 0.9 }, "model": "custom/subnautic/fish_bow_pulling_3" },
	
    {"predicate": { "custom_model_data": 6 }, "model": "custom/halloween/bow" },
    {"predicate": { "custom_model_data": 6, "pulling": 1 }, "model": "custom/halloween/bow_0" },
    {"predicate": { "custom_model_data": 6, "pulling": 1, "pull": 0.65 }, "model": "custom/halloween/bow_1" },
    {"predicate": { "custom_model_data": 6, "pulling": 1, "pull": 0.9 }, "model": "custom/halloween/bow_2" },
	
	
	
	
	
	
    {"predicate": { "custom_model_data": 100001 }, "model": "custom:monsterisles/archangel/bow" },
    {"predicate": { "custom_model_data": 100001, "pulling": 1 }, "model": "custom:monsterisles/archangel/bow_0" },
    {"predicate": { "custom_model_data": 100001, "pulling": 1, "pull": 0.65 }, "model": "custom:monsterisles/archangel/bow_1" },
    {"predicate": { "custom_model_data": 100001, "pulling": 1, "pull": 0.9 }, "model": "custom:monsterisles/archangel/bow_2" },
	
    {"predicate": { "custom_model_data": 100002 }, "model": "custom:monsterisles/demonic/bow" },
    {"predicate": { "custom_model_data": 100002, "pulling": 1 }, "model": "custom:monsterisles/demonic/bow_0" },
    {"predicate": { "custom_model_data": 100002, "pulling": 1, "pull": 0.65 }, "model": "custom:monsterisles/demonic/bow_1" },
    {"predicate": { "custom_model_data": 100002, "pulling": 1, "pull": 0.9 }, "model": "custom:monsterisles/demonic/bow_2" },
	
    {"predicate": { "custom_model_data": 100003 }, "model": "custom:monsterisles/mage/mage_bow" },
    {"predicate": { "custom_model_data": 100003, "pulling": 1 }, "model": "custom:monsterisles/mage/mage_bow_0" },
    {"predicate": { "custom_model_data": 100003, "pulling": 1, "pull": 0.65 }, "model": "custom:monsterisles/mage/mage_bow_1" },
    {"predicate": { "custom_model_data": 100003, "pulling": 1, "pull": 0.9 }, "model": "custom:monsterisles/mage/mage_bow_2" }
	
    ]
}