{
  "parent": "minecraft:block/orientable",
  "textures": {
    "top": "minecraft:block/pumpkin_top",
    "front": "minecraft:block/carved_pumpkin",
    "side": "minecraft:block/pumpkin_side"
 },

 "overrides": [
		{ "predicate": {"custom_model_data": 100001}, "model": "custom:monsterisles/ares/ares_helmet"},
		{ "predicate": {"custom_model_data": 100002}, "model": "custom:monsterisles/archangel/hood"},
		{ "predicate": {"custom_model_data": 100003}, "model": "custom:monsterisles/demonic/helmet"},
		{ "predicate": {"custom_model_data": 100004}, "model": "custom:monsterisles/necromancer/hat"},
		{ "predicate": {"custom_model_data": 100005}, "model": "custom:monsterisles/elven/elven_helmet"}		
	]
}