{
    "parent": "item/generated",
    "textures": {
        "layer0": "item/elytra"
    },
    "overrides": [
        { "predicate": { "broken": 1 }, "model": "item/broken_elytra" },
        { "predicate": { "custom_model_data": 1 }, "model": "custom:bat_armor/bat_elytra" },
        { "predicate": { "custom_model_data": 2 }, "model": "custom:frosty_armor/frosty_elytra" },
        { "predicate": { "custom_model_data": 3 }, "model": "custom:v_armor/v_elytra" },
        { "predicate": { "custom_model_data": 4 }, "model": "custom:poison/em_elytra" },
		{ "predicate": { "custom_model_data": 5 }, "model": "custom/subnautic/ocean_armor/ocean_elytra"},
        { "predicate": { "custom_model_data": 6 }, "model": "custom/subnautic/ocean_armor/halloween_elytra"},
        { "predicate": { "custom_model_data": 7 }, "model": "custom/elytras/diamond_elytra"},
        { "predicate": { "custom_model_data": 8 }, "model": "custom/elytras/golden_elytra"},
        { "predicate": { "custom_model_data": 9 }, "model": "custom/elytras/iron_elytra"},
        { "predicate": { "custom_model_data": 10 }, "model": "custom/elytras/netherite_elytra"},
        { "predicate": { "custom_model_data": 11 }, "model": "custom/elytras/wooden_elytra"}
	
	
    ]
}
