{
    "parent": "item/generated",
    "textures": {
        "layer0": "item/elytra"
    },
    "overrides": [
        { "predicate": { "broken": 1 }, "model": "item/broken_elytra" },
        { "predicate": { "custom_model_data": 1 }, "model": "custom:bat_armor/bat_elytra" },
        { "predicate": { "custom_model_data": 2 }, "model": "custom:frosty_armor/frosty_elytra" },
        { "predicate": { "custom_model_data": 3 }, "model": "custom:v_armor/v_elytra" },
        { "predicate": { "custom_model_data": 4 }, "model": "custom:poison/em_elytra" },
		{ "predicate": { "custom_model_data": 5 }, "model": "custom/subnautic/ocean_armor/ocean_elytra"}
	
	
    ]
}
