{
    "parent": "item/handheld_rod",
    "textures": {
        "layer0": "item/fishing_rod"
    },
    "overrides": [
        {
            "predicate": {
                "cast": 1
            },
            "model": "item/fishing_rod_cast"
        },
		
	{"predicate": { "custom_model_data": 1 }, "model": "custom:bat/bat_rod" },
    {"predicate": { "custom_model_data": 1, "cast": 1 }, "model": "custom:bat/bat_rod_cast" },
	
	{"predicate": { "custom_model_data": 2 }, "model": "custom:frosty/wintercow_rod" },
    {"predicate": { "custom_model_data": 2, "cast": 1 }, "model": "custom:frosty/wintercow_rod_cast" },
	
	{"predicate": { "custom_model_data": 3 }, "model": "custom:valentine/v_rod" },
    {"predicate": { "custom_model_data": 3, "cast": 1 }, "model": "custom:valentine/v_rod_cast" },
	
	{"predicate": { "custom_model_data": 4 }, "model": "custom:poison/em_rod" },
    {"predicate": { "custom_model_data": 4, "cast": 1 }, "model": "custom:poison/em_rod_cast" },
	
	{"predicate": { "custom_model_data": 5 }, "model": "custom/subnautic/ang_rod" },
    {"predicate": { "custom_model_data": 5, "cast": 1 }, "model": "custom/subnautic/ang_rod_cast" },
	
	{"predicate": { "custom_model_data": 6 }, "model": "custom/halloween/fishing_rod" },
    {"predicate": { "custom_model_data": 6, "cast": 1 }, "model": "custom/halloween/fishing_rod_cast" },
	
	
	
	

	
	{"predicate": { "custom_model_data": 100001 }, "model": "custom:monsterisles/archangel/fishing_rod" },
    {"predicate": { "custom_model_data": 100001, "cast": 1 }, "model": "custom:monsterisles/archangel/fishing_rod_cast" }
    ]
}

