				{"parent":"minecraft:item/generated","textures":{"layer0":"minecraft:item/leather_horse_armor"},"overrides":[


				{ "predicate": {"custom_model_data": 100001}, "model": "custom/subnautic/ice_cream_hat"},
				{ "predicate": {"custom_model_data": 100002}, "model": "custom/subnautic/scuba_mask"},
				{ "predicate": {"custom_model_data": 100003}, "model": "custom/subnautic/surf_glasses"},



				{ "predicate": {"custom_model_data": 200001}, "model": "custom/subnautic/ice_cream"},
				{ "predicate": {"custom_model_data": 200002}, "model": "custom/subnautic/scuba_harpoon"},
				{ "predicate": {"custom_model_data": 200003}, "model": "custom/subnautic/surfboard"},



				{ "predicate": {"custom_model_data": 300001}, "model": "custom/subnautic/ice_cream_scooper"},
				{ "predicate": {"custom_model_data": 300002}, "model": "custom/subnautic/scuba_gear"},
				{ "predicate": {"custom_model_data": 300003}, "model": "custom/subnautic/surf_waves"},
				
				
				
				{ "predicate": {"custom_model_data": 500009}, "model": "custom/misc/color_preview"}


 ]
}
