{
	"parent":"item/generated",
	"textures": {
		"layer0":"item/leather_boots",
		"layer1":"item/leather_boots_overlay"
	},
	"overrides": [
		{ "predicate": {"custom_model_data":100001},"model":"custom:monsterisles/ares/ares_boots"},
		{ "predicate": {"custom_model_data":100002},"model":"custom:monsterisles/archangel/archangel_boots"},
		{ "predicate": {"custom_model_data":100003},"model":"custom:monsterisles/demonic/demonic_boots"},
		{ "predicate": {"custom_model_data":100004},"model":"custom:monsterisles/necromancer/necromancer_boots"}
	]
}