{
	"parent":"item/generated",
	"textures": {
		"layer0":"item/leather_chestplate",
		"layer1":"item/leather_chestplate_overlay"
	},
	"overrides": [
		{ "predicate": {"custom_model_data":100001},"model":"custom:monsterisles/ares/ares_chestplate"},
		{ "predicate": {"custom_model_data":100002},"model":"custom:monsterisles/archangel/archangel_chestplate"},
		{ "predicate": {"custom_model_data":100003},"model":"custom:monsterisles/demonic/demonic_chestplate"},
		{ "predicate": {"custom_model_data":100004},"model":"custom:monsterisles/necromancer/necromancer_chestplate"},
		{ "predicate": {"custom_model_data": 100005}, "model": "custom:monsterisles/elven/elven_chestplate"},
		{ "predicate": {"custom_model_data": 100006}, "model": "custom:monsterisles/dwarven/chestplate"},
		{ "predicate": {"custom_model_data": 100007}, "model": "custom:monsterisles/mage/mage_chestplate"}
	]
}