				{"parent":"minecraft:item/generated","textures":{"layer0":"minecraft:item/leather_horse_armor"},"overrides":[


				{ "predicate": {"custom_model_data": 100001}, "model": "custom/subnautic/ice_cream_hat"},
				{ "predicate": {"custom_model_data": 100002}, "model": "custom/subnautic/scuba_mask"},
				{ "predicate": {"custom_model_data": 100003}, "model": "custom/subnautic/surf_glasses"},
				{ "predicate": {"custom_model_data": 100004}, "model": "custom/halloween/cosmetics/devil_horn"},
				{ "predicate": {"custom_model_data": 100005}, "model": "custom/halloween/cosmetics/ghost_head"},
				{ "predicate": {"custom_model_data": 100006}, "model": "custom/halloween/cosmetics/grave_1"},
				{ "predicate": {"custom_model_data": 100007}, "model": "custom/halloween/cosmetics/grave_2"},
				{ "predicate": {"custom_model_data": 100008}, "model": "custom/halloween/cosmetics/grave_3"},
				{ "predicate": {"custom_model_data": 100009}, "model": "custom/halloween/cosmetics/grave_4"},
				{ "predicate": {"custom_model_data": 100010}, "model": "custom/halloween/cosmetics/pumpkin_head"},
				{ "predicate": {"custom_model_data": 100011}, "model": "custom/halloween/cosmetics/witch_hat"},
				{ "predicate": {"custom_model_data": 100012}, "model": "custom/halloween/cosmetics/zombie_head"},
				{ "predicate": {"custom_model_data": 100013}, "model": "custom/halloween/cosmetics/helmet"},



				{ "predicate": {"custom_model_data": 200001}, "model": "custom/subnautic/ice_cream"},
				{ "predicate": {"custom_model_data": 200002}, "model": "custom/subnautic/scuba_harpoon"},
				{ "predicate": {"custom_model_data": 200003}, "model": "custom/subnautic/surfboard"},
				{ "predicate": {"custom_model_data": 200004}, "model": "custom/halloween/cosmetics/devil_trident"},
				{ "predicate": {"custom_model_data": 200005}, "model": "custom/halloween/cosmetics/ghost_glove"},
				{ "predicate": {"custom_model_data": 200006}, "model": "custom/halloween/cosmetics/magic_wand"},
				{ "predicate": {"custom_model_data": 200007}, "model": "custom/halloween/cosmetics/pumpkin_rake"},
				{ "predicate": {"custom_model_data": 200008}, "model": "custom/halloween/cosmetics/witch_broom"},
				{ "predicate": {"custom_model_data": 200009}, "model": "custom/halloween/cosmetics/zombie_hand"},



				{ "predicate": {"custom_model_data": 300001}, "model": "custom/subnautic/ice_cream_scooper"},
				{ "predicate": {"custom_model_data": 300002}, "model": "custom/subnautic/scuba_gear"},
				{ "predicate": {"custom_model_data": 300003}, "model": "custom/subnautic/surf_waves"},
				{ "predicate": {"custom_model_data": 300004}, "model": "custom/halloween/cosmetics/backpack"},
				{ "predicate": {"custom_model_data": 300005}, "model": "custom/halloween/cosmetics/cape"},
				{ "predicate": {"custom_model_data": 300006}, "model": "custom/halloween/cosmetics/devil_tail"},
				{ "predicate": {"custom_model_data": 300007}, "model": "custom/halloween/cosmetics/ghost_backpack"},
				{ "predicate": {"custom_model_data": 300008}, "model": "custom/halloween/cosmetics/pumpkin_backpack"},
				{ "predicate": {"custom_model_data": 300009}, "model": "custom/halloween/cosmetics/wings_19"},
				{ "predicate": {"custom_model_data": 300010}, "model": "custom/halloween/cosmetics/witch_cape"},
				{ "predicate": {"custom_model_data": 300011}, "model": "custom/halloween/cosmetics/zombie_backpack"},
				
				
				
				
				{ "predicate": {"custom_model_data": 500009}, "model": "custom/misc/color_preview"}


 ]
}
