{
	"parent":"item/generated",
	"textures": {
		"layer0":"item/leather_leggings",
		"layer1":"item/leather_leggings_overlay"
	},
	"overrides": [
		{ "predicate": {"custom_model_data":100001},"model":"custom:monsterisles/ares/ares_leggings"},
		{ "predicate": {"custom_model_data":100002},"model":"custom:monsterisles/archangel/archangel_leggings"},
		{ "predicate": {"custom_model_data":100003},"model":"custom:monsterisles/demonic/demonic_leggings"},
		{ "predicate": {"custom_model_data":100004},"model":"custom:monsterisles/necromancer/necromancer_leggings"},
		{ "predicate": {"custom_model_data": 100005}, "model": "custom:monsterisles/elven/elven_leggings"},
		{ "predicate": {"custom_model_data": 100006}, "model": "custom:monsterisles/dwarven/leggings"},
		{ "predicate": {"custom_model_data": 100007}, "model": "custom:monsterisles/mage/mage_leggings"}
	]
}