				{"parent":"minecraft:item/generated","textures":{"layer0":"minecraft:item/leather_horse_armor"},"overrides":[

				{ "predicate": {"custom_model_data": 1000}, "model": "custom/furnitures/comfy_furniture_v1/comfy_armchair"},
				{ "predicate": {"custom_model_data": 1001}, "model": "custom/furnitures/comfy_furniture_v1/comfy_dinner_chair"},
				{ "predicate": {"custom_model_data": 1002}, "model": "custom/furnitures/comfy_furniture_v1/center_flower_vase"},
				{ "predicate": {"custom_model_data": 1003}, "model": "custom/furnitures/comfy_furniture_v2/comfy_ceiling_lamp"},
				{ "predicate": {"custom_model_data": 1004}, "model": "custom/furnitures/comfy_furniture_v2/comfy_coat_rack"},
				{ "predicate": {"custom_model_data": 1005}, "model": "custom/furnitures/comfy_furniture_v2/comfy_floor_lamp"},
				{ "predicate": {"custom_model_data": 1006}, "model": "custom/furnitures/comfy_furniture_v2/comfy_grandpa_chair"},
				{ "predicate": {"custom_model_data": 1007}, "model": "custom/furnitures/comfy_furniture_v2/comfy_pillow"},
				{ "predicate": {"custom_model_data": 1008}, "model": "custom/furnitures/comfy_furniture_v2/comfy_stool"},
				{ "predicate": {"custom_model_data": 1009}, "model": "custom/furnitures/comfy_furniture_v2/comfy_candles"},
				{ "predicate": {"custom_model_data": 1010}, "model": "custom/furnitures/bamboo_furniture/bamboo_bench"},
				{ "predicate": {"custom_model_data": 1011}, "model": "custom/furnitures/bamboo_furniture/bamboo_chair"},
				{ "predicate": {"custom_model_data": 1012}, "model": "custom/furnitures/must_have_props_2/cake_stand"},
				{ "predicate": {"custom_model_data": 1013}, "model": "custom/furnitures/must_have_props_2/dumbbell"},
				{ "predicate": {"custom_model_data": 1014}, "model": "custom/furnitures/must_have_props_2/kettle"},
				{ "predicate": {"custom_model_data": 1015}, "model": "custom/furnitures/must_have_props_2/package"},
				{ "predicate": {"custom_model_data": 1016}, "model": "custom/furnitures/must_have_props_2/packages"},
				{ "predicate": {"custom_model_data": 1017}, "model": "custom/furnitures/must_have_props_2/pot_with_cloth"},
				{ "predicate": {"custom_model_data": 1018}, "model": "custom/furnitures/must_have_props_2/potion"},
				{ "predicate": {"custom_model_data": 1019}, "model": "custom/furnitures/must_have_props_2/potions"},
				{ "predicate": {"custom_model_data": 1020}, "model": "custom/furnitures/must_have_props_2/spraycan"},
				{ "predicate": {"custom_model_data": 1021}, "model": "custom/furnitures/must_have_props_2/telephone"},
				{ "predicate": {"custom_model_data": 1022}, "model": "custom/furnitures/rustic_kitchen/rustic_kitchen_book_holder_book"},
				{ "predicate": {"custom_model_data": 1023}, "model": "custom/furnitures/rustic_kitchen/rustic_kitchen_pan_full"},
				{ "predicate": {"custom_model_data": 1024}, "model": "custom/furnitures/rustic_kitchen/rustic_kitchen_pot_full"},
				{ "predicate": {"custom_model_data": 1025}, "model": "custom/furnitures/rustic_kitchen/rustic_kitchen_recipe_book"},
				

				{ "predicate": {"custom_model_data": 100001}, "model": "custom/subnautic/ice_cream_hat"},
				{ "predicate": {"custom_model_data": 100002}, "model": "custom/subnautic/scuba_mask"},
				{ "predicate": {"custom_model_data": 100003}, "model": "custom/subnautic/surf_glasses"},
				{ "predicate": {"custom_model_data": 100004}, "model": "custom/halloween/cosmetics/devil_horn"},
				{ "predicate": {"custom_model_data": 100005}, "model": "custom/halloween/cosmetics/ghost_head"},
				{ "predicate": {"custom_model_data": 100006}, "model": "custom/halloween/cosmetics/grave_1"},
				{ "predicate": {"custom_model_data": 100007}, "model": "custom/halloween/cosmetics/grave_2"},
				{ "predicate": {"custom_model_data": 100008}, "model": "custom/halloween/cosmetics/grave_3"},
				{ "predicate": {"custom_model_data": 100009}, "model": "custom/halloween/cosmetics/grave_4"},
				{ "predicate": {"custom_model_data": 100010}, "model": "custom/halloween/cosmetics/pumpkin_head"},
				{ "predicate": {"custom_model_data": 100011}, "model": "custom/halloween/cosmetics/witch_hat"},
				{ "predicate": {"custom_model_data": 100012}, "model": "custom/halloween/cosmetics/zombie_head"},
				{ "predicate": {"custom_model_data": 100013}, "model": "custom/halloween/cosmetics/helmet"},
				{ "predicate": {"custom_model_data": 100014}, "model": "custom/thanksgiving/bs_harvest_floral_crown"},
				{ "predicate": {"custom_model_data": 100015}, "model": "custom/thanksgiving/bs_harvest_pilgrim_hat"},



				{ "predicate": {"custom_model_data": 200001}, "model": "custom/subnautic/ice_cream"},
				{ "predicate": {"custom_model_data": 200002}, "model": "custom/subnautic/scuba_harpoon"},
				{ "predicate": {"custom_model_data": 200003}, "model": "custom/subnautic/surfboard"},
				{ "predicate": {"custom_model_data": 200004}, "model": "custom/halloween/cosmetics/devil_trident"},
				{ "predicate": {"custom_model_data": 200005}, "model": "custom/halloween/cosmetics/ghost_glove"},
				{ "predicate": {"custom_model_data": 200006}, "model": "custom/halloween/cosmetics/magic_wand"},
				{ "predicate": {"custom_model_data": 200007}, "model": "custom/halloween/cosmetics/pumpkin_rake"},
				{ "predicate": {"custom_model_data": 200008}, "model": "custom/halloween/cosmetics/witch_broom"},
				{ "predicate": {"custom_model_data": 200009}, "model": "custom/halloween/cosmetics/zombie_hand"},



				{ "predicate": {"custom_model_data": 300001}, "model": "custom/subnautic/ice_cream_scooper"},
				{ "predicate": {"custom_model_data": 300002}, "model": "custom/subnautic/scuba_gear"},
				{ "predicate": {"custom_model_data": 300003}, "model": "custom/subnautic/surf_waves"},
				{ "predicate": {"custom_model_data": 300004}, "model": "custom/halloween/cosmetics/backpack"},
				{ "predicate": {"custom_model_data": 300005}, "model": "custom/halloween/cosmetics/cape"},
				{ "predicate": {"custom_model_data": 300006}, "model": "custom/halloween/cosmetics/devil_tail"},
				{ "predicate": {"custom_model_data": 300007}, "model": "custom/halloween/cosmetics/ghost_backpack"},
				{ "predicate": {"custom_model_data": 300008}, "model": "custom/halloween/cosmetics/pumpkin_backpack"},
				{ "predicate": {"custom_model_data": 300009}, "model": "custom/halloween/cosmetics/wings_19"},
				{ "predicate": {"custom_model_data": 300010}, "model": "custom/halloween/cosmetics/witch_cape"},
				{ "predicate": {"custom_model_data": 300011}, "model": "custom/halloween/cosmetics/zombie_backpack"},
				
				{ "predicate": {"custom_model_data": 300012}, "model": "custom/christmas24/3dhelmet"},
				{ "predicate": {"custom_model_data": 300013}, "model": "custom/christmas24/wings"},
				
				{ "predicate": {"custom_model_data": 300014}, "model": "custom/christmas24/cosmetics/christmas_cape"},
				{ "predicate": {"custom_model_data": 300015}, "model": "custom/christmas24/cosmetics/christmas_tree_cape"},
				{ "predicate": {"custom_model_data": 300016}, "model": "custom/christmas24/cosmetics/christmas_wreath_backpack"},
				{ "predicate": {"custom_model_data": 300017}, "model": "custom/christmas24/cosmetics/deer_antler_hairband_v1"},
				{ "predicate": {"custom_model_data": 300018}, "model": "custom/christmas24/cosmetics/deer_antler_hairband_v2"},
				{ "predicate": {"custom_model_data": 300019}, "model": "custom/christmas24/cosmetics/elf_hat_v1"},
				{ "predicate": {"custom_model_data": 300020}, "model": "custom/christmas24/cosmetics/elf_hat_v2"},
				{ "predicate": {"custom_model_data": 300021}, "model": "custom/christmas24/cosmetics/gift_stocking_backpack"},
				{ "predicate": {"custom_model_data": 300022}, "model": "custom/christmas24/cosmetics/luxury_santa_hat"},
				{ "predicate": {"custom_model_data": 300023}, "model": "custom/christmas24/cosmetics/santa_treasure_backpack"},
				{ "predicate": {"custom_model_data": 300024}, "model": "custom/christmas24/cosmetics/snowflake_cape"},
				{ "predicate": {"custom_model_data": 300025}, "model": "custom/christmas24/cosmetics/snowman_hat_v1"},
				{ "predicate": {"custom_model_data": 300026}, "model": "custom/christmas24/cosmetics/snowman_hat_v2"},
				{ "predicate": {"custom_model_data": 300027}, "model": "custom/christmas24/cosmetics/witch_santa_hat"},
				
				{ "predicate": {"custom_model_data": 300028}, "model": "custom/cosmetics/spring/butterfly_hat"},
				{ "predicate": {"custom_model_data": 300029}, "model": "custom/cosmetics/spring/butterfly_wand"},
				{ "predicate": {"custom_model_data": 300030}, "model": "custom/cosmetics/spring/butterfly_wings"},
				{ "predicate": {"custom_model_data": 300031}, "model": "custom/cosmetics/spring/cute_backpack"},
				{ "predicate": {"custom_model_data": 300032}, "model": "custom/cosmetics/spring/cute_hat"},
				{ "predicate": {"custom_model_data": 300033}, "model": "custom/cosmetics/spring/cute_umbrella"},
				{ "predicate": {"custom_model_data": 300034}, "model": "custom/cosmetics/spring/flower_hat"},
				{ "predicate": {"custom_model_data": 300035}, "model": "custom/cosmetics/spring/flower_robe"},
				{ "predicate": {"custom_model_data": 300036}, "model": "custom/cosmetics/spring/flower_umbrella"},
				{ "predicate": {"custom_model_data": 300037}, "model": "custom/cosmetics/spring/fruit_basket"},
				{ "predicate": {"custom_model_data": 300038}, "model": "custom/cosmetics/spring/ladybug_ears"},
				{ "predicate": {"custom_model_data": 300039}, "model": "custom/cosmetics/spring/mushroom_backpack"},
				
				{ "predicate": {"custom_model_data": 300040}, "model": "custom/blossom/crown"},
				
				{ "predicate": {"custom_model_data": 300041}, "model": "custom/easter25/helmet"},
				{ "predicate": {"custom_model_data": 300042}, "model": "custom/easter25/wings"},
				
				{ "predicate": {"custom_model_data": 300043}, "model": "custom/cosmetics/easter/bunny_hat"},
				{ "predicate": {"custom_model_data": 300044}, "model": "custom/cosmetics/easter/bunny_scroll"},
				{ "predicate": {"custom_model_data": 300045}, "model": "custom/cosmetics/easter/duck_hat"},
				{ "predicate": {"custom_model_data": 300046}, "model": "custom/cosmetics/easter/easter_basket"},
				{ "predicate": {"custom_model_data": 300047}, "model": "custom/cosmetics/easter/easter_crown"},
				{ "predicate": {"custom_model_data": 300048}, "model": "custom/cosmetics/easter/egg_hat"},
				{ "predicate": {"custom_model_data": 300049}, "model": "custom/cosmetics/easter/flower_crown"},
				{ "predicate": {"custom_model_data": 300050}, "model": "custom/cosmetics/easter/flower_wand"},
				{ "predicate": {"custom_model_data": 300051}, "model": "custom/cosmetics/easter/flower_wings"},
				{ "predicate": {"custom_model_data": 300052}, "model": "custom/cosmetics/easter/flying_duck"},
				{ "predicate": {"custom_model_data": 300053}, "model": "custom/cosmetics/easter/giant_egg"},
				{ "predicate": {"custom_model_data": 300054}, "model": "custom/cosmetics/easter/rabbit_backpack"},
				{ "predicate": {"custom_model_data": 300055}, "model": "custom/cosmetics/easter/rabbit_hat"},
				{ "predicate": {"custom_model_data": 300056}, "model": "custom/cosmetics/easter/rabbit_wand"},
				{ "predicate": {"custom_model_data": 300057}, "model": "custom/cosmetics/easter/rabbit_wings"},
				
				{ "predicate": {"custom_model_data": 500009}, "model": "custom/misc/color_preview"}


 ]
}
