{
   "parent":"minecraft:item/handheld_mace",
   "textures":{
      "layer0":"minecraft:item/mace"
   },
   "overrides":[
      {
         "predicate":{
            "custom_model_data":1
         },
         "model":"custom/easter25/hammer"
      },
      {
         "predicate":{
            "custom_model_data":2
         },
         "model":"custom/spartan/hammer"
      },
      {
         "predicate":{
            "custom_model_data":3
         },
         "model":"item/mace"
      }
   ]
}