{
  "parent": "minecraft:item/handheld",
  "textures": {
    "layer0": "minecraft:item/netherite_pickaxe"
  },
    "overrides": [
        { "predicate": {"custom_model_data": 1}, "model": "custom:bat/bat_pickaxe"},
        { "predicate": {"custom_model_data": 2}, "model": "custom:frosty/wintercow_pickaxe"},
        { "predicate": {"custom_model_data": 3}, "model": "custom:valentine/v_pickaxe"},
        { "predicate": {"custom_model_data": 4}, "model": "custom:poison/em_pickaxe"},
		
		
		
		
		{ "predicate": {"custom_model_data": 100001}, "model": "custom:monsterisles/archangel/pickaxe"},
		{ "predicate": {"custom_model_data": 100002}, "model": "custom:monsterisles/dwarven/pickaxe"}
    ]
}