{
  "parent": "minecraft:item/handheld",
  "textures": {
    "layer0": "minecraft:item/netherite_sword"
    },
    "overrides": [
        { "predicate": {"custom_model_data": 1}, "model": "custom:bat/bat_sword"},
		{ "predicate": {"custom_model_data": 2}, "model": "custom:frosty/wintercow_sword"},
		{ "predicate": {"custom_model_data": 3}, "model": "custom:valentine/v_sword"},
		{ "predicate": {"custom_model_data": 4}, "model": "custom:poison/em_sword"},
		{ "predicate": {"custom_model_data": 5}, "model": "custom/subnautic/shell_sword"},
		{ "predicate": {"custom_model_data": 6}, "model": "custom/halloween/knife"},
		{ "predicate": {"custom_model_data": 7}, "model": "custom/halloween/scythe"},
		{ "predicate": {"custom_model_data": 8}, "model": "custom/halloween/sword"},
		{ "predicate": {"custom_model_data": 9}, "model": "custom/christmas24/hammer"},
		{ "predicate": {"custom_model_data": 10}, "model": "custom/christmas24/scythe"},
		{ "predicate": {"custom_model_data": 11}, "model": "custom/christmas24/sword"},
		{ "predicate": {"custom_model_data": 12}, "model": "custom/blossom/staff"},
		{ "predicate": {"custom_model_data": 13}, "model": "custom/blossom/sword"},
		{ "predicate": {"custom_model_data": 14}, "model": "custom/easter25/sword"},
		{ "predicate": {"custom_model_data": 15}, "model": "custom/spartan/knife"},
		{ "predicate": {"custom_model_data": 16}, "model": "custom/spartan/scythe"},
		{ "predicate": {"custom_model_data": 17}, "model": "custom/spartan/spear"},
		{ "predicate": {"custom_model_data": 18}, "model": "custom/spartan/staff"},
		{ "predicate": {"custom_model_data": 19}, "model": "custom/spartan/sword"},
		{ "predicate": {"custom_model_data": 20}, "model": "custom/spartan/trident"},
		
		
		
		
		
		{ "predicate": {"custom_model_data": 100001}, "model": "custom:monsterisles/ares/ares_greatsword"},		
        { "predicate": {"custom_model_data": 100002}, "model": "custom:monsterisles/archangel/sword"},
		{ "predicate": {"custom_model_data": 100003}, "model": "custom:monsterisles/necromancer/sword"},
		{ "predicate": {"custom_model_data": 100004}, "model": "custom:monsterisles/necromancer/staff"},
		{ "predicate": {"custom_model_data": 100005}, "model": "custom:monsterisles/other/fork"},
		{ "predicate": {"custom_model_data": 100006}, "model": "custom:monsterisles/elven/elven_sword"},
		{ "predicate": {"custom_model_data": 100007}, "model": "custom:monsterisles/dwarven/sword"},
		{ "predicate": {"custom_model_data": 100008}, "model": "custom:monsterisles/mage/mage_sword"},
		{ "predicate": {"custom_model_data": 100009}, "model": "custom:monsterisles/mage/staff"}
		
		
    ]
}