{
  "parent": "minecraft:item/handheld",
  "textures": {
    "layer0": "minecraft:item/netherite_hoe"
  },
    "overrides": [
        { "predicate": {"custom_model_data": 1}, "model": "custom:bat/bat_hoe"},
		{ "predicate": {"custom_model_data": 2}, "model": "custom:frosty/wintercow_hoe"},
		{ "predicate": {"custom_model_data": 3}, "model": "custom:valentine/v_hoe"},
		{ "predicate": {"custom_model_data": 4}, "model": "custom:poison/em_hoe"},
		
		
		
		
		{ "predicate": {"custom_model_data": 100001}, "model": "custom:monsterisles/archangel/hoe"}
    ]
}