{
  "parent": "minecraft:item/generated",
  "overrides": [
    {
      "model": "minecraft:item/netherite_boots_quartz_trim",
      "predicate": {
        "trim_type": 0.1
      }
    },
    {
      "model": "minecraft:item/netherite_boots_iron_trim",
      "predicate": {
        "trim_type": 0.2
      }
    },
    {
      "model": "minecraft:item/netherite_boots_netherite_darker_trim",
      "predicate": {
        "trim_type": 0.3
      }
    },
    {
      "model": "minecraft:item/netherite_boots_redstone_trim",
      "predicate": {
        "trim_type": 0.4
      }
    },
    {
      "model": "minecraft:item/netherite_boots_copper_trim",
      "predicate": {
        "trim_type": 0.5
      }
    },
    {
      "model": "minecraft:item/netherite_boots_gold_trim",
      "predicate": {
        "trim_type": 0.6
      }
    },
    {
      "model": "minecraft:item/netherite_boots_emerald_trim",
      "predicate": {
        "trim_type": 0.7
      }
    },
    {
      "model": "minecraft:item/netherite_boots_diamond_trim",
      "predicate": {
        "trim_type": 0.8
      }
    },
    {
      "model": "minecraft:item/netherite_boots_lapis_trim",
      "predicate": {
        "trim_type": 0.9
      }
    },
    {
      "model": "minecraft:item/netherite_boots_amethyst_trim",
      "predicate": {
        "trim_type": 1.0
      }
    },
	{ "predicate": {"custom_model_data": 1}, "model": "custom:bat_armor/bat_boots"},
	{ "predicate": {"custom_model_data": 2}, "model": "custom:frosty_armor/frosty_boots"},
	{ "predicate": {"custom_model_data": 3}, "model": "custom:v_armor/v_boots"},
	{ "predicate": {"custom_model_data": 4}, "model": "custom:poison/em_boots"},
	{ "predicate": {"custom_model_data": 5}, "model": "custom/subnautic/ocean_armor/ocean_boots"},
	{ "predicate": {"custom_model_data": 6}, "model": "custom/halloween/armor/boots"},
	{ "predicate": {"custom_model_data": 7}, "model": "custom/christmas24/armor/boots"},
	{ "predicate": {"custom_model_data": 8}, "model": "custom/easter25/armor/boots"},
	{ "predicate": {"custom_model_data": 9}, "model": "custom/spartan/armor/boots"},
	{ "predicate": {"custom_model_data":100001},"model":"custom:monsterisles/ares/ares_boots"},
	{ "predicate": {"custom_model_data":100002},"model":"custom:monsterisles/archangel/archangel_boots"},
	{ "predicate": {"custom_model_data":100003},"model":"custom:monsterisles/demonic/demonic_boots"},
	{ "predicate": {"custom_model_data":100004},"model":"custom:monsterisles/necromancer/necromancer_boots"},
	{ "predicate": {"custom_model_data": 100005}, "model": "custom:monsterisles/elven/elven_boots"},
	{ "predicate": {"custom_model_data": 100006}, "model": "custom:monsterisles/dwarven/boots"},
	{ "predicate": {"custom_model_data": 100007}, "model": "custom:monsterisles/mage/mage_boots"}
	
  ],
  "textures": {
    "layer0": "minecraft:item/netherite_boots"
  }
}