{
  "parent": "minecraft:item/handheld",
  "textures": {
    "layer0": "minecraft:item/netherite_sword"
    },
    "overrides": [
        { "predicate": {"custom_model_data": 1}, "model": "custom:bat/bat_sword"},
		{ "predicate": {"custom_model_data": 2}, "model": "custom:frosty/wintercow_sword"},
		{ "predicate": {"custom_model_data": 3}, "model": "custom:valentine/v_sword"},
		{ "predicate": {"custom_model_data": 4}, "model": "custom:poison/em_sword"},
		
		
		
		
		
		{ "predicate": {"custom_model_data": 100001}, "model": "custom:monsterisles/ares/ares_greatsword"},		
        { "predicate": {"custom_model_data": 100002}, "model": "custom:monsterisles/archangel/sword"},
		{ "predicate": {"custom_model_data": 100003}, "model": "custom:monsterisles/necromancer/sword"},
		{ "predicate": {"custom_model_data": 100004}, "model": "custom:monsterisles/necromancer/staff"},
		{ "predicate": {"custom_model_data": 100005}, "model": "custom:monsterisles/other/fork"},
		{ "predicate": {"custom_model_data": 100006}, "model": "custom:monsterisles/elven/elven_sword"},
		{ "predicate": {"custom_model_data": 100007}, "model": "custom:monsterisles/dwarven/sword"},
		{ "predicate": {"custom_model_data": 100008}, "model": "custom:monsterisles/mage/mage_sword"},
		{ "predicate": {"custom_model_data": 100009}, "model": "custom:monsterisles/mage/staff"}
		
		
    ]
}