{
  "parent": "minecraft:item/handheld",
  "textures": {
    "layer0": "minecraft:item/netherite_axe"
  },
    "overrides": [
        { "predicate": {"custom_model_data": 1}, "model": "custom:bat/bat_axe"},
        { "predicate": {"custom_model_data": 2}, "model": "custom:frosty/wintercow_axe"},
        { "predicate": {"custom_model_data": 3}, "model": "custom:frosty/wintercow_axe2"},
        { "predicate": {"custom_model_data": 4}, "model": "custom:valentine/v_axe"},
        { "predicate": {"custom_model_data": 5}, "model": "custom:valentine/vb_axe"},
        { "predicate": {"custom_model_data": 6}, "model": "custom:poison/em_axe"},
        { "predicate": {"custom_model_data": 7}, "model": "custom:poison/em_axe_1"},
		
		
		
		
		
		
        { "predicate": {"custom_model_data": 100001}, "model": "custom:monsterisles/archangel/axe"},
		{ "predicate": {"custom_model_data": 100002}, "model": "custom:monsterisles/archangel/hammer"},
		{ "predicate": {"custom_model_data": 100003}, "model": "custom:monsterisles/demonic/battle_axe"},
		{ "predicate": {"custom_model_data": 100004}, "model": "custom:monsterisles/necromancer/mace"},
		{ "predicate": {"custom_model_data": 100005}, "model": "custom:monsterisles/dwarven/axe"},
		{ "predicate": {"custom_model_data": 100006}, "model": "custom:monsterisles/dwarven/battle_axe"},
		{ "predicate": {"custom_model_data": 100007}, "model": "custom:monsterisles/dwarven/hammer"}	
		
		
		
    ]
}