{
  "parent": "minecraft:item/handheld",
  "textures": {
    "layer0": "minecraft:item/netherite_shovel"
  },
    "overrides": [
        { "predicate": {"custom_model_data": 1}, "model": "custom:bat/bat_shovel"},
        { "predicate": {"custom_model_data": 2}, "model": "custom:frosty/wintercow_shovel"},
        { "predicate": {"custom_model_data": 3}, "model": "custom:valentine/v_shovel"},
        { "predicate": {"custom_model_data": 4}, "model": "custom:poison/em_shovel"},
        { "predicate": {"custom_model_data": 5}, "model": "custom/subnautic/sand_shovel"},
        { "predicate": {"custom_model_data": 6}, "model": "custom/halloween/shovel"},
		
		
		
		
		{ "predicate": {"custom_model_data": 100001}, "model": "custom:monsterisles/archangel/shovel"}
    ]
}