{
  "parent": "item/generated",
  "textures": {
    "layer0": "item/paper"
  },
  "overrides": [
        { "predicate": {"custom_model_data": 1}, "model": "custom:bat/bat_chest"},
		{ "predicate": {"custom_model_data": 2}, "model": "custom:frosty/wintercow_chest"},
		{ "predicate": {"custom_model_data": 3}, "model": "custom:valentine/v_chest"},
		{ "predicate": {"custom_model_data": 4}, "model": "custom:poison/em_chest"},
		{ "predicate": {"custom_model_data": 5}, "model": "custom/subnautic/ocean_chest"}
  ]
}