{
    "parent": "builtin/entity",
    "gui_light": "front",
    "textures": {
        "particle": "block/dark_oak_planks"
    },
    "display": {
        "thirdperson_righthand": {
            "rotation": [ 0, 90, 0 ],
            "translation": [ 10, 6, -4 ],
            "scale": [ 1, 1, 1 ]
        },
        "thirdperson_lefthand": {
            "rotation": [ 0, 90, 0 ],
            "translation": [ 10, 6, 12 ],
            "scale": [ 1, 1, 1 ]
        },
        "firstperson_righthand": {
            "rotation": [ 0, 180, 5 ],
            "translation": [ -10, 2, -10 ],
            "scale": [ 1.25, 1.25, 1.25 ]
        },
        "firstperson_lefthand": {
            "rotation": [ 0, 180, 5 ],
            "translation": [ 10, 0, -10 ],
            "scale": [ 1.25, 1.25, 1.25 ]
        },
        "gui": {
            "rotation": [ 15, -25, -5 ],
            "translation": [ 2, 3, 0 ],
            "scale": [ 0.65, 0.65, 0.65 ]
        },
        "fixed": {
            "rotation": [ 0, 180, 0 ],
            "translation": [ -2, 4, -5],
            "scale":[ 0.5, 0.5, 0.5]
        },
        "ground": {
            "rotation": [ 0, 0, 0 ],
            "translation": [ 4, 4, 2],
            "scale":[ 0.25, 0.25, 0.25]
        }
    },
    "overrides": [
        {
            "predicate": {
                "blocking": 1
            },
            "model": "item/shield_blocking"
        },
        { "predicate": { "custom_model_data": 1 }, "model": "custom:bat/bat_shield" },
        { "predicate": { "custom_model_data": 1, "blocking": 1 }, "model": "custom:bat/bat_shield_blocking" },
		
        { "predicate": { "custom_model_data": 2 }, "model": "custom:frosty/wintercow_shield" },
        { "predicate": { "custom_model_data": 2, "blocking": 1 }, "model": "custom:frosty/wintercow_shield_blocking" },
		
        { "predicate": { "custom_model_data": 3 }, "model": "custom:valentine/v_shield" },
        { "predicate": { "custom_model_data": 3, "blocking": 1 }, "model": "custom:valentine/v_shield_blocking" },
		
        { "predicate": { "custom_model_data": 4 }, "model": "custom:poison/em_shield" },
        { "predicate": { "custom_model_data": 4, "blocking": 1 }, "model": "custom:poison/em_shield_blocking" },
		
        { "predicate": { "custom_model_data": 5 }, "model": "custom/subnautic/clam_shield" },
        { "predicate": { "custom_model_data": 5, "blocking": 1 }, "model": "custom/subnautic/clam_shield_blocking" },
		
        { "predicate": { "custom_model_data": 6 }, "model": "custom/halloween/shield" },
        { "predicate": { "custom_model_data": 6, "blocking": 1 }, "model": "custom/halloween/shield_blocking" },
		
        { "predicate": { "custom_model_data": 7 }, "model": "custom/christmas24/shield" },
        { "predicate": { "custom_model_data": 7, "blocking": 1 }, "model": "custom/christmas24/shield_blocking" },
		
        { "predicate": { "custom_model_data": 8 }, "model": "custom/blossom/shield" },
        { "predicate": { "custom_model_data": 8, "blocking": 1 }, "model": "custom/blossom/shield_blocking" },
		
        { "predicate": { "custom_model_data": 9 }, "model": "custom/easter25/shield" },
        { "predicate": { "custom_model_data": 9, "blocking": 1 }, "model": "custom/easter25/shield_blocking" },
		
        { "predicate": { "custom_model_data": 10 }, "model": "custom/spartan/shield" },
        { "predicate": { "custom_model_data": 10, "blocking": 1 }, "model": "custom/spartan/shield_blocking" },
		
		
		
		
		
        { "predicate": { "custom_model_data": 100001 }, "model": "custom:monsterisles/ares/ares_shield" },
        { "predicate": { "custom_model_data": 100001, "blocking": 1 }, "model": "custom:monsterisles/ares/ares_shield_blocking" },
		
        { "predicate": { "custom_model_data": 100002 }, "model": "custom:monsterisles/archangel/shield" },
        { "predicate": { "custom_model_data": 100002, "blocking": 1 }, "model": "custom:monsterisles/archangel/shield_blocking" },
		
        { "predicate": { "custom_model_data": 100003 }, "model": "custom:monsterisles/demonic/shield" },
        { "predicate": { "custom_model_data": 100003, "blocking": 1 }, "model": "custom:monsterisles/demonic/shield_blocking" },
		
        { "predicate": { "custom_model_data": 100004 }, "model": "custom:monsterisles/elven/shield" },
        { "predicate": { "custom_model_data": 100004, "blocking": 1 }, "model": "custom:monsterisles/elven/shield_blocking" },
		
        { "predicate": { "custom_model_data": 100005 }, "model": "custom:monsterisles/dwarven/shield" },
        { "predicate": { "custom_model_data": 100005, "blocking": 1 }, "model": "custom:monsterisles/dwarven/shield_blocking" },
		
        { "predicate": { "custom_model_data": 100006 }, "model": "custom:monsterisles/mage/mage_shield" },
        { "predicate": { "custom_model_data": 100006, "blocking": 1 }, "model": "custom:monsterisles/mage/mage_shield_blocking" }
    ]
}
