{"credit":"MadewithBlockbench","texture_size":[128,128],"textures":{"0":"item/furnitures/easter_furniture_v1/easter_texture_01","particle":"item/furnitures/easter_furniture_v1/easter_texture_01"},"elements":[{"from":[10.25,2.3,3.85],"to":[12.25,5.8,5.85],"rotation":{"angle":22.5,"axis":"x","origin":[5.25,5.125,5.25]},"faces":{"north":{"uv":[0.8125,3.25,1.0625,3.6875],"texture":"#0"},"east":{"uv":[0.8125,3.25,1.0625,3.6875],"texture":"#0"},"south":{"uv":[0.8125,3.25,1.0625,3.6875],"texture":"#0"},"west":{"uv":[0.8125,3.25,1.0625,3.6875],"texture":"#0"},"up":{"uv":[0.5625,3.25,0.8125,3.5],"texture":"#0"},"down":{"uv":[0.5625,3.25,0.8125,3.5],"texture":"#0"}}},{"from":[7,4,10.4],"to":[9.5,6,12.9],"rotation":{"angle":22.5,"axis":"x","origin":[8.25,5.125,11.65]},"faces":{"north":{"uv":[12.8125,1.5,13.125,1.75],"texture":"#0"},"east":{"uv":[12.8125,1.5,13.125,1.75],"texture":"#0"},"south":{"uv":[12.8125,1.5,13.125,1.75],"texture":"#0"},"west":{"uv":[12.8125,1.5,13.125,1.75],"texture":"#0"},"up":{"uv":[12.8125,1.75,13.125,2.0625],"texture":"#0"},"down":{"uv":[12.8125,1.75,13.125,2.0625],"texture":"#0"}}},{"from":[7.25,3.5,10.65],"to":[9.25,7,12.65],"rotation":{"angle":22.5,"axis":"x","origin":[8.25,5.125,11.65]},"faces":{"north":{"uv":[12.5625,1.5,12.8125,1.9375],"texture":"#0"},"east":{"uv":[12.5625,1.5,12.8125,1.9375],"texture":"#0"},"south":{"uv":[12.5625,1.5,12.8125,1.9375],"texture":"#0"},"west":{"uv":[12.5625,1.5,12.8125,1.9375],"texture":"#0"},"up":{"uv":[12.3125,1.5,12.5625,1.75],"texture":"#0"},"down":{"uv":[12.3125,1.5,12.5625,1.75],"texture":"#0"}}},{"from":[3.5,4,6.3],"to":[6,6,8.8],"faces":{"north":{"uv":[12.8125,1.5,13.125,1.75],"texture":"#0"},"east":{"uv":[12.8125,1.5,13.125,1.75],"texture":"#0"},"south":{"uv":[12.8125,1.5,13.125,1.75],"texture":"#0"},"west":{"uv":[12.8125,1.5,13.125,1.75],"texture":"#0"},"up":{"uv":[12.8125,1.75,13.125,2.0625],"texture":"#0"},"down":{"uv":[12.8125,1.75,13.125,2.0625],"texture":"#0"}}},{"from":[3.75,3.5,6.55],"to":[5.75,7,8.55],"faces":{"north":{"uv":[12.5625,1.5,12.8125,1.9375],"texture":"#0"},"east":{"uv":[12.5625,1.5,12.8125,1.9375],"texture":"#0"},"south":{"uv":[12.5625,1.5,12.8125,1.9375],"texture":"#0"},"west":{"uv":[12.5625,1.5,12.8125,1.9375],"texture":"#0"},"up":{"uv":[12.3125,1.5,12.5625,1.75],"texture":"#0"},"down":{"uv":[12.3125,1.5,12.5625,1.75],"texture":"#0"}}},{"from":[10,2.8,3.6],"to":[12.5,4.8,6.1],"rotation":{"angle":22.5,"axis":"x","origin":[5.25,5.125,5.25]},"faces":{"north":{"uv":[1.0625,3.25,1.375,3.5],"texture":"#0"},"east":{"uv":[1.0625,3.25,1.375,3.5],"texture":"#0"},"south":{"uv":[1.0625,3.25,1.375,3.5],"texture":"#0"},"west":{"uv":[1.0625,3.25,1.375,3.5],"texture":"#0"},"up":{"uv":[1.0625,3.5,1.375,3.8125],"texture":"#0"},"down":{"uv":[1.0625,3.5,1.375,3.8125],"texture":"#0"}}},{"from":[2,0,2],"to":[14,2,14],"faces":{"north":{"uv":[9.1875,7.375,10.6875,7.625],"texture":"#0"},"east":{"uv":[9.1875,7.375,10.6875,7.625],"texture":"#0"},"south":{"uv":[9.1875,7.375,10.6875,7.625],"texture":"#0"},"west":{"uv":[9.1875,7.375,10.6875,7.625],"texture":"#0"},"up":{"uv":[9.1875,5.875,10.6875,7.375],"texture":"#0"},"down":{"uv":[9.1875,5.875,10.6875,7.375],"texture":"#0"}}},{"from":[2,3,2],"to":[14,3,14],"faces":{"north":{"uv":[9.1875,7.375,10.6875,7.625],"texture":"#0"},"east":{"uv":[9.1875,7.375,10.6875,7.625],"texture":"#0"},"south":{"uv":[9.1875,7.375,10.6875,7.625],"texture":"#0"},"west":{"uv":[9.1875,7.375,10.6875,7.625],"texture":"#0"},"up":{"uv":[9.1875,5.875,10.6875,7.375],"texture":"#0"},"down":{"uv":[9.1875,5.875,10.6875,7.375],"texture":"#0"}}},{"from":[6,4,6],"to":[10,7,10],"faces":{"north":{"uv":[8.625,3.125,9.125,3.5],"texture":"#0"},"east":{"uv":[8.625,3.125,9.125,3.5],"texture":"#0"},"south":{"uv":[8.625,3.125,9.125,3.5],"texture":"#0"},"west":{"uv":[8.625,3.125,9.125,3.5],"texture":"#0"},"up":{"uv":[8.625,3.5,9.125,4],"texture":"#0"},"down":{"uv":[8.625,4,9.125,4.5],"texture":"#0"}}},{"from":[6.5,3.5,6.5],"to":[9.5,8.5,9.5],"faces":{"north":{"uv":[8.25,3.125,8.625,3.75],"texture":"#0"},"east":{"uv":[8.25,3.125,8.625,3.75],"texture":"#0"},"south":{"uv":[8.25,3.125,8.625,3.75],"texture":"#0"},"west":{"uv":[8.25,3.125,8.625,3.75],"texture":"#0"},"up":{"uv":[8.25,4.125,8.625,4.5],"texture":"#0"},"down":{"uv":[8.25,3.75,8.625,4.125],"texture":"#0"}}},{"from":[9.7,4,10.45],"to":[12.2,6,12.95],"rotation":{"angle":-22.5,"axis":"x","origin":[10.95,5.125,11]},"faces":{"north":{"uv":[1.0625,3.25,1.375,3.5],"texture":"#0"},"east":{"uv":[1.0625,3.25,1.375,3.5],"texture":"#0"},"south":{"uv":[1.0625,3.25,1.375,3.5],"texture":"#0"},"west":{"uv":[1.0625,3.25,1.375,3.5],"texture":"#0"},"up":{"uv":[1.0625,3.5,1.375,3.8125],"texture":"#0"},"down":{"uv":[1.0625,3.5,1.375,3.8125],"texture":"#0"}}},{"from":[9.95,3.5,10.7],"to":[11.95,7,12.7],"rotation":{"angle":-22.5,"axis":"x","origin":[10.95,5.125,11]},"faces":{"north":{"uv":[0.8125,3.25,1.0625,3.6875],"texture":"#0"},"east":{"uv":[0.8125,3.25,1.0625,3.6875],"texture":"#0"},"south":{"uv":[0.8125,3.25,1.0625,3.6875],"texture":"#0"},"west":{"uv":[0.8125,3.25,1.0625,3.6875],"texture":"#0"},"up":{"uv":[0.5625,3.25,0.8125,3.5],"texture":"#0"},"down":{"uv":[0.5625,3.25,0.8125,3.5],"texture":"#0"}}},{"from":[3.95,2.5,3.4],"to":[5.95,6,5.4],"rotation":{"angle":0,"axis":"y","origin":[2.25,12.125,5.25]},"faces":{"north":{"uv":[0.8125,3.25,1.0625,3.6875],"texture":"#0"},"east":{"uv":[0.8125,3.25,1.0625,3.6875],"texture":"#0"},"south":{"uv":[0.8125,3.25,1.0625,3.6875],"texture":"#0"},"west":{"uv":[0.8125,3.25,1.0625,3.6875],"texture":"#0"},"up":{"uv":[0.5625,3.25,0.8125,3.5],"texture":"#0"},"down":{"uv":[0.5625,3.25,0.8125,3.5],"texture":"#0"}}},{"from":[3.7,3,3.15],"to":[6.2,5,5.65],"rotation":{"angle":0,"axis":"y","origin":[2.25,12.125,5.25]},"faces":{"north":{"uv":[1.0625,3.25,1.375,3.5],"texture":"#0"},"east":{"uv":[1.0625,3.25,1.375,3.5],"texture":"#0"},"south":{"uv":[1.0625,3.25,1.375,3.5],"texture":"#0"},"west":{"uv":[1.0625,3.25,1.375,3.5],"texture":"#0"},"up":{"uv":[1.0625,3.5,1.375,3.8125],"texture":"#0"},"down":{"uv":[1.0625,3.5,1.375,3.8125],"texture":"#0"}}},{"from":[13,2,2],"to":[15,5.5,14],"rotation":{"angle":0,"axis":"y","origin":[16,0,0]},"faces":{"north":{"uv":[13.75,4.5,14,4.9375],"texture":"#0"},"east":{"uv":[14.25,4.9375,12.75,5.375],"texture":"#0"},"south":{"uv":[14,4.5,13.75,4.9375],"texture":"#0"},"west":{"uv":[14.25,4.9375,12.75,5.375],"texture":"#0"},"up":{"uv":[13.375,3,13.125,4.5],"texture":"#0"},"down":{"uv":[13.375,3,13.125,4.5],"texture":"#0"}}},{"from":[1,2,2],"to":[3,5.5,14],"faces":{"north":{"uv":[14,4.5,13.75,4.9375],"texture":"#0"},"east":{"uv":[12.75,4.9375,14.25,5.375],"texture":"#0"},"south":{"uv":[13.75,4.5,14,4.9375],"texture":"#0"},"west":{"uv":[12.75,4.9375,14.25,5.375],"texture":"#0"},"up":{"uv":[13.125,3,13.375,4.5],"texture":"#0"},"down":{"uv":[13.125,3,13.375,4.5],"texture":"#0"}}},{"from":[1,5,8],"to":[15,15.5,8],"faces":{"north":{"uv":[8.6875,9.125,10.4375,10.4375],"texture":"#0"},"east":{"uv":[12.75,4.9375,14.25,5.375],"texture":"#0"},"south":{"uv":[8.6875,9.125,10.4375,10.4375],"texture":"#0"},"west":{"uv":[12.75,4.9375,14.25,5.375],"texture":"#0"},"up":{"uv":[13.125,3,14.875,3],"texture":"#0"},"down":{"uv":[13.125,3,13.375,4.5],"texture":"#0"}}},{"from":[3,2,1],"to":[13,4.5,3],"faces":{"north":{"uv":[11.5,5.3125,12.75,5.625],"texture":"#0"},"east":{"uv":[13.125,2.6875,13.375,3],"texture":"#0"},"south":{"uv":[11.5,5.3125,12.75,5.625],"texture":"#0"},"west":{"uv":[13.125,2.6875,13.375,3],"texture":"#0"},"up":{"uv":[11.5,5.0625,12.75,5.3125],"texture":"#0"},"down":{"uv":[11.5,5.0625,12.75,5.3125],"texture":"#0"}}},{"from":[7.40923,4.37433,4],"to":[9.90923,6.37433,6.5],"rotation":{"angle":-22.5,"axis":"z","origin":[7.15923,5.49933,4.25]},"faces":{"north":{"uv":[1.5625,4.375,1.875,4.625],"texture":"#0"},"east":{"uv":[1.5625,4.375,1.875,4.625],"texture":"#0"},"south":{"uv":[1.5625,4.375,1.875,4.625],"texture":"#0"},"west":{"uv":[1.5625,4.375,1.875,4.625],"texture":"#0"},"up":{"uv":[1.5625,4.625,1.875,4.9375],"texture":"#0"},"down":{"uv":[1.5625,4.625,1.875,4.9375],"texture":"#0"}}},{"from":[7.65923,3.87433,4.25],"to":[9.65923,7.37433,6.25],"rotation":{"angle":-22.5,"axis":"z","origin":[7.15923,5.49933,4.25]},"faces":{"north":{"uv":[1.3125,4.375,1.5625,4.8125],"texture":"#0"},"east":{"uv":[1.3125,4.375,1.5625,4.8125],"texture":"#0"},"south":{"uv":[1.3125,4.375,1.5625,4.8125],"texture":"#0"},"west":{"uv":[1.3125,4.375,1.5625,4.8125],"texture":"#0"},"up":{"uv":[1.0625,4.375,1.3125,4.625],"texture":"#0"},"down":{"uv":[1.0625,4.375,1.3125,4.625],"texture":"#0"}}},{"from":[4.23765,3.15492,9.55],"to":[6.23765,6.65492,11.55],"rotation":{"angle":22.5,"axis":"z","origin":[5.23765,4.77992,9.55]},"faces":{"north":{"uv":[1.3125,4.375,1.5625,4.8125],"texture":"#0"},"east":{"uv":[1.3125,4.375,1.5625,4.8125],"texture":"#0"},"south":{"uv":[1.3125,4.375,1.5625,4.8125],"texture":"#0"},"west":{"uv":[1.3125,4.375,1.5625,4.8125],"texture":"#0"},"up":{"uv":[1.0625,4.375,1.3125,4.625],"texture":"#0"},"down":{"uv":[1.0625,4.375,1.3125,4.625],"texture":"#0"}}},{"from":[3.98765,3.65492,9.3],"to":[6.48765,5.65492,11.8],"rotation":{"angle":22.5,"axis":"z","origin":[5.23765,4.77992,9.55]},"faces":{"north":{"uv":[1.5625,4.375,1.875,4.625],"texture":"#0"},"east":{"uv":[1.5625,4.375,1.875,4.625],"texture":"#0"},"south":{"uv":[1.5625,4.375,1.875,4.625],"texture":"#0"},"west":{"uv":[1.5625,4.375,1.875,4.625],"texture":"#0"},"up":{"uv":[1.5625,4.625,1.875,4.9375],"texture":"#0"},"down":{"uv":[1.5625,4.625,1.875,4.9375],"texture":"#0"}}},{"from":[10.13765,1.15492,6.55],"to":[12.13765,4.65492,8.55],"rotation":{"angle":22.5,"axis":"z","origin":[5.23765,4.77992,9.55]},"faces":{"north":{"uv":[1.3125,4.375,1.5625,4.8125],"texture":"#0"},"east":{"uv":[1.3125,4.375,1.5625,4.8125],"texture":"#0"},"south":{"uv":[1.3125,4.375,1.5625,4.8125],"texture":"#0"},"west":{"uv":[1.3125,4.375,1.5625,4.8125],"texture":"#0"},"up":{"uv":[1.0625,4.375,1.3125,4.625],"texture":"#0"},"down":{"uv":[1.0625,4.375,1.3125,4.625],"texture":"#0"}}},{"from":[9.88765,1.65492,6.3],"to":[12.38765,3.65492,8.8],"rotation":{"angle":22.5,"axis":"z","origin":[5.23765,4.77992,9.55]},"faces":{"north":{"uv":[1.5625,4.375,1.875,4.625],"texture":"#0"},"east":{"uv":[1.5625,4.375,1.875,4.625],"texture":"#0"},"south":{"uv":[1.5625,4.375,1.875,4.625],"texture":"#0"},"west":{"uv":[1.5625,4.375,1.875,4.625],"texture":"#0"},"up":{"uv":[1.5625,4.625,1.875,4.9375],"texture":"#0"},"down":{"uv":[1.5625,4.625,1.875,4.9375],"texture":"#0"}}},{"from":[3,2,13],"to":[13,4.5,15],"rotation":{"angle":0,"axis":"y","origin":[0,0,16]},"faces":{"north":{"uv":[12.75,5.3125,11.5,5.625],"texture":"#0"},"east":{"uv":[13.375,2.6875,13.125,3],"texture":"#0"},"south":{"uv":[12.75,5.3125,11.5,5.625],"texture":"#0"},"west":{"uv":[13.375,2.6875,13.125,3],"texture":"#0"},"up":{"uv":[11.5,5.3125,12.75,5.0625],"texture":"#0"},"down":{"uv":[11.5,5.3125,12.75,5.0625],"texture":"#0"}}}],"gui_light":"front","display":{"thirdperson_righthand":{"rotation":[67.5,0,0],"translation":[0,2.75,1.25],"scale":[0.375,0.375,0.375]},"thirdperson_lefthand":{"rotation":[67.5,0,0],"translation":[0,2.75,1.25],"scale":[0.375,0.375,0.375]},"firstperson_righthand":{"translation":[-1,5.5,0],"scale":[0.48984,0.48984,0.48984]},"firstperson_lefthand":{"translation":[-1,5.5,0],"scale":[0.48984,0.48984,0.48984]},"ground":{"translation":[0,6,0],"scale":[0.6,0.6,0.6]},"gui":{"rotation":[30,135,0],"translation":[0,1.5,0],"scale":[0.81641,0.81641,0.81641]},"head":{"rotation":[0,-180,0],"translation":[0,-30.3,0],"scale":[1.6,1.6,1.6]},"fixed":{"rotation":[-90,0,0],"translation":[0,0,-16],"scale":[2,2,2]}}}