{"credit":"Pologony Creation Co.,Ltd.","textures":{"1":"item/spartan/animations/animation_1","2":"item/spartan/fishing_rod","particle":"item/spartan/fishing_rod"},"elements":[{"from":[7.5,0.35,6.79289],"to":[8.5,1.85,8.29289],"rotation":{"angle":45,"axis":"x","origin":[7.5,0.35,7.29289]},"faces":{"north":{"uv":[1.5,5,2,5.75],"texture":"#2"},"east":{"uv":[5,0,5.75,0.75],"texture":"#2"},"south":{"uv":[4.5,8,5,8.75],"texture":"#2"},"west":{"uv":[5,1.5,5.75,2.25],"texture":"#2"},"up":{"uv":[3.5,10.25,3,9.5],"texture":"#2"},"down":{"uv":[10,3,9.5,3.75],"texture":"#2"}}},{"from":[7.25,0.6,7.04289],"to":[8.75,1.6,8.04289],"rotation":{"angle":45,"axis":"x","origin":[7.5,0.35,7.29289]},"faces":{"north":{"uv":[4,9.5,4.75,10],"texture":"#2"},"east":{"uv":[9.5,10.5,10,11],"texture":"#2"},"south":{"uv":[9.5,4.5,10.25,5],"texture":"#2"},"west":{"uv":[10.5,10.5,11,11],"texture":"#2"},"up":{"uv":[10.25,6,9.5,5.5],"texture":"#2"},"down":{"uv":[10.25,6.5,9.5,7],"texture":"#2"}}},{"from":[8,1.41421,7.11612],"to":[9.25,1.91421,8.36612],"rotation":{"angle":-45,"axis":"y","origin":[8,1.41421,7.11612]},"faces":{"north":{"uv":[12,8.5,12.625,8.75],"texture":"#2"},"east":{"uv":[12.5,0,13.125,0.25],"texture":"#2"},"south":{"uv":[2,12.5,2.625,12.75],"texture":"#2"},"west":{"uv":[12.5,2.5,13.125,2.75],"texture":"#2"},"up":{"uv":[2.125,8.625,1.5,8],"texture":"#2"},"down":{"uv":[8.625,2,8,2.625],"texture":"#2"}}},{"from":[8,2.41421,7.11612],"to":[9.25,2.91421,8.36612],"rotation":{"angle":-45,"axis":"y","origin":[8,2.41421,7.11612]},"faces":{"north":{"uv":[12.5,3.5,13.125,3.75],"texture":"#2"},"east":{"uv":[12.5,9.5,13.125,9.75],"texture":"#2"},"south":{"uv":[12.5,10.5,13.125,10.75],"texture":"#2"},"west":{"uv":[12.5,11.5,13.125,11.75],"texture":"#2"},"up":{"uv":[3.625,8.625,3,8],"texture":"#2"},"down":{"uv":[8.625,3.5,8,4.125],"texture":"#2"}}},{"from":[8.25,2.91421,7.36612],"to":[9,6.41421,8.11612],"rotation":{"angle":-45,"axis":"y","origin":[8,2.91421,7.11612]},"faces":{"north":{"uv":[4,2,4.375,3.75],"texture":"#2"},"east":{"uv":[2.5,4,2.875,5.75],"texture":"#2"},"south":{"uv":[3.5,4.5,3.875,6.25],"texture":"#2"},"west":{"uv":[4.5,4.5,4.875,6.25],"texture":"#2"}}},{"from":[8.15,1.91421,7.26612],"to":[9.1,2.41421,8.21612],"rotation":{"angle":-45,"axis":"y","origin":[8,1.91421,7.11612]},"faces":{"north":{"uv":[7,14,7.5,14.25],"texture":"#2"},"east":{"uv":[8,14,8.5,14.25],"texture":"#2"},"south":{"uv":[9,14,9.5,14.25],"texture":"#2"},"west":{"uv":[14,9.5,14.5,9.75],"texture":"#2"}}},{"from":[8,6.41421,7.11612],"to":[9.25,6.91421,8.36612],"rotation":{"angle":-45,"axis":"y","origin":[8,6.41421,7.11612]},"faces":{"north":{"uv":[12.5,12.5,13.125,12.75],"texture":"#2"},"east":{"uv":[13,1,13.625,1.25],"texture":"#2"},"south":{"uv":[3.5,13,4.125,13.25],"texture":"#2"},"west":{"uv":[13,4.5,13.625,4.75],"texture":"#2"},"up":{"uv":[8.625,5.625,8,5],"texture":"#2"},"down":{"uv":[8.625,6.5,8,7.125],"texture":"#2"}}},{"from":[8.15,6.91421,7.26612],"to":[9.1,7.41421,8.21612],"rotation":{"angle":-45,"axis":"y","origin":[8,6.91421,7.11612]},"faces":{"north":{"uv":[10,14,10.5,14.25],"texture":"#2"},"east":{"uv":[14,10.5,14.5,10.75],"texture":"#2"},"south":{"uv":[11,14,11.5,14.25],"texture":"#2"},"west":{"uv":[14,11.5,14.5,11.75],"texture":"#2"}}},{"from":[8,7.41421,7.11612],"to":[9.25,7.91421,8.36612],"rotation":{"angle":-45,"axis":"y","origin":[8,7.41421,7.11612]},"faces":{"north":{"uv":[5,13,5.625,13.25],"texture":"#2"},"east":{"uv":[6.5,13,7.125,13.25],"texture":"#2"},"south":{"uv":[8,13,8.625,13.25],"texture":"#2"},"west":{"uv":[9.5,13,10.125,13.25],"texture":"#2"},"up":{"uv":[8.625,8.625,8,8],"texture":"#2"},"down":{"uv":[0.625,8.5,0,9.125],"texture":"#2"}}},{"from":[8,11.01421,7.11612],"to":[9.25,11.51421,8.36612],"rotation":{"angle":-45,"axis":"y","origin":[8,11.01421,7.11612]},"faces":{"north":{"uv":[13.5,6.5,14.125,6.75],"texture":"#2"},"east":{"uv":[13.5,7.5,14.125,7.75],"texture":"#2"},"south":{"uv":[13.5,8.5,14.125,8.75],"texture":"#2"},"west":{"uv":[12.5,13.5,13.125,13.75],"texture":"#2"},"up":{"uv":[2.125,10.125,1.5,9.5],"texture":"#2"},"down":{"uv":[10.125,1.5,9.5,2.125],"texture":"#2"}}},{"from":[8.15,10.51421,7.26612],"to":[9.1,11.01421,8.21612],"rotation":{"angle":-45,"axis":"y","origin":[8,10.51421,7.11612]},"faces":{"north":{"uv":[14,12.5,14.5,12.75],"texture":"#2"},"east":{"uv":[14,13.5,14.5,13.75],"texture":"#2"},"south":{"uv":[0,14.5,0.5,14.75],"texture":"#2"},"west":{"uv":[1,14.5,1.5,14.75],"texture":"#2"}}},{"from":[8,10.01421,7.11612],"to":[9.25,10.51421,8.36612],"rotation":{"angle":-45,"axis":"y","origin":[8,10.01421,7.11612]},"faces":{"north":{"uv":[11,13,11.625,13.25],"texture":"#2"},"east":{"uv":[0,13.5,0.625,13.75],"texture":"#2"},"south":{"uv":[1.5,13.5,2.125,13.75],"texture":"#2"},"west":{"uv":[13.5,5.5,14.125,5.75],"texture":"#2"},"up":{"uv":[7.125,9.125,6.5,8.5],"texture":"#2"},"down":{"uv":[9.625,0,9,0.625],"texture":"#2"}}},{"from":[7.625,0,6.25],"to":[8.375,1,7.75],"rotation":{"angle":22.5,"axis":"x","origin":[7.625,0,6.75]},"faces":{"north":{"uv":[12,1.5,12.375,2],"texture":"#2"},"east":{"uv":[9.5,7.5,10.25,8],"texture":"#2"},"south":{"uv":[4,12,4.375,12.5],"texture":"#2"},"west":{"uv":[8,9.5,8.75,10],"texture":"#2"},"up":{"uv":[10.875,3.75,10.5,3],"texture":"#2"},"down":{"uv":[4.375,10.5,4,11.25],"texture":"#2"}}},{"from":[7.6285,0.11522,5.90538],"to":[8.3715,1.36522,6.65538],"rotation":{"angle":-22.5,"axis":"x","origin":[7.6285,1.11522,5.90538]},"faces":{"north":{"uv":[11.5,0,11.875,0.625],"texture":"#2"},"east":{"uv":[11.5,3,11.875,3.625],"texture":"#2"},"south":{"uv":[6,11.5,6.375,12.125],"texture":"#2"},"west":{"uv":[9.5,11.5,9.875,12.125],"texture":"#2"},"up":{"uv":[8.875,12.375,8.5,12],"texture":"#2"}}},{"from":[7.625,0,8.25],"to":[8.375,1,9.75],"rotation":{"angle":-22.5,"axis":"x","origin":[7.625,0,9.25]},"faces":{"north":{"uv":[12,4.5,12.375,5],"texture":"#2"},"east":{"uv":[9.5,8.5,10.25,9],"texture":"#2"},"south":{"uv":[5,12,5.375,12.5],"texture":"#2"},"west":{"uv":[9.5,9.5,10.25,10],"texture":"#2"},"up":{"uv":[7.875,11.25,7.5,10.5],"texture":"#2"},"down":{"uv":[8.875,10.5,8.5,11.25],"texture":"#2"}}},{"from":[7.6285,0.11522,9.34462],"to":[8.3715,1.36522,10.09462],"rotation":{"angle":22.5,"axis":"x","origin":[7.6285,1.11522,10.09462]},"faces":{"north":{"uv":[11.5,10,11.875,10.625],"texture":"#2"},"east":{"uv":[10.5,11.5,10.875,12.125],"texture":"#2"},"south":{"uv":[11.5,11.5,11.875,12.125],"texture":"#2"},"west":{"uv":[1,12,1.375,12.625],"texture":"#2"},"up":{"uv":[0.375,12.875,0,12.5],"texture":"#2"}}},{"from":[7.65,9,6.58579],"to":[8.35,11,8.58579],"rotation":{"angle":45,"axis":"x","origin":[7.5,9,6.58579]},"faces":{"north":{"uv":[5.5,9.5,5.875,10.5],"texture":"#2"},"east":{"uv":[1.5,0,2.5,1],"texture":"#2"},"south":{"uv":[0,10,0.375,11],"texture":"#2"},"west":{"uv":[1.5,1.5,2.5,2.5],"texture":"#2"},"up":{"uv":[6.875,11,6.5,10],"texture":"#2"},"down":{"uv":[10.875,0,10.5,1],"texture":"#2"}}},{"from":[7.4,9.25,6.83579],"to":[8.6,10.75,8.33579],"rotation":{"angle":45,"axis":"x","origin":[7.5,9,6.58579]},"faces":{"north":{"uv":[1.5,6.5,2.125,7.25],"texture":"#2"},"east":{"uv":[5,3,5.75,3.75],"texture":"#2"},"south":{"uv":[6.5,1.5,7.125,2.25],"texture":"#2"},"west":{"uv":[0,5.5,0.75,6.25],"texture":"#2"},"up":{"uv":[7.125,3.75,6.5,3],"texture":"#2"},"down":{"uv":[0.625,7,0,7.75],"texture":"#2"}}},{"from":[8,11.51421,7.29289],"to":[9,14.51421,8.29289],"rotation":{"angle":-45,"axis":"y","origin":[8,11.51421,7.29289]},"faces":{"north":{"uv":[3,0,3.5,1.5],"texture":"#2"},"east":{"uv":[1.5,3,2,4.5],"texture":"#2"},"south":{"uv":[3,2,3.5,3.5],"texture":"#2"},"west":{"uv":[4,0,4.5,1.5],"texture":"#2"},"up":{"uv":[1.5,11.5,1,11],"texture":"#2"}}},{"from":[8.25,14.51421,7.36612],"to":[9,16.76421,8.11612],"rotation":{"angle":-45,"axis":"y","origin":[8,14.51421,7.11612]},"faces":{"north":{"uv":[7,4.5,7.375,5.625],"texture":"#2"},"east":{"uv":[7,6.5,7.375,7.625],"texture":"#2"},"south":{"uv":[5.5,7.5,5.875,8.625],"texture":"#2"},"west":{"uv":[8,0,8.375,1.125],"texture":"#2"},"up":{"uv":[14.375,0.375,14,0],"texture":"#2"}}},{"from":[8.42678,16.76421,7.61612],"to":[8.92678,18.76421,8.11612],"rotation":{"angle":-45,"axis":"y","origin":[8.17678,16.76421,7.11612]},"faces":{"north":{"uv":[11,1.5,11.25,2.5],"texture":"#2"},"east":{"uv":[2,11,2.25,12],"texture":"#2"},"south":{"uv":[3,11,3.25,12],"texture":"#2"},"west":{"uv":[11,4.5,11.25,5.5],"texture":"#2"}}},{"from":[7.625,18.25,8],"to":[8.375,19,8.75],"rotation":{"angle":-45,"axis":"x","origin":[7.625,18.25,8]},"faces":{"north":{"uv":[14,2,14.375,2.375],"texture":"#2"},"east":{"uv":[3,14,3.375,14.375],"texture":"#2"},"south":{"uv":[14,3,14.375,3.375],"texture":"#2"},"west":{"uv":[4,14,4.375,14.375],"texture":"#2"},"up":{"uv":[5.375,14.375,5,14],"texture":"#2"},"down":{"uv":[6.375,14,6,14.375],"texture":"#2"}}},{"from":[6.5,12.25,6],"to":[8,12.75,7.5],"rotation":{"angle":45,"axis":"y","origin":[8,12.25,6]},"faces":{"north":{"uv":[12,5.5,12.75,5.75],"texture":"#2"},"east":{"uv":[12,6.5,12.75,6.75],"texture":"#2"},"south":{"uv":[7,12,7.75,12.25],"texture":"#2"},"west":{"uv":[12,7.5,12.75,7.75],"texture":"#2"},"up":{"uv":[6.25,5.25,5.5,4.5],"texture":"#2"},"down":{"uv":[6.25,6,5.5,6.75],"texture":"#2"}}},{"from":[6.5,15,6],"to":[8,15.5,7.5],"rotation":{"angle":45,"axis":"y","origin":[8,15,6]},"faces":{"north":{"uv":[12,5.5,12.75,5.75],"texture":"#2"},"east":{"uv":[12,6.5,12.75,6.75],"texture":"#2"},"south":{"uv":[7,12,7.75,12.25],"texture":"#2"},"west":{"uv":[12,7.5,12.75,7.75],"texture":"#2"},"up":{"uv":[6.25,5.25,5.5,4.5],"texture":"#2"},"down":{"uv":[6.25,6,5.5,6.75],"texture":"#2"}}},{"from":[6.5,17.75,6],"to":[8,18.25,7.5],"rotation":{"angle":45,"axis":"y","origin":[8,17.75,6]},"faces":{"north":{"uv":[12,5.5,12.75,5.75],"texture":"#2"},"east":{"uv":[12,6.5,12.75,6.75],"texture":"#2"},"south":{"uv":[7,12,7.75,12.25],"texture":"#2"},"west":{"uv":[12,7.5,12.75,7.75],"texture":"#2"},"up":{"uv":[6.25,5.25,5.5,4.5],"texture":"#2"},"down":{"uv":[6.25,6,5.5,6.75],"texture":"#2"}}},{"from":[7.985,9.25,6],"to":[8.015,18.5,7.75],"rotation":{"angle":0,"axis":"y","origin":[7.985,9.25,5]},"faces":{"east":{"uv":[0.875,0,0,4.625],"texture":"#2"},"west":{"uv":[0,0,0.875,4.625],"texture":"#2"}}},{"from":[7.985,4.67153,7.43897],"to":[8.015,8.67153,13.43897],"rotation":{"angle":22.5,"axis":"x","origin":[8,6.67153,10.43897]},"faces":{"east":{"uv":[8,0,0,12],"rotation":90,"texture":"#1"},"west":{"uv":[0,0,8,12],"rotation":270,"texture":"#1"}}}],"gui_light":"front","display":{"thirdperson_righthand":{"rotation":[21.25,0,0],"translation":[0,1,1.5]},"thirdperson_lefthand":{"rotation":[21.25,0,0],"translation":[0,1,1.5]},"firstperson_righthand":{"rotation":[-40.4,5.2,3.5],"translation":[1,2,1.75],"scale":[0.7,0.7,0.7]},"firstperson_lefthand":{"rotation":[-40.4,5.2,3.5],"translation":[1,2,1.75],"scale":[0.7,0.7,0.7]},"ground":{"rotation":[-45,0,0],"translation":[0,3,0],"scale":[0.7,0.7,0.7]},"gui":{"rotation":[-90,45,90],"translation":[2.5,-0.5,0]},"head":{"rotation":[0,-90,0]},"fixed":{"rotation":[0,-90,0],"translation":[0,0,-1],"scale":[2,2,2]}},"mcmodels":"8efa02b85826d749012e9efd54c70bb2"}