{"credit":"Pologony Creation Co.,Ltd.","textures":{"1":"item/spartan/animations/animation_1","2":"item/spartan/spear","particle":"item/spartan/spear"},"elements":[{"from":[7.5,-6.56421,6.79289],"to":[8.5,-5.06421,8.29289],"rotation":{"angle":45,"axis":"x","origin":[7.5,-6.56421,7.29289]},"faces":{"north":{"uv":[8.4,7.2,8.8,7.8],"texture":"#2"},"east":{"uv":[6,1.2,6.6,1.8],"texture":"#2"},"south":{"uv":[8.4,8.4,8.8,9],"texture":"#2"},"west":{"uv":[6.8,2.4,7.4,3],"texture":"#2"},"up":{"uv":[1.6,9.8,1.2,9.2],"texture":"#2"},"down":{"uv":[2.4,9.2,2,9.8],"texture":"#2"}}},{"from":[7.25,-6.31421,7.04289],"to":[8.75,-5.31421,8.04289],"rotation":{"angle":45,"axis":"x","origin":[7.5,-6.56421,7.29289]},"faces":{"north":{"uv":[9.2,2.4,9.8,2.8],"texture":"#2"},"east":{"uv":[6,2.4,6.4,2.8],"texture":"#2"},"south":{"uv":[2.8,9.2,3.4,9.6],"texture":"#2"},"west":{"uv":[4,7.2,4.4,7.6],"texture":"#2"},"up":{"uv":[9.8,3.6,9.2,3.2],"texture":"#2"},"down":{"uv":[4.6,9.2,4,9.6],"texture":"#2"}}},{"from":[8,-5.5,7.11612],"to":[9.25,-5,8.36612],"rotation":{"angle":-45,"axis":"y","origin":[8,-5.5,7.11612]},"faces":{"north":{"uv":[11.2,4,11.7,4.2],"texture":"#2"},"east":{"uv":[11.2,4.8,11.7,5],"texture":"#2"},"south":{"uv":[11.2,5.6,11.7,5.8],"texture":"#2"},"west":{"uv":[11.2,6.4,11.7,6.6],"texture":"#2"},"up":{"uv":[7.7,1.7,7.2,1.2],"texture":"#2"},"down":{"uv":[7.7,6,7.2,6.5],"texture":"#2"}}},{"from":[8,-4.5,7.11612],"to":[9.25,-4,8.36612],"rotation":{"angle":-45,"axis":"y","origin":[8,-4.5,7.11612]},"faces":{"north":{"uv":[11.2,7.2,11.7,7.4],"texture":"#2"},"east":{"uv":[11.2,8,11.7,8.2],"texture":"#2"},"south":{"uv":[11.2,8.8,11.7,9],"texture":"#2"},"west":{"uv":[11.2,10.4,11.7,10.6],"texture":"#2"},"up":{"uv":[7.7,7.7,7.2,7.2],"texture":"#2"},"down":{"uv":[1.7,8,1.2,8.5],"texture":"#2"}}},{"from":[8.15,-5,7.26612],"to":[9.1,-4.5,8.21612],"rotation":{"angle":-45,"axis":"y","origin":[8,-5,7.11612]},"faces":{"north":{"uv":[12.4,8.8,12.8,9],"texture":"#2"},"east":{"uv":[9.2,12.4,9.6,12.6],"texture":"#2"},"south":{"uv":[10,12.4,10.4,12.6],"texture":"#2"},"west":{"uv":[12.4,10.4,12.8,10.6],"texture":"#2"}}},{"from":[8,2.25,7.11612],"to":[9.25,2.75,8.36612],"rotation":{"angle":-45,"axis":"y","origin":[8,2.25,7.11612]},"faces":{"north":{"uv":[4.4,12,4.9,12.2],"texture":"#2"},"east":{"uv":[5.6,12,6.1,12.2],"texture":"#2"},"south":{"uv":[6.8,12,7.3,12.2],"texture":"#2"},"west":{"uv":[11.2,12,11.7,12.2],"texture":"#2"},"up":{"uv":[6.5,8.5,6,8],"texture":"#2"},"down":{"uv":[0.5,8.4,0,8.9],"texture":"#2"}}},{"from":[8,3.25,7.11612],"to":[9.25,3.75,8.36612],"rotation":{"angle":-45,"axis":"y","origin":[8,3.25,7.11612]},"faces":{"north":{"uv":[2,12,2.5,12.2],"texture":"#2"},"east":{"uv":[12,2.4,12.5,2.6],"texture":"#2"},"south":{"uv":[3.2,12,3.7,12.2],"texture":"#2"},"west":{"uv":[12,3.2,12.5,3.4],"texture":"#2"},"up":{"uv":[5.3,8.5,4.8,8],"texture":"#2"},"down":{"uv":[8.5,4.8,8,5.3],"texture":"#2"}}},{"from":[8.15,2.75,7.26612],"to":[9.1,3.25,8.21612],"rotation":{"angle":-45,"axis":"y","origin":[8,2.75,7.11612]},"faces":{"north":{"uv":[6.8,12.8,7.2,13],"texture":"#2"},"east":{"uv":[12.8,9.6,13.2,9.8],"texture":"#2"},"south":{"uv":[10.8,12.8,11.2,13],"texture":"#2"},"west":{"uv":[11.6,12.8,12,13],"texture":"#2"}}},{"from":[8.25,3.75,7.36612],"to":[9,12,8.11612],"rotation":{"angle":-45,"axis":"y","origin":[8,8.5,7.11612]},"faces":{"north":{"uv":[2,0,2.3,3.3],"texture":"#2"},"east":{"uv":[2.8,0,3.1,3.3],"texture":"#2"},"south":{"uv":[0,3.2,0.3,6.5],"texture":"#2"},"west":{"uv":[0.8,3.2,1.1,6.5],"texture":"#2"}}},{"from":[8.25,13.5,7.36612],"to":[9,21.75,8.11612],"rotation":{"angle":-45,"axis":"y","origin":[8,18.25,7.11612]},"faces":{"north":{"uv":[3.6,0,3.9,3.3],"texture":"#2"},"east":{"uv":[1.6,4,1.9,7.3],"texture":"#2"},"south":{"uv":[2.4,4,2.7,7.3],"texture":"#2"},"west":{"uv":[3.2,4,3.5,7.3],"texture":"#2"}}},{"from":[8.25,-4,7.36612],"to":[9,2.25,8.11612],"rotation":{"angle":-45,"axis":"y","origin":[8,-1.25,7.11612]},"faces":{"north":{"uv":[4,4,4.3,6.5],"texture":"#2"},"east":{"uv":[4.4,0,4.7,2.5],"texture":"#2"},"south":{"uv":[4.8,3.2,5.1,5.7],"texture":"#2"},"west":{"uv":[5.2,0,5.5,2.5],"texture":"#2"}}},{"from":[8,12,7.11612],"to":[9.25,12.5,8.36612],"rotation":{"angle":-45,"axis":"y","origin":[8,12,7.11612]},"faces":{"north":{"uv":[12.4,6.4,12.9,6.6],"texture":"#2"},"east":{"uv":[12.4,7.2,12.9,7.4],"texture":"#2"},"south":{"uv":[8,12.4,8.5,12.6],"texture":"#2"},"west":{"uv":[12.4,8,12.9,8.2],"texture":"#2"},"up":{"uv":[8.9,6.5,8.4,6],"texture":"#2"},"down":{"uv":[7.7,8.4,7.2,8.9],"texture":"#2"}}},{"from":[8,13,7.11612],"to":[9.25,13.5,8.36612],"rotation":{"angle":-45,"axis":"y","origin":[8,13,7.11612]},"faces":{"north":{"uv":[0,12.4,0.5,12.6],"texture":"#2"},"east":{"uv":[12.4,4,12.9,4.2],"texture":"#2"},"south":{"uv":[12.4,4.8,12.9,5],"texture":"#2"},"west":{"uv":[12.4,5.6,12.9,5.8],"texture":"#2"},"up":{"uv":[8.9,0.5,8.4,0],"texture":"#2"},"down":{"uv":[8.9,1.2,8.4,1.7],"texture":"#2"}}},{"from":[8.15,12.5,7.26612],"to":[9.1,13,8.21612],"rotation":{"angle":-45,"axis":"y","origin":[8,12.5,7.11612]},"faces":{"north":{"uv":[12.4,12.8,12.8,13],"texture":"#2"},"east":{"uv":[0,13.2,0.4,13.4],"texture":"#2"},"south":{"uv":[13.2,0,13.6,0.2],"texture":"#2"},"west":{"uv":[0.8,13.2,1.2,13.4],"texture":"#2"}}},{"from":[8,21.75,7.11612],"to":[9.25,22.25,8.36612],"rotation":{"angle":-45,"axis":"y","origin":[8,21.75,7.11612]},"faces":{"north":{"uv":[11.2,11.2,11.7,11.4],"texture":"#2"},"east":{"uv":[0.8,11.6,1.3,11.8],"texture":"#2"},"south":{"uv":[8.8,11.6,9.3,11.8],"texture":"#2"},"west":{"uv":[11.6,9.6,12.1,9.8],"texture":"#2"},"up":{"uv":[2.9,8.5,2.4,8],"texture":"#2"},"down":{"uv":[8.5,2.4,8,2.9],"texture":"#2"}}},{"from":[8.15,22.25,7.26612],"to":[9.1,22.75,8.21612],"rotation":{"angle":-45,"axis":"y","origin":[8,22.25,7.11612]},"faces":{"north":{"uv":[12.4,11.2,12.8,11.4],"texture":"#2"},"east":{"uv":[12.4,12,12.8,12.2],"texture":"#2"},"south":{"uv":[2,12.8,2.4,13],"texture":"#2"},"west":{"uv":[2.8,12.8,3.2,13],"texture":"#2"}}},{"from":[8,22.75,7.11612],"to":[9.25,23.25,8.36612],"rotation":{"angle":-45,"axis":"y","origin":[8,22.75,7.11612]},"faces":{"north":{"uv":[10,11.6,10.5,11.8],"texture":"#2"},"east":{"uv":[12,0,12.5,0.2],"texture":"#2"},"south":{"uv":[12,0.8,12.5,1],"texture":"#2"},"west":{"uv":[12,1.6,12.5,1.8],"texture":"#2"},"up":{"uv":[4.1,8.5,3.6,8],"texture":"#2"},"down":{"uv":[8.5,3.6,8,4.1],"texture":"#2"}}},{"from":[7.625,-6.91421,6.25],"to":[8.375,-5.91421,7.75],"rotation":{"angle":22.5,"axis":"x","origin":[7.625,-6.91421,6.75]},"faces":{"north":{"uv":[8.8,10.8,9.1,11.2],"texture":"#2"},"east":{"uv":[9.2,4,9.8,4.4],"texture":"#2"},"south":{"uv":[10.8,9.6,11.1,10],"texture":"#2"},"west":{"uv":[9.2,4.8,9.8,5.2],"texture":"#2"},"up":{"uv":[10.7,0.6,10.4,0],"texture":"#2"},"down":{"uv":[1.1,10.4,0.8,11],"texture":"#2"}}},{"from":[7.6285,-6.79899,5.90538],"to":[8.3715,-5.54899,6.65538],"rotation":{"angle":-22.5,"axis":"x","origin":[7.6285,-5.79899,5.90538]},"faces":{"north":{"uv":[10.4,7.2,10.7,7.7],"texture":"#2"},"east":{"uv":[10.4,8.4,10.7,8.9],"texture":"#2"},"south":{"uv":[9.6,10.4,9.9,10.9],"texture":"#2"},"west":{"uv":[10.4,10.4,10.7,10.9],"texture":"#2"},"up":{"uv":[6.7,11.5,6.4,11.2],"texture":"#2"}}},{"from":[7.625,-6.91421,8.25],"to":[8.375,-5.91421,9.75],"rotation":{"angle":-22.5,"axis":"x","origin":[7.625,-6.91421,9.25]},"faces":{"north":{"uv":[11.2,0,11.5,0.4],"texture":"#2"},"east":{"uv":[5.2,9.2,5.8,9.6],"texture":"#2"},"south":{"uv":[11.2,0.8,11.5,1.2],"texture":"#2"},"west":{"uv":[9.2,7.2,9.8,7.6],"texture":"#2"},"up":{"uv":[10.7,1.8,10.4,1.2],"texture":"#2"},"down":{"uv":[1.9,10.4,1.6,11],"texture":"#2"}}},{"from":[7.6285,-6.79899,9.34462],"to":[8.3715,-5.54899,10.09462],"rotation":{"angle":22.5,"axis":"x","origin":[7.6285,-5.79899,10.09462]},"faces":{"north":{"uv":[0,10.8,0.3,11.3],"texture":"#2"},"east":{"uv":[2.4,10.8,2.7,11.3],"texture":"#2"},"south":{"uv":[3.2,10.8,3.5,11.3],"texture":"#2"},"west":{"uv":[4,10.8,4.3,11.3],"texture":"#2"},"up":{"uv":[1.5,12.7,1.2,12.4],"texture":"#2"}}},{"from":[7.5,23.33579,5.75],"to":[8.5,24.33579,7.25],"rotation":{"angle":-22.5,"axis":"x","origin":[7.5,23.33579,5.75]},"faces":{"north":{"uv":[10.4,4.8,10.8,5.2],"texture":"#2"},"east":{"uv":[9.2,8,9.8,8.4],"texture":"#2"},"south":{"uv":[10.4,5.6,10.8,6],"texture":"#2"},"west":{"uv":[9.2,8.8,9.8,9.2],"texture":"#2"},"up":{"uv":[6.8,9.8,6.4,9.2],"texture":"#2"},"down":{"uv":[0.4,9.6,0,10.2],"texture":"#2"}}},{"from":[7.75,23.5287,6.28701],"to":[8.25,24.2787,7.28701],"rotation":{"angle":22.5,"axis":"x","origin":[7.5,24.0287,6.03701]},"faces":{"east":{"uv":[11.2,1.6,11.6,1.9],"texture":"#2"},"south":{"uv":[13.2,0.8,13.4,1.1],"texture":"#2"},"west":{"uv":[11.2,2.4,11.6,2.7],"texture":"#2"},"down":{"uv":[3.8,12.8,3.6,13.2],"texture":"#2"}}},{"from":[7.5035,23.90982,6.38582],"to":[8.4965,25.40982,7.13582],"rotation":{"angle":22.5,"axis":"x","origin":[7.5035,23.90982,7.13582]},"faces":{"north":{"uv":[9.6,0,10,0.6],"texture":"#2"},"east":{"uv":[10.4,2.4,10.7,3],"texture":"#2"},"south":{"uv":[9.6,1.2,10,1.8],"texture":"#2"},"west":{"uv":[10.4,3.6,10.7,4.2],"texture":"#2"},"up":{"uv":[11.6,3.5,11.2,3.2],"texture":"#2"}}},{"from":[7.5035,24.90982,5.88582],"to":[8.4965,25.40982,6.38582],"rotation":{"angle":22.5,"axis":"x","origin":[7.5035,23.90982,7.13582]},"faces":{"north":{"uv":[4.4,12.8,4.8,13],"texture":"#2"},"east":{"uv":[13.2,1.6,13.4,1.8],"texture":"#2"},"west":{"uv":[13.2,2.4,13.4,2.6],"texture":"#2"},"up":{"uv":[5.6,13,5.2,12.8],"texture":"#2"},"down":{"uv":[6.4,12.8,6,13],"texture":"#2"}}},{"from":[7.65,24.33579,6.58579],"to":[8.35,26.33579,8.58579],"rotation":{"angle":45,"axis":"x","origin":[7.5,24.33579,6.58579]},"faces":{"north":{"uv":[9.6,5.6,9.9,6.4],"texture":"#2"},"east":{"uv":[5.6,3.2,6.4,4],"texture":"#2"},"south":{"uv":[7.2,9.6,7.5,10.4],"texture":"#2"},"west":{"uv":[5.6,4.4,6.4,5.2],"texture":"#2"},"up":{"uv":[8.3,10.4,8,9.6],"texture":"#2"},"down":{"uv":[9.1,9.6,8.8,10.4],"texture":"#2"}}},{"from":[7.4,24.58579,6.83579],"to":[8.6,26.08579,8.33579],"rotation":{"angle":45,"axis":"x","origin":[7.5,24.33579,6.58579]},"faces":{"north":{"uv":[6.8,4.8,7.3,5.4],"texture":"#2"},"east":{"uv":[6.8,3.6,7.4,4.2],"texture":"#2"},"south":{"uv":[6,6.8,6.5,7.4],"texture":"#2"},"west":{"uv":[4.8,6.8,5.4,7.4],"texture":"#2"},"up":{"uv":[0.5,7.8,0,7.2],"texture":"#2"},"down":{"uv":[7.7,0,7.2,0.6],"texture":"#2"}}},{"from":[7.4,23.18579,5.75],"to":[8.6,24.18579,6.75],"rotation":{"angle":-45,"axis":"x","origin":[7.5,23.18579,5.75]},"faces":{"north":{"uv":[9.6,9.6,10.1,10],"texture":"#2"},"east":{"uv":[6.4,10.4,6.8,10.8],"texture":"#2"},"south":{"uv":[2.8,10,3.3,10.4],"texture":"#2"},"west":{"uv":[10.4,6.4,10.8,6.8],"texture":"#2"},"up":{"uv":[4.5,10.4,4,10],"texture":"#2"},"down":{"uv":[5.7,10,5.2,10.4],"texture":"#2"}}},{"from":[7.5,23.33579,8.75],"to":[8.5,24.33579,10.25],"rotation":{"angle":22.5,"axis":"x","origin":[7.5,23.33579,10.25]},"faces":{"north":{"uv":[10.8,5.6,10.4,6],"texture":"#2"},"east":{"uv":[9.8,8,9.2,8.4],"texture":"#2"},"south":{"uv":[10.8,4.8,10.4,5.2],"texture":"#2"},"west":{"uv":[9.8,8.8,9.2,9.2],"texture":"#2"},"up":{"uv":[6.8,9.2,6.4,9.8],"texture":"#2"},"down":{"uv":[0.4,10.2,0,9.6],"texture":"#2"}}},{"from":[7.75,23.5287,8.71299],"to":[8.25,24.2787,9.71299],"rotation":{"angle":-22.5,"axis":"x","origin":[7.5,24.0287,9.96299]},"faces":{"north":{"uv":[13.4,0.8,13.2,1.1],"texture":"#2"},"east":{"uv":[11.6,1.6,11.2,1.9],"texture":"#2"},"west":{"uv":[11.6,2.4,11.2,2.7],"texture":"#2"},"down":{"uv":[3.8,13.2,3.6,12.8],"texture":"#2"}}},{"from":[7.5035,23.90982,8.86418],"to":[8.4965,25.40982,9.61418],"rotation":{"angle":-22.5,"axis":"x","origin":[7.5035,23.90982,8.86418]},"faces":{"north":{"uv":[10,1.2,9.6,1.8],"texture":"#2"},"east":{"uv":[10.7,2.4,10.4,3],"texture":"#2"},"south":{"uv":[10,0,9.6,0.6],"texture":"#2"},"west":{"uv":[10.7,3.6,10.4,4.2],"texture":"#2"},"up":{"uv":[11.6,3.2,11.2,3.5],"texture":"#2"}}},{"from":[7.4,23.18579,9.25],"to":[8.6,24.18579,10.25],"rotation":{"angle":45,"axis":"x","origin":[7.5,23.18579,10.25]},"faces":{"north":{"uv":[3.3,10,2.8,10.4],"texture":"#2"},"east":{"uv":[6.8,10.4,6.4,10.8],"texture":"#2"},"south":{"uv":[10.1,9.6,9.6,10],"texture":"#2"},"west":{"uv":[10.8,6.4,10.4,6.8],"texture":"#2"},"up":{"uv":[4.5,10,4,10.4],"texture":"#2"},"down":{"uv":[5.7,10.4,5.2,10],"texture":"#2"}}},{"from":[7.5035,24.90982,9.61418],"to":[8.4965,25.40982,10.11418],"rotation":{"angle":-22.5,"axis":"x","origin":[7.5035,23.90982,8.86418]},"faces":{"east":{"uv":[13.4,1.6,13.2,1.8],"texture":"#2"},"south":{"uv":[4.8,12.8,4.4,13],"texture":"#2"},"west":{"uv":[13.4,2.4,13.2,2.6],"texture":"#2"},"up":{"uv":[5.6,12.8,5.2,13],"texture":"#2"},"down":{"uv":[6.4,13,6,12.8],"texture":"#2"}}},{"from":[7.75,24.43833,8],"to":[8.25,26.18833,9.75],"rotation":{"angle":-45,"axis":"x","origin":[7.75,24.43833,8]},"faces":{"north":{"uv":[4.8,10.8,5,11.5],"texture":"#2"},"east":{"uv":[5.6,5.6,6.3,6.3],"texture":"#2"},"south":{"uv":[5.6,10.8,5.8,11.5],"texture":"#2"},"west":{"uv":[6,0,6.7,0.7],"texture":"#2"},"up":{"uv":[7.4,11.5,7.2,10.8],"texture":"#2"},"down":{"uv":[8.2,10.8,8,11.5],"texture":"#2"}}},{"from":[7.985,24.725,6.375],"to":[8.015,31.725,9.625],"rotation":{"angle":0,"axis":"y","origin":[7.985,25.42577,6.375]},"faces":{"east":{"uv":[1.3,0,0,2.8],"texture":"#2"},"west":{"uv":[0,0,1.3,2.8],"texture":"#2"}}},{"from":[7.985,18,2],"to":[8.015,24,6],"rotation":{"angle":0,"axis":"x","origin":[8,21,4]},"faces":{"east":{"uv":[8,0,0,12],"texture":"#1"},"west":{"uv":[0,0,8,12],"texture":"#1"}}},{"from":[7.985,18,10],"to":[8.015,24,14],"rotation":{"angle":0,"axis":"x","origin":[8,21,12]},"faces":{"east":{"uv":[0,0,8,12],"texture":"#1"},"west":{"uv":[8,0,0,12],"texture":"#1"}}}],"gui_light":"front","display":{"thirdperson_righthand":{"translation":[0,-2.75,1]},"thirdperson_lefthand":{"translation":[0,-2.75,1]},"firstperson_righthand":{"rotation":[-28.5,0,0],"translation":[2.75,1,3.75],"scale":[0.7,0.7,0.7]},"firstperson_lefthand":{"rotation":[-28.5,0,0],"translation":[2.75,1,3.75],"scale":[0.7,0.7,0.7]},"ground":{"rotation":[-45,0,0],"translation":[0,3,0],"scale":[0.7,0.7,0.7]},"gui":{"rotation":[-90,45,90],"translation":[1.5,-1.5,0],"scale":[0.6,0.6,0.6]},"head":{"rotation":[0,-90,0]},"fixed":{"rotation":[0,-90,0],"translation":[0,0,-1],"scale":[2,2,2]}},"mcmodels":"8efa02b85826d749012e9efd54c70bb2"}