{
	"credit": "Made by ManningDesign",
	"textures": {
		"11": "item/thanksgiving/bs_harvest_pumpkin_pie_texture"
	},
	"elements": [
		{
			"from": [3.2, -0.3, 3.2],
			"to": [12.8, 2.3, 12.8],
			"rotation": {"angle": 0, "axis": "y", "origin": [-8, -1, -8]},
			"faces": {
				"north": {"uv": [9, 3, 13.5, 4], "texture": "#11"},
				"east": {"uv": [9, 4, 13.5, 5], "texture": "#11"},
				"south": {"uv": [4.5, 9, 9, 10], "texture": "#11"},
				"west": {"uv": [9, 5, 13.5, 6], "texture": "#11"},
				"up": {"uv": [9, 4.5, 4.5, 0], "texture": "#11"},
				"down": {"uv": [9, 4.5, 4.5, 9], "texture": "#11"}
			}
		},
		{
			"from": [3.5, 0, 3.5],
			"to": [12.5, 2, 12.5],
			"rotation": {"angle": 0, "axis": "y", "origin": [-8, -1, -8]},
			"faces": {
				"north": {"uv": [0, 9, 4.5, 10], "texture": "#11"},
				"east": {"uv": [9, 0, 13.5, 1], "texture": "#11"},
				"south": {"uv": [9, 1, 13.5, 2], "texture": "#11"},
				"west": {"uv": [9, 2, 13.5, 3], "texture": "#11"},
				"up": {"uv": [4.5, 4.5, 0, 0], "texture": "#11"},
				"down": {"uv": [4.5, 4.5, 0, 9], "texture": "#11"}
			}
		}
	],
	"display": {
		"thirdperson_righthand": {
			"rotation": [67, 0, 0],
			"translation": [0, 5, 4],
			"scale": [0.77, 0.77, 0.77]
		},
		"thirdperson_lefthand": {
			"rotation": [67, 0, 0],
			"translation": [0, 5, 4],
			"scale": [0.77, 0.77, 0.77]
		},
		"firstperson_righthand": {
			"rotation": [0, 32, 0],
			"translation": [0.75, 6.25, 0],
			"scale": [0.72, 0.72, 0.72]
		},
		"firstperson_lefthand": {
			"rotation": [0, 32, 0],
			"translation": [0.75, 6.25, 0],
			"scale": [0.72, 0.72, 0.72]
		},
		"ground": {
			"translation": [0, 5.5, 0],
			"scale": [0.68, 0.68, 0.68]
		},
		"gui": {
			"rotation": [35, 135, 0],
			"translation": [0, 5.5, 0]
		},
		"head": {
			"translation": [0, 3, 0]
		},
		"fixed": {
			"rotation": [-90, 0, 0],
			"translation": [0, 0, -16],
			"scale": [2, 2, 2]
		}
	}
}