{
	"credit": "Made by ManningDesign",
	"textures": {
		"0": "item/thanksgiving/bs_harvest_leaves_texture",
		"particle": "item/thanksgiving/bs_harvest_leaves_texture"
	},
	"elements": [
		{
			"from": [2, 0.05, 1.5],
			"to": [8, 0.05, 6.5],
			"rotation": {"angle": -22.5, "axis": "y", "origin": [2.5, 0.05, 2.5]},
			"faces": {
				"north": {"uv": [0, 0, 6, 0], "texture": "#0"},
				"east": {"uv": [0, 0, 5, 0], "texture": "#0"},
				"south": {"uv": [0, 0, 6, 0], "texture": "#0"},
				"west": {"uv": [0, 0, 5, 0], "texture": "#0"},
				"up": {"uv": [4, 10, 10, 15], "texture": "#0"},
				"down": {"uv": [4, 15, 10, 10], "texture": "#0"}
			}
		},
		{
			"from": [-0.01537, 0.05, 12.09776],
			"to": [4.98463, 0.05, 19.09776],
			"rotation": {"angle": 45, "axis": "y", "origin": [1.73463, 0.05, 4.34776]},
			"faces": {
				"north": {"uv": [0, 0, 5, 0], "texture": "#0"},
				"east": {"uv": [0, 0, 7, 0], "texture": "#0"},
				"south": {"uv": [0, 0, 5, 0], "texture": "#0"},
				"west": {"uv": [0, 0, 7, 0], "texture": "#0"},
				"up": {"uv": [11, 0, 16, 7], "texture": "#0"},
				"down": {"uv": [11, 7, 16, 0], "texture": "#0"}
			}
		},
		{
			"from": [1.36636, 0.05, 6.91883],
			"to": [4.36636, 0.05, 11.91883],
			"rotation": {"angle": 22.5, "axis": "y", "origin": [9.86636, 0.05, 11.41883]},
			"faces": {
				"north": {"uv": [0, 0, 3, 0], "texture": "#0"},
				"east": {"uv": [0, 0, 5, 0], "texture": "#0"},
				"south": {"uv": [0, 0, 3, 0], "texture": "#0"},
				"west": {"uv": [0, 0, 5, 0], "texture": "#0"},
				"up": {"uv": [3, 10, 8, 13], "rotation": 270, "texture": "#0"},
				"down": {"uv": [3, 13, 8, 10], "rotation": 90, "texture": "#0"}
			}
		},
		{
			"from": [8.48463, 0.05, 5.34776],
			"to": [14.48463, 0.05, 10.34776],
			"rotation": {"angle": 22.5, "axis": "y", "origin": [1.73463, 0.05, 4.34776]},
			"faces": {
				"north": {"uv": [0, 0, 6, 0], "texture": "#0"},
				"east": {"uv": [0, 0, 5, 0], "texture": "#0"},
				"south": {"uv": [0, 0, 6, 0], "texture": "#0"},
				"west": {"uv": [0, 0, 5, 0], "texture": "#0"},
				"up": {"uv": [16, 11, 10, 16], "texture": "#0"},
				"down": {"uv": [16, 16, 10, 11], "texture": "#0"}
			}
		}
	],
	"display": {
		"thirdperson_righthand": {
			"rotation": [60, 0, 0],
			"translation": [0, 3.5, 2],
			"scale": [0.39, 0.39, 0.39]
		},
		"thirdperson_lefthand": {
			"rotation": [60, 0, 0],
			"translation": [0, 3.5, 2],
			"scale": [0.39, 0.39, 0.39]
		},
		"firstperson_righthand": {
			"rotation": [0, -47, 0],
			"translation": [0.25, 5, 0],
			"scale": [0.39, 0.39, 0.39]
		},
		"firstperson_lefthand": {
			"rotation": [0, -47, 0],
			"translation": [0.25, 5, 0],
			"scale": [0.39, 0.39, 0.39]
		},
		"ground": {
			"translation": [0, 3.5, 0],
			"scale": [0.35, 0.35, 0.35]
		},
		"gui": {
			"rotation": [35, 135, 0],
			"translation": [0, 4.75, 0],
			"scale": [0.75, 0.75, 0.75]
		},
		"fixed": {
			"rotation": [-90, 0, 0],
			"translation": [0, 0, -16],
			"scale": [2.01, 2.01, 2.01]
		}
	}
}