{
	"credit": "Made by ManningDesign",
	"textures": {
		"3": "item/thanksgiving/bs_harvest_table_decor_texture"
	},
	"elements": [
		{
			"from": [8.25, 0, 8.5],
			"to": [14.25, 6, 14.5],
			"rotation": {"angle": 22.5, "axis": "y", "origin": [11, 2.5, 11]},
			"faces": {
				"north": {"uv": [0, 0, 3, 3], "texture": "#3"},
				"east": {"uv": [0, 3, 3, 6], "texture": "#3"},
				"south": {"uv": [3, 0, 6, 3], "texture": "#3"},
				"west": {"uv": [3, 3, 6, 6], "texture": "#3"},
				"up": {"uv": [3, 9, 0, 6], "texture": "#3"},
				"down": {"uv": [9, 0, 6, 3], "texture": "#3"}
			}
		},
		{
			"from": [4.66689, 0, 9.75701],
			"to": [9.66689, 4, 14.75701],
			"rotation": {"angle": -22.5, "axis": "y", "origin": [5.16689, 2.5, 4.75701]},
			"faces": {
				"north": {"uv": [5.5, 6, 8, 8], "texture": "#3"},
				"east": {"uv": [5.5, 8, 8, 10], "texture": "#3"},
				"south": {"uv": [8, 5.5, 10.5, 7.5], "texture": "#3"},
				"west": {"uv": [8, 7.5, 10.5, 9.5], "texture": "#3"},
				"up": {"uv": [5.5, 8.5, 3, 6], "texture": "#3"},
				"down": {"uv": [8.5, 3, 6, 5.5], "texture": "#3"}
			}
		},
		{
			"from": [8.45711, 0.05, 3.37132],
			"to": [15.45711, 2.05, 5.37132],
			"rotation": {"angle": -22.5, "axis": "y", "origin": [12.70711, 1.05, 3.12132]},
			"faces": {
				"north": {"uv": [8.5, 3, 12, 4], "texture": "#3"},
				"east": {"uv": [3, 13, 4, 14], "texture": "#3"},
				"south": {"uv": [8.5, 4, 12, 5], "texture": "#3"},
				"west": {"uv": [13, 12.5, 14, 13.5], "texture": "#3"},
				"up": {"uv": [3.5, 10, 0, 9], "texture": "#3"},
				"down": {"uv": [12.5, 0, 9, 1], "texture": "#3"}
			}
		},
		{
			"from": [4.31067, 0.05, 5.42805],
			"to": [11.31067, 2.05, 7.42805],
			"rotation": {"angle": 0, "axis": "y", "origin": [2.06067, 1.05, 5.67805]},
			"faces": {
				"north": {"uv": [3.5, 10, 7, 11], "texture": "#3"},
				"east": {"uv": [6, 13.5, 7, 14.5], "texture": "#3"},
				"south": {"uv": [10.5, 5, 14, 6], "texture": "#3"},
				"west": {"uv": [7, 13.5, 8, 14.5], "texture": "#3"},
				"up": {"uv": [14, 7, 10.5, 6], "texture": "#3"},
				"down": {"uv": [10.5, 10.5, 7, 11.5], "texture": "#3"}
			}
		},
		{
			"from": [0.31067, 0.05, 5.42805],
			"to": [4.31067, 2.05, 5.42805],
			"rotation": {"angle": 0, "axis": "y", "origin": [2.06067, 1.05, 5.67805]},
			"faces": {
				"north": {"uv": [2, 12, 4, 13], "texture": "#3"},
				"east": {"uv": [0, 0, 0, 1], "texture": "#3"},
				"south": {"uv": [4, 12, 2, 13], "texture": "#3"},
				"west": {"uv": [0, 0, 0, 1], "texture": "#3"},
				"up": {"uv": [2, 0, 0, 0], "texture": "#3"},
				"down": {"uv": [2, 0, 0, 0], "texture": "#3"}
			}
		},
		{
			"from": [0.31067, 0.05, 7.42805],
			"to": [4.31067, 2.05, 7.42805],
			"rotation": {"angle": 0, "axis": "y", "origin": [2.06067, 1.05, 5.67805]},
			"faces": {
				"north": {"uv": [14.5, 0, 12.5, 1], "texture": "#3"},
				"east": {"uv": [0, 0, 0, 1], "texture": "#3"},
				"south": {"uv": [12.5, 0, 14.5, 1], "texture": "#3"},
				"west": {"uv": [0, 0, 0, 1], "texture": "#3"},
				"up": {"uv": [2, 0, 0, 0], "texture": "#3"},
				"down": {"uv": [2, 0, 0, 0], "texture": "#3"}
			}
		},
		{
			"from": [0.31067, 2.05, 5.42805],
			"to": [4.31067, 2.05, 7.42805],
			"rotation": {"angle": 0, "axis": "y", "origin": [2.06067, 1.05, 5.67805]},
			"faces": {
				"north": {"uv": [0, 0, 2, 0], "texture": "#3"},
				"east": {"uv": [0, 0, 1, 0], "texture": "#3"},
				"south": {"uv": [0, 0, 2, 0], "texture": "#3"},
				"west": {"uv": [0, 0, 1, 0], "texture": "#3"},
				"up": {"uv": [14.5, 2, 12.5, 1], "texture": "#3"},
				"down": {"uv": [14.5, 1, 12.5, 2], "texture": "#3"}
			}
		},
		{
			"from": [0.31067, 0.05, 5.42805],
			"to": [4.31067, 0.05, 7.42805],
			"rotation": {"angle": 0, "axis": "y", "origin": [2.06067, 1.05, 5.67805]},
			"faces": {
				"north": {"uv": [0, 0, 2, 0], "texture": "#3"},
				"east": {"uv": [0, 0, 1, 0], "texture": "#3"},
				"south": {"uv": [0, 0, 2, 0], "texture": "#3"},
				"west": {"uv": [0, 0, 1, 0], "texture": "#3"},
				"up": {"uv": [4, 13.5, 6, 12.5], "texture": "#3"},
				"down": {"uv": [4, 12.5, 6, 13.5], "texture": "#3"}
			}
		},
		{
			"from": [3.61067, -0.15, 5.22805],
			"to": [11.01067, 2.25, 7.62805],
			"rotation": {"angle": 0, "axis": "y", "origin": [2.06067, 1.05, 5.67805]},
			"faces": {
				"north": {"uv": [10.5, 7, 14, 8], "texture": "#3"},
				"east": {"uv": [13.5, 9, 14.5, 10], "texture": "#3"},
				"south": {"uv": [10.5, 8, 14, 9], "texture": "#3"},
				"west": {"uv": [13.5, 11.5, 14.5, 12.5], "texture": "#3"},
				"up": {"uv": [14, 11.5, 10.5, 10.5], "texture": "#3"},
				"down": {"uv": [3.5, 11, 0, 12], "texture": "#3"}
			}
		},
		{
			"from": [4.71067, 0.05, 0.52805],
			"to": [8.71067, 2.05, 0.52805],
			"rotation": {"angle": -22.5, "axis": "y", "origin": [3.81067, 1.05, 0.67805]},
			"faces": {
				"north": {"uv": [14.5, 0, 12.5, 1], "texture": "#3"},
				"east": {"uv": [0, 0, 0, 1], "texture": "#3"},
				"south": {"uv": [12.5, 0, 14.5, 1], "texture": "#3"},
				"west": {"uv": [0, 0, 0, 1], "texture": "#3"},
				"up": {"uv": [2, 0, 0, 0], "texture": "#3"},
				"down": {"uv": [2, 0, 0, 0], "texture": "#3"}
			}
		},
		{
			"from": [4.71067, 0.05, -0.22195],
			"to": [8.71067, 0.05, 1.77805],
			"rotation": {"angle": -22.5, "axis": "y", "origin": [3.81067, 1.05, 0.67805]},
			"faces": {
				"north": {"uv": [0, 0, 2, 0], "texture": "#3"},
				"east": {"uv": [0, 0, 1, 0], "texture": "#3"},
				"south": {"uv": [0, 0, 2, 0], "texture": "#3"},
				"west": {"uv": [0, 0, 1, 0], "texture": "#3"},
				"up": {"uv": [4, 13.5, 6, 12.5], "texture": "#3"},
				"down": {"uv": [4, 12.5, 6, 13.5], "texture": "#3"}
			}
		},
		{
			"from": [4.71067, 0.05, -0.22195],
			"to": [8.71067, 2.05, -0.22195],
			"rotation": {"angle": -22.5, "axis": "y", "origin": [3.81067, 1.05, 0.67805]},
			"faces": {
				"north": {"uv": [2, 12, 4, 13], "texture": "#3"},
				"east": {"uv": [0, 0, 0, 1], "texture": "#3"},
				"south": {"uv": [4, 12, 2, 13], "texture": "#3"},
				"west": {"uv": [0, 0, 0, 1], "texture": "#3"},
				"up": {"uv": [2, 0, 0, 0], "texture": "#3"},
				"down": {"uv": [2, 0, 0, 0], "texture": "#3"}
			}
		},
		{
			"from": [4.71067, 2.05, -0.22195],
			"to": [8.71067, 2.05, 1.77805],
			"rotation": {"angle": -22.5, "axis": "y", "origin": [3.81067, 1.05, 0.67805]},
			"faces": {
				"north": {"uv": [0, 0, 2, 0], "texture": "#3"},
				"east": {"uv": [0, 0, 1, 0], "texture": "#3"},
				"south": {"uv": [0, 0, 2, 0], "texture": "#3"},
				"west": {"uv": [0, 0, 1, 0], "texture": "#3"},
				"up": {"uv": [14.5, 2, 12.5, 1], "texture": "#3"},
				"down": {"uv": [14.5, 1, 12.5, 2], "texture": "#3"}
			}
		},
		{
			"from": [8.01067, -0.15, -0.42195],
			"to": [15.41067, 2.25, 1.97805],
			"rotation": {"angle": -22.5, "axis": "y", "origin": [3.81067, 1.05, 0.67805]},
			"faces": {
				"north": {"uv": [10.5, 7, 14, 8], "texture": "#3"},
				"east": {"uv": [13.5, 9, 14.5, 10], "texture": "#3"},
				"south": {"uv": [10.5, 8, 14, 9], "texture": "#3"},
				"west": {"uv": [13.5, 11.5, 14.5, 12.5], "texture": "#3"},
				"up": {"uv": [14, 11.5, 10.5, 10.5], "texture": "#3"},
				"down": {"uv": [3.5, 11, 0, 12], "texture": "#3"}
			}
		},
		{
			"from": [3.14453, 2, 11.45148],
			"to": [5.14453, 6, 13.45148],
			"rotation": {"angle": 22.5, "axis": "z", "origin": [4.14453, 4, 12.45148]},
			"faces": {
				"north": {"uv": [8, 12.5, 9, 14.5], "texture": "#3"},
				"east": {"uv": [9, 12.5, 10, 14.5], "texture": "#3"},
				"south": {"uv": [10, 12.5, 11, 14.5], "texture": "#3"},
				"west": {"uv": [11, 12.5, 12, 14.5], "texture": "#3"},
				"up": {"uv": [14, 14.5, 13, 13.5], "texture": "#3"},
				"down": {"uv": [4, 14, 3, 15], "texture": "#3"}
			}
		},
		{
			"from": [10.42231, 5.5, 10.36627],
			"to": [12.42231, 8.5, 12.36627],
			"rotation": {"angle": -22.5, "axis": "z", "origin": [11.42231, 6, 11.36627]},
			"faces": {
				"north": {"uv": [12, 12.5, 13, 14], "texture": "#3"},
				"east": {"uv": [0, 13, 1, 14.5], "texture": "#3"},
				"south": {"uv": [1, 13, 2, 14.5], "texture": "#3"},
				"west": {"uv": [2, 13, 3, 14.5], "texture": "#3"},
				"up": {"uv": [15, 4, 14, 3], "texture": "#3"},
				"down": {"uv": [15, 4, 14, 5], "texture": "#3"}
			}
		}
	],
	"display": {
		"thirdperson_righthand": {
			"rotation": [69, 0, 0],
			"translation": [0.5, 6, 1.75],
			"scale": [0.77, 0.77, 0.77]
		},
		"thirdperson_lefthand": {
			"rotation": [69, 0, 0],
			"translation": [0.5, 6, 1.75],
			"scale": [0.77, 0.77, 0.77]
		},
		"firstperson_righthand": {
			"rotation": [0, 98, 0],
			"translation": [-1.25, 6.25, 0],
			"scale": [0.55, 0.55, 0.55]
		},
		"firstperson_lefthand": {
			"rotation": [0, 124, 0],
			"translation": [-1.25, 6.25, 0],
			"scale": [0.55, 0.55, 0.55]
		},
		"ground": {
			"translation": [0, 5.5, 0],
			"scale": [0.68, 0.68, 0.68]
		},
		"gui": {
			"rotation": [35, 135, 0],
			"translation": [-0.75, 3.25, 0],
			"scale": [0.85, 0.85, 0.85]
		},
		"fixed": {
			"rotation": [-90, 0, 0],
			"translation": [0, 0, -16],
			"scale": [2, 2, 2]
		}
	}
}