{
	"credit": "Made by ManningDesign",
	"textures": {
		"0": "item/thanksgiving/bs_harvest_leaves_texture",
		"particle": "item/thanksgiving/bs_harvest_leaves_texture"
	},
	"elements": [
		{
			"from": [0, 0.05, 0],
			"to": [7, 0.05, 4],
			"faces": {
				"north": {"uv": [0, 0, 7, 0], "texture": "#0"},
				"east": {"uv": [0, 0, 4, 0], "texture": "#0"},
				"south": {"uv": [0, 0, 7, 0], "texture": "#0"},
				"west": {"uv": [0, 0, 4, 0], "texture": "#0"},
				"up": {"uv": [0, 9, 7, 13], "texture": "#0"},
				"down": {"uv": [0, 13, 7, 9], "texture": "#0"}
			}
		},
		{
			"from": [4, 0.05, 5],
			"to": [11, 0.05, 9],
			"rotation": {"angle": 0, "axis": "y", "origin": [7.5, 0.025, 7]},
			"faces": {
				"north": {"uv": [0, 0, 7, 0], "texture": "#0"},
				"east": {"uv": [0, 0, 4, 0], "texture": "#0"},
				"south": {"uv": [0, 0, 7, 0], "texture": "#0"},
				"west": {"uv": [0, 0, 4, 0], "texture": "#0"},
				"up": {"uv": [5, 11, 12, 15], "texture": "#0"},
				"down": {"uv": [5, 15, 12, 11], "texture": "#0"}
			}
		},
		{
			"from": [0, 0.05, 14],
			"to": [7, 0.05, 16],
			"faces": {
				"north": {"uv": [0, 0, 7, 0], "texture": "#0"},
				"east": {"uv": [0, 0, 2, 0], "texture": "#0"},
				"south": {"uv": [0, 0, 7, 0], "texture": "#0"},
				"west": {"uv": [0, 0, 2, 0], "texture": "#0"},
				"up": {"uv": [5, 4, 12, 6], "texture": "#0"},
				"down": {"uv": [5, 6, 12, 4], "texture": "#0"}
			}
		},
		{
			"from": [0, 0.05, 6],
			"to": [2, 0.05, 12],
			"faces": {
				"north": {"uv": [0, 0, 2, 0], "texture": "#0"},
				"east": {"uv": [0, 0, 6, 0], "texture": "#0"},
				"south": {"uv": [0, 0, 2, 0], "texture": "#0"},
				"west": {"uv": [0, 0, 6, 0], "texture": "#0"},
				"up": {"uv": [14, 2, 16, 8], "texture": "#0"},
				"down": {"uv": [14, 8, 16, 2], "texture": "#0"}
			}
		},
		{
			"from": [12, 0.05, 14],
			"to": [16, 0.05, 16],
			"faces": {
				"north": {"uv": [0, 0, 4, 0], "texture": "#0"},
				"east": {"uv": [0, 0, 2, 0], "texture": "#0"},
				"south": {"uv": [0, 0, 4, 0], "texture": "#0"},
				"west": {"uv": [0, 0, 2, 0], "texture": "#0"},
				"up": {"uv": [0, 0, 4, 2], "texture": "#0"},
				"down": {"uv": [0, 2, 4, 0], "texture": "#0"}
			}
		},
		{
			"from": [8, 0.05, 14],
			"to": [11, 0.05, 16],
			"faces": {
				"north": {"uv": [0, 0, 3, 0], "texture": "#0"},
				"east": {"uv": [0, 0, 2, 0], "texture": "#0"},
				"south": {"uv": [0, 0, 3, 0], "texture": "#0"},
				"west": {"uv": [0, 0, 2, 0], "texture": "#0"},
				"up": {"uv": [0, 2, 3, 0], "texture": "#0"},
				"down": {"uv": [0, 0, 3, 2], "texture": "#0"}
			}
		},
		{
			"from": [8, 0.05, 0],
			"to": [11, 0.05, 3],
			"faces": {
				"north": {"uv": [0, 0, 3, 0], "texture": "#0"},
				"east": {"uv": [0, 0, 3, 0], "texture": "#0"},
				"south": {"uv": [0, 0, 3, 0], "texture": "#0"},
				"west": {"uv": [0, 0, 3, 0], "texture": "#0"},
				"up": {"uv": [3, 0, 0, 3], "texture": "#0"},
				"down": {"uv": [3, 3, 0, 0], "texture": "#0"}
			}
		},
		{
			"from": [3, 0.05, 10],
			"to": [10, 0.05, 13],
			"faces": {
				"north": {"uv": [0, 0, 7, 0], "texture": "#0"},
				"east": {"uv": [0, 0, 3, 0], "texture": "#0"},
				"south": {"uv": [0, 0, 7, 0], "texture": "#0"},
				"west": {"uv": [0, 0, 3, 0], "texture": "#0"},
				"up": {"uv": [8, 3, 15, 6], "texture": "#0"},
				"down": {"uv": [8, 6, 15, 3], "texture": "#0"}
			}
		},
		{
			"from": [12, 0.05, 0],
			"to": [16, 0.05, 4],
			"faces": {
				"north": {"uv": [0, 0, 4, 0], "texture": "#0"},
				"east": {"uv": [0, 0, 4, 0], "texture": "#0"},
				"south": {"uv": [0, 0, 4, 0], "texture": "#0"},
				"west": {"uv": [0, 0, 4, 0], "texture": "#0"},
				"up": {"uv": [8, 3, 12, 7], "texture": "#0"},
				"down": {"uv": [8, 7, 12, 3], "texture": "#0"}
			}
		},
		{
			"from": [12, 0.05, 6],
			"to": [16, 0.05, 12],
			"faces": {
				"north": {"uv": [0, 0, 4, 0], "texture": "#0"},
				"east": {"uv": [0, 0, 6, 0], "texture": "#0"},
				"south": {"uv": [0, 0, 4, 0], "texture": "#0"},
				"west": {"uv": [0, 0, 6, 0], "texture": "#0"},
				"up": {"uv": [12, 8, 16, 14], "texture": "#0"},
				"down": {"uv": [12, 14, 16, 8], "texture": "#0"}
			}
		}
	],
	"display": {
		"thirdperson_righthand": {
			"rotation": [60, 0, 0],
			"translation": [0, 3.75, 2],
			"scale": [0.39, 0.39, 0.39]
		},
		"thirdperson_lefthand": {
			"rotation": [60, 0, 0],
			"translation": [0, 3.75, 2],
			"scale": [0.39, 0.39, 0.39]
		},
		"firstperson_righthand": {
			"rotation": [0, -47, 0],
			"translation": [0.25, 5, 0],
			"scale": [0.39, 0.39, 0.39]
		},
		"firstperson_lefthand": {
			"rotation": [0, -47, 0],
			"translation": [0.25, 5, 0],
			"scale": [0.39, 0.39, 0.39]
		},
		"ground": {
			"translation": [0, 3.5, 0],
			"scale": [0.35, 0.35, 0.35]
		},
		"gui": {
			"rotation": [35, 135, 0],
			"translation": [-0.25, 4, 0],
			"scale": [0.66, 0.66, 0.66]
		},
		"fixed": {
			"rotation": [-90, 0, 0],
			"translation": [0, 0, -16],
			"scale": [2, 2, 2]
		}
	}
}