{
	"credit": "Made by ManningDesign",
	"textures": {
		"9": "item/thanksgiving/bs_harvest_gravy_texture"
	},
	"elements": [
		{
			"from": [6, 0, 6],
			"to": [10, 1, 10],
			"rotation": {"angle": 0, "axis": "y", "origin": [-1.5, 5, -17]},
			"faces": {
				"north": {"uv": [10, 9, 14, 10], "texture": "#9"},
				"east": {"uv": [10, 10, 14, 11], "texture": "#9"},
				"south": {"uv": [0, 11, 4, 12], "texture": "#9"},
				"west": {"uv": [11, 3, 15, 4], "texture": "#9"},
				"up": {"uv": [4, 4, 0, 0], "texture": "#9"},
				"down": {"uv": [4, 4, 0, 8], "texture": "#9"}
			}
		},
		{
			"from": [7, 1, 7],
			"to": [9, 2, 9],
			"rotation": {"angle": 0, "axis": "y", "origin": [-1.5, 5, -17]},
			"faces": {
				"north": {"uv": [10, 11, 12, 12], "texture": "#9"},
				"east": {"uv": [0, 12, 2, 13], "texture": "#9"},
				"south": {"uv": [12, 0, 14, 1], "texture": "#9"},
				"west": {"uv": [12, 1, 14, 2], "texture": "#9"},
				"up": {"uv": [6, 13, 4, 11], "texture": "#9"},
				"down": {"uv": [13, 4, 11, 6], "texture": "#9"}
			}
		},
		{
			"from": [6.5, 2, 5.5],
			"to": [9.5, 5, 10.5],
			"rotation": {"angle": 0, "axis": "y", "origin": [-1.5, 5, -17]},
			"faces": {
				"north": {"uv": [0, 8, 3, 11], "texture": "#9"},
				"east": {"uv": [4, 0, 9, 3], "texture": "#9"},
				"south": {"uv": [9, 0, 12, 3], "texture": "#9"},
				"west": {"uv": [4, 3, 9, 6], "texture": "#9"},
				"up": {"uv": [7, 11, 4, 6], "texture": "#9"},
				"down": {"uv": [10, 6, 7, 11], "texture": "#9"}
			}
		},
		{
			"from": [7, 4, 3.5],
			"to": [7, 5, 5.5],
			"rotation": {"angle": 0, "axis": "y", "origin": [-1.5, 5, -17]},
			"faces": {
				"north": {"uv": [0, 0, 0, 1], "texture": "#9"},
				"east": {"uv": [2, 12, 4, 13], "texture": "#9"},
				"south": {"uv": [0, 0, 0, 1], "texture": "#9"},
				"west": {"uv": [12, 2, 14, 3], "texture": "#9"},
				"up": {"uv": [0, 2, 0, 0], "texture": "#9"},
				"down": {"uv": [0, 0, 0, 2], "texture": "#9"}
			}
		},
		{
			"from": [9, 4, 3.5],
			"to": [9, 5, 5.5],
			"rotation": {"angle": 0, "axis": "y", "origin": [-1.5, 5, -17]},
			"faces": {
				"north": {"uv": [0, 0, 0, 1], "texture": "#9"},
				"east": {"uv": [12, 6, 14, 7], "texture": "#9"},
				"south": {"uv": [0, 0, 0, 1], "texture": "#9"},
				"west": {"uv": [12, 7, 14, 8], "texture": "#9"},
				"up": {"uv": [0, 2, 0, 0], "texture": "#9"},
				"down": {"uv": [0, 0, 0, 2], "texture": "#9"}
			}
		},
		{
			"from": [7, 4, 3.5],
			"to": [9, 4, 5.5],
			"rotation": {"angle": 0, "axis": "y", "origin": [-1.5, 5, -17]},
			"faces": {
				"north": {"uv": [0, 0, 2, 0], "texture": "#9"},
				"east": {"uv": [0, 0, 2, 0], "texture": "#9"},
				"south": {"uv": [0, 0, 2, 0], "texture": "#9"},
				"west": {"uv": [0, 0, 2, 0], "texture": "#9"},
				"up": {"uv": [8, 13, 6, 11], "texture": "#9"},
				"down": {"uv": [10, 11, 8, 13], "texture": "#9"}
			}
		},
		{
			"from": [8, 2, 10.5],
			"to": [8, 5, 12.5],
			"rotation": {"angle": 0, "axis": "y", "origin": [-1.5, 5, -17]},
			"faces": {
				"north": {"uv": [0, 0, 0, 3], "texture": "#9"},
				"east": {"uv": [9, 3, 11, 6], "texture": "#9"},
				"south": {"uv": [0, 0, 0, 3], "texture": "#9"},
				"west": {"uv": [11, 3, 9, 6], "texture": "#9"},
				"up": {"uv": [0, 2, 0, 0], "texture": "#9"},
				"down": {"uv": [0, 0, 0, 2], "texture": "#9"}
			}
		}
	],
	"display": {
		"thirdperson_righthand": {
			"rotation": [50, 0, 0],
			"translation": [0, 4.25, 1.75],
			"scale": [0.77, 0.77, 0.77]
		},
		"thirdperson_lefthand": {
			"rotation": [50, 0, 0],
			"translation": [0, 4.25, 1.75],
			"scale": [0.77, 0.77, 0.77]
		},
		"firstperson_righthand": {
			"rotation": [0, 32, 0],
			"translation": [0.75, 6.25, 0],
			"scale": [0.72, 0.72, 0.72]
		},
		"firstperson_lefthand": {
			"rotation": [0, 32, 0],
			"translation": [0.75, 6.25, 0],
			"scale": [0.72, 0.72, 0.72]
		},
		"ground": {
			"translation": [0, 5.5, 0],
			"scale": [0.68, 0.68, 0.68]
		},
		"gui": {
			"rotation": [35, 135, 0],
			"translation": [0, 5.5, 0],
			"scale": [1.3, 1.3, 1.3]
		},
		"fixed": {
			"rotation": [-90, 0, 0],
			"translation": [0, 0, -16],
			"scale": [2, 2, 2]
		}
	}
}