{
	"credit": "Made by ManningDesign",
	"textures": {
		"1": "item/thanksgiving/bs_harvest_dinner_candle_texture"
	},
	"elements": [
		{
			"from": [5.5, 0, 5.5],
			"to": [10.5, 1, 10.5],
			"rotation": {"angle": 0, "axis": "y", "origin": [-8, 0, 8]},
			"faces": {
				"north": {"uv": [6, 3, 8.5, 3.5], "texture": "#1"},
				"east": {"uv": [6, 3.5, 8.5, 4], "texture": "#1"},
				"south": {"uv": [6, 4, 8.5, 4.5], "texture": "#1"},
				"west": {"uv": [4.5, 6, 7, 6.5], "texture": "#1"},
				"up": {"uv": [2.5, 2.5, 0, 0], "texture": "#1"},
				"down": {"uv": [2.5, 2.5, 0, 5], "texture": "#1"}
			}
		},
		{
			"from": [6.5, 3, 6.5],
			"to": [9.5, 7, 9.5],
			"rotation": {"angle": 0, "axis": "y", "origin": [-8, 0, 8]},
			"faces": {
				"north": {"uv": [4.5, 0, 6, 2], "texture": "#1"},
				"east": {"uv": [4.5, 2, 6, 4], "texture": "#1"},
				"south": {"uv": [4.5, 4, 6, 6], "texture": "#1"},
				"west": {"uv": [0, 5, 1.5, 7], "texture": "#1"},
				"up": {"uv": [7.5, 1.5, 6, 0], "texture": "#1"},
				"down": {"uv": [7.5, 1.5, 6, 3], "texture": "#1"}
			}
		},
		{
			"from": [6.25, 4.65, 6.25],
			"to": [9.75, 7.15, 9.75],
			"rotation": {"angle": 0, "axis": "y", "origin": [-8, 0, 8]},
			"faces": {
				"north": {"uv": [4.5, 0, 6, 1], "texture": "#1"},
				"east": {"uv": [4.5, 2, 6, 3], "texture": "#1"},
				"south": {"uv": [4.5, 4, 6, 5], "texture": "#1"},
				"west": {"uv": [0, 5, 1.5, 6], "texture": "#1"},
				"up": {"uv": [7.5, 1.5, 6, 0], "texture": "#1"},
				"down": {"uv": [9, 0, 7.5, 1.5], "texture": "#1"}
			}
		},
		{
			"from": [7.5, 1, 7.5],
			"to": [8.5, 3, 8.5],
			"rotation": {"angle": 0, "axis": "y", "origin": [-8, 0, 8]},
			"faces": {
				"north": {"uv": [6, 4.5, 6.5, 5.5], "texture": "#1"},
				"east": {"uv": [4.5, 6.5, 5, 7.5], "texture": "#1"},
				"south": {"uv": [6.5, 4.5, 7, 5.5], "texture": "#1"},
				"west": {"uv": [5, 6.5, 5.5, 7.5], "texture": "#1"},
				"up": {"uv": [6.5, 6, 6, 5.5], "texture": "#1"},
				"down": {"uv": [6, 6.5, 5.5, 7], "texture": "#1"}
			}
		},
		{
			"from": [7, 6, 7],
			"to": [9, 14, 9],
			"rotation": {"angle": 0, "axis": "y", "origin": [-8, 0, 8]},
			"faces": {
				"north": {"uv": [2.5, 0, 3.5, 4], "texture": "#1"},
				"east": {"uv": [3.5, 0, 4.5, 4], "texture": "#1"},
				"south": {"uv": [2.5, 4, 3.5, 8], "texture": "#1"},
				"west": {"uv": [3.5, 4, 4.5, 8], "texture": "#1"},
				"up": {"uv": [2.5, 6, 1.5, 5], "texture": "#1"},
				"down": {"uv": [2.5, 6, 1.5, 7], "texture": "#1"}
			}
		},
		{
			"from": [7.5, 14, 8],
			"to": [8.5, 15, 8],
			"rotation": {"angle": 45, "axis": "y", "origin": [8, 14.5, 8]},
			"faces": {
				"north": {"uv": [6.5, 5.5, 7, 6], "texture": "#1"},
				"east": {"uv": [0, 0, 0, 0.5], "texture": "#1"},
				"south": {"uv": [6, 6.5, 6.5, 7], "texture": "#1"},
				"west": {"uv": [0, 0, 0, 0.5], "texture": "#1"},
				"up": {"uv": [0.5, 0, 0, 0], "texture": "#1"},
				"down": {"uv": [0.5, 0, 0, 0], "texture": "#1"}
			}
		},
		{
			"from": [7.5, 14, 8],
			"to": [8.5, 15, 8],
			"rotation": {"angle": -45, "axis": "y", "origin": [8, 14.5, 8]},
			"faces": {
				"north": {"uv": [6.5, 6.5, 7, 7], "texture": "#1"},
				"east": {"uv": [0, 0, 0, 0.5], "texture": "#1"},
				"south": {"uv": [0, 7, 0.5, 7.5], "texture": "#1"},
				"west": {"uv": [0, 0, 0, 0.5], "texture": "#1"},
				"up": {"uv": [0.5, 0, 0, 0], "texture": "#1"},
				"down": {"uv": [0.5, 0, 0, 0], "texture": "#1"}
			}
		}
	],
	"display": {
		"thirdperson_righthand": {
			"rotation": [50, 0, 0],
			"translation": [0, 2.75, 2],
			"scale": [0.77, 0.77, 0.77]
		},
		"thirdperson_lefthand": {
			"rotation": [50, 0, 0],
			"translation": [0, 2.75, 2],
			"scale": [0.77, 0.77, 0.77]
		},
		"firstperson_righthand": {
			"rotation": [0, 32, 0],
			"translation": [2, 5, 0],
			"scale": [0.57, 0.57, 0.57]
		},
		"firstperson_lefthand": {
			"rotation": [0, 32, 0],
			"translation": [2, 5, 0],
			"scale": [0.57, 0.57, 0.57]
		},
		"ground": {
			"translation": [0, 5.5, 0],
			"scale": [0.68, 0.68, 0.68]
		},
		"gui": {
			"rotation": [35, 135, 0],
			"translation": [0, 1, 0],
			"scale": [0.91, 0.91, 0.91]
		},
		"fixed": {
			"rotation": [-90, 0, 0],
			"translation": [0, 0, -16],
			"scale": [2, 2, 2]
		}
	}
}