{
	"credit": "Made by ManningDesign",
	"textures": {
		"0": "item/thanksgiving/bs_harvest_leaves_texture",
		"particle": "item/thanksgiving/bs_harvest_leaves_texture"
	},
	"elements": [
		{
			"from": [7, 0, 4],
			"to": [20, 3, 17],
			"rotation": {"angle": 22.5, "axis": "y", "origin": [11.5, 1, 8.5]},
			"faces": {
				"north": {"uv": [0, 0, 13, 3], "texture": "#0"},
				"east": {"uv": [0, 0, 13, 3], "texture": "#0"},
				"south": {"uv": [0, 0, 13, 3], "texture": "#0"},
				"west": {"uv": [0, 0, 13, 3], "texture": "#0"},
				"up": {"uv": [0, 0, 13, 13], "texture": "#0"},
				"down": {"uv": [0, 0, 13, 13], "texture": "#0"}
			}
		},
		{
			"from": [-2.38687, 0, 14.08239],
			"to": [8.61313, 2, 22.08239],
			"rotation": {"angle": -22.5, "axis": "y", "origin": [14.11313, 1.5, 9.58239]},
			"faces": {
				"north": {"uv": [0, 0, 11, 2], "texture": "#0"},
				"east": {"uv": [0, 0, 8, 2], "texture": "#0"},
				"south": {"uv": [0, 0, 11, 2], "texture": "#0"},
				"west": {"uv": [0, 0, 8, 2], "texture": "#0"},
				"up": {"uv": [8, 5, 16, 16], "rotation": 270, "texture": "#0"},
				"down": {"uv": [0, 0, 8, 11], "rotation": 90, "texture": "#0"}
			}
		},
		{
			"from": [-1.80236, 0, -0.77415],
			"to": [7.19764, 2, 4.22585],
			"rotation": {"angle": 0, "axis": "y", "origin": [0.69764, 1, 13.22585]},
			"faces": {
				"north": {"uv": [0, 0, 9, 2], "texture": "#0"},
				"east": {"uv": [0, 0, 5, 2], "texture": "#0"},
				"south": {"uv": [0, 0, 9, 2], "texture": "#0"},
				"west": {"uv": [8, 5, 13, 7], "texture": "#0"},
				"up": {"uv": [11, 7, 16, 16], "rotation": 270, "texture": "#0"},
				"down": {"uv": [0, 0, 5, 9], "rotation": 90, "texture": "#0"}
			}
		},
		{
			"from": [8, 0.05, -4],
			"to": [15, 0.05, 1],
			"rotation": {"angle": 45, "axis": "y", "origin": [12.5, 0.05, -2]},
			"faces": {
				"north": {"uv": [0, 0, 7, 0], "texture": "#0"},
				"east": {"uv": [0, 0, 5, 0], "texture": "#0"},
				"south": {"uv": [0, 0, 7, 0], "texture": "#0"},
				"west": {"uv": [0, 0, 5, 0], "texture": "#0"},
				"up": {"uv": [3, 10, 10, 15], "texture": "#0"},
				"down": {"uv": [3, 15, 10, 10], "texture": "#0"}
			}
		},
		{
			"from": [5.11091, 0.05, 18.48097],
			"to": [12.11091, 0.05, 23.48097],
			"rotation": {"angle": -45, "axis": "y", "origin": [8.61091, 0.05, 20.98097]},
			"faces": {
				"north": {"uv": [0, 0, 7, 0], "texture": "#0"},
				"east": {"uv": [0, 0, 5, 0], "texture": "#0"},
				"south": {"uv": [0, 0, 7, 0], "texture": "#0"},
				"west": {"uv": [0, 0, 5, 0], "texture": "#0"},
				"up": {"uv": [9, 8, 16, 13], "rotation": 180, "texture": "#0"},
				"down": {"uv": [9, 13, 16, 8], "rotation": 180, "texture": "#0"}
			}
		},
		{
			"from": [-9.73833, 0.05, 3.63173],
			"to": [-2.73833, 0.05, 8.63173],
			"rotation": {"angle": 45, "axis": "y", "origin": [-6.23833, 0.05, 6.13173]},
			"faces": {
				"north": {"uv": [0, 0, 7, 0], "texture": "#0"},
				"east": {"uv": [0, 0, 5, 0], "texture": "#0"},
				"south": {"uv": [0, 0, 7, 0], "texture": "#0"},
				"west": {"uv": [0, 0, 5, 0], "texture": "#0"},
				"up": {"uv": [9, 8, 16, 13], "rotation": 180, "texture": "#0"},
				"down": {"uv": [9, 13, 16, 8], "rotation": 180, "texture": "#0"}
			}
		}
	],
	"display": {
		"thirdperson_righthand": {
			"rotation": [60, 0, 0],
			"translation": [0, 2.5, 1],
			"scale": [0.39, 0.39, 0.39]
		},
		"thirdperson_lefthand": {
			"rotation": [60, 0, 0],
			"translation": [0, 2.5, 1],
			"scale": [0.39, 0.39, 0.39]
		},
		"firstperson_righthand": {
			"rotation": [0, -47, 0],
			"translation": [0.25, 4, 0],
			"scale": [0.39, 0.39, 0.39]
		},
		"firstperson_lefthand": {
			"rotation": [0, -47, 0],
			"translation": [0.25, 4, 0],
			"scale": [0.39, 0.39, 0.39]
		},
		"ground": {
			"translation": [0, 3.5, 0],
			"scale": [0.35, 0.35, 0.35]
		},
		"gui": {
			"rotation": [35, 135, 0],
			"translation": [-0.5, 3, 0],
			"scale": [0.53, 0.53, 0.53]
		},
		"fixed": {
			"rotation": [-90, 0, 0],
			"translation": [0, 0, -16],
			"scale": [2.01, 2.01, 2.01]
		}
	}
}