{
	"credit": "Made by ManningDesign",
	"textures": {
		"5": "item/thanksgiving/bs_harvest_green_beans_texture"
	},
	"elements": [
		{
			"from": [5, 0, 4],
			"to": [11, 3, 12],
			"rotation": {"angle": 0, "axis": "y", "origin": [8, 0, 24]},
			"faces": {
				"north": {"uv": [6, 0, 9, 1.5], "texture": "#5"},
				"east": {"uv": [5, 4, 9, 5.5], "texture": "#5"},
				"south": {"uv": [6, 1.5, 9, 3], "texture": "#5"},
				"west": {"uv": [5, 5.5, 9, 7], "texture": "#5"},
				"up": {"uv": [3, 4, 0, 0], "texture": "#5"},
				"down": {"uv": [6, 0, 3, 4], "texture": "#5"}
			}
		},
		{
			"from": [6, 3, 2],
			"to": [10, 3, 4],
			"rotation": {"angle": 0, "axis": "y", "origin": [8, 0, 24]},
			"faces": {
				"north": {"uv": [0, 0, 2, 0], "texture": "#5"},
				"east": {"uv": [0, 0, 1, 0], "texture": "#5"},
				"south": {"uv": [0, 0, 2, 0], "texture": "#5"},
				"west": {"uv": [0, 0, 1, 0], "texture": "#5"},
				"up": {"uv": [8, 4, 6, 3], "texture": "#5"},
				"down": {"uv": [7, 7, 5, 8], "texture": "#5"}
			}
		},
		{
			"from": [6, 3, 12],
			"to": [10, 3, 14],
			"rotation": {"angle": 0, "axis": "y", "origin": [8, 0, 24]},
			"faces": {
				"north": {"uv": [0, 0, 2, 0], "texture": "#5"},
				"east": {"uv": [0, 0, 1, 0], "texture": "#5"},
				"south": {"uv": [0, 0, 2, 0], "texture": "#5"},
				"west": {"uv": [0, 0, 1, 0], "texture": "#5"},
				"up": {"uv": [9, 8, 7, 7], "texture": "#5"},
				"down": {"uv": [2, 7.5, 0, 8.5], "texture": "#5"}
			}
		},
		{
			"from": [5.5, 3, 4.5],
			"to": [10.5, 4, 11.5],
			"rotation": {"angle": 0, "axis": "y", "origin": [8, 0, 24]},
			"faces": {
				"north": {"uv": [2, 7.5, 4.5, 8], "texture": "#5"},
				"east": {"uv": [2, 8, 5.5, 8.5], "texture": "#5"},
				"south": {"uv": [8, 3.5, 10.5, 4], "texture": "#5"},
				"west": {"uv": [8, 3, 11.5, 3.5], "texture": "#5"},
				"up": {"uv": [2.5, 7.5, 0, 4], "texture": "#5"},
				"down": {"uv": [5, 4, 2.5, 7.5], "texture": "#5"}
			}
		},
		{
			"from": [5.75, 3, 6.5],
			"to": [5.75, 7, 7.5],
			"rotation": {"angle": 45, "axis": "z", "origin": [6.5, 5, 7]},
			"faces": {
				"north": {"uv": [0, 0, 0, 2], "texture": "#5"},
				"east": {"uv": [5.5, 8, 6, 10], "texture": "#5"},
				"south": {"uv": [0, 0, 0, 2], "texture": "#5"},
				"west": {"uv": [6, 8, 6.5, 10], "texture": "#5"},
				"up": {"uv": [0, 0.5, 0, 0], "texture": "#5"},
				"down": {"uv": [0, 0, 0, 0.5], "texture": "#5"}
			}
		}
	],
	"display": {
		"thirdperson_righthand": {
			"rotation": [69, 0, 0],
			"translation": [0, 4.75, 2.5],
			"scale": [0.77, 0.77, 0.77]
		},
		"thirdperson_lefthand": {
			"rotation": [69, 0, 0],
			"translation": [0, 4.75, 2.5],
			"scale": [0.77, 0.77, 0.77]
		},
		"firstperson_righthand": {
			"rotation": [0, 32, 0],
			"translation": [0.75, 6.25, 0],
			"scale": [0.72, 0.72, 0.72]
		},
		"firstperson_lefthand": {
			"rotation": [0, 32, 0],
			"translation": [0.75, 6.25, 0],
			"scale": [0.72, 0.72, 0.72]
		},
		"ground": {
			"translation": [0, 5.5, 0],
			"scale": [0.68, 0.68, 0.68]
		},
		"gui": {
			"rotation": [35, 135, 0],
			"translation": [0, 5, 0]
		},
		"fixed": {
			"rotation": [-90, 0, 0],
			"translation": [0, 0, -16],
			"scale": [2, 2, 2]
		}
	}
}