{
	"credit": "Made by ManningDesign",
	"textures": {
		"4": "item/thanksgiving/bs_harvest_mashed_potatoes_texture"
	},
	"elements": [
		{
			"from": [4, 0, 4],
			"to": [12, 3, 12],
			"rotation": {"angle": 0, "axis": "y", "origin": [8, 0, 24]},
			"faces": {
				"north": {"uv": [4, 7, 8, 8.5], "texture": "#4"},
				"east": {"uv": [7.5, 0, 11.5, 1.5], "texture": "#4"},
				"south": {"uv": [7.5, 1.5, 11.5, 3], "texture": "#4"},
				"west": {"uv": [7.5, 3, 11.5, 4.5], "texture": "#4"},
				"up": {"uv": [4, 4, 0, 0], "texture": "#4"},
				"down": {"uv": [4, 4, 0, 8], "texture": "#4"}
			}
		},
		{
			"from": [6, 3, 2],
			"to": [10, 3, 4],
			"rotation": {"angle": 0, "axis": "y", "origin": [8, 0, 24]},
			"faces": {
				"north": {"uv": [0, 0, 2, 0], "texture": "#4"},
				"east": {"uv": [0, 0, 1, 0], "texture": "#4"},
				"south": {"uv": [0, 0, 2, 0], "texture": "#4"},
				"west": {"uv": [0, 0, 1, 0], "texture": "#4"},
				"up": {"uv": [9.5, 5.5, 7.5, 4.5], "texture": "#4"},
				"down": {"uv": [9.5, 5.5, 7.5, 6.5], "texture": "#4"}
			}
		},
		{
			"from": [6, 3, 12],
			"to": [10, 3, 14],
			"rotation": {"angle": 0, "axis": "y", "origin": [8, 0, 24]},
			"faces": {
				"north": {"uv": [0, 0, 2, 0], "texture": "#4"},
				"east": {"uv": [0, 0, 1, 0], "texture": "#4"},
				"south": {"uv": [0, 0, 2, 0], "texture": "#4"},
				"west": {"uv": [0, 0, 1, 0], "texture": "#4"},
				"up": {"uv": [2, 9, 0, 8], "texture": "#4"},
				"down": {"uv": [4, 8, 2, 9], "texture": "#4"}
			}
		},
		{
			"from": [4.5, 3, 4.5],
			"to": [11.5, 4, 11.5],
			"rotation": {"angle": 0, "axis": "y", "origin": [8, 0, 24]},
			"faces": {
				"north": {"uv": [7.5, 6.5, 11, 7], "texture": "#4"},
				"east": {"uv": [8, 7, 11.5, 7.5], "texture": "#4"},
				"south": {"uv": [8, 7.5, 11.5, 8], "texture": "#4"},
				"west": {"uv": [8, 8, 11.5, 8.5], "texture": "#4"},
				"up": {"uv": [7.5, 3.5, 4, 0], "texture": "#4"},
				"down": {"uv": [7.5, 3.5, 4, 7], "texture": "#4"}
			}
		},
		{
			"from": [11.25, 3, 7.5],
			"to": [11.25, 7, 8.5],
			"rotation": {"angle": -45, "axis": "z", "origin": [10.5, 5, 7]},
			"faces": {
				"north": {"uv": [0, 0, 0, 2], "texture": "#4"},
				"east": {"uv": [4, 8.5, 4.5, 10.5], "texture": "#4"},
				"south": {"uv": [0, 0, 0, 2], "texture": "#4"},
				"west": {"uv": [4.5, 8.5, 5, 10.5], "texture": "#4"},
				"up": {"uv": [0, 0.5, 0, 0], "texture": "#4"},
				"down": {"uv": [0, 0, 0, 0.5], "texture": "#4"}
			}
		}
	],
	"display": {
		"thirdperson_righthand": {
			"rotation": [67, 0, 0],
			"translation": [0, 4.75, 2.5],
			"scale": [0.77, 0.77, 0.77]
		},
		"thirdperson_lefthand": {
			"rotation": [67, 0, 0],
			"translation": [0, 4.75, 2.5],
			"scale": [0.77, 0.77, 0.77]
		},
		"firstperson_righthand": {
			"rotation": [0, 32, 0],
			"translation": [0.75, 6.25, 0],
			"scale": [0.72, 0.72, 0.72]
		},
		"firstperson_lefthand": {
			"rotation": [0, 32, 0],
			"translation": [0.75, 6.25, 0],
			"scale": [0.72, 0.72, 0.72]
		},
		"ground": {
			"translation": [0, 5.5, 0],
			"scale": [0.68, 0.68, 0.68]
		},
		"gui": {
			"rotation": [35, 135, 0],
			"translation": [0, 5, 0]
		},
		"fixed": {
			"rotation": [-90, 0, 0],
			"translation": [0, 0, -16],
			"scale": [2, 2, 2]
		}
	}
}