{
	"credit": "Made with Blockbench",
	"texture_size": [64, 64],
	"textures": {
		"1": "item/cosmetics/easter/13",
		"particle": "item/cosmetics/easter/13"
	},
	"elements": [
		{
			"from": [0.8, 4.8, 0.8],
			"to": [15.2, 14.2, 15.2],
			"rotation": {"angle": 0, "axis": "y", "origin": [8, 9, 8]},
			"faces": {
				"north": {"uv": [3.75, 3.25, 7.25, 5.5], "texture": "#1"},
				"east": {"uv": [3.75, 3.25, 7.25, 5.5], "texture": "#1"},
				"south": {"uv": [3.75, 3.25, 7.25, 5.5], "texture": "#1"},
				"west": {"uv": [3.75, 3.25, 7.25, 5.5], "texture": "#1"}
			}
		},
		{
			"from": [1, 6, 1],
			"to": [15, 12, 15],
			"rotation": {"angle": 0, "axis": "y", "origin": [0, 5, 0]},
			"faces": {
				"north": {"uv": [3.75, 5.75, 7.25, 7.25], "texture": "#1", "tintindex": 0},
				"east": {"uv": [3.75, 5.75, 7.25, 7.25], "texture": "#1", "tintindex": 0},
				"south": {"uv": [3.75, 5.75, 7.25, 7.25], "texture": "#1", "tintindex": 0},
				"west": {"uv": [3.75, 5.75, 7.25, 7.25], "texture": "#1", "tintindex": 0},
				"up": {"uv": [3.5, 3.5, 0, 0], "texture": "#1", "tintindex": 0},
				"down": {"uv": [3.5, 3.75, 0, 7.25], "texture": "#1", "tintindex": 0}
			}
		},
		{
			"from": [1, 12, 1],
			"to": [15, 16, 15],
			"rotation": {"angle": 0, "axis": "y", "origin": [0, 19, 0]},
			"faces": {
				"north": {"uv": [7, 0, 10.5, 1], "texture": "#1", "tintindex": 0},
				"east": {"uv": [7, 0, 10.5, 1], "texture": "#1", "tintindex": 0},
				"south": {"uv": [7, 0, 10.5, 1], "texture": "#1", "tintindex": 0},
				"west": {"uv": [7, 0, 10.5, 1], "texture": "#1", "tintindex": 0}
			}
		},
		{
			"from": [15, 12, 1],
			"to": [1, 16, 15],
			"rotation": {"angle": 0, "axis": "y", "origin": [14, 19, 0]},
			"faces": {
				"north": {"uv": [7, 0, 10.5, 1], "texture": "#1", "tintindex": 0},
				"east": {"uv": [7, 0, 10.5, 1], "texture": "#1", "tintindex": 0},
				"south": {"uv": [7, 0, 10.5, 1], "texture": "#1", "tintindex": 0},
				"west": {"uv": [7, 0, 10.5, 1], "texture": "#1", "tintindex": 0}
			}
		},
		{
			"from": [2, 4, 2],
			"to": [14, 6, 14],
			"rotation": {"angle": 0, "axis": "y", "origin": [2, 7, 2]},
			"faces": {
				"north": {"uv": [7, 1.25, 10, 1.75], "texture": "#1", "tintindex": 0},
				"east": {"uv": [7, 1.25, 10, 1.75], "texture": "#1", "tintindex": 0},
				"south": {"uv": [7, 1.25, 10, 1.75], "texture": "#1", "tintindex": 0},
				"west": {"uv": [7, 1.25, 10, 1.75], "texture": "#1", "tintindex": 0},
				"down": {"uv": [6.75, 0, 3.75, 3], "texture": "#1", "tintindex": 0}
			}
		}
	],
	"gui_light": "front",
	"display": {
		"thirdperson_righthand": {
			"rotation": [75, 45, 0],
			"translation": [0, 2.5, 0],
			"scale": [0.375, 0.375, 0.375]
		},
		"thirdperson_lefthand": {
			"rotation": [75, 45, 0],
			"translation": [0, 2.5, 0],
			"scale": [0.375, 0.375, 0.375]
		},
		"firstperson_righthand": {
			"translation": [0, 0, 80]
		},
		"firstperson_lefthand": {
			"translation": [0, 0, 80]
		},
		"gui": {
			"rotation": [15, 135, 0],
			"translation": [-0.25, -2, 0],
			"scale": [0.75, 0.75, 0.75]
		},
		"head": {
			"translation": [0, 10.75, 0],
			"scale": [1.5, 1.5, 1.5]
		}
	},
	"groups": [
		{
			"name": "group",
			"origin": [4, 12, 4],
			"color": 0,
			"boneType": "",
			"children": [
				{
					"name": "group",
					"origin": [8, 8, 8],
					"color": 0,
					"boneType": "",
					"children": [0]
				},
				1,
				2,
				3,
				4
			]
		}
	],
	"mcmodels": "51725828b87c18ce181360cd7ebe03bd"
}