{
	"credit": "Made with Blockbench",
	"texture_size": [64, 64],
	"textures": {
		"1": "item/cosmetics/easter/11"
	},
	"elements": [
		{
			"from": [8, 6.27048, 7.02404],
			"to": [8, 13.27048, 14.02404],
			"rotation": {"angle": -45, "axis": "z", "origin": [8, 9.77048, 10.52404]},
			"faces": {
				"north": {"uv": [0, 0, 0, 1.25], "texture": "#1"},
				"east": {"uv": [1.75, 9, 0, 10.25], "texture": "#1"},
				"south": {"uv": [0, 0, 0, 1.25], "texture": "#1"},
				"west": {"uv": [0, 9, 1.75, 10.25], "texture": "#1"},
				"up": {"uv": [0, 0, 0, 1.75], "texture": "#1"},
				"down": {"uv": [0, 0, 0, 1.75], "texture": "#1"}
			}
		},
		{
			"from": [4.5, 9.77048, 7.02404],
			"to": [11.5, 9.77048, 14.02404],
			"rotation": {"angle": -45, "axis": "z", "origin": [8, 9.77048, 10.52404]},
			"faces": {
				"north": {"uv": [0, 0, 0, 1.25], "rotation": 90, "texture": "#1"},
				"east": {"uv": [0, 0, 0, 1.75], "rotation": 270, "texture": "#1"},
				"south": {"uv": [0, 0, 0, 1.25], "rotation": 270, "texture": "#1"},
				"west": {"uv": [0, 0, 0, 1.75], "rotation": 270, "texture": "#1"},
				"up": {"uv": [1.75, 9, 0, 10.25], "rotation": 270, "texture": "#1"},
				"down": {"uv": [0, 9, 1.75, 10.25], "rotation": 270, "texture": "#1"}
			}
		},
		{
			"from": [5.5, 7.27048, 5.02404],
			"to": [10.5, 12.27048, 7.02404],
			"rotation": {"angle": 0, "axis": "y", "origin": [8, 8.5, 8.1]},
			"faces": {
				"north": {"uv": [1.5, 7.5, 2.75, 8.75], "texture": "#1", "tintindex": 0},
				"east": {"uv": [4.25, 8.25, 3, 8.75], "rotation": 270, "texture": "#1", "tintindex": 0},
				"south": {"uv": [0, 8.75, 1.25, 7.5], "rotation": 180, "texture": "#1", "tintindex": 0},
				"west": {"uv": [7.25, 8.25, 6, 8.75], "rotation": 90, "texture": "#1", "tintindex": 0},
				"up": {"uv": [4.5, 8.75, 5.75, 8.25], "texture": "#1", "tintindex": 0},
				"down": {"uv": [7, 8, 8.25, 7.5], "rotation": 180, "texture": "#1", "tintindex": 0}
			}
		},
		{
			"from": [4.5, 10.40531, 4.67204],
			"to": [11.5, 15.40531, 4.67204],
			"rotation": {"angle": 45, "axis": "x", "origin": [8, 8.5, 8.1]},
			"faces": {
				"north": {"uv": [6.5, 5.75, 8.25, 4.5], "rotation": 180, "texture": "#1", "tintindex": 0},
				"east": {"uv": [9.75, 5.5, 8.5, 5.5], "rotation": 270, "texture": "#1", "tintindex": 0},
				"south": {"uv": [6.5, 5.75, 8.25, 4.5], "rotation": 180, "texture": "#1", "tintindex": 0},
				"west": {"uv": [9.75, 6, 8.5, 6], "rotation": 90, "texture": "#1", "tintindex": 0},
				"up": {"uv": [8.5, 5.75, 10.25, 5.75], "texture": "#1", "tintindex": 0},
				"down": {"uv": [8.5, 5.25, 10.25, 5.25], "rotation": 180, "texture": "#1", "tintindex": 0}
			}
		},
		{
			"from": [4.5, 14.30864, 13.16724],
			"to": [11.5, 16.30864, 13.16724],
			"rotation": {"angle": -22.5, "axis": "x", "origin": [8, 8.5, 8.1]},
			"faces": {
				"north": {"uv": [3, 8, 4.75, 7.5], "rotation": 180, "texture": "#1", "tintindex": 0},
				"east": {"uv": [9, 6.5, 8.5, 6.5], "rotation": 270, "texture": "#1", "tintindex": 0},
				"south": {"uv": [3, 8, 4.75, 7.5], "rotation": 180, "texture": "#1", "tintindex": 0},
				"west": {"uv": [9, 7, 8.5, 7], "rotation": 90, "texture": "#1", "tintindex": 0},
				"up": {"uv": [8.5, 6.75, 10.25, 6.75], "texture": "#1", "tintindex": 0},
				"down": {"uv": [8.5, 6.25, 10.25, 6.25], "rotation": 180, "texture": "#1", "tintindex": 0}
			}
		},
		{
			"from": [1.99305, 6.27048, 5.57041],
			"to": [6.99305, 13.27048, 5.57041],
			"rotation": {"angle": 45, "axis": "y", "origin": [8, 8.5, 8.1]},
			"faces": {
				"north": {"uv": [8.25, 7.25, 6.5, 6], "rotation": 270, "texture": "#1", "tintindex": 0},
				"east": {"uv": [10.25, 5.25, 8.5, 5.25], "rotation": 270, "texture": "#1", "tintindex": 0},
				"south": {"uv": [8.25, 4.5, 6.5, 5.75], "rotation": 270, "texture": "#1", "tintindex": 0},
				"west": {"uv": [10.25, 5.75, 8.5, 5.75], "rotation": 90, "texture": "#1", "tintindex": 0},
				"up": {"uv": [8.5, 5.5, 9.75, 5.5], "texture": "#1", "tintindex": 0},
				"down": {"uv": [8.5, 6, 9.75, 6], "rotation": 180, "texture": "#1", "tintindex": 0}
			}
		},
		{
			"from": [1.36513, 6.27048, 12.68105],
			"to": [3.36513, 13.27048, 12.68105],
			"rotation": {"angle": -22.5, "axis": "y", "origin": [8, 8.5, 8.1]},
			"faces": {
				"north": {"uv": [6.75, 8, 5, 7.5], "rotation": 270, "texture": "#1", "tintindex": 0},
				"east": {"uv": [10.25, 6.25, 8.5, 6.25], "rotation": 270, "texture": "#1", "tintindex": 0},
				"south": {"uv": [4.75, 7.5, 3, 8], "rotation": 270, "texture": "#1", "tintindex": 0},
				"west": {"uv": [10.25, 6.75, 8.5, 6.75], "rotation": 90, "texture": "#1", "tintindex": 0},
				"up": {"uv": [8.5, 6.5, 9, 6.5], "texture": "#1", "tintindex": 0},
				"down": {"uv": [8.5, 7, 9, 7], "rotation": 180, "texture": "#1", "tintindex": 0}
			}
		},
		{
			"from": [4.5, 3.39142, 6.46878],
			"to": [11.5, 8.39142, 6.46878],
			"rotation": {"angle": -45, "axis": "x", "origin": [8, 8.5, 8.1]},
			"faces": {
				"north": {"uv": [6.5, 7.25, 8.25, 6], "texture": "#1", "tintindex": 0},
				"east": {"uv": [8.5, 5.5, 9.75, 5.5], "rotation": 270, "texture": "#1", "tintindex": 0},
				"south": {"uv": [6.5, 4.5, 8.25, 5.75], "rotation": 180, "texture": "#1", "tintindex": 0},
				"west": {"uv": [8.5, 6, 9.75, 6], "rotation": 90, "texture": "#1", "tintindex": 0},
				"up": {"uv": [10.25, 5.25, 8.5, 5.25], "texture": "#1", "tintindex": 0},
				"down": {"uv": [10.25, 5.75, 8.5, 5.75], "rotation": 180, "texture": "#1", "tintindex": 0}
			}
		},
		{
			"from": [4.5, 3.03891, 12.19485],
			"to": [11.5, 5.03891, 12.19485],
			"rotation": {"angle": 22.5, "axis": "x", "origin": [8, 8.5, 8.1]},
			"faces": {
				"north": {"uv": [5, 8, 6.75, 7.5], "texture": "#1", "tintindex": 0},
				"east": {"uv": [8.5, 6.5, 9, 6.5], "rotation": 270, "texture": "#1", "tintindex": 0},
				"south": {"uv": [3, 7.5, 4.75, 8], "rotation": 180, "texture": "#1", "tintindex": 0},
				"west": {"uv": [8.5, 7, 9, 7], "rotation": 90, "texture": "#1", "tintindex": 0},
				"up": {"uv": [10.25, 6.25, 8.5, 6.25], "texture": "#1", "tintindex": 0},
				"down": {"uv": [10.25, 6.75, 8.5, 6.75], "rotation": 180, "texture": "#1", "tintindex": 0}
			}
		},
		{
			"from": [9.00695, 6.27048, 5.57041],
			"to": [14.00695, 13.27048, 5.57041],
			"rotation": {"angle": -45, "axis": "y", "origin": [8, 8.5, 8.1]},
			"faces": {
				"north": {"uv": [6.5, 4.5, 8.25, 5.75], "rotation": 270, "texture": "#1", "tintindex": 0},
				"east": {"uv": [8.5, 5.75, 10.25, 5.75], "rotation": 270, "texture": "#1", "tintindex": 0},
				"south": {"uv": [8.25, 5.75, 6.5, 4.5], "rotation": 270, "texture": "#1", "tintindex": 0},
				"west": {"uv": [8.5, 5.25, 10.25, 5.25], "rotation": 90, "texture": "#1", "tintindex": 0},
				"up": {"uv": [9.75, 5.5, 8.5, 5.5], "texture": "#1", "tintindex": 0},
				"down": {"uv": [9.75, 6, 8.5, 6], "rotation": 180, "texture": "#1", "tintindex": 0}
			}
		},
		{
			"from": [12.63487, 6.27048, 12.68105],
			"to": [14.63487, 13.27048, 12.68105],
			"rotation": {"angle": 22.5, "axis": "y", "origin": [8, 8.5, 8.1]},
			"faces": {
				"north": {"uv": [3, 8, 4.75, 7.5], "rotation": 90, "texture": "#1", "tintindex": 0},
				"east": {"uv": [8.5, 6.75, 10.25, 6.75], "rotation": 270, "texture": "#1", "tintindex": 0},
				"south": {"uv": [4.75, 8, 3, 7.5], "rotation": 270, "texture": "#1", "tintindex": 0},
				"west": {"uv": [8.5, 6.25, 10.25, 6.25], "rotation": 90, "texture": "#1", "tintindex": 0},
				"up": {"uv": [9, 6.5, 8.5, 6.5], "texture": "#1", "tintindex": 0},
				"down": {"uv": [9, 7, 8.5, 7], "rotation": 180, "texture": "#1", "tintindex": 0}
			}
		},
		{
			"from": [10.47615, 6.77048, 4.44238],
			"to": [31.47615, 21.77048, 4.44238],
			"rotation": {"angle": -22.5, "axis": "y", "origin": [9, 7.5, 7]},
			"faces": {
				"north": {"uv": [13.75, 11.5, 8.5, 7.75], "rotation": 180, "texture": "#1", "tintindex": 0},
				"east": {"uv": [10.5, 4.5, 8.5, 4.5], "rotation": 270, "texture": "#1", "tintindex": 0},
				"south": {"uv": [8.5, 11.5, 13.75, 7.75], "rotation": 180, "texture": "#1", "tintindex": 0},
				"west": {"uv": [10.5, 5, 8.5, 5], "rotation": 90, "texture": "#1", "tintindex": 0},
				"up": {"uv": [8.5, 4.75, 10.75, 4.75], "texture": "#1", "tintindex": 0},
				"down": {"uv": [7.5, 8.25, 9.75, 8.25], "rotation": 180, "texture": "#1", "tintindex": 0}
			}
		},
		{
			"from": [-15.47615, 6.77048, 4.44238],
			"to": [5.52385, 21.77048, 4.44238],
			"rotation": {"angle": 22.5, "axis": "y", "origin": [7, 8.5, 7]},
			"faces": {
				"north": {"uv": [8.5, 11.5, 13.75, 7.75], "rotation": 180, "texture": "#1", "tintindex": 0},
				"east": {"uv": [10.5, 5, 8.5, 5], "rotation": 90, "texture": "#1", "tintindex": 0},
				"south": {"uv": [13.75, 11.5, 8.5, 7.75], "rotation": 180, "texture": "#1", "tintindex": 0},
				"west": {"uv": [10.5, 4.5, 8.5, 4.5], "rotation": 270, "texture": "#1", "tintindex": 0},
				"up": {"uv": [10.75, 4.75, 8.5, 4.75], "texture": "#1", "tintindex": 0},
				"down": {"uv": [9.75, 8.25, 7.5, 8.25], "rotation": 180, "texture": "#1", "tintindex": 0}
			}
		},
		{
			"from": [-4.5, -16, 9.92404],
			"to": [20.5, 13, 9.92404],
			"rotation": {"angle": -22.5, "axis": "x", "origin": [8, -1.5, 9.92404]},
			"faces": {
				"north": {"uv": [9, 0, 15.25, 7.25], "texture": "#1", "tintindex": 0},
				"east": {"uv": [11, 8.5, 7.5, 8.5], "rotation": 270, "texture": "#1", "tintindex": 0},
				"south": {"uv": [9, 0, 15.25, 7.25], "texture": "#1", "tintindex": 0},
				"west": {"uv": [12, 7.75, 8.5, 7.75], "rotation": 90, "texture": "#1", "tintindex": 0},
				"up": {"uv": [8.5, 7.5, 14.75, 7.5], "texture": "#1", "tintindex": 0},
				"down": {"uv": [8.5, 7.25, 14.75, 7.25], "rotation": 180, "texture": "#1", "tintindex": 0}
			}
		},
		{
			"from": [10.47615, 6.77048, 4.44238],
			"to": [31.47615, 21.77048, 4.44238],
			"rotation": {"angle": -22.5, "axis": "y", "origin": [9, 7.5, 7]},
			"faces": {
				"north": {"uv": [7.25, 12.75, 2, 9], "rotation": 180, "texture": "#1"},
				"east": {"uv": [10.5, 4.5, 8.5, 4.5], "rotation": 270, "texture": "#1"},
				"south": {"uv": [2, 12.75, 7.25, 9], "rotation": 180, "texture": "#1"},
				"west": {"uv": [10.5, 5, 8.5, 5], "rotation": 90, "texture": "#1"},
				"up": {"uv": [8.5, 4.75, 10.75, 4.75], "texture": "#1"},
				"down": {"uv": [7.5, 8.25, 9.75, 8.25], "rotation": 180, "texture": "#1"}
			}
		},
		{
			"from": [-15.47615, 6.77048, 4.44238],
			"to": [5.52385, 21.77048, 4.44238],
			"rotation": {"angle": 22.5, "axis": "y", "origin": [7, 7.5, 7]},
			"faces": {
				"north": {"uv": [2, 12.75, 7.25, 9], "rotation": 180, "texture": "#1"},
				"east": {"uv": [10.5, 5, 8.5, 5], "rotation": 90, "texture": "#1"},
				"south": {"uv": [7.25, 12.75, 2, 9], "rotation": 180, "texture": "#1"},
				"west": {"uv": [10.5, 4.5, 8.5, 4.5], "rotation": 270, "texture": "#1"},
				"up": {"uv": [10.75, 4.75, 8.5, 4.75], "texture": "#1"},
				"down": {"uv": [9.75, 8.25, 7.5, 8.25], "rotation": 180, "texture": "#1"}
			}
		},
		{
			"from": [-4.5, -16, 9.92404],
			"to": [20.5, 13, 9.92404],
			"rotation": {"angle": -22.5, "axis": "x", "origin": [8, -1.5, 9.92404]},
			"faces": {
				"north": {"uv": [0, 0, 6.25, 7.25], "texture": "#1"},
				"east": {"uv": [11, 8.5, 7.5, 8.5], "rotation": 270, "texture": "#1"},
				"south": {"uv": [0, 0, 6.25, 7.25], "texture": "#1"},
				"west": {"uv": [12, 7.75, 8.5, 7.75], "rotation": 90, "texture": "#1"},
				"up": {"uv": [8.5, 7.5, 14.75, 7.5], "texture": "#1"},
				"down": {"uv": [8.5, 7.25, 14.75, 7.25], "rotation": 180, "texture": "#1"}
			}
		}
	],
	"gui_light": "front",
	"display": {
		"thirdperson_righthand": {
			"rotation": [75, 45, 0],
			"translation": [0, 2.5, 0],
			"scale": [0.375, 0.375, 0.375]
		},
		"thirdperson_lefthand": {
			"rotation": [68, 0, 0],
			"translation": [-6.25, -14.25, -4.25],
			"scale": [1.2, 1.2, 1.2]
		},
		"firstperson_righthand": {
			"translation": [0, 0, 80]
		},
		"firstperson_lefthand": {
			"translation": [0, 0, 80]
		},
		"ground": {
			"translation": [0, 2, 0],
			"scale": [0.5, 0.5, 0.5]
		},
		"gui": {
			"translation": [0, -0.5, 0],
			"scale": [0.35, 0.35, 0.35]
		},
		"head": {
			"rotation": [-10, 0, 0],
			"translation": [0, -80, 12],
			"scale": [1.7, 1.7, 1.7]
		}
	},
	"groups": [
		{
			"name": "group",
			"origin": [8, 8, 1.30548],
			"color": 0,
			"children": [
				{
					"name": "group",
					"origin": [8, 10.34485, 6.88338],
					"color": 0,
					"children": [
						{
							"name": "group",
							"origin": [9, 17.5, 8],
							"color": 0,
							"children": [0, 1, 2]
						},
						{
							"name": "group",
							"origin": [8, 10.34485, 6.88338],
							"color": 0,
							"children": [3, 4]
						},
						{
							"name": "group",
							"origin": [8, 10.34485, 6.88338],
							"color": 0,
							"children": [5, 6]
						},
						{
							"name": "group",
							"origin": [8, 10.34485, 6.88338],
							"color": 0,
							"children": [7, 8]
						},
						{
							"name": "group",
							"origin": [8, 10.34485, 6.88338],
							"color": 0,
							"children": [9, 10]
						}
					]
				},
				{
					"name": "group",
					"origin": [7, 17.5, 8],
					"color": 0,
					"children": [11, 12, 13]
				},
				{
					"name": "group",
					"origin": [8, 32.5, 8],
					"color": 0,
					"children": [14, 15, 16]
				}
			]
		}
	],
	"mcmodels": "51725828b87c18ce181360cd7ebe03bd"
}