{"credit":"Made with Blockbench","texture_size":[128,128],"textures":{"1":"item/cosmetics/easter/17"},"elements":[{"from":[-2,16,7],"to":[4,32,9],"rotation":{"angle":22.5,"axis":"z","origin":[1,19,7]},"faces":{"north":{"uv":[0,8,0.75,10],"texture":"#1"},"east":{"uv":[1.75,8,2,10],"texture":"#1"},"south":{"uv":[0.875,8,1.625,10],"texture":"#1"},"west":{"uv":[6,8.375,6.25,10.375],"texture":"#1"},"up":{"uv":[8.625,6.125,7.875,5.875],"texture":"#1"},"down":{"uv":[7.875,8.375,7.125,8.625],"texture":"#1"}}},{"from":[12,16,7],"to":[18,32,9],"rotation":{"angle":-22.5,"axis":"z","origin":[15,19,7]},"faces":{"north":{"uv":[4.25,8.375,5,10.375],"texture":"#1"},"east":{"uv":[6.375,8.375,6.625,10.375],"texture":"#1"},"south":{"uv":[5.125,8.375,5.875,10.375],"texture":"#1"},"west":{"uv":[6.75,8.375,7,10.375],"texture":"#1"},"up":{"uv":[8.75,8.625,8,8.375],"texture":"#1"},"down":{"uv":[9.5,5.875,8.75,6.125],"texture":"#1"}}},{"from":[3,21,3],"to":[13,24,13],"rotation":{"angle":0,"axis":"y","origin":[3,-0.25,3]},"faces":{"north":{"uv":[7.875,4.875,9.125,5.25],"texture":"#1","tintindex":0},"east":{"uv":[7.875,4.875,9.125,5.25],"texture":"#1","tintindex":0},"south":{"uv":[7.875,4.875,9.125,5.25],"texture":"#1","tintindex":0},"west":{"uv":[7.875,4.875,9.125,5.25],"texture":"#1","tintindex":0},"up":{"uv":[9.125,3.375,7.875,2.125],"texture":"#1","tintindex":0}}},{"from":[0,0,0],"to":[16,21,16],"rotation":{"angle":0,"axis":"y","origin":[0,-11.25,0]},"faces":{"north":{"uv":[0,5.25,2,7.875],"texture":"#1","tintindex":0},"east":{"uv":[0,5.25,2,7.875],"texture":"#1","tintindex":0},"south":{"uv":[0,5.25,2,7.875],"texture":"#1","tintindex":0},"west":{"uv":[0,5.25,2,7.875],"texture":"#1","tintindex":0},"up":{"uv":[6.75,8.25,4.75,6.25],"texture":"#1","tintindex":0},"down":{"uv":[8.875,6.25,6.875,8.25],"texture":"#1","tintindex":0}}},{"from":[-2,3,-2],"to":[18,16,18],"rotation":{"angle":0,"axis":"y","origin":[-2,-16.25,-2]},"faces":{"north":{"uv":[2.125,5.25,4.625,6.875],"texture":"#1","tintindex":0},"east":{"uv":[2.125,5.25,4.625,6.875],"texture":"#1","tintindex":0},"south":{"uv":[2.125,5.25,4.625,6.875],"texture":"#1","tintindex":0},"west":{"uv":[2.125,5.25,4.625,6.875],"texture":"#1","tintindex":0},"up":{"uv":[2.5,2.5,0,0],"texture":"#1","tintindex":0},"down":{"uv":[2.5,2.625,0,5.125],"texture":"#1","tintindex":0}}},{"from":[2.8,20.8,2.8],"to":[13.2,24.2,13.2],"rotation":{"angle":0,"axis":"y","origin":[3,-0.25,3]},"faces":{"north":{"uv":[7.875,5.375,9.125,5.75],"texture":"#1"},"east":{"uv":[7.875,5.375,9.125,5.75],"texture":"#1"},"south":{"uv":[7.875,5.375,9.125,5.75],"texture":"#1"},"west":{"uv":[7.875,5.375,9.125,5.75],"texture":"#1"},"up":{"uv":[9.125,4.75,7.875,3.5],"texture":"#1"}}},{"from":[-0.2,-0.2,-0.2],"to":[16.2,21.2,16.2],"rotation":{"angle":0,"axis":"y","origin":[0,-11.25,0]},"faces":{"north":{"uv":[5.25,0,7.25,2.625],"texture":"#1"},"east":{"uv":[5.25,0,7.25,2.625],"texture":"#1"},"south":{"uv":[5.25,0,7.25,2.625],"texture":"#1"},"west":{"uv":[5.25,0,7.25,2.625],"texture":"#1"},"up":{"uv":[4.125,9,2.125,7],"texture":"#1"},"down":{"uv":[9.375,0,7.375,2],"texture":"#1"}}},{"from":[-2.2,2.8,-2.2],"to":[18.2,16.2,18.2],"rotation":{"angle":0,"axis":"y","origin":[-2,-16.25,-2]},"faces":{"north":{"uv":[5.25,4.5,7.75,6.125],"texture":"#1"},"east":{"uv":[5.25,4.5,7.75,6.125],"texture":"#1"},"south":{"uv":[5.25,4.5,7.75,6.125],"texture":"#1"},"west":{"uv":[5.25,4.5,7.75,6.125],"texture":"#1"},"up":{"uv":[5.125,2.5,2.625,0],"texture":"#1"},"down":{"uv":[5.125,2.625,2.625,5.125],"texture":"#1"}}}],"gui_light":"front","display":{"thirdperson_righthand":{"rotation":[75,45,0],"translation":[0,2.5,0],"scale":[0.375,0.375,0.375]},"thirdperson_lefthand":{"rotation":[75,45,0],"translation":[0,2.5,0],"scale":[0.375,0.375,0.375]},"firstperson_righthand":{"rotation":[0,120,0],"translation":[0,0,80],"scale":[0.4,0.4,0.4]},"firstperson_lefthand":{"rotation":[0,120,0],"translation":[0,0,80],"scale":[0.4,0.4,0.4]},"gui":{"rotation":[15,150,0],"translation":[0,-3.25,0],"scale":[0.44,0.44,0.44]},"head":{"scale":[2.5,2.5,2.5]}},"groups":[{"name":"group","origin":[-2,0.75,-2],"color":0,"children":[0,1,{"name":"group","origin":[-2,-16.25,-2],"color":0,"children":[2,3,4,{"name":"group","origin":[-2,-16.25,-2],"color":0,"children":[5,6,7]}]}]}],"mcmodels":"51725828b87c18ce181360cd7ebe03bd"}