{
	"credit": "Made with Blockbench",
	"texture_size": [64, 64],
	"textures": {
		"1": "item/cosmetics/easter/08",
		"2": "item/cosmetics/easter/8"
	},
	"elements": [
		{
			"from": [6, 2, 6],
			"to": [10, 3, 10],
			"rotation": {"angle": 0, "axis": "y", "origin": [8, 2, 6]},
			"faces": {
				"north": {"uv": [7, 5, 8, 5.25], "texture": "#2", "tintindex": 0},
				"east": {"uv": [7, 5.5, 8, 5.75], "texture": "#2", "tintindex": 0},
				"south": {"uv": [7, 6, 8, 6.25], "texture": "#2", "tintindex": 0},
				"west": {"uv": [7, 6.5, 8, 6.75], "texture": "#2", "tintindex": 0},
				"up": {"uv": [5, 1, 4, 0], "texture": "#2", "tintindex": 0},
				"down": {"uv": [6, 2.75, 5, 3.75], "texture": "#2", "tintindex": 0}
			}
		},
		{
			"from": [5, 3, 5],
			"to": [11, 8, 11],
			"rotation": {"angle": 0, "axis": "y", "origin": [8, 2, 6]},
			"faces": {
				"north": {"uv": [1.75, 1.25, 3.25, 2.5], "texture": "#2", "tintindex": 0},
				"east": {"uv": [1.75, 2.75, 3.25, 4], "texture": "#2", "tintindex": 0},
				"south": {"uv": [0, 3.5, 1.5, 4.75], "texture": "#2", "tintindex": 0},
				"west": {"uv": [3.5, 1.25, 5, 2.5], "texture": "#2", "tintindex": 0},
				"up": {"uv": [1.5, 1.5, 0, 0], "texture": "#2", "tintindex": 0},
				"down": {"uv": [1.5, 1.75, 0, 3.25], "texture": "#2", "tintindex": 0}
			}
		},
		{
			"from": [4.95, 3.95, 4.95],
			"to": [11.05, 6.05, 11.05],
			"rotation": {"angle": 0, "axis": "y", "origin": [8, 2, 6]},
			"faces": {
				"north": {"uv": [5.25, 1.75, 6.75, 2.25], "texture": "#2"},
				"east": {"uv": [5.25, 4, 6.75, 4.5], "texture": "#2"},
				"south": {"uv": [5.25, 4.75, 6.75, 5.25], "texture": "#2"},
				"west": {"uv": [5.25, 5.5, 6.75, 6], "texture": "#2"}
			}
		},
		{
			"from": [5.5, 8, 5.5],
			"to": [10.5, 10, 10.5],
			"rotation": {"angle": 0, "axis": "y", "origin": [8.5, 8, 5.5]},
			"faces": {
				"north": {"uv": [6.25, 0, 7.5, 0.5], "texture": "#2", "tintindex": 0},
				"east": {"uv": [6.25, 0.75, 7.5, 1.25], "texture": "#2", "tintindex": 0},
				"south": {"uv": [6.25, 2.5, 7.5, 3], "texture": "#2", "tintindex": 0},
				"west": {"uv": [6.25, 3.25, 7.5, 3.75], "texture": "#2", "tintindex": 0},
				"up": {"uv": [4.75, 4, 3.5, 2.75], "texture": "#2", "tintindex": 0},
				"down": {"uv": [3, 4.25, 1.75, 5.5], "texture": "#2", "tintindex": 0}
			}
		},
		{
			"from": [5.45, 7.95, 5.45],
			"to": [10.55, 9.05, 10.55],
			"rotation": {"angle": 0, "axis": "y", "origin": [8.5, 8, 5.5]},
			"faces": {
				"north": {"uv": [7, 1.5, 8.25, 1.75], "texture": "#2"},
				"east": {"uv": [7, 2, 8.25, 2.25], "texture": "#2"},
				"south": {"uv": [7, 4, 8.25, 4.25], "texture": "#2"},
				"west": {"uv": [7, 4.5, 8.25, 4.75], "texture": "#2"}
			}
		},
		{
			"from": [6.5, 10, 6.5],
			"to": [9.5, 11, 9.5],
			"rotation": {"angle": 0, "axis": "y", "origin": [8.5, 10, 5.5]},
			"faces": {
				"north": {"uv": [4, 7.25, 4.75, 7.5], "texture": "#2", "tintindex": 0},
				"east": {"uv": [5, 7.25, 5.75, 7.5], "texture": "#2", "tintindex": 0},
				"south": {"uv": [6, 7.25, 6.75, 7.5], "texture": "#2", "tintindex": 0},
				"west": {"uv": [7.75, 0, 8.5, 0.25], "texture": "#2", "tintindex": 0},
				"up": {"uv": [5.75, 7, 5, 6.25], "texture": "#2", "tintindex": 0},
				"down": {"uv": [6.75, 6.25, 6, 7], "texture": "#2", "tintindex": 0}
			}
		},
		{
			"from": [2.46404, 6.69448, 7.5],
			"to": [5.46404, 12.69448, 8.5],
			"rotation": {"angle": 45, "axis": "z", "origin": [3.96404, 9.69448, 8]},
			"faces": {
				"north": {"uv": [3.25, 4.25, 4, 5.75], "texture": "#2"},
				"east": {"uv": [0, 6.75, 0.25, 8.25], "texture": "#2"},
				"south": {"uv": [4.25, 4.25, 5, 5.75], "texture": "#2"},
				"west": {"uv": [0.5, 6.75, 0.75, 8.25], "texture": "#2"},
				"up": {"uv": [8.5, 0.75, 7.75, 0.5], "texture": "#2"},
				"down": {"uv": [8.5, 1, 7.75, 1.25], "texture": "#2"}
			}
		},
		{
			"from": [10.53596, 6.69448, 7.5],
			"to": [13.53596, 12.69448, 8.5],
			"rotation": {"angle": -45, "axis": "z", "origin": [12.03596, 9.69448, 8]},
			"faces": {
				"north": {"uv": [0, 5, 0.75, 6.5], "texture": "#2"},
				"east": {"uv": [1, 7, 1.25, 8.5], "texture": "#2"},
				"south": {"uv": [5.25, 0, 6, 1.5], "texture": "#2"},
				"west": {"uv": [1.5, 7, 1.75, 8.5], "texture": "#2"},
				"up": {"uv": [8.5, 2.75, 7.75, 2.5], "texture": "#2"},
				"down": {"uv": [8.5, 3, 7.75, 3.25], "texture": "#2"}
			}
		},
		{
			"from": [0.9766, 8.69448, 10.73744],
			"to": [2.9766, 12.69448, 11.73744],
			"rotation": {"angle": -22.5, "axis": "z", "origin": [-2.2734, 11.19448, 11.23744]},
			"faces": {
				"north": {"uv": [2, 2.75, 2.5, 3.75], "texture": "#1"},
				"east": {"uv": [0, 3.75, 0.25, 4.75], "texture": "#1"},
				"south": {"uv": [2.75, 2.75, 3.25, 3.75], "texture": "#1"},
				"west": {"uv": [0.5, 3.75, 0.75, 4.75], "texture": "#1"},
				"up": {"uv": [4.5, 1.25, 4, 1], "texture": "#1"},
				"down": {"uv": [4.5, 1.5, 4, 1.75], "texture": "#1"}
			}
		},
		{
			"from": [-4.0234, 8.69448, 10.73744],
			"to": [0.9766, 15.69448, 11.73744],
			"rotation": {"angle": -22.5, "axis": "z", "origin": [-2.2734, 11.19448, 11.23744]},
			"faces": {
				"north": {"uv": [0, 0, 1.25, 1.75], "texture": "#1"},
				"east": {"uv": [3, 0, 3.25, 1.75], "texture": "#1"},
				"south": {"uv": [1.5, 0, 2.75, 1.75], "texture": "#1"},
				"west": {"uv": [3.5, 0, 3.75, 1.75], "texture": "#1"},
				"up": {"uv": [4.25, 2.25, 3, 2], "texture": "#1"},
				"down": {"uv": [4.75, 2.5, 3.5, 2.75], "texture": "#1"}
			}
		},
		{
			"from": [-7.0234, 10.69448, 10.73744],
			"to": [-4.0234, 13.69448, 11.73744],
			"rotation": {"angle": -22.5, "axis": "z", "origin": [-2.2734, 11.19448, 11.23744]},
			"faces": {
				"north": {"uv": [0, 2.75, 0.75, 3.5], "texture": "#1"},
				"east": {"uv": [1, 3.75, 1.25, 4.5], "texture": "#1"},
				"south": {"uv": [1, 2.75, 1.75, 3.5], "texture": "#1"},
				"west": {"uv": [1.5, 3.75, 1.75, 4.5], "texture": "#1"},
				"up": {"uv": [4.75, 0.25, 4, 0], "texture": "#1"},
				"down": {"uv": [4.75, 0.5, 4, 0.75], "texture": "#1"}
			}
		},
		{
			"from": [-9.0234, 13.69448, 10.73744],
			"to": [-4.0234, 15.69448, 11.73744],
			"rotation": {"angle": -22.5, "axis": "z", "origin": [-2.2734, 11.19448, 11.23744]},
			"faces": {
				"north": {"uv": [0, 2, 1.25, 2.5], "texture": "#1"},
				"east": {"uv": [2, 4, 2.25, 4.5], "texture": "#1"},
				"south": {"uv": [1.5, 2, 2.75, 2.5], "texture": "#1"},
				"west": {"uv": [2.5, 4, 2.75, 4.5], "texture": "#1"},
				"up": {"uv": [4.75, 3.25, 3.5, 3], "texture": "#1"},
				"down": {"uv": [4.75, 3.5, 3.5, 3.75], "texture": "#1"}
			}
		},
		{
			"from": [0.9766, 7.69448, 10.73744],
			"to": [2.9766, 11.69448, 11.73744],
			"rotation": {"angle": -22.5, "axis": "z", "origin": [-2.2734, 11.19448, 11.23744]},
			"faces": {
				"north": {"uv": [10, 2.75, 10.5, 3.75], "texture": "#1"},
				"east": {"uv": [8, 3.75, 8.25, 4.75], "texture": "#1"},
				"south": {"uv": [10.75, 2.75, 11.25, 3.75], "texture": "#1"},
				"west": {"uv": [8.5, 3.75, 8.75, 4.75], "texture": "#1"},
				"up": {"uv": [12.5, 1.25, 12, 1], "texture": "#1"},
				"down": {"uv": [12.5, 1.5, 12, 1.75], "texture": "#1"}
			}
		},
		{
			"from": [-4.0234, 7.69448, 10.73744],
			"to": [0.9766, 14.69448, 11.73744],
			"rotation": {"angle": -22.5, "axis": "z", "origin": [-2.2734, 11.19448, 11.23744]},
			"faces": {
				"north": {"uv": [8, 0, 9.25, 1.75], "texture": "#1"},
				"east": {"uv": [11, 0, 11.25, 1.75], "texture": "#1"},
				"south": {"uv": [9.5, 0, 10.75, 1.75], "texture": "#1"},
				"west": {"uv": [11.5, 0, 11.75, 1.75], "texture": "#1"},
				"up": {"uv": [12.25, 2.25, 11, 2], "texture": "#1"},
				"down": {"uv": [12.75, 2.5, 11.5, 2.75], "texture": "#1"}
			}
		},
		{
			"from": [-7.0234, 9.69448, 10.73744],
			"to": [-4.0234, 12.69448, 11.73744],
			"rotation": {"angle": -22.5, "axis": "z", "origin": [-2.2734, 11.19448, 11.23744]},
			"faces": {
				"north": {"uv": [8, 2.75, 8.75, 3.5], "texture": "#1"},
				"east": {"uv": [9, 3.75, 9.25, 4.5], "texture": "#1"},
				"south": {"uv": [9, 2.75, 9.75, 3.5], "texture": "#1"},
				"west": {"uv": [9.5, 3.75, 9.75, 4.5], "texture": "#1"},
				"up": {"uv": [12.75, 0.25, 12, 0], "texture": "#1"},
				"down": {"uv": [12.75, 0.5, 12, 0.75], "texture": "#1"}
			}
		},
		{
			"from": [-9.0234, 12.69448, 10.73744],
			"to": [-4.0234, 14.69448, 11.73744],
			"rotation": {"angle": -22.5, "axis": "z", "origin": [-2.2734, 11.19448, 11.23744]},
			"faces": {
				"north": {"uv": [8, 2, 9.25, 2.5], "texture": "#1"},
				"east": {"uv": [10, 4, 10.25, 4.5], "texture": "#1"},
				"south": {"uv": [9.5, 2, 10.75, 2.5], "texture": "#1"},
				"west": {"uv": [10.5, 4, 10.75, 4.5], "texture": "#1"},
				"up": {"uv": [12.75, 3.25, 11.5, 3], "texture": "#1"},
				"down": {"uv": [12.75, 3.5, 11.5, 3.75], "texture": "#1"}
			}
		},
		{
			"from": [0.9766, 6.69448, 10.73744],
			"to": [2.9766, 10.69448, 11.73744],
			"rotation": {"angle": -22.5, "axis": "z", "origin": [-2.2734, 11.19448, 11.23744]},
			"faces": {
				"north": {"uv": [2, 10.75, 2.5, 11.75], "texture": "#1"},
				"east": {"uv": [0, 11.75, 0.25, 12.75], "texture": "#1"},
				"south": {"uv": [2.75, 10.75, 3.25, 11.75], "texture": "#1"},
				"west": {"uv": [0.5, 11.75, 0.75, 12.75], "texture": "#1"},
				"up": {"uv": [4.5, 9.25, 4, 9], "texture": "#1"},
				"down": {"uv": [4.5, 9.5, 4, 9.75], "texture": "#1"}
			}
		},
		{
			"from": [-4.0234, 6.69448, 10.73744],
			"to": [0.9766, 13.69448, 11.73744],
			"rotation": {"angle": -22.5, "axis": "z", "origin": [-2.2734, 11.19448, 11.23744]},
			"faces": {
				"north": {"uv": [0, 8, 1.25, 9.75], "texture": "#1"},
				"east": {"uv": [3, 8, 3.25, 9.75], "texture": "#1"},
				"south": {"uv": [1.5, 8, 2.75, 9.75], "texture": "#1"},
				"west": {"uv": [3.5, 8, 3.75, 9.75], "texture": "#1"},
				"up": {"uv": [4.25, 10.25, 3, 10], "texture": "#1"},
				"down": {"uv": [4.75, 10.5, 3.5, 10.75], "texture": "#1"}
			}
		},
		{
			"from": [-7.0234, 8.69448, 10.73744],
			"to": [-4.0234, 11.69448, 11.73744],
			"rotation": {"angle": -22.5, "axis": "z", "origin": [-2.2734, 11.19448, 11.23744]},
			"faces": {
				"north": {"uv": [0, 10.75, 0.75, 11.5], "texture": "#1"},
				"east": {"uv": [1, 11.75, 1.25, 12.5], "texture": "#1"},
				"south": {"uv": [1, 10.75, 1.75, 11.5], "texture": "#1"},
				"west": {"uv": [1.5, 11.75, 1.75, 12.5], "texture": "#1"},
				"up": {"uv": [4.75, 8.25, 4, 8], "texture": "#1"},
				"down": {"uv": [4.75, 8.5, 4, 8.75], "texture": "#1"}
			}
		},
		{
			"from": [-9.0234, 11.69448, 10.73744],
			"to": [-4.0234, 13.69448, 11.73744],
			"rotation": {"angle": -22.5, "axis": "z", "origin": [-2.2734, 11.19448, 11.23744]},
			"faces": {
				"north": {"uv": [0, 10, 1.25, 10.5], "texture": "#1"},
				"east": {"uv": [2, 12, 2.25, 12.5], "texture": "#1"},
				"south": {"uv": [1.5, 10, 2.75, 10.5], "texture": "#1"},
				"west": {"uv": [2.5, 12, 2.75, 12.5], "texture": "#1"},
				"up": {"uv": [4.75, 11.25, 3.5, 11], "texture": "#1"},
				"down": {"uv": [4.75, 11.5, 3.5, 11.75], "texture": "#1"}
			}
		},
		{
			"from": [0.9766, 5.69448, 10.73744],
			"to": [2.9766, 9.69448, 11.73744],
			"rotation": {"angle": -22.5, "axis": "z", "origin": [-2.2734, 11.19448, 11.23744]},
			"faces": {
				"north": {"uv": [10, 10.75, 10.5, 11.75], "texture": "#1"},
				"east": {"uv": [8, 11.75, 8.25, 12.75], "texture": "#1"},
				"south": {"uv": [10.75, 10.75, 11.25, 11.75], "texture": "#1"},
				"west": {"uv": [8.5, 11.75, 8.75, 12.75], "texture": "#1"},
				"up": {"uv": [12.5, 9.25, 12, 9], "texture": "#1"},
				"down": {"uv": [12.5, 9.5, 12, 9.75], "texture": "#1"}
			}
		},
		{
			"from": [-4.0234, 5.69448, 10.73744],
			"to": [0.9766, 12.69448, 11.73744],
			"rotation": {"angle": -22.5, "axis": "z", "origin": [-2.2734, 11.19448, 11.23744]},
			"faces": {
				"north": {"uv": [8, 8, 9.25, 9.75], "texture": "#1"},
				"east": {"uv": [11, 8, 11.25, 9.75], "texture": "#1"},
				"south": {"uv": [9.5, 8, 10.75, 9.75], "texture": "#1"},
				"west": {"uv": [11.5, 8, 11.75, 9.75], "texture": "#1"},
				"up": {"uv": [12.25, 10.25, 11, 10], "texture": "#1"},
				"down": {"uv": [12.75, 10.5, 11.5, 10.75], "texture": "#1"}
			}
		},
		{
			"from": [-7.0234, 7.69448, 10.73744],
			"to": [-4.0234, 10.69448, 11.73744],
			"rotation": {"angle": -22.5, "axis": "z", "origin": [-2.2734, 11.19448, 11.23744]},
			"faces": {
				"north": {"uv": [8, 10.75, 8.75, 11.5], "texture": "#1"},
				"east": {"uv": [9, 11.75, 9.25, 12.5], "texture": "#1"},
				"south": {"uv": [9, 10.75, 9.75, 11.5], "texture": "#1"},
				"west": {"uv": [9.5, 11.75, 9.75, 12.5], "texture": "#1"},
				"up": {"uv": [12.75, 8.25, 12, 8], "texture": "#1"},
				"down": {"uv": [12.75, 8.5, 12, 8.75], "texture": "#1"}
			}
		},
		{
			"from": [-9.0234, 10.69448, 10.73744],
			"to": [-4.0234, 12.69448, 11.73744],
			"rotation": {"angle": -22.5, "axis": "z", "origin": [-2.2734, 11.19448, 11.23744]},
			"faces": {
				"north": {"uv": [8, 10, 9.25, 10.5], "texture": "#1"},
				"east": {"uv": [10, 12, 10.25, 12.5], "texture": "#1"},
				"south": {"uv": [9.5, 10, 10.75, 10.5], "texture": "#1"},
				"west": {"uv": [10.5, 12, 10.75, 12.5], "texture": "#1"},
				"up": {"uv": [12.75, 11.25, 11.5, 11], "texture": "#1"},
				"down": {"uv": [12.75, 11.5, 11.5, 11.75], "texture": "#1"}
			}
		},
		{
			"from": [13.0234, 8.69448, 10.73744],
			"to": [15.0234, 12.69448, 11.73744],
			"rotation": {"angle": 22.5, "axis": "z", "origin": [18.2734, 11.19448, 11.23744]},
			"faces": {
				"north": {"uv": [2.5, 2.75, 2, 3.75], "texture": "#1"},
				"east": {"uv": [0.75, 3.75, 0.5, 4.75], "texture": "#1"},
				"south": {"uv": [3.25, 2.75, 2.75, 3.75], "texture": "#1"},
				"west": {"uv": [0.25, 3.75, 0, 4.75], "texture": "#1"},
				"up": {"uv": [4, 1.25, 4.5, 1], "texture": "#1"},
				"down": {"uv": [4, 1.5, 4.5, 1.75], "texture": "#1"}
			}
		},
		{
			"from": [15.0234, 8.69448, 10.73744],
			"to": [20.0234, 15.69448, 11.73744],
			"rotation": {"angle": 22.5, "axis": "z", "origin": [18.2734, 11.19448, 11.23744]},
			"faces": {
				"north": {"uv": [1.25, 0, 0, 1.75], "texture": "#1"},
				"east": {"uv": [3.75, 0, 3.5, 1.75], "texture": "#1"},
				"south": {"uv": [2.75, 0, 1.5, 1.75], "texture": "#1"},
				"west": {"uv": [3.25, 0, 3, 1.75], "texture": "#1"},
				"up": {"uv": [3, 2.25, 4.25, 2], "texture": "#1"},
				"down": {"uv": [3.5, 2.5, 4.75, 2.75], "texture": "#1"}
			}
		},
		{
			"from": [20.0234, 10.69448, 10.73744],
			"to": [23.0234, 13.69448, 11.73744],
			"rotation": {"angle": 22.5, "axis": "z", "origin": [18.2734, 11.19448, 11.23744]},
			"faces": {
				"north": {"uv": [0.75, 2.75, 0, 3.5], "texture": "#1"},
				"east": {"uv": [1.75, 3.75, 1.5, 4.5], "texture": "#1"},
				"south": {"uv": [1.75, 2.75, 1, 3.5], "texture": "#1"},
				"west": {"uv": [1.25, 3.75, 1, 4.5], "texture": "#1"},
				"up": {"uv": [4, 0.25, 4.75, 0], "texture": "#1"},
				"down": {"uv": [4, 0.5, 4.75, 0.75], "texture": "#1"}
			}
		},
		{
			"from": [20.0234, 13.69448, 10.73744],
			"to": [25.0234, 15.69448, 11.73744],
			"rotation": {"angle": 22.5, "axis": "z", "origin": [18.2734, 11.19448, 11.23744]},
			"faces": {
				"north": {"uv": [1.25, 2, 0, 2.5], "texture": "#1"},
				"east": {"uv": [2.75, 4, 2.5, 4.5], "texture": "#1"},
				"south": {"uv": [2.75, 2, 1.5, 2.5], "texture": "#1"},
				"west": {"uv": [2.25, 4, 2, 4.5], "texture": "#1"},
				"up": {"uv": [3.5, 3.25, 4.75, 3], "texture": "#1"},
				"down": {"uv": [3.5, 3.5, 4.75, 3.75], "texture": "#1"}
			}
		},
		{
			"from": [13.0234, 7.69448, 10.73744],
			"to": [15.0234, 11.69448, 11.73744],
			"rotation": {"angle": 22.5, "axis": "z", "origin": [18.2734, 11.19448, 11.23744]},
			"faces": {
				"north": {"uv": [10.5, 2.75, 10, 3.75], "texture": "#1"},
				"east": {"uv": [8.75, 3.75, 8.5, 4.75], "texture": "#1"},
				"south": {"uv": [11.25, 2.75, 10.75, 3.75], "texture": "#1"},
				"west": {"uv": [8.25, 3.75, 8, 4.75], "texture": "#1"},
				"up": {"uv": [12, 1.25, 12.5, 1], "texture": "#1"},
				"down": {"uv": [12, 1.5, 12.5, 1.75], "texture": "#1"}
			}
		},
		{
			"from": [15.0234, 7.69448, 10.73744],
			"to": [20.0234, 14.69448, 11.73744],
			"rotation": {"angle": 22.5, "axis": "z", "origin": [18.2734, 11.19448, 11.23744]},
			"faces": {
				"north": {"uv": [9.25, 0, 8, 1.75], "texture": "#1"},
				"east": {"uv": [11.75, 0, 11.5, 1.75], "texture": "#1"},
				"south": {"uv": [10.75, 0, 9.5, 1.75], "texture": "#1"},
				"west": {"uv": [11.25, 0, 11, 1.75], "texture": "#1"},
				"up": {"uv": [11, 2.25, 12.25, 2], "texture": "#1"},
				"down": {"uv": [11.5, 2.5, 12.75, 2.75], "texture": "#1"}
			}
		},
		{
			"from": [20.0234, 9.69448, 10.73744],
			"to": [23.0234, 12.69448, 11.73744],
			"rotation": {"angle": 22.5, "axis": "z", "origin": [18.2734, 11.19448, 11.23744]},
			"faces": {
				"north": {"uv": [8.75, 2.75, 8, 3.5], "texture": "#1"},
				"east": {"uv": [9.75, 3.75, 9.5, 4.5], "texture": "#1"},
				"south": {"uv": [9.75, 2.75, 9, 3.5], "texture": "#1"},
				"west": {"uv": [9.25, 3.75, 9, 4.5], "texture": "#1"},
				"up": {"uv": [12, 0.25, 12.75, 0], "texture": "#1"},
				"down": {"uv": [12, 0.5, 12.75, 0.75], "texture": "#1"}
			}
		},
		{
			"from": [20.0234, 12.69448, 10.73744],
			"to": [25.0234, 14.69448, 11.73744],
			"rotation": {"angle": 22.5, "axis": "z", "origin": [18.2734, 11.19448, 11.23744]},
			"faces": {
				"north": {"uv": [9.25, 2, 8, 2.5], "texture": "#1"},
				"east": {"uv": [10.75, 4, 10.5, 4.5], "texture": "#1"},
				"south": {"uv": [10.75, 2, 9.5, 2.5], "texture": "#1"},
				"west": {"uv": [10.25, 4, 10, 4.5], "texture": "#1"},
				"up": {"uv": [11.5, 3.25, 12.75, 3], "texture": "#1"},
				"down": {"uv": [11.5, 3.5, 12.75, 3.75], "texture": "#1"}
			}
		},
		{
			"from": [13.0234, 6.69448, 10.73744],
			"to": [15.0234, 10.69448, 11.73744],
			"rotation": {"angle": 22.5, "axis": "z", "origin": [18.2734, 11.19448, 11.23744]},
			"faces": {
				"north": {"uv": [2.5, 10.75, 2, 11.75], "texture": "#1"},
				"east": {"uv": [0.75, 11.75, 0.5, 12.75], "texture": "#1"},
				"south": {"uv": [3.25, 10.75, 2.75, 11.75], "texture": "#1"},
				"west": {"uv": [0.25, 11.75, 0, 12.75], "texture": "#1"},
				"up": {"uv": [4, 9.25, 4.5, 9], "texture": "#1"},
				"down": {"uv": [4, 9.5, 4.5, 9.75], "texture": "#1"}
			}
		},
		{
			"from": [15.0234, 6.69448, 10.73744],
			"to": [20.0234, 13.69448, 11.73744],
			"rotation": {"angle": 22.5, "axis": "z", "origin": [18.2734, 11.19448, 11.23744]},
			"faces": {
				"north": {"uv": [1.25, 8, 0, 9.75], "texture": "#1"},
				"east": {"uv": [3.75, 8, 3.5, 9.75], "texture": "#1"},
				"south": {"uv": [2.75, 8, 1.5, 9.75], "texture": "#1"},
				"west": {"uv": [3.25, 8, 3, 9.75], "texture": "#1"},
				"up": {"uv": [3, 10.25, 4.25, 10], "texture": "#1"},
				"down": {"uv": [3.5, 10.5, 4.75, 10.75], "texture": "#1"}
			}
		},
		{
			"from": [20.0234, 8.69448, 10.73744],
			"to": [23.0234, 11.69448, 11.73744],
			"rotation": {"angle": 22.5, "axis": "z", "origin": [18.2734, 11.19448, 11.23744]},
			"faces": {
				"north": {"uv": [0.75, 10.75, 0, 11.5], "texture": "#1"},
				"east": {"uv": [1.75, 11.75, 1.5, 12.5], "texture": "#1"},
				"south": {"uv": [1.75, 10.75, 1, 11.5], "texture": "#1"},
				"west": {"uv": [1.25, 11.75, 1, 12.5], "texture": "#1"},
				"up": {"uv": [4, 8.25, 4.75, 8], "texture": "#1"},
				"down": {"uv": [4, 8.5, 4.75, 8.75], "texture": "#1"}
			}
		},
		{
			"from": [20.0234, 11.69448, 10.73744],
			"to": [25.0234, 13.69448, 11.73744],
			"rotation": {"angle": 22.5, "axis": "z", "origin": [18.2734, 11.19448, 11.23744]},
			"faces": {
				"north": {"uv": [1.25, 10, 0, 10.5], "texture": "#1"},
				"east": {"uv": [2.75, 12, 2.5, 12.5], "texture": "#1"},
				"south": {"uv": [2.75, 10, 1.5, 10.5], "texture": "#1"},
				"west": {"uv": [2.25, 12, 2, 12.5], "texture": "#1"},
				"up": {"uv": [3.5, 11.25, 4.75, 11], "texture": "#1"},
				"down": {"uv": [3.5, 11.5, 4.75, 11.75], "texture": "#1"}
			}
		},
		{
			"from": [13.0234, 5.69448, 10.73744],
			"to": [15.0234, 9.69448, 11.73744],
			"rotation": {"angle": 22.5, "axis": "z", "origin": [18.2734, 11.19448, 11.23744]},
			"faces": {
				"north": {"uv": [10.5, 10.75, 10, 11.75], "texture": "#1"},
				"east": {"uv": [8.75, 11.75, 8.5, 12.75], "texture": "#1"},
				"south": {"uv": [11.25, 10.75, 10.75, 11.75], "texture": "#1"},
				"west": {"uv": [8.25, 11.75, 8, 12.75], "texture": "#1"},
				"up": {"uv": [12, 9.25, 12.5, 9], "texture": "#1"},
				"down": {"uv": [12, 9.5, 12.5, 9.75], "texture": "#1"}
			}
		},
		{
			"from": [15.0234, 5.69448, 10.73744],
			"to": [20.0234, 12.69448, 11.73744],
			"rotation": {"angle": 22.5, "axis": "z", "origin": [18.2734, 11.19448, 11.23744]},
			"faces": {
				"north": {"uv": [9.25, 8, 8, 9.75], "texture": "#1"},
				"east": {"uv": [11.75, 8, 11.5, 9.75], "texture": "#1"},
				"south": {"uv": [10.75, 8, 9.5, 9.75], "texture": "#1"},
				"west": {"uv": [11.25, 8, 11, 9.75], "texture": "#1"},
				"up": {"uv": [11, 10.25, 12.25, 10], "texture": "#1"},
				"down": {"uv": [11.5, 10.5, 12.75, 10.75], "texture": "#1"}
			}
		},
		{
			"from": [20.0234, 7.69448, 10.73744],
			"to": [23.0234, 10.69448, 11.73744],
			"rotation": {"angle": 22.5, "axis": "z", "origin": [18.2734, 11.19448, 11.23744]},
			"faces": {
				"north": {"uv": [8.75, 10.75, 8, 11.5], "texture": "#1"},
				"east": {"uv": [9.75, 11.75, 9.5, 12.5], "texture": "#1"},
				"south": {"uv": [9.75, 10.75, 9, 11.5], "texture": "#1"},
				"west": {"uv": [9.25, 11.75, 9, 12.5], "texture": "#1"},
				"up": {"uv": [12, 8.25, 12.75, 8], "texture": "#1"},
				"down": {"uv": [12, 8.5, 12.75, 8.75], "texture": "#1"}
			}
		},
		{
			"from": [20.0234, 10.69448, 10.73744],
			"to": [25.0234, 12.69448, 11.73744],
			"rotation": {"angle": 22.5, "axis": "z", "origin": [18.2734, 11.19448, 11.23744]},
			"faces": {
				"north": {"uv": [9.25, 10, 8, 10.5], "texture": "#1"},
				"east": {"uv": [10.75, 12, 10.5, 12.5], "texture": "#1"},
				"south": {"uv": [10.75, 10, 9.5, 10.5], "texture": "#1"},
				"west": {"uv": [10.25, 12, 10, 12.5], "texture": "#1"},
				"up": {"uv": [11.5, 11.25, 12.75, 11], "texture": "#1"},
				"down": {"uv": [11.5, 11.5, 12.75, 11.75], "texture": "#1"}
			}
		},
		{
			"from": [4, 3.1, 11],
			"to": [7, 7.1, 12],
			"rotation": {"angle": 0, "axis": "y", "origin": [5.5, 5.1, 13.5]},
			"faces": {
				"north": {"uv": [1, 5.75, 1.75, 6.75], "texture": "#2"},
				"east": {"uv": [2, 7, 2.25, 8], "texture": "#2"},
				"south": {"uv": [2, 5.75, 2.75, 6.75], "texture": "#2"},
				"west": {"uv": [2.5, 7, 2.75, 8], "texture": "#2"},
				"up": {"uv": [8.5, 3.75, 7.75, 3.5], "texture": "#2"},
				"down": {"uv": [4.75, 7.75, 4, 8], "texture": "#2"}
			}
		},
		{
			"from": [9, 3.1, 11],
			"to": [12, 7.1, 12],
			"rotation": {"angle": 0, "axis": "y", "origin": [10.5, 5.1, 13.5]},
			"faces": {
				"north": {"uv": [3, 6, 3.75, 7], "texture": "#2"},
				"east": {"uv": [3, 7.25, 3.25, 8.25], "texture": "#2"},
				"south": {"uv": [4, 6, 4.75, 7], "texture": "#2"},
				"west": {"uv": [3.5, 7.25, 3.75, 8.25], "texture": "#2"},
				"up": {"uv": [5.75, 8, 5, 7.75], "texture": "#2"},
				"down": {"uv": [6.75, 7.75, 6, 8], "texture": "#2"}
			}
		},
		{
			"from": [7, 4.1, 11],
			"to": [9, 6.1, 12],
			"rotation": {"angle": 0, "axis": "y", "origin": [7, 4.1, 15]},
			"faces": {
				"north": {"uv": [1, 5, 1.5, 5.5], "texture": "#2"},
				"east": {"uv": [7, 7.75, 7.25, 8.25], "texture": "#2"},
				"south": {"uv": [7, 7, 7.5, 7.5], "texture": "#2"},
				"west": {"uv": [7.75, 7, 8, 7.5], "texture": "#2"},
				"up": {"uv": [8, 8, 7.5, 7.75], "texture": "#2"},
				"down": {"uv": [2.5, 8.25, 2, 8.5], "texture": "#2"}
			}
		},
		{
			"from": [4, 0.20857, 11.57414],
			"to": [12, 4.20857, 11.57414],
			"rotation": {"angle": -22.5, "axis": "x", "origin": [5.5, 2.20857, 14.07414]},
			"faces": {
				"north": {"uv": [1.75, 0, 3.75, 1], "texture": "#2"},
				"east": {"uv": [2.75, 8.25, 2.75, 9.25], "texture": "#2"},
				"south": {"uv": [1.75, 0, 3.75, 1], "texture": "#2"},
				"west": {"uv": [4, 8.25, 4, 9.25], "texture": "#2"},
				"up": {"uv": [6.25, 8.25, 4.25, 8.25], "texture": "#2"},
				"down": {"uv": [10.25, 5, 8.25, 5], "texture": "#2"}
			}
		}
	],
	"gui_light": "front",
	"display": {
		"thirdperson_righthand": {
			"rotation": [75, 45, 0],
			"translation": [0, 2.5, 0],
			"scale": [0.375, 0.375, 0.375]
		},
		"thirdperson_lefthand": {
			"rotation": [68, 0, 0],
			"translation": [-6.25, -8, 10.25],
			"scale": [1.2, 1.2, 1.2]
		},
		"firstperson_righthand": {
			"rotation": [0, 120, 0],
			"scale": [0.4, 0.4, 0.4]
		},
		"firstperson_lefthand": {
			"rotation": [0, 120, 0],
			"scale": [0.4, 0.4, 0.4]
		},
		"ground": {
			"translation": [0, 2, 0],
			"scale": [0.5, 0.5, 0.5]
		},
		"gui": {
			"rotation": [30, 150, 0],
			"translation": [-0.5, -1.25, 0],
			"scale": [0.5, 0.5, 0.5]
		},
		"head": {
			"translation": [0, -80, 8.5],
			"scale": [1.75, 1.75, 1.75]
		},
		"fixed": {
			"rotation": [-90, 0, 0],
			"translation": [0, 0, -16],
			"scale": [2, 2, 2]
		}
	},
	"groups": [
		{
			"name": "group",
			"origin": [8, 8, 8],
			"color": 0,
			"children": [
				{
					"name": "group",
					"origin": [8, 2, 6],
					"color": 0,
					"children": [0, 1, 2, 3, 4, 5, 6, 7]
				},
				{
					"name": "group",
					"origin": [8, 8, 8],
					"color": 0,
					"children": [
						{
							"name": "group",
							"origin": [-3.03596, 9.69448, 8],
							"color": 0,
							"children": [
								{
									"name": "group",
									"origin": [-2.2734, 9.69448, 13.23744],
									"color": 0,
									"children": [8, 9, 10, 11]
								},
								{
									"name": "group",
									"origin": [-2.2734, 9.69448, 13.23744],
									"color": 0,
									"children": [12, 13, 14, 15]
								},
								{
									"name": "group",
									"origin": [-2.2734, 9.69448, 13.23744],
									"color": 0,
									"children": [16, 17, 18, 19]
								},
								{
									"name": "group",
									"origin": [-2.2734, 9.69448, 13.23744],
									"color": 0,
									"children": [20, 21, 22, 23]
								}
							]
						},
						{
							"name": "group",
							"origin": [-3.03596, 9.69448, 8],
							"color": 0,
							"children": [
								{
									"name": "group",
									"origin": [-2.2734, 9.69448, 13.23744],
									"color": 0,
									"children": [24, 25, 26, 27]
								},
								{
									"name": "group",
									"origin": [-2.2734, 9.69448, 13.23744],
									"color": 0,
									"children": [28, 29, 30, 31]
								},
								{
									"name": "group",
									"origin": [-2.2734, 9.69448, 13.23744],
									"color": 0,
									"children": [32, 33, 34, 35]
								},
								{
									"name": "group",
									"origin": [-2.2734, 9.69448, 13.23744],
									"color": 0,
									"children": [36, 37, 38, 39]
								}
							]
						}
					]
				},
				{
					"name": "group",
					"origin": [5.5, 1.5, 8.5],
					"color": 0,
					"children": [40, 41, 42, 43]
				}
			]
		}
	],
	"mcmodels": "51725828b87c18ce181360cd7ebe03bd"
}