{"credit":"Made by Nog's Menagerie","texture_size":[32,32],"textures":{"1":"item/adorables/easter/nm_adorable_easter_egg_blue_texture"},"elements":[{"from":[5.5,0,6.5],"to":[10.5,6,11.5],"rotation":{"angle":0,"axis":"y","origin":[8,3.0045,8.10355]},"faces":{"north":{"uv":[0,0,2.5,3],"texture":"#1"},"east":{"uv":[3,0,5.5,3],"texture":"#1"},"south":{"uv":[0,3.5,2.5,6.5],"texture":"#1"},"west":{"uv":[3,3.5,5.5,6.5],"texture":"#1"},"up":{"uv":[8.5,2.5,6,0],"texture":"#1"},"down":{"uv":[8.5,3,6,5.5],"texture":"#1"}}},{"from":[6,6,7],"to":[10,8,11],"rotation":{"angle":0,"axis":"y","origin":[8,5.0045,8.10355]},"faces":{"north":{"uv":[2.5,7,4.5,8],"texture":"#1"},"east":{"uv":[2.5,8.5,4.5,9.5],"texture":"#1"},"south":{"uv":[5,8.5,7,9.5],"texture":"#1"},"west":{"uv":[8.5,6,10.5,7],"texture":"#1"},"up":{"uv":[8,8,6,6],"texture":"#1"},"down":{"uv":[2,7,0,9],"texture":"#1"}}},{"from":[8.8,0.01,4.25],"to":[9.8,1.01,6.25],"rotation":{"angle":-22.5,"axis":"y","origin":[7.5,0.01,7.75]},"faces":{"north":{"uv":[1,9.5,1.5,10],"texture":"#1"},"east":{"uv":[9,1.5,10,2],"texture":"#1"},"south":{"uv":[9.5,7.5,10,8],"texture":"#1"},"west":{"uv":[9,2.5,10,3],"texture":"#1"},"up":{"uv":[9.5,4.5,9,3.5],"texture":"#1"},"down":{"uv":[9,9,8.5,10],"texture":"#1"}}},{"from":[8.8,0.01,3.25],"to":[9.8,2.01,4.25],"rotation":{"angle":-22.5,"axis":"y","origin":[7.5,0.01,7.75]},"faces":{"north":{"uv":[5,7,5.5,8],"texture":"#1"},"east":{"uv":[7.5,8.5,8,9.5],"texture":"#1"},"south":{"uv":[8.5,7.5,9,8.5],"texture":"#1"},"west":{"uv":[9,0,9.5,1],"texture":"#1"},"up":{"uv":[9.5,5.5,9,5],"texture":"#1"},"down":{"uv":[0.5,9.5,0,10],"texture":"#1"}}},{"from":[6.2,0.01,4.25],"to":[7.2,1.01,6.25],"rotation":{"angle":22.5,"axis":"y","origin":[8.5,0.01,7.75]},"faces":{"north":{"uv":[1.5,9.5,1,10],"texture":"#1"},"east":{"uv":[10,2.5,9,3],"texture":"#1"},"south":{"uv":[10,7.5,9.5,8],"texture":"#1"},"west":{"uv":[10,1.5,9,2],"texture":"#1"},"up":{"uv":[9,4.5,9.5,3.5],"texture":"#1"},"down":{"uv":[8.5,9,9,10],"texture":"#1"}}},{"from":[6.2,0.01,3.25],"to":[7.2,2.01,4.25],"rotation":{"angle":22.5,"axis":"y","origin":[8.5,0.01,7.75]},"faces":{"north":{"uv":[5.5,7,5,8],"texture":"#1"},"east":{"uv":[9.5,0,9,1],"texture":"#1"},"south":{"uv":[9,7.5,8.5,8.5],"texture":"#1"},"west":{"uv":[8,8.5,7.5,9.5],"texture":"#1"},"up":{"uv":[9,5.5,9.5,5],"texture":"#1"},"down":{"uv":[0,9.5,0.5,10],"texture":"#1"}}},{"from":[9,2,6.475],"to":[10,4,6.475],"rotation":{"angle":0,"axis":"y","origin":[11,2,6.475]},"faces":{"north":{"uv":[10.5,0,10,1],"texture":"#1"},"east":{"uv":[0,0,0,1],"texture":"#1"},"south":{"uv":[10,0,10.5,1],"texture":"#1"},"west":{"uv":[0,0,0,1],"texture":"#1"},"up":{"uv":[0,0,0.5,0],"texture":"#1"},"down":{"uv":[0,0,0.5,0],"texture":"#1"}}},{"from":[6,2,6.475],"to":[7,4,6.475],"rotation":{"angle":0,"axis":"y","origin":[5,2,6.475]},"faces":{"north":{"uv":[10,0,10.5,1],"texture":"#1"},"east":{"uv":[0,0,0,1],"texture":"#1"},"south":{"uv":[10.5,0,10,1],"texture":"#1"},"west":{"uv":[0,0,0,1],"texture":"#1"},"up":{"uv":[0.5,0,0,0],"texture":"#1"},"down":{"uv":[0.5,0,0,0],"texture":"#1"}}}],"gui_light":"front","display":{"thirdperson_righthand":{"rotation":[24,13,0],"translation":[-0.5,2.5,-0.5],"scale":[0.6,0.6,0.6]},"thirdperson_lefthand":{"rotation":[24,13,0],"translation":[-0.5,2.5,-0.5],"scale":[0.6,0.6,0.6]},"firstperson_righthand":{"rotation":[0,121,5],"translation":[2.75,8,0],"scale":[0.81,0.81,0.81]},"firstperson_lefthand":{"rotation":[0,121,5],"translation":[2.75,8,0],"scale":[0.81,0.81,0.81]},"ground":{"translation":[0,3.5,0],"scale":[0.65,0.65,0.65]},"gui":{"rotation":[25,151,0],"translation":[0,3.25,0],"scale":[0.91,0.91,0.91]},"head":{"translation":[0,14.4,1]},"fixed":{"rotation":[-90,0,0],"translation":[0,0,-15.75],"scale":[2,2,2]}},"groups":[{"name":"base","origin":[8,8,8],"color":0,"children":[0,1,{"name":"group","origin":[8,0.01,6.25],"color":0,"children":[2,3,4,5]},{"name":"group","origin":[5,2,6.475],"color":0,"children":[6,7]}]}],"mcmodels":"602f43018cadf6ffac6e7199b3de1bcb"}