{"credit":"Made by Nog's Menagerie","texture_size":[64,64],"textures":{"0":"item/adorables/easter/nm_adorable_easter_flowers_texture","particle":"item/adorables/easter/nm_adorable_easter_flowers_texture"},"elements":[{"from":[5,0,6],"to":[11,4,12],"rotation":{"angle":0,"axis":"y","origin":[8,3.0045,8.10355]},"faces":{"north":{"uv":[1.75,0,3.25,1],"texture":"#0"},"east":{"uv":[1.75,1.25,3.25,2.25],"texture":"#0"},"south":{"uv":[1.75,2.5,3.25,3.5],"texture":"#0"},"west":{"uv":[0,3.5,1.5,4.5],"texture":"#0"},"up":{"uv":[1.5,1.5,0,0],"texture":"#0"},"down":{"uv":[1.5,1.75,0,3.25],"texture":"#0"}}},{"from":[10.5,4,5.5],"to":[11.5,6,12.5],"rotation":{"angle":0,"axis":"y","origin":[9,5.0045,8.10355]},"faces":{"north":{"uv":[2.75,3.75,3,4.25],"texture":"#0"},"east":{"uv":[6.5,0,8.25,0.5],"texture":"#0"},"south":{"uv":[2.75,4.5,3,5],"texture":"#0"},"west":{"uv":[6.5,0.75,8.25,1.25],"texture":"#0"},"up":{"uv":[2.25,7.25,2,5.5],"texture":"#0"},"down":{"uv":[0.25,6.5,0,8.25],"texture":"#0"}}},{"from":[5.5,4,5.5],"to":[10.5,6,6.5],"rotation":{"angle":0,"axis":"y","origin":[9,5.0045,8.10355]},"faces":{"north":{"uv":[6.5,3,7.75,3.5],"texture":"#0"},"east":{"uv":[1,4.75,1.25,5.25],"texture":"#0"},"south":{"uv":[6.5,3.75,7.75,4.25],"texture":"#0"},"west":{"uv":[3,7.5,3.25,8],"texture":"#0"},"up":{"uv":[3.75,7.25,2.5,7],"texture":"#0"},"down":{"uv":[5.25,7,4,7.25],"texture":"#0"}}},{"from":[5.5,4,11.5],"to":[10.5,6,12.5],"rotation":{"angle":0,"axis":"y","origin":[9,5.0045,14.10355]},"faces":{"north":{"uv":[6.5,4.5,7.75,5],"texture":"#0"},"east":{"uv":[3.5,7.5,3.75,8],"texture":"#0"},"south":{"uv":[6.75,5.25,8,5.75],"texture":"#0"},"west":{"uv":[4,7.5,4.25,8],"texture":"#0"},"up":{"uv":[8.5,6.25,7.25,6],"texture":"#0"},"down":{"uv":[8.5,6.5,7.25,6.75],"texture":"#0"}}},{"from":[4.5,4,5.5],"to":[5.5,6,12.5],"rotation":{"angle":0,"axis":"y","origin":[3,5.0045,8.10355]},"faces":{"north":{"uv":[4.5,7.5,4.75,8],"texture":"#0"},"east":{"uv":[6.5,1.5,8.25,2],"texture":"#0"},"south":{"uv":[5,7.5,5.25,8],"texture":"#0"},"west":{"uv":[6.5,2.25,8.25,2.75],"texture":"#0"},"up":{"uv":[0.75,8.25,0.5,6.5],"texture":"#0"},"down":{"uv":[7,6,6.75,7.75],"texture":"#0"}}},{"from":[8.8,0.01,3.75],"to":[9.8,1.01,5.75],"rotation":{"angle":-22.5,"axis":"y","origin":[7.5,0.01,7.25]},"faces":{"north":{"uv":[8,3.75,8.25,4],"texture":"#0"},"east":{"uv":[5.5,7.5,6,7.75],"texture":"#0"},"south":{"uv":[8,4.25,8.25,4.5],"texture":"#0"},"west":{"uv":[7.25,7.5,7.75,7.75],"texture":"#0"},"up":{"uv":[6.5,8,6.25,7.5],"texture":"#0"},"down":{"uv":[1.25,7.75,1,8.25],"texture":"#0"}}},{"from":[8.8,0.01,2.75],"to":[9.8,2.01,3.75],"rotation":{"angle":-22.5,"axis":"y","origin":[7.5,0.01,7.25]},"faces":{"north":{"uv":[1.5,7.75,1.75,8.25],"texture":"#0"},"east":{"uv":[2,8,2.25,8.5],"texture":"#0"},"south":{"uv":[2.5,8,2.75,8.5],"texture":"#0"},"west":{"uv":[8,3,8.25,3.5],"texture":"#0"},"up":{"uv":[8.25,5,8,4.75],"texture":"#0"},"down":{"uv":[5.75,8,5.5,8.25],"texture":"#0"}}},{"from":[9.85355,1.43934,8],"to":[12.85355,2.43934,9],"rotation":{"angle":-45,"axis":"z","origin":[11.35355,1.93934,8.5]},"faces":{"north":{"uv":[5.5,7,6.25,7.25],"texture":"#0"},"east":{"uv":[6.75,8,7,8.25],"texture":"#0"},"south":{"uv":[1,7.25,1.75,7.5],"texture":"#0"},"west":{"uv":[7.25,8,7.5,8.25],"texture":"#0"},"up":{"uv":[8,7.25,7.25,7],"texture":"#0"},"down":{"uv":[2.75,7.5,2,7.75],"texture":"#0"}}},{"from":[3.14645,1.43934,8],"to":[6.14645,2.43934,9],"rotation":{"angle":45,"axis":"z","origin":[4.64645,1.93934,8.5]},"faces":{"north":{"uv":[6.25,7,5.5,7.25],"texture":"#0"},"east":{"uv":[7.5,8,7.25,8.25],"texture":"#0"},"south":{"uv":[1.75,7.25,1,7.5],"texture":"#0"},"west":{"uv":[7,8,6.75,8.25],"texture":"#0"},"up":{"uv":[7.25,7.25,8,7],"texture":"#0"},"down":{"uv":[2,7.5,2.75,7.75],"texture":"#0"}}},{"from":[6.2,0.01,3.75],"to":[7.2,1.01,5.75],"rotation":{"angle":22.5,"axis":"y","origin":[8.5,0.01,7.25]},"faces":{"north":{"uv":[8.25,3.75,8,4],"texture":"#0"},"east":{"uv":[7.75,7.5,7.25,7.75],"texture":"#0"},"south":{"uv":[8.25,4.25,8,4.5],"texture":"#0"},"west":{"uv":[6,7.5,5.5,7.75],"texture":"#0"},"up":{"uv":[6.25,8,6.5,7.5],"texture":"#0"},"down":{"uv":[1,7.75,1.25,8.25],"texture":"#0"}}},{"from":[6.2,0.01,2.75],"to":[7.2,2.01,3.75],"rotation":{"angle":22.5,"axis":"y","origin":[8.5,0.01,7.25]},"faces":{"north":{"uv":[1.75,7.75,1.5,8.25],"texture":"#0"},"east":{"uv":[8.25,3,8,3.5],"texture":"#0"},"south":{"uv":[2.75,8,2.5,8.5],"texture":"#0"},"west":{"uv":[2.25,8,2,8.5],"texture":"#0"},"up":{"uv":[8,5,8.25,4.75],"texture":"#0"},"down":{"uv":[5.5,8,5.75,8.25],"texture":"#0"}}},{"from":[8.5,3.75,7.5],"to":[11.5,9.75,7.5],"rotation":{"angle":-22.5,"axis":"z","origin":[9.5,7.0045,6.60355]},"faces":{"north":{"uv":[3.5,0,4.25,1.5],"texture":"#0"},"east":{"uv":[6,8,6,9.5],"texture":"#0"},"south":{"uv":[4.25,0,3.5,1.5],"texture":"#0"},"west":{"uv":[8,7.5,8,9],"texture":"#0"},"up":{"uv":[3.75,8.25,3,8.25],"texture":"#0"},"down":{"uv":[4.75,8.25,4,8.25],"texture":"#0"}}},{"from":[10.07612,4.13268,6.001],"to":[10.07612,10.13268,9.001],"rotation":{"angle":-22.5,"axis":"z","origin":[8.57612,7.38718,5.60455]},"faces":{"north":{"uv":[7.75,8,7.75,9.5],"texture":"#0"},"east":{"uv":[2.5,3.75,1.75,5.25],"texture":"#0"},"south":{"uv":[5,8.25,5,9.75],"texture":"#0"},"west":{"uv":[1.75,3.75,2.5,5.25],"texture":"#0"},"up":{"uv":[3.25,4.5,3.25,3.75],"texture":"#0"},"down":{"uv":[2.5,5.5,2.5,6.25],"texture":"#0"}}},{"from":[4.57704,3.1177,10.5],"to":[7.57704,9.1177,10.5],"rotation":{"angle":22.5,"axis":"z","origin":[5.07704,6.6222,8.10355]},"faces":{"north":{"uv":[4.5,0,5.25,1.5],"texture":"#0"},"east":{"uv":[5.25,8.25,5.25,9.75],"texture":"#0"},"south":{"uv":[5.25,0,4.5,1.5],"texture":"#0"},"west":{"uv":[6.25,8.25,6.25,9.75],"texture":"#0"},"up":{"uv":[9,5.25,8.25,5.25],"texture":"#0"},"down":{"uv":[9,5.5,8.25,5.5],"texture":"#0"}}},{"from":[6,3.5,9],"to":[6,9.5,12],"rotation":{"angle":22.5,"axis":"z","origin":[6,7.0045,10.10355]},"faces":{"north":{"uv":[6.5,8.25,6.5,9.75],"texture":"#0"},"east":{"uv":[0.75,4.75,0,6.25],"texture":"#0"},"south":{"uv":[8.25,7,8.25,8.5],"texture":"#0"},"west":{"uv":[0,4.75,0.75,6.25],"texture":"#0"},"up":{"uv":[0,9.25,0,8.5],"texture":"#0"},"down":{"uv":[8.5,0,8.5,0.75],"texture":"#0"}}},{"from":[9.5,4,8.75],"to":[9.5,10,11.75],"rotation":{"angle":-45,"axis":"y","origin":[9.5,7,10.25]},"faces":{"north":{"uv":[0.25,8.5,0.25,10],"texture":"#0"},"east":{"uv":[2.75,5.25,3.5,6.75],"texture":"#0"},"south":{"uv":[0.5,8.5,0.5,10],"texture":"#0"},"west":{"uv":[3.5,5.25,2.75,6.75],"texture":"#0"},"up":{"uv":[0.75,9.25,0.75,8.5],"texture":"#0"},"down":{"uv":[1,8.5,1,9.25],"texture":"#0"}}},{"from":[8,4,10.25],"to":[11,10,10.25],"rotation":{"angle":-45,"axis":"y","origin":[9.5,7,10.25]},"faces":{"north":{"uv":[6.25,0,5.5,1.5],"texture":"#0"},"east":{"uv":[8.5,1,8.5,2.5],"texture":"#0"},"south":{"uv":[5.5,0,6.25,1.5],"texture":"#0"},"west":{"uv":[1.25,8.5,1.25,10],"texture":"#0"},"up":{"uv":[9,5.75,8.25,5.75],"texture":"#0"},"down":{"uv":[9.25,2.75,8.5,2.75],"texture":"#0"}}},{"from":[5.25,4,7.5],"to":[8.25,10,7.5],"rotation":{"angle":22.5,"axis":"y","origin":[6.75,7,7.5]},"faces":{"north":{"uv":[1,5.5,1.75,7],"texture":"#0"},"east":{"uv":[1.5,8.5,1.5,10],"texture":"#0"},"south":{"uv":[1.75,5.5,1,7],"texture":"#0"},"west":{"uv":[1.75,8.5,1.75,10],"texture":"#0"},"up":{"uv":[3.75,8.5,3,8.5],"texture":"#0"},"down":{"uv":[9.25,3,8.5,3],"texture":"#0"}}},{"from":[6.75,4,6],"to":[6.75,10,9],"rotation":{"angle":22.5,"axis":"y","origin":[6.75,7,7.5]},"faces":{"north":{"uv":[8.5,3.25,8.5,4.75],"texture":"#0"},"east":{"uv":[6.5,5.25,5.75,6.75],"texture":"#0"},"south":{"uv":[4,8.5,4,10],"texture":"#0"},"west":{"uv":[5.75,5.25,6.5,6.75],"texture":"#0"},"up":{"uv":[4.25,9.25,4.25,8.5],"texture":"#0"},"down":{"uv":[4.5,8.5,4.5,9.25],"texture":"#0"}}}],"gui_light":"front","display":{"thirdperson_righthand":{"rotation":[24,13,0],"translation":[-0.5,2.5,-0.5],"scale":[0.6,0.6,0.6]},"thirdperson_lefthand":{"rotation":[24,13,0],"translation":[-0.5,2.5,-0.5],"scale":[0.6,0.6,0.6]},"firstperson_righthand":{"rotation":[0,121,5],"translation":[2.75,8,0],"scale":[0.81,0.81,0.81]},"firstperson_lefthand":{"rotation":[0,121,5],"translation":[2.75,8,0],"scale":[0.81,0.81,0.81]},"ground":{"translation":[0,3.5,0],"scale":[0.65,0.65,0.65]},"gui":{"rotation":[25,151,0],"translation":[0,3.25,0],"scale":[0.91,0.91,0.91]},"head":{"translation":[0,14.4,1]},"fixed":{"rotation":[-90,0,0],"translation":[0,0,-15.75],"scale":[2,2,2]}},"groups":[{"name":"base","origin":[8,8,8],"color":0,"children":[0,1,2,3,4,{"name":"group","origin":[8,0.01,6.25],"color":0,"children":[5,6,7,8,9,10]},{"name":"group","origin":[8,7.0045,8.10355],"color":0,"children":[{"name":"group","origin":[10,7.0045,7.10355],"color":0,"children":[11,12]},{"name":"group","origin":[6,7.0045,10.10355],"color":0,"children":[13,14]},{"name":"group","origin":[9.5,7,10.25],"color":0,"children":[15,16]},{"name":"group","origin":[7,7,7.5],"color":0,"children":[17,18]}]}]}],"mcmodels":"602f43018cadf6ffac6e7199b3de1bcb"}