{
	"credit": "Made with Blockbench",
	"texture_size": [64, 64],
	"textures": {
		"3": "item/furnitures/enchanted_wood_furniture/enchanted_wood_ceiling_fan"
	},
	"elements": [
		{
			"from": [6, 11, 6],
			"to": [10, 13, 10],
			"faces": {
				"north": {"uv": [5.75, 3.25, 6.75, 3.75], "texture": "#3"},
				"east": {"uv": [5.75, 3.75, 6.75, 4.25], "texture": "#3"},
				"south": {"uv": [5.75, 4.25, 6.75, 4.75], "texture": "#3"},
				"west": {"uv": [5.75, 4.75, 6.75, 5.25], "texture": "#3"},
				"up": {"uv": [6, 1, 5, 0], "texture": "#3"},
				"down": {"uv": [6, 1, 5, 2], "texture": "#3"}
			}
		},
		{
			"from": [-2, 12.5, -2],
			"to": [18, 12.5, 18],
			"faces": {
				"north": {"uv": [0, 0, 5, 0], "texture": "#3"},
				"east": {"uv": [0, 0, 5, 0], "texture": "#3"},
				"south": {"uv": [0, 0, 5, 0], "texture": "#3"},
				"west": {"uv": [0, 0, 5, 0], "texture": "#3"},
				"up": {"uv": [5, 5, 0, 0], "texture": "#3"},
				"down": {"uv": [5, 5, 0, 10], "texture": "#3"}
			}
		},
		{
			"from": [7.5, 13, 7.5],
			"to": [8.5, 18, 8.5],
			"faces": {
				"north": {"uv": [5, 5.75, 5.25, 7], "texture": "#3"},
				"east": {"uv": [5.25, 5.75, 5.5, 7], "texture": "#3"},
				"south": {"uv": [5.75, 5.25, 6, 6.5], "texture": "#3"},
				"west": {"uv": [5.5, 5.75, 5.75, 7], "texture": "#3"},
				"up": {"uv": [6.25, 0.25, 6, 0], "texture": "#3"},
				"down": {"uv": [6.25, 0.25, 6, 0.5], "texture": "#3"}
			}
		},
		{
			"from": [8, 13, 6.5],
			"to": [8, 18, 9.5],
			"rotation": {"angle": 45, "axis": "y", "origin": [8, 15.5, 8]},
			"faces": {
				"north": {"uv": [0, 0, 0, 1.25], "texture": "#3"},
				"east": {"uv": [5, 2, 5.75, 3.25], "texture": "#3"},
				"south": {"uv": [0, 0, 0, 1.25], "texture": "#3"},
				"west": {"uv": [5, 3.25, 5.75, 4.5], "texture": "#3"},
				"up": {"uv": [0, 0.75, 0, 0], "texture": "#3"},
				"down": {"uv": [0, 0, 0, 0.75], "texture": "#3"}
			}
		},
		{
			"from": [8, 13, 6.5],
			"to": [8, 18, 9.5],
			"rotation": {"angle": -45, "axis": "y", "origin": [8, 15.5, 8]},
			"faces": {
				"north": {"uv": [0, 0, 0, 1.25], "texture": "#3"},
				"east": {"uv": [5, 4.5, 5.75, 5.75], "texture": "#3"},
				"south": {"uv": [0, 0, 0, 1.25], "texture": "#3"},
				"west": {"uv": [5.75, 2, 6.5, 3.25], "texture": "#3"},
				"up": {"uv": [0, 0.75, 0, 0], "texture": "#3"},
				"down": {"uv": [0, 0, 0, 0.75], "texture": "#3"}
			}
		}
	],
	"display": {
		"thirdperson_righthand": {
			"rotation": [75, 45, 0],
			"translation": [0, 2.5, 0],
			"scale": [0.375, 0.375, 0.375]
		},
		"thirdperson_lefthand": {
			"rotation": [75, 45, 0],
			"translation": [0, 2.5, 0],
			"scale": [0.375, 0.375, 0.375]
		},
		"firstperson_righthand": {
			"rotation": [0, 45, 0],
			"scale": [0.4, 0.4, 0.4]
		},
		"firstperson_lefthand": {
			"rotation": [0, 225, 0],
			"scale": [0.4, 0.4, 0.4]
		},
		"ground": {
			"translation": [0, 3, 0],
			"scale": [0.25, 0.25, 0.25]
		},
		"gui": {
			"rotation": [30, 225, 0],
			"translation": [0, -2, 0],
			"scale": [0.625, 0.625, 0.625]
		},
		"fixed": {
			"rotation": [90, 0, 0],
			"translation": [0, 0, -20],
			"scale": [2, 2, 2]
		}
	}
}