{
	"credit": "Made with Blockbench",
	"texture_size": [64, 64],
	"textures": {
		"2": "item/furnitures/enchanted_wood_furniture/enchanted_wood_chair",
		"particle": "item/furnitures/enchanted_wood_furniture/enchanted_wood_chair"
	},
	"elements": [
		{
			"from": [3, 6, 3],
			"to": [13, 8, 13],
			"faces": {
				"north": {"uv": [7, 4.5, 9.5, 5], "texture": "#2"},
				"east": {"uv": [7, 5, 9.5, 5.5], "texture": "#2"},
				"south": {"uv": [7, 5.5, 9.5, 6], "texture": "#2"},
				"west": {"uv": [7, 6, 9.5, 6.5], "texture": "#2"},
				"up": {"uv": [2.5, 6, 0, 3.5], "texture": "#2"},
				"down": {"uv": [5, 3.5, 2.5, 6], "texture": "#2"}
			}
		},
		{
			"from": [4, 0, 4],
			"to": [5, 6, 5],
			"faces": {
				"north": {"uv": [7.5, 0, 7.75, 1.5], "texture": "#2"},
				"east": {"uv": [1.5, 7.5, 1.75, 9], "texture": "#2"},
				"south": {"uv": [7.5, 1.5, 7.75, 3], "texture": "#2"},
				"west": {"uv": [1.75, 7.5, 2, 9], "texture": "#2"},
				"up": {"uv": [5.75, 3.25, 5.5, 3], "texture": "#2"},
				"down": {"uv": [5.75, 3.25, 5.5, 3.5], "texture": "#2"}
			}
		},
		{
			"from": [4, 8, 11],
			"to": [5, 22, 12],
			"faces": {
				"north": {"uv": [7, 6.5, 7.25, 10], "texture": "#2"},
				"east": {"uv": [7.25, 6.5, 7.5, 10], "texture": "#2"},
				"south": {"uv": [0, 7.5, 0.25, 11], "texture": "#2"},
				"west": {"uv": [0.25, 7.5, 0.5, 11], "texture": "#2"},
				"up": {"uv": [7, 7.75, 6.75, 7.5], "texture": "#2"},
				"down": {"uv": [7.75, 6.75, 7.5, 7], "texture": "#2"}
			}
		},
		{
			"from": [11, 8, 11],
			"to": [12, 22, 12],
			"faces": {
				"north": {"uv": [0.5, 7.5, 0.75, 11], "texture": "#2"},
				"east": {"uv": [0.75, 7.5, 1, 11], "texture": "#2"},
				"south": {"uv": [1, 7.5, 1.25, 11], "texture": "#2"},
				"west": {"uv": [1.25, 7.5, 1.5, 11], "texture": "#2"},
				"up": {"uv": [7.75, 7.25, 7.5, 7], "texture": "#2"},
				"down": {"uv": [7.75, 7.25, 7.5, 7.5], "texture": "#2"}
			}
		},
		{
			"from": [2.5, 8, 11.5],
			"to": [13.5, 22, 11.5],
			"faces": {
				"north": {"uv": [0, 0, 2.75, 3.5], "texture": "#2"},
				"east": {"uv": [0, 0, 0, 3.5], "texture": "#2"},
				"south": {"uv": [2.75, 0, 5.5, 3.5], "texture": "#2"},
				"west": {"uv": [0, 0, 0, 3.5], "texture": "#2"},
				"up": {"uv": [2.75, 0, 0, 0], "texture": "#2"},
				"down": {"uv": [2.75, 0, 0, 0], "texture": "#2"}
			}
		},
		{
			"from": [4.5, 0, 2.5],
			"to": [4.5, 6, 6.5],
			"rotation": {"angle": -45, "axis": "y", "origin": [4.5, 2, 4.5]},
			"faces": {
				"north": {"uv": [0, 0, 0, 1.5], "texture": "#2"},
				"east": {"uv": [5, 3.5, 6, 5], "texture": "#2"},
				"south": {"uv": [0, 0, 0, 1.5], "texture": "#2"},
				"west": {"uv": [5, 5, 6, 6.5], "texture": "#2"},
				"up": {"uv": [0, 1, 0, 0], "texture": "#2"},
				"down": {"uv": [0, 0, 0, 1], "texture": "#2"}
			}
		},
		{
			"from": [2.5, 0, 4.5],
			"to": [6.5, 6, 4.5],
			"rotation": {"angle": -45, "axis": "y", "origin": [4.5, 2, 4.5]},
			"faces": {
				"north": {"uv": [5.5, 0, 6.5, 1.5], "texture": "#2"},
				"east": {"uv": [0, 0, 0, 1.5], "texture": "#2"},
				"south": {"uv": [5.5, 1.5, 6.5, 3], "texture": "#2"},
				"west": {"uv": [0, 0, 0, 1.5], "texture": "#2"},
				"up": {"uv": [1, 0, 0, 0], "texture": "#2"},
				"down": {"uv": [1, 0, 0, 0], "texture": "#2"}
			}
		},
		{
			"from": [4, 0, 11],
			"to": [5, 6, 12],
			"rotation": {"angle": 0, "axis": "y", "origin": [0, 0, 7]},
			"faces": {
				"north": {"uv": [2, 7.5, 2.25, 9], "texture": "#2"},
				"east": {"uv": [2.25, 7.5, 2.5, 9], "texture": "#2"},
				"south": {"uv": [2.5, 7.5, 2.75, 9], "texture": "#2"},
				"west": {"uv": [2.75, 7.5, 3, 9], "texture": "#2"},
				"up": {"uv": [6, 3.25, 5.75, 3], "texture": "#2"},
				"down": {"uv": [6, 3.25, 5.75, 3.5], "texture": "#2"}
			}
		},
		{
			"from": [4.5, 0, 9.5],
			"to": [4.5, 6, 13.5],
			"rotation": {"angle": -45, "axis": "y", "origin": [4.5, 2, 11.5]},
			"faces": {
				"north": {"uv": [0, 0, 0, 1.5], "texture": "#2"},
				"east": {"uv": [2, 6, 3, 7.5], "texture": "#2"},
				"south": {"uv": [0, 0, 0, 1.5], "texture": "#2"},
				"west": {"uv": [3, 6, 4, 7.5], "texture": "#2"},
				"up": {"uv": [0, 1, 0, 0], "texture": "#2"},
				"down": {"uv": [0, 0, 0, 1], "texture": "#2"}
			}
		},
		{
			"from": [2.5, 0, 11.5],
			"to": [6.5, 6, 11.5],
			"rotation": {"angle": -45, "axis": "y", "origin": [4.5, 2, 11.5]},
			"faces": {
				"north": {"uv": [0, 6, 1, 7.5], "texture": "#2"},
				"east": {"uv": [0, 0, 0, 1.5], "texture": "#2"},
				"south": {"uv": [1, 6, 2, 7.5], "texture": "#2"},
				"west": {"uv": [0, 0, 0, 1.5], "texture": "#2"},
				"up": {"uv": [1, 0, 0, 0], "texture": "#2"},
				"down": {"uv": [1, 0, 0, 0], "texture": "#2"}
			}
		},
		{
			"from": [11, 0, 4],
			"to": [12, 6, 5],
			"rotation": {"angle": 0, "axis": "y", "origin": [7, 0, 0]},
			"faces": {
				"north": {"uv": [4, 7.5, 4.25, 9], "texture": "#2"},
				"east": {"uv": [4.25, 7.5, 4.5, 9], "texture": "#2"},
				"south": {"uv": [4.5, 7.5, 4.75, 9], "texture": "#2"},
				"west": {"uv": [4.75, 7.5, 5, 9], "texture": "#2"},
				"up": {"uv": [6.75, 7.75, 6.5, 7.5], "texture": "#2"},
				"down": {"uv": [7.75, 6.5, 7.5, 6.75], "texture": "#2"}
			}
		},
		{
			"from": [11.5, 0, 2.5],
			"to": [11.5, 6, 6.5],
			"rotation": {"angle": -45, "axis": "y", "origin": [11.5, 2, 4.5]},
			"faces": {
				"north": {"uv": [0, 0, 0, 1.5], "texture": "#2"},
				"east": {"uv": [5, 6.5, 6, 8], "texture": "#2"},
				"south": {"uv": [0, 0, 0, 1.5], "texture": "#2"},
				"west": {"uv": [7, 3, 8, 4.5], "texture": "#2"},
				"up": {"uv": [0, 1, 0, 0], "texture": "#2"},
				"down": {"uv": [0, 0, 0, 1], "texture": "#2"}
			}
		},
		{
			"from": [9.5, 0, 4.5],
			"to": [13.5, 6, 4.5],
			"rotation": {"angle": -45, "axis": "y", "origin": [11.5, 2, 4.5]},
			"faces": {
				"north": {"uv": [6.5, 0, 7.5, 1.5], "texture": "#2"},
				"east": {"uv": [0, 0, 0, 1.5], "texture": "#2"},
				"south": {"uv": [6.5, 1.5, 7.5, 3], "texture": "#2"},
				"west": {"uv": [0, 0, 0, 1.5], "texture": "#2"},
				"up": {"uv": [1, 0, 0, 0], "texture": "#2"},
				"down": {"uv": [1, 0, 0, 0], "texture": "#2"}
			}
		},
		{
			"from": [9.5, 0, 11.5],
			"to": [13.5, 6, 11.5],
			"rotation": {"angle": -45, "axis": "y", "origin": [11.5, 2, 11.5]},
			"faces": {
				"north": {"uv": [6, 4.5, 7, 6], "texture": "#2"},
				"east": {"uv": [0, 0, 0, 1.5], "texture": "#2"},
				"south": {"uv": [6, 6, 7, 7.5], "texture": "#2"},
				"west": {"uv": [0, 0, 0, 1.5], "texture": "#2"},
				"up": {"uv": [1, 0, 0, 0], "texture": "#2"},
				"down": {"uv": [1, 0, 0, 0], "texture": "#2"}
			}
		},
		{
			"from": [11.5, 0, 9.5],
			"to": [11.5, 6, 13.5],
			"rotation": {"angle": -45, "axis": "y", "origin": [11.5, 2, 11.5]},
			"faces": {
				"north": {"uv": [0, 0, 0, 1.5], "texture": "#2"},
				"east": {"uv": [6, 3, 7, 4.5], "texture": "#2"},
				"south": {"uv": [0, 0, 0, 1.5], "texture": "#2"},
				"west": {"uv": [4, 6, 5, 7.5], "texture": "#2"},
				"up": {"uv": [0, 1, 0, 0], "texture": "#2"},
				"down": {"uv": [0, 0, 0, 1], "texture": "#2"}
			}
		},
		{
			"from": [11, 0, 11],
			"to": [12, 6, 12],
			"rotation": {"angle": 0, "axis": "y", "origin": [7, 0, 7]},
			"faces": {
				"north": {"uv": [3, 7.5, 3.25, 9], "texture": "#2"},
				"east": {"uv": [3.25, 7.5, 3.5, 9], "texture": "#2"},
				"south": {"uv": [3.5, 7.5, 3.75, 9], "texture": "#2"},
				"west": {"uv": [3.75, 7.5, 4, 9], "texture": "#2"},
				"up": {"uv": [6.25, 7.75, 6, 7.5], "texture": "#2"},
				"down": {"uv": [6.5, 7.5, 6.25, 7.75], "texture": "#2"}
			}
		}
	],
	"display": {
		"thirdperson_righthand": {
			"rotation": [75, 45, 0],
			"translation": [0, 2.5, 0],
			"scale": [0.375, 0.375, 0.375]
		},
		"thirdperson_lefthand": {
			"rotation": [75, 45, 0],
			"translation": [0, 2.5, 0],
			"scale": [0.375, 0.375, 0.375]
		},
		"firstperson_righthand": {
			"rotation": [0, 45, 0],
			"scale": [0.4, 0.4, 0.4]
		},
		"firstperson_lefthand": {
			"rotation": [0, 225, 0],
			"scale": [0.4, 0.4, 0.4]
		},
		"ground": {
			"translation": [0, 3, 0],
			"scale": [0.25, 0.25, 0.25]
		},
		"gui": {
			"rotation": [30, 225, 0],
			"translation": [0, -1, 0],
			"scale": [0.625, 0.625, 0.625]
		},
		"fixed": {
			"rotation": [-90, 0, 0],
			"translation": [0, 0, -16],
			"scale": [2, 2, 2]
		}
	}
}