{
	"credit": "by w11shes",
	"textures": {
		"0": "custom:monsterisles/mage/mage_shield",
		"1": "custom:monsterisles/mage/staff_particle",
		"particle": "custom:monsterisles/mage/mage_shield"
	},
	"elements": [
		{
			"from": [10.23, 1.35944, 1.89056],
			"to": [12.27, 14.15944, 14.69056],
			"rotation": {"angle": 45, "axis": "x", "origin": [8, 11.3, 4.75]},
			"faces": {
				"north": {"uv": [7.75, 1.5, 7.25, 4.75], "texture": "#0"},
				"east": {"uv": [6.75, 3.25, 3.5, 6.5], "texture": "#0"},
				"south": {"uv": [7.25, 1.5, 6.75, 4.75], "texture": "#0"},
				"west": {"uv": [6.75, 0, 3.5, 3.25], "texture": "#0"},
				"up": {"uv": [10, 4.75, 6.75, 5.25], "rotation": 90, "texture": "#0"},
				"down": {"uv": [10, 5.75, 6.75, 5.25], "rotation": 270, "texture": "#0"}
			}
		},
		{
			"from": [10.23, 8.43051, -5.18051],
			"to": [12.27, 21.23051, 7.61949],
			"rotation": {"angle": 45, "axis": "x", "origin": [8, 11.3, 4.75]},
			"faces": {
				"north": {"uv": [8.5, 5.75, 8, 9], "texture": "#0"},
				"east": {"uv": [6.5, 6.5, 3.25, 9.75], "texture": "#0"},
				"south": {"uv": [8.25, 1.5, 7.75, 4.75], "texture": "#0"},
				"west": {"uv": [3.25, 6.5, 0, 9.75], "texture": "#0"},
				"up": {"uv": [11.5, 0, 8.25, 0.5], "rotation": 90, "texture": "#0"},
				"down": {"uv": [11.5, 1, 8.25, 0.5], "rotation": 270, "texture": "#0"}
			}
		},
		{
			"from": [10.25, 5, -2.25],
			"to": [12.25, 18, 11.75],
			"rotation": {"angle": 0, "axis": "y", "origin": [8, 11.3, 4.75]},
			"faces": {
				"north": {"uv": [7, 8.25, 6.5, 11.5], "texture": "#0"},
				"east": {"uv": [3.5, 3.25, 0, 6.5], "texture": "#0"},
				"south": {"uv": [8.75, 1, 8.25, 4.25], "texture": "#0"},
				"west": {"uv": [3.5, 0, 0, 3.25], "texture": "#0"}
			}
		},
		{
			"from": [10.25, -0.7, -2.25],
			"to": [12.25, 4.3, 2.75],
			"rotation": {"angle": 0, "axis": "y", "origin": [8, 11.3, 4.75]},
			"faces": {
				"north": {"uv": [10, 1, 9.5, 2.25], "texture": "#0"},
				"east": {"uv": [9.75, 7, 8.5, 8.25], "texture": "#0"},
				"west": {"uv": [9.75, 5.75, 8.5, 7], "texture": "#0"},
				"down": {"uv": [8, 6.25, 6.75, 5.75], "rotation": 270, "texture": "#0"}
			}
		},
		{
			"from": [10.25, -0.7, 6.75],
			"to": [12.25, 4.3, 11.75],
			"rotation": {"angle": 0, "axis": "y", "origin": [8, 11.3, 4.75]},
			"faces": {
				"east": {"uv": [8.5, 7, 9.75, 8.25], "texture": "#0"},
				"south": {"uv": [9.5, 1, 10, 2.25], "texture": "#0"},
				"west": {"uv": [8.5, 5.75, 9.75, 7], "texture": "#0"},
				"down": {"uv": [6.75, 6.25, 8, 5.75], "rotation": 270, "texture": "#0"}
			}
		},
		{
			"from": [10.25, 18.3, -2.25],
			"to": [12.25, 23.3, 2.75],
			"rotation": {"angle": 0, "axis": "y", "origin": [8, 11.3, 4.75]},
			"faces": {
				"north": {"uv": [10, 2.25, 9.5, 1], "texture": "#0"},
				"east": {"uv": [9.75, 8.25, 8.5, 7], "texture": "#0"},
				"west": {"uv": [9.75, 7, 8.5, 5.75], "texture": "#0"},
				"up": {"uv": [8, 5.75, 6.75, 6.25], "rotation": 90, "texture": "#0"}
			}
		},
		{
			"from": [10.25, 18.3, 6.75],
			"to": [12.25, 23.3, 11.75],
			"rotation": {"angle": 0, "axis": "y", "origin": [8, 11.3, 4.75]},
			"faces": {
				"east": {"uv": [8.5, 8.25, 9.75, 7], "texture": "#0"},
				"south": {"uv": [9.5, 2.25, 10, 1], "texture": "#0"},
				"west": {"uv": [8.5, 7, 9.75, 5.75], "texture": "#0"},
				"up": {"uv": [6.75, 5.75, 8, 6.25], "rotation": 90, "texture": "#0"}
			}
		},
		{
			"from": [12.25, 8, 3.25],
			"to": [18.25, 14, 6.25],
			"rotation": {"angle": 0, "axis": "y", "origin": [8, 11.3, 4.75]},
			"faces": {
				"north": {"uv": [8.25, 0, 6.75, 1.5], "texture": "#0"},
				"east": {"uv": [7.75, 8.25, 7, 9.75], "texture": "#0"},
				"south": {"uv": [6.75, 0, 8.25, 1.5], "texture": "#0"},
				"up": {"uv": [9.25, 8.25, 8.5, 9.75], "rotation": 90, "texture": "#0"},
				"down": {"uv": [9.5, 2.5, 8.75, 1], "rotation": 270, "texture": "#0"}
			}
		},
		{
			"from": [17.25, 13, 6.25],
			"to": [12.25, 9, 3.25],
			"rotation": {"angle": 0, "axis": "y", "origin": [8, 11.3, 4.75]},
			"faces": {
				"west": {"uv": [7.75, 9.5, 7, 8.5], "texture": "#0"},
				"up": {"uv": [9.5, 1, 8.75, 2], "rotation": 90, "texture": "#0"},
				"down": {"uv": [9.25, 8.75, 8.5, 9.75], "rotation": 270, "texture": "#0"}
			}
		},
		{
			"from": [8.226, 6.1367, -0.41188],
			"to": [10.226, 10.3787, 3.83012],
			"rotation": {"angle": -45, "axis": "x", "origin": [8, 11.3, 4.75]},
			"faces": {
				"north": {"uv": [2, 9.75, 1.5, 10.75], "texture": "#0"},
				"west": {"uv": [9.75, 3.5, 8.75, 4.5], "texture": "#0"},
				"down": {"uv": [3, 10.25, 2, 9.75], "rotation": 270, "texture": "#0"}
			}
		},
		{
			"from": [10.226, 10.44877, 3.90147],
			"to": [8.226, 7.20677, 0.65947],
			"rotation": {"angle": -45, "axis": "x", "origin": [8, 11.3, 4.75]},
			"faces": {
				"south": {"uv": [16, 1, 15.5, 0.5], "texture": "#0"},
				"west": {"uv": [16, 1, 15.5, 0.5], "texture": "#0"},
				"up": {"uv": [15.5, 0.5, 16, 1], "rotation": 90, "texture": "#0"}
			}
		},
		{
			"from": [10.226, 14.40328, 4.89142],
			"to": [8.226, 11.16128, 1.64942],
			"rotation": {"angle": 45, "axis": "x", "origin": [8, 11.3, 4.75]},
			"faces": {
				"south": {"uv": [16, 0.5, 15.5, 1], "texture": "#0"},
				"west": {"uv": [16, 0.5, 15.5, 1], "texture": "#0"},
				"down": {"uv": [15.5, 1, 16, 0.5], "rotation": 270, "texture": "#0"}
			}
		},
		{
			"from": [8.226, 11.23135, 0.57807],
			"to": [10.226, 15.47335, 4.82007],
			"rotation": {"angle": 45, "axis": "x", "origin": [8, 11.3, 4.75]},
			"faces": {
				"north": {"uv": [0.5, 9.75, 0, 10.75], "texture": "#0"},
				"west": {"uv": [9.75, 2.5, 8.75, 3.5], "texture": "#0"},
				"up": {"uv": [1.5, 9.75, 0.5, 10.25], "rotation": 90, "texture": "#0"}
			}
		},
		{
			"from": [10.25, 14.2, 6.75],
			"to": [8.25, 7, 2.75],
			"rotation": {"angle": 0, "axis": "y", "origin": [8, 11.3, 4.75]},
			"faces": {
				"north": {"uv": [13, 0, 12.5, 1.75], "texture": "#0"},
				"south": {"uv": [13, 0, 12.5, 1.75], "texture": "#0"},
				"west": {"uv": [12.5, 0, 11.5, 1.75], "texture": "#0"}
			}
		},
		{
			"from": [8.25, 7, 1.75],
			"to": [10.25, 14.2, 7.75],
			"rotation": {"angle": 0, "axis": "y", "origin": [8, 11.3, 4.75]},
			"faces": {
				"north": {"uv": [9.75, 8.25, 9.25, 10], "texture": "#0"},
				"south": {"uv": [8.25, 9, 7.75, 10.75], "texture": "#0"},
				"west": {"uv": [8, 6.5, 6.5, 8.25], "texture": "#0"}
			}
		},
		{
			"from": [8.25, 8, 3.75],
			"to": [10.25, 13, 5.75],
			"shade": false,
			"rotation": {"angle": 0, "axis": "y", "origin": [8, 11.3, 4.75]},
			"faces": {
				"north": {"uv": [16, 0, 15.5, 0.5], "texture": "#0"},
				"south": {"uv": [16, 0, 15.5, 0.5], "texture": "#0"},
				"west": {"uv": [16, 0, 15.5, 0.5], "texture": "#0"}
			}
		},
		{
			"from": [8.27, 8.25803, 1.70944],
			"to": [10.23, 9.67203, 3.12344],
			"shade": false,
			"rotation": {"angle": -45, "axis": "x", "origin": [8, 11.3, 4.75]},
			"faces": {
				"north": {"uv": [16, 0, 15.5, 0.5], "texture": "#0"},
				"west": {"uv": [16, 0, 15.5, 0.5], "texture": "#0"},
				"down": {"uv": [15.5, 0.5, 16, 0], "rotation": 270, "texture": "#0"}
			}
		},
		{
			"from": [8.27, 11.79357, 5.24497],
			"to": [10.23, 13.20757, 6.65897],
			"shade": false,
			"rotation": {"angle": -45, "axis": "x", "origin": [8, 11.3, 4.75]},
			"faces": {
				"south": {"uv": [16, 0, 15.5, 0.5], "texture": "#0"},
				"west": {"uv": [16, 0, 15.5, 0.5], "texture": "#0"},
				"up": {"uv": [15.5, 0.5, 16, 0], "rotation": 90, "texture": "#0"}
			}
		},
		{
			"from": [11.3018, 14.04665, 6.82636],
			"to": [7.14908, 7.15793, 2.67364],
			"shade": false,
			"rotation": {"angle": 0, "axis": "y", "origin": [8, 11.3, 4.75]},
			"faces": {
				"north": {"uv": [16, 1.5, 15.5, 2], "texture": "#0"},
				"east": {"uv": [16, 1.5, 15.5, 2], "texture": "#0"},
				"south": {"uv": [16, 1.5, 15.5, 2], "texture": "#0"}
			}
		},
		{
			"from": [11.28582, 14.70384, 8.1561],
			"to": [7.16505, 11.77458, 5.22684],
			"shade": false,
			"rotation": {"angle": -45, "axis": "x", "origin": [8, 11.3, 4.75]},
			"faces": {
				"north": {"uv": [16, 1.5, 15.5, 2], "texture": "#0"},
				"east": {"uv": [16, 1.5, 15.5, 2], "texture": "#0"},
				"down": {"uv": [15.5, 2, 16, 1.5], "rotation": 270, "texture": "#0"}
			}
		},
		{
			"from": [11.28582, 9.83872, 9.1428],
			"to": [7.16505, 6.90946, 6.21354],
			"shade": false,
			"rotation": {"angle": 45, "axis": "x", "origin": [8, 11.3, 4.75]},
			"faces": {
				"north": {"uv": [16, 1.5, 15.5, 2], "texture": "#0"},
				"east": {"uv": [16, 1.5, 15.5, 2], "texture": "#0"},
				"up": {"uv": [15.5, 2, 16, 1.5], "rotation": 90, "texture": "#0"}
			}
		},
		{
			"from": [10.67, 13.75992, 6.18],
			"to": [7.81, 7.39992, 3.32],
			"shade": false,
			"rotation": {"angle": 0, "axis": "y", "origin": [8, 11.3, 4.75]},
			"faces": {
				"north": {"uv": [16, 1, 15.5, 1.5], "texture": "#0"},
				"east": {"uv": [16, 1, 15.5, 1.5], "texture": "#0"},
				"south": {"uv": [16, 1, 15.5, 1.5], "texture": "#0"}
			}
		},
		{
			"from": [10.659, 14.04609, 7.49764],
			"to": [7.821, 12.02869, 5.48024],
			"shade": false,
			"rotation": {"angle": -45, "axis": "x", "origin": [8, 11.3, 4.75]},
			"faces": {
				"north": {"uv": [16, 1, 15.5, 1.5], "texture": "#0"},
				"east": {"uv": [16, 1, 15.5, 1.5], "texture": "#0"},
				"down": {"uv": [15.5, 1.5, 16, 1], "rotation": 270, "texture": "#0"}
			}
		},
		{
			"from": [10.659, 9.55297, 8.51598],
			"to": [7.821, 7.53557, 6.49858],
			"shade": false,
			"rotation": {"angle": 45, "axis": "x", "origin": [8, 11.3, 4.75]},
			"faces": {
				"north": {"uv": [16, 1, 15.5, 1.5], "texture": "#0"},
				"east": {"uv": [16, 1, 15.5, 1.5], "texture": "#0"},
				"up": {"uv": [15.5, 1.5, 16, 1], "rotation": 90, "texture": "#0"}
			}
		},
		{
			"from": [7.35, 14.1, 3.85],
			"to": [8.15, 14.9, 4.65],
			"shade": false,
			"rotation": {"angle": 0, "axis": "y", "origin": [8, 11.3, 4.75]},
			"faces": {
				"north": {"uv": [0, 14, 2, 16], "rotation": 90, "texture": "#1"},
				"east": {"uv": [0, 14, 2, 16], "rotation": 180, "texture": "#1"},
				"south": {"uv": [0, 14, 2, 16], "rotation": 270, "texture": "#1"},
				"west": {"uv": [0, 14, 2, 16], "texture": "#1"},
				"up": {"uv": [0, 14, 2, 16], "rotation": 270, "texture": "#1"},
				"down": {"uv": [0, 14, 2, 16], "rotation": 270, "texture": "#1"}
			}
		},
		{
			"from": [8.5, 15.25, 5],
			"to": [7, 13.75, 3.5],
			"shade": false,
			"rotation": {"angle": 0, "axis": "y", "origin": [8, 11.3, 4.75]},
			"faces": {
				"north": {"uv": [2, 14, 4, 16], "rotation": 90, "texture": "#1"},
				"east": {"uv": [2, 14, 4, 16], "rotation": 180, "texture": "#1"},
				"south": {"uv": [2, 14, 4, 16], "rotation": 270, "texture": "#1"},
				"west": {"uv": [2, 14, 4, 16], "texture": "#1"},
				"up": {"uv": [2, 14, 4, 16], "rotation": 270, "texture": "#1"},
				"down": {"uv": [2, 14, 4, 16], "rotation": 270, "texture": "#1"}
			}
		},
		{
			"from": [6.3, 14.05, 3.8],
			"to": [7.2, 14.95, 4.7],
			"shade": false,
			"rotation": {"angle": 0, "axis": "y", "origin": [8, 11.3, 4.75]},
			"faces": {
				"north": {"uv": [0, 12, 2, 14], "rotation": 90, "texture": "#1"},
				"east": {"uv": [0, 12, 2, 14], "rotation": 180, "texture": "#1"},
				"south": {"uv": [0, 12, 2, 14], "rotation": 270, "texture": "#1"},
				"west": {"uv": [0, 12, 2, 14], "texture": "#1"},
				"up": {"uv": [0, 12, 2, 14], "rotation": 270, "texture": "#1"},
				"down": {"uv": [0, 12, 2, 14], "rotation": 270, "texture": "#1"}
			}
		},
		{
			"from": [7.5, 15.25, 5],
			"to": [6, 13.75, 3.5],
			"shade": false,
			"rotation": {"angle": 0, "axis": "y", "origin": [8, 11.3, 4.75]},
			"faces": {
				"north": {"uv": [2, 12, 4, 14], "rotation": 90, "texture": "#1"},
				"east": {"uv": [2, 12, 4, 14], "rotation": 180, "texture": "#1"},
				"south": {"uv": [2, 12, 4, 14], "rotation": 270, "texture": "#1"},
				"west": {"uv": [2, 12, 4, 14], "texture": "#1"},
				"up": {"uv": [2, 12, 4, 14], "rotation": 270, "texture": "#1"},
				"down": {"uv": [2, 12, 4, 14], "rotation": 270, "texture": "#1"}
			}
		},
		{
			"from": [5.25, 14, 3.75],
			"to": [6.25, 15, 4.75],
			"shade": false,
			"rotation": {"angle": 0, "axis": "y", "origin": [8, 11.3, 4.75]},
			"faces": {
				"north": {"uv": [0, 10, 2, 12], "rotation": 90, "texture": "#1"},
				"east": {"uv": [0, 10, 2, 12], "rotation": 180, "texture": "#1"},
				"south": {"uv": [0, 10, 2, 12], "rotation": 270, "texture": "#1"},
				"west": {"uv": [0, 10, 2, 12], "texture": "#1"},
				"up": {"uv": [0, 10, 2, 12], "rotation": 270, "texture": "#1"},
				"down": {"uv": [0, 10, 2, 12], "rotation": 270, "texture": "#1"}
			}
		},
		{
			"from": [6.5, 15.25, 5],
			"to": [5, 13.75, 3.5],
			"shade": false,
			"rotation": {"angle": 0, "axis": "y", "origin": [8, 11.3, 4.75]},
			"faces": {
				"north": {"uv": [2, 10, 4, 12], "rotation": 90, "texture": "#1"},
				"east": {"uv": [2, 10, 4, 12], "rotation": 180, "texture": "#1"},
				"south": {"uv": [2, 10, 4, 12], "rotation": 270, "texture": "#1"},
				"west": {"uv": [2, 10, 4, 12], "texture": "#1"},
				"up": {"uv": [2, 10, 4, 12], "rotation": 270, "texture": "#1"},
				"down": {"uv": [2, 10, 4, 12], "rotation": 270, "texture": "#1"}
			}
		},
		{
			"from": [4.25, 14, 3.75],
			"to": [5.25, 15, 4.75],
			"shade": false,
			"rotation": {"angle": 0, "axis": "y", "origin": [8, 11.3, 4.75]},
			"faces": {
				"north": {"uv": [0, 8, 2, 10], "rotation": 90, "texture": "#1"},
				"east": {"uv": [0, 8, 2, 10], "rotation": 180, "texture": "#1"},
				"south": {"uv": [0, 8, 2, 10], "rotation": 270, "texture": "#1"},
				"west": {"uv": [0, 8, 2, 10], "texture": "#1"},
				"up": {"uv": [0, 8, 2, 10], "rotation": 270, "texture": "#1"},
				"down": {"uv": [0, 8, 2, 10], "rotation": 270, "texture": "#1"}
			}
		},
		{
			"from": [5.5, 15.25, 5],
			"to": [4, 13.75, 3.5],
			"shade": false,
			"rotation": {"angle": 0, "axis": "y", "origin": [8, 11.3, 4.75]},
			"faces": {
				"north": {"uv": [2, 8, 4, 10], "rotation": 90, "texture": "#1"},
				"east": {"uv": [2, 8, 4, 10], "rotation": 180, "texture": "#1"},
				"south": {"uv": [2, 8, 4, 10], "rotation": 270, "texture": "#1"},
				"west": {"uv": [2, 8, 4, 10], "texture": "#1"},
				"up": {"uv": [2, 8, 4, 10], "rotation": 270, "texture": "#1"},
				"down": {"uv": [2, 8, 4, 10], "rotation": 270, "texture": "#1"}
			}
		},
		{
			"from": [3.25, 14, 3.75],
			"to": [4.25, 15, 4.75],
			"shade": false,
			"rotation": {"angle": 0, "axis": "y", "origin": [8, 11.3, 4.75]},
			"faces": {
				"north": {"uv": [0, 6, 2, 8], "rotation": 90, "texture": "#1"},
				"east": {"uv": [0, 6, 2, 8], "rotation": 180, "texture": "#1"},
				"south": {"uv": [0, 6, 2, 8], "rotation": 270, "texture": "#1"},
				"west": {"uv": [0, 6, 2, 8], "texture": "#1"},
				"up": {"uv": [0, 6, 2, 8], "rotation": 270, "texture": "#1"},
				"down": {"uv": [0, 6, 2, 8], "rotation": 270, "texture": "#1"}
			}
		},
		{
			"from": [4.5, 15.25, 5],
			"to": [3, 13.75, 3.5],
			"shade": false,
			"rotation": {"angle": 0, "axis": "y", "origin": [8, 11.3, 4.75]},
			"faces": {
				"north": {"uv": [2, 6, 4, 8], "rotation": 90, "texture": "#1"},
				"east": {"uv": [2, 6, 4, 8], "rotation": 180, "texture": "#1"},
				"south": {"uv": [2, 6, 4, 8], "rotation": 270, "texture": "#1"},
				"west": {"uv": [2, 6, 4, 8], "texture": "#1"},
				"up": {"uv": [2, 6, 4, 8], "rotation": 270, "texture": "#1"},
				"down": {"uv": [2, 6, 4, 8], "rotation": 270, "texture": "#1"}
			}
		},
		{
			"from": [2.3, 14.05, 3.8],
			"to": [3.2, 14.95, 4.7],
			"shade": false,
			"rotation": {"angle": 0, "axis": "y", "origin": [8, 11.3, 4.75]},
			"faces": {
				"north": {"uv": [0, 4, 2, 6], "rotation": 90, "texture": "#1"},
				"east": {"uv": [0, 4, 2, 6], "rotation": 180, "texture": "#1"},
				"south": {"uv": [0, 4, 2, 6], "rotation": 270, "texture": "#1"},
				"west": {"uv": [0, 4, 2, 6], "texture": "#1"},
				"up": {"uv": [0, 4, 2, 6], "rotation": 270, "texture": "#1"},
				"down": {"uv": [0, 4, 2, 6], "rotation": 270, "texture": "#1"}
			}
		},
		{
			"from": [3.5, 15.25, 5],
			"to": [2, 13.75, 3.5],
			"shade": false,
			"rotation": {"angle": 0, "axis": "y", "origin": [8, 11.3, 4.75]},
			"faces": {
				"north": {"uv": [2, 4, 4, 6], "rotation": 90, "texture": "#1"},
				"east": {"uv": [2, 4, 4, 6], "rotation": 180, "texture": "#1"},
				"south": {"uv": [2, 4, 4, 6], "rotation": 270, "texture": "#1"},
				"west": {"uv": [2, 4, 4, 6], "texture": "#1"},
				"up": {"uv": [2, 4, 4, 6], "rotation": 270, "texture": "#1"},
				"down": {"uv": [2, 4, 4, 6], "rotation": 270, "texture": "#1"}
			}
		},
		{
			"from": [1.35, 14.1, 3.85],
			"to": [2.15, 14.9, 4.65],
			"shade": false,
			"rotation": {"angle": 0, "axis": "y", "origin": [8, 11.3, 4.75]},
			"faces": {
				"north": {"uv": [0, 2, 2, 4], "rotation": 90, "texture": "#1"},
				"east": {"uv": [0, 2, 2, 4], "rotation": 180, "texture": "#1"},
				"south": {"uv": [0, 2, 2, 4], "rotation": 270, "texture": "#1"},
				"west": {"uv": [0, 2, 2, 4], "texture": "#1"},
				"up": {"uv": [0, 2, 2, 4], "rotation": 270, "texture": "#1"},
				"down": {"uv": [0, 2, 2, 4], "rotation": 270, "texture": "#1"}
			}
		},
		{
			"from": [2.5, 15.25, 5],
			"to": [1, 13.75, 3.5],
			"shade": false,
			"rotation": {"angle": 0, "axis": "y", "origin": [8, 11.3, 4.75]},
			"faces": {
				"north": {"uv": [2, 2, 4, 4], "rotation": 90, "texture": "#1"},
				"east": {"uv": [2, 2, 4, 4], "rotation": 180, "texture": "#1"},
				"south": {"uv": [2, 2, 4, 4], "rotation": 270, "texture": "#1"},
				"west": {"uv": [2, 2, 4, 4], "texture": "#1"},
				"up": {"uv": [2, 2, 4, 4], "rotation": 270, "texture": "#1"},
				"down": {"uv": [2, 2, 4, 4], "rotation": 270, "texture": "#1"}
			}
		},
		{
			"from": [6.35, 12.1, 6.35],
			"to": [7.15, 12.9, 7.15],
			"shade": false,
			"rotation": {"angle": 0, "axis": "y", "origin": [8, 11.3, 4.75]},
			"faces": {
				"north": {"uv": [4, 14, 6, 16], "rotation": 90, "texture": "#1"},
				"east": {"uv": [4, 14, 6, 16], "rotation": 180, "texture": "#1"},
				"south": {"uv": [4, 14, 6, 16], "rotation": 270, "texture": "#1"},
				"west": {"uv": [4, 14, 6, 16], "texture": "#1"},
				"up": {"uv": [4, 14, 6, 16], "rotation": 270, "texture": "#1"},
				"down": {"uv": [4, 14, 6, 16], "rotation": 270, "texture": "#1"}
			}
		},
		{
			"from": [7.5, 13.25, 7.5],
			"to": [6, 11.75, 6],
			"shade": false,
			"rotation": {"angle": 0, "axis": "y", "origin": [8, 11.3, 4.75]},
			"faces": {
				"north": {"uv": [6, 14, 8, 16], "rotation": 90, "texture": "#1"},
				"east": {"uv": [6, 14, 8, 16], "rotation": 180, "texture": "#1"},
				"south": {"uv": [6, 14, 8, 16], "rotation": 270, "texture": "#1"},
				"west": {"uv": [6, 14, 8, 16], "texture": "#1"},
				"up": {"uv": [6, 14, 8, 16], "rotation": 270, "texture": "#1"},
				"down": {"uv": [6, 14, 8, 16], "rotation": 270, "texture": "#1"}
			}
		},
		{
			"from": [5.3, 12.05, 6.3],
			"to": [6.2, 12.95, 7.2],
			"shade": false,
			"rotation": {"angle": 0, "axis": "y", "origin": [8, 11.3, 4.75]},
			"faces": {
				"north": {"uv": [4, 12, 6, 14], "rotation": 90, "texture": "#1"},
				"east": {"uv": [4, 12, 6, 14], "rotation": 180, "texture": "#1"},
				"south": {"uv": [4, 12, 6, 14], "rotation": 270, "texture": "#1"},
				"west": {"uv": [4, 12, 6, 14], "texture": "#1"},
				"up": {"uv": [4, 12, 6, 14], "rotation": 270, "texture": "#1"},
				"down": {"uv": [4, 12, 6, 14], "rotation": 270, "texture": "#1"}
			}
		},
		{
			"from": [6.5, 13.25, 7.5],
			"to": [5, 11.75, 6],
			"shade": false,
			"rotation": {"angle": 0, "axis": "y", "origin": [8, 11.3, 4.75]},
			"faces": {
				"north": {"uv": [6, 12, 8, 14], "rotation": 90, "texture": "#1"},
				"east": {"uv": [6, 12, 8, 14], "rotation": 180, "texture": "#1"},
				"south": {"uv": [6, 12, 8, 14], "rotation": 270, "texture": "#1"},
				"west": {"uv": [6, 12, 8, 14], "texture": "#1"},
				"up": {"uv": [6, 12, 8, 14], "rotation": 270, "texture": "#1"},
				"down": {"uv": [6, 12, 8, 14], "rotation": 270, "texture": "#1"}
			}
		},
		{
			"from": [4.25, 12, 6.25],
			"to": [5.25, 13, 7.25],
			"shade": false,
			"rotation": {"angle": 0, "axis": "y", "origin": [8, 11.3, 4.75]},
			"faces": {
				"north": {"uv": [4, 10, 6, 12], "rotation": 90, "texture": "#1"},
				"east": {"uv": [4, 10, 6, 12], "rotation": 180, "texture": "#1"},
				"south": {"uv": [4, 10, 6, 12], "rotation": 270, "texture": "#1"},
				"west": {"uv": [4, 10, 6, 12], "texture": "#1"},
				"up": {"uv": [4, 10, 6, 12], "rotation": 270, "texture": "#1"},
				"down": {"uv": [4, 10, 6, 12], "rotation": 270, "texture": "#1"}
			}
		},
		{
			"from": [5.5, 13.25, 7.5],
			"to": [4, 11.75, 6],
			"shade": false,
			"rotation": {"angle": 0, "axis": "y", "origin": [8, 11.3, 4.75]},
			"faces": {
				"north": {"uv": [6, 10, 8, 12], "rotation": 90, "texture": "#1"},
				"east": {"uv": [6, 10, 8, 12], "rotation": 180, "texture": "#1"},
				"south": {"uv": [6, 10, 8, 12], "rotation": 270, "texture": "#1"},
				"west": {"uv": [6, 10, 8, 12], "texture": "#1"},
				"up": {"uv": [6, 10, 8, 12], "rotation": 270, "texture": "#1"},
				"down": {"uv": [6, 10, 8, 12], "rotation": 270, "texture": "#1"}
			}
		},
		{
			"from": [3.25, 12, 6.25],
			"to": [4.25, 13, 7.25],
			"shade": false,
			"rotation": {"angle": 0, "axis": "y", "origin": [8, 11.3, 4.75]},
			"faces": {
				"north": {"uv": [4, 8, 6, 10], "rotation": 90, "texture": "#1"},
				"east": {"uv": [4, 8, 6, 10], "rotation": 180, "texture": "#1"},
				"south": {"uv": [4, 8, 6, 10], "rotation": 270, "texture": "#1"},
				"west": {"uv": [4, 8, 6, 10], "texture": "#1"},
				"up": {"uv": [4, 8, 6, 10], "rotation": 270, "texture": "#1"},
				"down": {"uv": [4, 8, 6, 10], "rotation": 270, "texture": "#1"}
			}
		},
		{
			"from": [4.5, 13.25, 7.5],
			"to": [3, 11.75, 6],
			"shade": false,
			"rotation": {"angle": 0, "axis": "y", "origin": [8, 11.3, 4.75]},
			"faces": {
				"north": {"uv": [6, 8, 8, 10], "rotation": 90, "texture": "#1"},
				"east": {"uv": [6, 8, 8, 10], "rotation": 180, "texture": "#1"},
				"south": {"uv": [6, 8, 8, 10], "rotation": 270, "texture": "#1"},
				"west": {"uv": [6, 8, 8, 10], "texture": "#1"},
				"up": {"uv": [6, 8, 8, 10], "rotation": 270, "texture": "#1"},
				"down": {"uv": [6, 8, 8, 10], "rotation": 270, "texture": "#1"}
			}
		},
		{
			"from": [2.25, 12, 6.25],
			"to": [3.25, 13, 7.25],
			"shade": false,
			"rotation": {"angle": 0, "axis": "y", "origin": [8, 11.3, 4.75]},
			"faces": {
				"north": {"uv": [4, 6, 6, 8], "rotation": 90, "texture": "#1"},
				"east": {"uv": [4, 6, 6, 8], "rotation": 180, "texture": "#1"},
				"south": {"uv": [4, 6, 6, 8], "rotation": 270, "texture": "#1"},
				"west": {"uv": [4, 6, 6, 8], "texture": "#1"},
				"up": {"uv": [4, 6, 6, 8], "rotation": 270, "texture": "#1"},
				"down": {"uv": [4, 6, 6, 8], "rotation": 270, "texture": "#1"}
			}
		},
		{
			"from": [3.5, 13.25, 7.5],
			"to": [2, 11.75, 6],
			"shade": false,
			"rotation": {"angle": 0, "axis": "y", "origin": [8, 11.3, 4.75]},
			"faces": {
				"north": {"uv": [6, 6, 8, 8], "rotation": 90, "texture": "#1"},
				"east": {"uv": [6, 6, 8, 8], "rotation": 180, "texture": "#1"},
				"south": {"uv": [6, 6, 8, 8], "rotation": 270, "texture": "#1"},
				"west": {"uv": [6, 6, 8, 8], "texture": "#1"},
				"up": {"uv": [6, 6, 8, 8], "rotation": 270, "texture": "#1"},
				"down": {"uv": [6, 6, 8, 8], "rotation": 270, "texture": "#1"}
			}
		},
		{
			"from": [1.3, 12.05, 6.3],
			"to": [2.2, 12.95, 7.2],
			"shade": false,
			"rotation": {"angle": 0, "axis": "y", "origin": [8, 11.3, 4.75]},
			"faces": {
				"north": {"uv": [4, 4, 6, 6], "rotation": 90, "texture": "#1"},
				"east": {"uv": [4, 4, 6, 6], "rotation": 180, "texture": "#1"},
				"south": {"uv": [4, 4, 6, 6], "rotation": 270, "texture": "#1"},
				"west": {"uv": [4, 4, 6, 6], "texture": "#1"},
				"up": {"uv": [4, 4, 6, 6], "rotation": 270, "texture": "#1"},
				"down": {"uv": [4, 4, 6, 6], "rotation": 270, "texture": "#1"}
			}
		},
		{
			"from": [2.5, 13.25, 7.5],
			"to": [1, 11.75, 6],
			"shade": false,
			"rotation": {"angle": 0, "axis": "y", "origin": [8, 11.3, 4.75]},
			"faces": {
				"north": {"uv": [6, 4, 8, 6], "rotation": 90, "texture": "#1"},
				"east": {"uv": [6, 4, 8, 6], "rotation": 180, "texture": "#1"},
				"south": {"uv": [6, 4, 8, 6], "rotation": 270, "texture": "#1"},
				"west": {"uv": [6, 4, 8, 6], "texture": "#1"},
				"up": {"uv": [6, 4, 8, 6], "rotation": 270, "texture": "#1"},
				"down": {"uv": [6, 4, 8, 6], "rotation": 270, "texture": "#1"}
			}
		},
		{
			"from": [0.35, 12.1, 6.35],
			"to": [1.15, 12.9, 7.15],
			"shade": false,
			"rotation": {"angle": 0, "axis": "y", "origin": [8, 11.3, 4.75]},
			"faces": {
				"north": {"uv": [4, 2, 6, 4], "rotation": 90, "texture": "#1"},
				"east": {"uv": [4, 2, 6, 4], "rotation": 180, "texture": "#1"},
				"south": {"uv": [4, 2, 6, 4], "rotation": 270, "texture": "#1"},
				"west": {"uv": [4, 2, 6, 4], "texture": "#1"},
				"up": {"uv": [4, 2, 6, 4], "rotation": 270, "texture": "#1"},
				"down": {"uv": [4, 2, 6, 4], "rotation": 270, "texture": "#1"}
			}
		},
		{
			"from": [1.5, 13.25, 7.5],
			"to": [0, 11.75, 6],
			"shade": false,
			"rotation": {"angle": 0, "axis": "y", "origin": [8, 11.3, 4.75]},
			"faces": {
				"north": {"uv": [6, 2, 8, 4], "rotation": 90, "texture": "#1"},
				"east": {"uv": [6, 2, 8, 4], "rotation": 180, "texture": "#1"},
				"south": {"uv": [6, 2, 8, 4], "rotation": 270, "texture": "#1"},
				"west": {"uv": [6, 2, 8, 4], "texture": "#1"},
				"up": {"uv": [6, 2, 8, 4], "rotation": 270, "texture": "#1"},
				"down": {"uv": [6, 2, 8, 4], "rotation": 270, "texture": "#1"}
			}
		},
		{
			"from": [6.35, 10.1, 2.35],
			"to": [7.15, 10.9, 3.15],
			"shade": false,
			"rotation": {"angle": 0, "axis": "y", "origin": [8, 11.3, 4.75]},
			"faces": {
				"north": {"uv": [0, 14, 2, 16], "rotation": 90, "texture": "#1"},
				"east": {"uv": [0, 14, 2, 16], "rotation": 180, "texture": "#1"},
				"south": {"uv": [0, 14, 2, 16], "rotation": 270, "texture": "#1"},
				"west": {"uv": [0, 14, 2, 16], "texture": "#1"},
				"up": {"uv": [0, 14, 2, 16], "rotation": 270, "texture": "#1"},
				"down": {"uv": [0, 14, 2, 16], "rotation": 270, "texture": "#1"}
			}
		},
		{
			"from": [7.5, 11.25, 3.5],
			"to": [6, 9.75, 2],
			"shade": false,
			"rotation": {"angle": 0, "axis": "y", "origin": [8, 11.3, 4.75]},
			"faces": {
				"north": {"uv": [2, 14, 4, 16], "rotation": 90, "texture": "#1"},
				"east": {"uv": [2, 14, 4, 16], "rotation": 180, "texture": "#1"},
				"south": {"uv": [2, 14, 4, 16], "rotation": 270, "texture": "#1"},
				"west": {"uv": [2, 14, 4, 16], "texture": "#1"},
				"up": {"uv": [2, 14, 4, 16], "rotation": 270, "texture": "#1"},
				"down": {"uv": [2, 14, 4, 16], "rotation": 270, "texture": "#1"}
			}
		},
		{
			"from": [5.3, 10.05, 2.3],
			"to": [6.2, 10.95, 3.2],
			"shade": false,
			"rotation": {"angle": 0, "axis": "y", "origin": [8, 11.3, 4.75]},
			"faces": {
				"north": {"uv": [0, 12, 2, 14], "rotation": 90, "texture": "#1"},
				"east": {"uv": [0, 12, 2, 14], "rotation": 180, "texture": "#1"},
				"south": {"uv": [0, 12, 2, 14], "rotation": 270, "texture": "#1"},
				"west": {"uv": [0, 12, 2, 14], "texture": "#1"},
				"up": {"uv": [0, 12, 2, 14], "rotation": 270, "texture": "#1"},
				"down": {"uv": [0, 12, 2, 14], "rotation": 270, "texture": "#1"}
			}
		},
		{
			"from": [6.5, 11.25, 3.5],
			"to": [5, 9.75, 2],
			"shade": false,
			"rotation": {"angle": 0, "axis": "y", "origin": [8, 11.3, 4.75]},
			"faces": {
				"north": {"uv": [2, 12, 4, 14], "rotation": 90, "texture": "#1"},
				"east": {"uv": [2, 12, 4, 14], "rotation": 180, "texture": "#1"},
				"south": {"uv": [2, 12, 4, 14], "rotation": 270, "texture": "#1"},
				"west": {"uv": [2, 12, 4, 14], "texture": "#1"},
				"up": {"uv": [2, 12, 4, 14], "rotation": 270, "texture": "#1"},
				"down": {"uv": [2, 12, 4, 14], "rotation": 270, "texture": "#1"}
			}
		},
		{
			"from": [4.25, 10, 2.25],
			"to": [5.25, 11, 3.25],
			"shade": false,
			"rotation": {"angle": 0, "axis": "y", "origin": [8, 11.3, 4.75]},
			"faces": {
				"north": {"uv": [0, 10, 2, 12], "rotation": 90, "texture": "#1"},
				"east": {"uv": [0, 10, 2, 12], "rotation": 180, "texture": "#1"},
				"south": {"uv": [0, 10, 2, 12], "rotation": 270, "texture": "#1"},
				"west": {"uv": [0, 10, 2, 12], "texture": "#1"},
				"up": {"uv": [0, 10, 2, 12], "rotation": 270, "texture": "#1"},
				"down": {"uv": [0, 10, 2, 12], "rotation": 270, "texture": "#1"}
			}
		},
		{
			"from": [5.5, 11.25, 3.5],
			"to": [4, 9.75, 2],
			"shade": false,
			"rotation": {"angle": 0, "axis": "y", "origin": [8, 11.3, 4.75]},
			"faces": {
				"north": {"uv": [2, 10, 4, 12], "rotation": 90, "texture": "#1"},
				"east": {"uv": [2, 10, 4, 12], "rotation": 180, "texture": "#1"},
				"south": {"uv": [2, 10, 4, 12], "rotation": 270, "texture": "#1"},
				"west": {"uv": [2, 10, 4, 12], "texture": "#1"},
				"up": {"uv": [2, 10, 4, 12], "rotation": 270, "texture": "#1"},
				"down": {"uv": [2, 10, 4, 12], "rotation": 270, "texture": "#1"}
			}
		},
		{
			"from": [3.25, 10, 2.25],
			"to": [4.25, 11, 3.25],
			"shade": false,
			"rotation": {"angle": 0, "axis": "y", "origin": [8, 11.3, 4.75]},
			"faces": {
				"north": {"uv": [0, 8, 2, 10], "rotation": 90, "texture": "#1"},
				"east": {"uv": [0, 8, 2, 10], "rotation": 180, "texture": "#1"},
				"south": {"uv": [0, 8, 2, 10], "rotation": 270, "texture": "#1"},
				"west": {"uv": [0, 8, 2, 10], "texture": "#1"},
				"up": {"uv": [0, 8, 2, 10], "rotation": 270, "texture": "#1"},
				"down": {"uv": [0, 8, 2, 10], "rotation": 270, "texture": "#1"}
			}
		},
		{
			"from": [4.5, 11.25, 3.5],
			"to": [3, 9.75, 2],
			"shade": false,
			"rotation": {"angle": 0, "axis": "y", "origin": [8, 11.3, 4.75]},
			"faces": {
				"north": {"uv": [2, 8, 4, 10], "rotation": 90, "texture": "#1"},
				"east": {"uv": [2, 8, 4, 10], "rotation": 180, "texture": "#1"},
				"south": {"uv": [2, 8, 4, 10], "rotation": 270, "texture": "#1"},
				"west": {"uv": [2, 8, 4, 10], "texture": "#1"},
				"up": {"uv": [2, 8, 4, 10], "rotation": 270, "texture": "#1"},
				"down": {"uv": [2, 8, 4, 10], "rotation": 270, "texture": "#1"}
			}
		},
		{
			"from": [2.25, 10, 2.25],
			"to": [3.25, 11, 3.25],
			"shade": false,
			"rotation": {"angle": 0, "axis": "y", "origin": [8, 11.3, 4.75]},
			"faces": {
				"north": {"uv": [0, 6, 2, 8], "rotation": 90, "texture": "#1"},
				"east": {"uv": [0, 6, 2, 8], "rotation": 180, "texture": "#1"},
				"south": {"uv": [0, 6, 2, 8], "rotation": 270, "texture": "#1"},
				"west": {"uv": [0, 6, 2, 8], "texture": "#1"},
				"up": {"uv": [0, 6, 2, 8], "rotation": 270, "texture": "#1"},
				"down": {"uv": [0, 6, 2, 8], "rotation": 270, "texture": "#1"}
			}
		},
		{
			"from": [3.5, 11.25, 3.5],
			"to": [2, 9.75, 2],
			"shade": false,
			"rotation": {"angle": 0, "axis": "y", "origin": [8, 11.3, 4.75]},
			"faces": {
				"north": {"uv": [2, 6, 4, 8], "rotation": 90, "texture": "#1"},
				"east": {"uv": [2, 6, 4, 8], "rotation": 180, "texture": "#1"},
				"south": {"uv": [2, 6, 4, 8], "rotation": 270, "texture": "#1"},
				"west": {"uv": [2, 6, 4, 8], "texture": "#1"},
				"up": {"uv": [2, 6, 4, 8], "rotation": 270, "texture": "#1"},
				"down": {"uv": [2, 6, 4, 8], "rotation": 270, "texture": "#1"}
			}
		},
		{
			"from": [1.3, 10.05, 2.3],
			"to": [2.2, 10.95, 3.2],
			"shade": false,
			"rotation": {"angle": 0, "axis": "y", "origin": [8, 11.3, 4.75]},
			"faces": {
				"north": {"uv": [0, 4, 2, 6], "rotation": 90, "texture": "#1"},
				"east": {"uv": [0, 4, 2, 6], "rotation": 180, "texture": "#1"},
				"south": {"uv": [0, 4, 2, 6], "rotation": 270, "texture": "#1"},
				"west": {"uv": [0, 4, 2, 6], "texture": "#1"},
				"up": {"uv": [0, 4, 2, 6], "rotation": 270, "texture": "#1"},
				"down": {"uv": [0, 4, 2, 6], "rotation": 270, "texture": "#1"}
			}
		},
		{
			"from": [2.5, 11.25, 3.5],
			"to": [1, 9.75, 2],
			"shade": false,
			"rotation": {"angle": 0, "axis": "y", "origin": [8, 11.3, 4.75]},
			"faces": {
				"north": {"uv": [2, 4, 4, 6], "rotation": 90, "texture": "#1"},
				"east": {"uv": [2, 4, 4, 6], "rotation": 180, "texture": "#1"},
				"south": {"uv": [2, 4, 4, 6], "rotation": 270, "texture": "#1"},
				"west": {"uv": [2, 4, 4, 6], "texture": "#1"},
				"up": {"uv": [2, 4, 4, 6], "rotation": 270, "texture": "#1"},
				"down": {"uv": [2, 4, 4, 6], "rotation": 270, "texture": "#1"}
			}
		},
		{
			"from": [0.35, 10.1, 2.35],
			"to": [1.15, 10.9, 3.15],
			"shade": false,
			"rotation": {"angle": 0, "axis": "y", "origin": [8, 11.3, 4.75]},
			"faces": {
				"north": {"uv": [0, 2, 2, 4], "rotation": 90, "texture": "#1"},
				"east": {"uv": [0, 2, 2, 4], "rotation": 180, "texture": "#1"},
				"south": {"uv": [0, 2, 2, 4], "rotation": 270, "texture": "#1"},
				"west": {"uv": [0, 2, 2, 4], "texture": "#1"},
				"up": {"uv": [0, 2, 2, 4], "rotation": 270, "texture": "#1"},
				"down": {"uv": [0, 2, 2, 4], "rotation": 270, "texture": "#1"}
			}
		},
		{
			"from": [1.5, 11.25, 3.5],
			"to": [0, 9.75, 2],
			"shade": false,
			"rotation": {"angle": 0, "axis": "y", "origin": [8, 11.3, 4.75]},
			"faces": {
				"north": {"uv": [2, 2, 4, 4], "rotation": 90, "texture": "#1"},
				"east": {"uv": [2, 2, 4, 4], "rotation": 180, "texture": "#1"},
				"south": {"uv": [2, 2, 4, 4], "rotation": 270, "texture": "#1"},
				"west": {"uv": [2, 2, 4, 4], "texture": "#1"},
				"up": {"uv": [2, 2, 4, 4], "rotation": 270, "texture": "#1"},
				"down": {"uv": [2, 2, 4, 4], "rotation": 270, "texture": "#1"}
			}
		},
		{
			"from": [6.35, 7.1, 5.85],
			"to": [7.15, 7.9, 6.65],
			"shade": false,
			"rotation": {"angle": 0, "axis": "y", "origin": [8, 11.3, 4.75]},
			"faces": {
				"north": {"uv": [8, 14, 10, 16], "rotation": 90, "texture": "#1"},
				"east": {"uv": [8, 14, 10, 16], "rotation": 180, "texture": "#1"},
				"south": {"uv": [8, 14, 10, 16], "rotation": 270, "texture": "#1"},
				"west": {"uv": [8, 14, 10, 16], "texture": "#1"},
				"up": {"uv": [8, 14, 10, 16], "rotation": 270, "texture": "#1"},
				"down": {"uv": [8, 14, 10, 16], "rotation": 270, "texture": "#1"}
			}
		},
		{
			"from": [7.5, 8.25, 7],
			"to": [6, 6.75, 5.5],
			"shade": false,
			"rotation": {"angle": 0, "axis": "y", "origin": [8, 11.3, 4.75]},
			"faces": {
				"north": {"uv": [10, 14, 12, 16], "rotation": 90, "texture": "#1"},
				"east": {"uv": [10, 14, 12, 16], "rotation": 180, "texture": "#1"},
				"south": {"uv": [10, 14, 12, 16], "rotation": 270, "texture": "#1"},
				"west": {"uv": [10, 14, 12, 16], "texture": "#1"},
				"up": {"uv": [10, 14, 12, 16], "rotation": 270, "texture": "#1"},
				"down": {"uv": [10, 14, 12, 16], "rotation": 270, "texture": "#1"}
			}
		},
		{
			"from": [5.3, 7.05, 5.8],
			"to": [6.2, 7.95, 6.7],
			"shade": false,
			"rotation": {"angle": 0, "axis": "y", "origin": [8, 11.3, 4.75]},
			"faces": {
				"north": {"uv": [8, 12, 10, 14], "rotation": 90, "texture": "#1"},
				"east": {"uv": [8, 12, 10, 14], "rotation": 180, "texture": "#1"},
				"south": {"uv": [8, 12, 10, 14], "rotation": 270, "texture": "#1"},
				"west": {"uv": [8, 12, 10, 14], "texture": "#1"},
				"up": {"uv": [8, 12, 10, 14], "rotation": 270, "texture": "#1"},
				"down": {"uv": [8, 12, 10, 14], "rotation": 270, "texture": "#1"}
			}
		},
		{
			"from": [6.5, 8.25, 7],
			"to": [5, 6.75, 5.5],
			"shade": false,
			"rotation": {"angle": 0, "axis": "y", "origin": [8, 11.3, 4.75]},
			"faces": {
				"north": {"uv": [10, 12, 12, 14], "rotation": 90, "texture": "#1"},
				"east": {"uv": [10, 12, 12, 14], "rotation": 180, "texture": "#1"},
				"south": {"uv": [10, 12, 12, 14], "rotation": 270, "texture": "#1"},
				"west": {"uv": [10, 12, 12, 14], "texture": "#1"},
				"up": {"uv": [10, 12, 12, 14], "rotation": 270, "texture": "#1"},
				"down": {"uv": [10, 12, 12, 14], "rotation": 270, "texture": "#1"}
			}
		},
		{
			"from": [4.25, 7, 5.75],
			"to": [5.25, 8, 6.75],
			"shade": false,
			"rotation": {"angle": 0, "axis": "y", "origin": [8, 11.3, 4.75]},
			"faces": {
				"north": {"uv": [8, 10, 10, 12], "rotation": 90, "texture": "#1"},
				"east": {"uv": [8, 10, 10, 12], "rotation": 180, "texture": "#1"},
				"south": {"uv": [8, 10, 10, 12], "rotation": 270, "texture": "#1"},
				"west": {"uv": [8, 10, 10, 12], "texture": "#1"},
				"up": {"uv": [8, 10, 10, 12], "rotation": 270, "texture": "#1"},
				"down": {"uv": [8, 10, 10, 12], "rotation": 270, "texture": "#1"}
			}
		},
		{
			"from": [5.5, 8.25, 7],
			"to": [4, 6.75, 5.5],
			"shade": false,
			"rotation": {"angle": 0, "axis": "y", "origin": [8, 11.3, 4.75]},
			"faces": {
				"north": {"uv": [10, 10, 12, 12], "rotation": 90, "texture": "#1"},
				"east": {"uv": [10, 10, 12, 12], "rotation": 180, "texture": "#1"},
				"south": {"uv": [10, 10, 12, 12], "rotation": 270, "texture": "#1"},
				"west": {"uv": [10, 10, 12, 12], "texture": "#1"},
				"up": {"uv": [10, 10, 12, 12], "rotation": 270, "texture": "#1"},
				"down": {"uv": [10, 10, 12, 12], "rotation": 270, "texture": "#1"}
			}
		},
		{
			"from": [3.25, 7, 5.75],
			"to": [4.25, 8, 6.75],
			"shade": false,
			"rotation": {"angle": 0, "axis": "y", "origin": [8, 11.3, 4.75]},
			"faces": {
				"north": {"uv": [8, 8, 10, 10], "rotation": 90, "texture": "#1"},
				"east": {"uv": [8, 8, 10, 10], "rotation": 180, "texture": "#1"},
				"south": {"uv": [8, 8, 10, 10], "rotation": 270, "texture": "#1"},
				"west": {"uv": [8, 8, 10, 10], "texture": "#1"},
				"up": {"uv": [8, 8, 10, 10], "rotation": 270, "texture": "#1"},
				"down": {"uv": [8, 8, 10, 10], "rotation": 270, "texture": "#1"}
			}
		},
		{
			"from": [4.5, 8.25, 7],
			"to": [3, 6.75, 5.5],
			"shade": false,
			"rotation": {"angle": 0, "axis": "y", "origin": [8, 11.3, 4.75]},
			"faces": {
				"north": {"uv": [10, 8, 12, 10], "rotation": 90, "texture": "#1"},
				"east": {"uv": [10, 8, 12, 10], "rotation": 180, "texture": "#1"},
				"south": {"uv": [10, 8, 12, 10], "rotation": 270, "texture": "#1"},
				"west": {"uv": [10, 8, 12, 10], "texture": "#1"},
				"up": {"uv": [10, 8, 12, 10], "rotation": 270, "texture": "#1"},
				"down": {"uv": [10, 8, 12, 10], "rotation": 270, "texture": "#1"}
			}
		},
		{
			"from": [2.25, 7, 5.75],
			"to": [3.25, 8, 6.75],
			"shade": false,
			"rotation": {"angle": 0, "axis": "y", "origin": [8, 11.3, 4.75]},
			"faces": {
				"north": {"uv": [8, 6, 10, 8], "rotation": 90, "texture": "#1"},
				"east": {"uv": [8, 6, 10, 8], "rotation": 180, "texture": "#1"},
				"south": {"uv": [8, 6, 10, 8], "rotation": 270, "texture": "#1"},
				"west": {"uv": [8, 6, 10, 8], "texture": "#1"},
				"up": {"uv": [8, 6, 10, 8], "rotation": 270, "texture": "#1"},
				"down": {"uv": [8, 6, 10, 8], "rotation": 270, "texture": "#1"}
			}
		},
		{
			"from": [3.5, 8.25, 7],
			"to": [2, 6.75, 5.5],
			"shade": false,
			"rotation": {"angle": 0, "axis": "y", "origin": [8, 11.3, 4.75]},
			"faces": {
				"north": {"uv": [10, 6, 12, 8], "rotation": 90, "texture": "#1"},
				"east": {"uv": [10, 6, 12, 8], "rotation": 180, "texture": "#1"},
				"south": {"uv": [10, 6, 12, 8], "rotation": 270, "texture": "#1"},
				"west": {"uv": [10, 6, 12, 8], "texture": "#1"},
				"up": {"uv": [10, 6, 12, 8], "rotation": 270, "texture": "#1"},
				"down": {"uv": [10, 6, 12, 8], "rotation": 270, "texture": "#1"}
			}
		},
		{
			"from": [1.3, 7.05, 5.8],
			"to": [2.2, 7.95, 6.7],
			"shade": false,
			"rotation": {"angle": 0, "axis": "y", "origin": [8, 11.3, 4.75]},
			"faces": {
				"north": {"uv": [8, 4, 10, 6], "rotation": 90, "texture": "#1"},
				"east": {"uv": [8, 4, 10, 6], "rotation": 180, "texture": "#1"},
				"south": {"uv": [8, 4, 10, 6], "rotation": 270, "texture": "#1"},
				"west": {"uv": [8, 4, 10, 6], "texture": "#1"},
				"up": {"uv": [8, 4, 10, 6], "rotation": 270, "texture": "#1"},
				"down": {"uv": [8, 4, 10, 6], "rotation": 270, "texture": "#1"}
			}
		},
		{
			"from": [2.5, 8.25, 7],
			"to": [1, 6.75, 5.5],
			"shade": false,
			"rotation": {"angle": 0, "axis": "y", "origin": [8, 11.3, 4.75]},
			"faces": {
				"north": {"uv": [10, 4, 12, 6], "rotation": 90, "texture": "#1"},
				"east": {"uv": [10, 4, 12, 6], "rotation": 180, "texture": "#1"},
				"south": {"uv": [10, 4, 12, 6], "rotation": 270, "texture": "#1"},
				"west": {"uv": [10, 4, 12, 6], "texture": "#1"},
				"up": {"uv": [10, 4, 12, 6], "rotation": 270, "texture": "#1"},
				"down": {"uv": [10, 4, 12, 6], "rotation": 270, "texture": "#1"}
			}
		},
		{
			"from": [0.35, 7.1, 5.85],
			"to": [1.15, 7.9, 6.65],
			"shade": false,
			"rotation": {"angle": 0, "axis": "y", "origin": [8, 11.3, 4.75]},
			"faces": {
				"north": {"uv": [8, 2, 10, 4], "rotation": 90, "texture": "#1"},
				"east": {"uv": [8, 2, 10, 4], "rotation": 180, "texture": "#1"},
				"south": {"uv": [8, 2, 10, 4], "rotation": 270, "texture": "#1"},
				"west": {"uv": [8, 2, 10, 4], "texture": "#1"},
				"up": {"uv": [8, 2, 10, 4], "rotation": 270, "texture": "#1"},
				"down": {"uv": [8, 2, 10, 4], "rotation": 270, "texture": "#1"}
			}
		},
		{
			"from": [1.5, 8.25, 7],
			"to": [0, 6.75, 5.5],
			"shade": false,
			"rotation": {"angle": 0, "axis": "y", "origin": [8, 11.3, 4.75]},
			"faces": {
				"north": {"uv": [10, 2, 12, 4], "rotation": 90, "texture": "#1"},
				"east": {"uv": [10, 2, 12, 4], "rotation": 180, "texture": "#1"},
				"south": {"uv": [10, 2, 12, 4], "rotation": 270, "texture": "#1"},
				"west": {"uv": [10, 2, 12, 4], "texture": "#1"},
				"up": {"uv": [10, 2, 12, 4], "rotation": 270, "texture": "#1"},
				"down": {"uv": [10, 2, 12, 4], "rotation": 270, "texture": "#1"}
			}
		}
	],
	"gui_light": "front",
	"display": {
		"thirdperson_righthand": {
			"rotation": [45, -135, 0],
			"translation": [3.5, 0.5, -5.25],
			"scale": [0.6, 0.6, 0.6]
		},
		"thirdperson_lefthand": {
			"rotation": [45, 45, 0],
			"translation": [6, -1.5, -2.5],
			"scale": [0.6, 0.6, 0.6]
		},
		"firstperson_righthand": {
			"rotation": [73.34, -72.29, 74.1],
			"translation": [-5.5, -2, -2.75],
			"scale": [0.64844, 0.64844, 0.64844]
		},
		"firstperson_lefthand": {
			"rotation": [-72.06, 73.47, 72.74],
			"translation": [-1.25, -0.75, -2.75],
			"scale": [0.64258, 0.64258, 0.64258]
		},
		"ground": {
			"rotation": [94, -60, 0],
			"translation": [-1.75, 2, -2.25],
			"scale": [0.5, 0.5, 0.5]
		},
		"gui": {
			"rotation": [-90, 90, 90],
			"translation": [1.75, -2, 0],
			"scale": [0.55992, 0.55992, 0.55992]
		},
		"head": {
			"rotation": [90, 22, 90],
			"translation": [7.75, 12, 0.25],
			"scale": [0.7, 0.7, 0.7]
		},
		"fixed": {
			"rotation": [0, -90, 0],
			"translation": [-4.5, -6.25, -8.25],
			"scale": [1.42109, 1.42109, 1.42109]
		}
	},
	"groups": [
		0,
		1,
		2,
		3,
		4,
		5,
		6,
		7,
		8,
		9,
		10,
		11,
		12,
		13,
		14,
		{
			"name": "crystal",
			"origin": [7, 13, 3],
			"color": 0,
			"boneType": "",
			"children": [
				15,
				16,
				17,
				{
					"name": "crystal_light_2",
					"origin": [7, 11.70078, 11.1],
					"color": 0,
					"boneType": "",
					"children": [18, 19, 20]
				},
				{
					"name": "crytsal_light_1",
					"origin": [7, 11.70078, 11.1],
					"color": 0,
					"boneType": "",
					"children": [21, 22, 23]
				}
			]
		},
		{
			"name": "particles",
			"origin": [8, 8, 8],
			"color": 0,
			"boneType": "",
			"children": [
				{
					"name": "particles1",
					"origin": [0, 0, 0],
					"color": 0,
					"boneType": "",
					"children": [
						{
							"name": "particle1",
							"origin": [0, 0, 0],
							"color": 0,
							"boneType": "",
							"children": [24, 25]
						},
						{
							"name": "particle2",
							"origin": [0, 0, 0],
							"color": 0,
							"boneType": "",
							"children": [26, 27]
						},
						{
							"name": "particle3",
							"origin": [0, 0, 0],
							"color": 0,
							"boneType": "",
							"children": [28, 29]
						},
						{
							"name": "particle4",
							"origin": [0, 0, 0],
							"color": 0,
							"boneType": "",
							"children": [30, 31]
						},
						{
							"name": "particle5",
							"origin": [0, 0, 0],
							"color": 0,
							"boneType": "",
							"children": [32, 33]
						},
						{
							"name": "particle6",
							"origin": [0, 0, 0],
							"color": 0,
							"boneType": "",
							"children": [34, 35]
						},
						{
							"name": "particle7",
							"origin": [0, 0, 0],
							"color": 0,
							"boneType": "",
							"children": [36, 37]
						}
					]
				},
				{
					"name": "particles2",
					"origin": [0, 0, 0],
					"color": 0,
					"boneType": "",
					"children": [
						{
							"name": "particle1",
							"origin": [0, 0, 0],
							"color": 0,
							"boneType": "",
							"children": [38, 39]
						},
						{
							"name": "particle2",
							"origin": [0, 0, 0],
							"color": 0,
							"boneType": "",
							"children": [40, 41]
						},
						{
							"name": "particle3",
							"origin": [0, 0, 0],
							"color": 0,
							"boneType": "",
							"children": [42, 43]
						},
						{
							"name": "particle4",
							"origin": [0, 0, 0],
							"color": 0,
							"boneType": "",
							"children": [44, 45]
						},
						{
							"name": "particle5",
							"origin": [0, 0, 0],
							"color": 0,
							"boneType": "",
							"children": [46, 47]
						},
						{
							"name": "particle6",
							"origin": [0, 0, 0],
							"color": 0,
							"boneType": "",
							"children": [48, 49]
						},
						{
							"name": "particle7",
							"origin": [0, 0, 0],
							"color": 0,
							"boneType": "",
							"children": [50, 51]
						}
					]
				},
				{
					"name": "particles3",
					"origin": [0, 0, 0],
					"color": 0,
					"boneType": "",
					"children": [
						{
							"name": "particle1",
							"origin": [0, 0, 0],
							"color": 0,
							"boneType": "",
							"children": [52, 53]
						},
						{
							"name": "particle2",
							"origin": [0, 0, 0],
							"color": 0,
							"boneType": "",
							"children": [54, 55]
						},
						{
							"name": "particle3",
							"origin": [0, 0, 0],
							"color": 0,
							"boneType": "",
							"children": [56, 57]
						},
						{
							"name": "particle4",
							"origin": [0, 0, 0],
							"color": 0,
							"boneType": "",
							"children": [58, 59]
						},
						{
							"name": "particle5",
							"origin": [0, 0, 0],
							"color": 0,
							"boneType": "",
							"children": [60, 61]
						},
						{
							"name": "particle6",
							"origin": [0, 0, 0],
							"color": 0,
							"boneType": "",
							"children": [62, 63]
						},
						{
							"name": "particle7",
							"origin": [0, 0, 0],
							"color": 0,
							"boneType": "",
							"children": [64, 65]
						}
					]
				},
				{
					"name": "particles4",
					"origin": [0, 0, 0],
					"color": 0,
					"boneType": "",
					"children": [
						{
							"name": "particle1",
							"origin": [0, 0, 0],
							"color": 0,
							"boneType": "",
							"children": [66, 67]
						},
						{
							"name": "particle2",
							"origin": [0, 0, 0],
							"color": 0,
							"boneType": "",
							"children": [68, 69]
						},
						{
							"name": "particle3",
							"origin": [0, 0, 0],
							"color": 0,
							"boneType": "",
							"children": [70, 71]
						},
						{
							"name": "particle4",
							"origin": [0, 0, 0],
							"color": 0,
							"boneType": "",
							"children": [72, 73]
						},
						{
							"name": "particle5",
							"origin": [0, 0, 0],
							"color": 0,
							"boneType": "",
							"children": [74, 75]
						},
						{
							"name": "particle6",
							"origin": [0, 0, 0],
							"color": 0,
							"boneType": "",
							"children": [76, 77]
						},
						{
							"name": "particle7",
							"origin": [0, 0, 0],
							"color": 0,
							"boneType": "",
							"children": [78, 79]
						}
					]
				}
			]
		}
	],
	"__credit": "Generated using Animated Java (https://animated-java.dev/)"
}