{
	"credit": "by w11shes",
	"textures": {
		"0": "custom:monsterisles/mage/mage_bow",
		"1": "custom:monsterisles/mage/mage_particle",
		"particle": "mage_bow"
	},
	"elements": [
		{
			"from": [8, -6, 18.8],
			"to": [8.05, 8, 19.8],
			"rotation": {"angle": 22.5, "axis": "x", "origin": [8, 8, 19.8]},
			"faces": {
				"east": {"uv": [2, 5.5, 2.25, 9], "texture": "#0"},
				"west": {"uv": [2, 5.5, 2.25, 9], "texture": "#0"}
			}
		},
		{
			"from": [8, 8, 18.8],
			"to": [8.05, 22, 19.8],
			"rotation": {"angle": -22.5, "axis": "x", "origin": [8, 8, 19.8]},
			"faces": {
				"east": {"uv": [2, 9, 2.25, 5.5], "texture": "#0"},
				"west": {"uv": [2, 9, 2.25, 5.5], "texture": "#0"}
			}
		},
		{
			"from": [7, 6, 5],
			"to": [9, 10, 7],
			"faces": {
				"north": {"uv": [1, 5.5, 1.5, 6.5], "texture": "#0"},
				"east": {"uv": [5.75, 2, 6.25, 3], "texture": "#0"},
				"south": {"uv": [5.5, 1, 6, 2], "texture": "#0"},
				"west": {"uv": [5.75, 2, 6.25, 3], "texture": "#0"}
			}
		},
		{
			"from": [6, 10, 4],
			"to": [10, 12, 8],
			"rotation": {"angle": 0, "axis": "y", "origin": [8, 4, 6]},
			"faces": {
				"north": {"uv": [5.25, 3, 6.25, 3.5], "texture": "#0"},
				"east": {"uv": [5.25, 3, 6.25, 3.5], "texture": "#0"},
				"south": {"uv": [5.25, 3, 6.25, 3.5], "texture": "#0"},
				"west": {"uv": [5.25, 3, 6.25, 3.5], "texture": "#0"},
				"up": {"uv": [2, 5, 1, 4], "texture": "#0"},
				"down": {"uv": [5, 1, 4, 2], "texture": "#0"}
			}
		},
		{
			"from": [6, 4, 4],
			"to": [10, 6, 8],
			"rotation": {"angle": 0, "axis": "y", "origin": [8, 12, 6]},
			"faces": {
				"north": {"uv": [5.25, 3.5, 6.25, 3], "texture": "#0"},
				"east": {"uv": [5.25, 3.5, 6.25, 3], "texture": "#0"},
				"south": {"uv": [5.25, 3.5, 6.25, 3], "texture": "#0"},
				"west": {"uv": [5.25, 3.5, 6.25, 3], "texture": "#0"},
				"up": {"uv": [5, 2, 4, 1], "texture": "#0"},
				"down": {"uv": [2, 4, 1, 5], "texture": "#0"}
			}
		},
		{
			"from": [7, 0, 5],
			"to": [9, 4, 7],
			"rotation": {"angle": 22.5, "axis": "x", "origin": [0, 4, 7]},
			"faces": {
				"north": {"uv": [4.25, 5.75, 4.75, 4.75], "texture": "#0"},
				"east": {"uv": [4.75, 5.75, 5.25, 4.75], "texture": "#0"},
				"south": {"uv": [0, 6, 0.5, 5], "texture": "#0"},
				"west": {"uv": [5.25, 5.75, 4.75, 4.75], "texture": "#0"}
			}
		},
		{
			"from": [5.98, -4, 4],
			"to": [10.02, 0, 11],
			"rotation": {"angle": 22.5, "axis": "x", "origin": [0, 4, 7]},
			"faces": {
				"north": {"uv": [0, 5, 1, 4], "texture": "#0"},
				"east": {"uv": [2.25, 2.5, 4, 1.5], "texture": "#0"},
				"south": {"uv": [4, 1, 5, 0], "texture": "#0"},
				"west": {"uv": [4, 2.5, 2.25, 1.5], "texture": "#0"},
				"up": {"uv": [4.25, 4.25, 3.25, 2.5], "texture": "#0"},
				"down": {"uv": [3.25, 2.5, 2.25, 4.25], "texture": "#0"}
			}
		},
		{
			"from": [7, -3, 2.7],
			"to": [9, -1, 6.7],
			"rotation": {"angle": 45, "axis": "x", "origin": [0, 4, 7]},
			"faces": {
				"north": {"uv": [5.25, 6.25, 5.75, 5.75], "texture": "#0"},
				"east": {"uv": [5, 1, 6, 0.5], "texture": "#0"},
				"west": {"uv": [6, 1, 5, 0.5], "texture": "#0"},
				"up": {"uv": [2, 6, 1.5, 5], "texture": "#0"},
				"down": {"uv": [5.5, 1, 5, 2], "texture": "#0"}
			}
		},
		{
			"from": [7, -5, 2.7],
			"to": [9, -3, 4.7],
			"rotation": {"angle": 45, "axis": "x", "origin": [0, 4, 7]},
			"faces": {
				"north": {"uv": [5.75, 5.75, 6.25, 5.25], "texture": "#0"},
				"east": {"uv": [5.75, 6.25, 6.25, 5.75], "texture": "#0"},
				"south": {"uv": [0, 6.5, 0.5, 6], "texture": "#0"},
				"west": {"uv": [6.25, 6.25, 5.75, 5.75], "texture": "#0"},
				"down": {"uv": [6.5, 0, 6, 0.5], "texture": "#0"}
			}
		},
		{
			"from": [5.98, -6, 9],
			"to": [10.02, -4, 11],
			"rotation": {"angle": 22.5, "axis": "x", "origin": [0, 4, 7]},
			"faces": {
				"north": {"uv": [4.75, 4.25, 5.75, 3.75], "texture": "#0"},
				"east": {"uv": [4.75, 6.25, 5.25, 5.75], "texture": "#0"},
				"south": {"uv": [5, 0.5, 6, 0], "texture": "#0"},
				"west": {"uv": [5.25, 6.25, 4.75, 5.75], "texture": "#0"},
				"down": {"uv": [1.5, 5, 0.5, 5.5], "texture": "#0"}
			}
		},
		{
			"from": [5.98, 20, 9],
			"to": [10.02, 22, 11],
			"rotation": {"angle": -22.5, "axis": "x", "origin": [0, 12, 7]},
			"faces": {
				"north": {"uv": [4.75, 3.75, 5.75, 4.25], "texture": "#0"},
				"east": {"uv": [4.75, 5.75, 5.25, 6.25], "texture": "#0"},
				"south": {"uv": [5, 0, 6, 0.5], "texture": "#0"},
				"west": {"uv": [5.25, 5.75, 4.75, 6.25], "texture": "#0"},
				"up": {"uv": [1.5, 5.5, 0.5, 5], "texture": "#0"}
			}
		},
		{
			"from": [7, -3, 11],
			"to": [9, -1, 18],
			"rotation": {"angle": 22.5, "axis": "x", "origin": [0, 4, 7]},
			"faces": {
				"east": {"uv": [3.75, 4.75, 5.5, 4.25], "texture": "#0"},
				"south": {"uv": [5.75, 5.25, 6.25, 4.75], "texture": "#0"},
				"west": {"uv": [5.5, 4.75, 3.75, 4.25], "texture": "#0"},
				"up": {"uv": [4.25, 6.5, 3.75, 4.75], "texture": "#0"},
				"down": {"uv": [5.25, 2, 4.75, 3.75], "texture": "#0"}
			}
		},
		{
			"from": [7, -7, 14],
			"to": [9, -4, 16],
			"rotation": {"angle": 22.5, "axis": "x", "origin": [0, 4, 7]},
			"faces": {
				"north": {"uv": [5.75, 4.25, 6.25, 3.5], "texture": "#0"},
				"east": {"uv": [4.25, 6.5, 4.75, 5.75], "texture": "#0"},
				"west": {"uv": [4.75, 6.5, 4.25, 5.75], "texture": "#0"},
				"up": {"uv": [2, 6.5, 1.5, 6], "texture": "#0"},
				"down": {"uv": [6.5, 1, 6, 1.5], "texture": "#0"}
			}
		},
		{
			"from": [7, -7, 16],
			"to": [9, -3, 18],
			"rotation": {"angle": 22.5, "axis": "x", "origin": [0, 4, 7]},
			"faces": {
				"north": {"uv": [5.25, 3, 5.75, 2], "texture": "#0"},
				"east": {"uv": [5.25, 5.75, 5.75, 4.75], "texture": "#0"},
				"south": {"uv": [0.5, 6.5, 1, 5.5], "texture": "#0"},
				"west": {"uv": [5.75, 5.75, 5.25, 4.75], "texture": "#0"},
				"down": {"uv": [6.5, 0.5, 6, 1], "texture": "#0"}
			}
		},
		{
			"from": [7, 17, 2.7],
			"to": [9, 19, 6.7],
			"rotation": {"angle": -45, "axis": "x", "origin": [0, 12, 7]},
			"faces": {
				"north": {"uv": [5.25, 5.75, 5.75, 6.25], "texture": "#0"},
				"east": {"uv": [5, 0.5, 6, 1], "texture": "#0"},
				"west": {"uv": [6, 0.5, 5, 1], "texture": "#0"},
				"up": {"uv": [5.5, 2, 5, 1], "texture": "#0"},
				"down": {"uv": [2, 5, 1.5, 6], "texture": "#0"}
			}
		},
		{
			"from": [7, 12, 5],
			"to": [9, 16, 7],
			"rotation": {"angle": -22.5, "axis": "x", "origin": [0, 12, 7]},
			"faces": {
				"north": {"uv": [4.25, 4.75, 4.75, 5.75], "texture": "#0"},
				"east": {"uv": [4.75, 4.75, 5.25, 5.75], "texture": "#0"},
				"south": {"uv": [0, 5, 0.5, 6], "texture": "#0"},
				"west": {"uv": [5.25, 4.75, 4.75, 5.75], "texture": "#0"}
			}
		},
		{
			"from": [5.98, 16, 4],
			"to": [10.02, 20, 11],
			"rotation": {"angle": -22.5, "axis": "x", "origin": [0, 12, 7]},
			"faces": {
				"north": {"uv": [0, 4, 1, 5], "texture": "#0"},
				"east": {"uv": [2.25, 1.5, 4, 2.5], "texture": "#0"},
				"south": {"uv": [4, 0, 5, 1], "texture": "#0"},
				"west": {"uv": [4, 1.5, 2.25, 2.5], "texture": "#0"},
				"up": {"uv": [3.25, 4.25, 2.25, 2.5], "texture": "#0"},
				"down": {"uv": [4.25, 2.5, 3.25, 4.25], "texture": "#0"}
			}
		},
		{
			"from": [7, 19, 2.7],
			"to": [9, 21, 4.7],
			"rotation": {"angle": -45, "axis": "x", "origin": [0, 12, 7]},
			"faces": {
				"north": {"uv": [5.75, 5.25, 6.25, 5.75], "texture": "#0"},
				"east": {"uv": [5.75, 5.75, 6.25, 6.25], "texture": "#0"},
				"south": {"uv": [0, 6, 0.5, 6.5], "texture": "#0"},
				"west": {"uv": [6.25, 5.75, 5.75, 6.25], "texture": "#0"},
				"up": {"uv": [6.5, 0.5, 6, 0], "texture": "#0"}
			}
		},
		{
			"from": [7, 17, 11],
			"to": [9, 19, 18],
			"rotation": {"angle": -22.5, "axis": "x", "origin": [0, 12, 7]},
			"faces": {
				"east": {"uv": [3.75, 4.25, 5.5, 4.75], "texture": "#0"},
				"south": {"uv": [5.75, 4.75, 6.25, 5.25], "texture": "#0"},
				"west": {"uv": [5.5, 4.25, 3.75, 4.75], "texture": "#0"},
				"up": {"uv": [5.25, 3.75, 4.75, 2], "texture": "#0"},
				"down": {"uv": [4.25, 4.75, 3.75, 6.5], "texture": "#0"}
			}
		},
		{
			"from": [7, 19, 16],
			"to": [9, 23, 18],
			"rotation": {"angle": -22.5, "axis": "x", "origin": [0, 12, 7]},
			"faces": {
				"north": {"uv": [5.25, 2, 5.75, 3], "texture": "#0"},
				"east": {"uv": [5.25, 4.75, 5.75, 5.75], "texture": "#0"},
				"south": {"uv": [0.5, 5.5, 1, 6.5], "texture": "#0"},
				"west": {"uv": [5.75, 4.75, 5.25, 5.75], "texture": "#0"},
				"up": {"uv": [6.5, 1, 6, 0.5], "texture": "#0"}
			}
		},
		{
			"from": [7, 20, 14],
			"to": [9, 23, 16],
			"rotation": {"angle": -22.5, "axis": "x", "origin": [0, 12, 7]},
			"faces": {
				"north": {"uv": [5.75, 3.5, 6.25, 4.25], "texture": "#0"},
				"east": {"uv": [4.25, 5.75, 4.75, 6.5], "texture": "#0"},
				"west": {"uv": [4.75, 5.75, 4.25, 6.5], "texture": "#0"},
				"up": {"uv": [6.5, 1.5, 6, 1], "texture": "#0"},
				"down": {"uv": [2, 6, 1.5, 6.5], "texture": "#0"}
			}
		},
		{
			"from": [10, 4, 2],
			"to": [12, 12, 10],
			"rotation": {"angle": -45, "axis": "x", "origin": [11, 8, 6]},
			"faces": {
				"north": {"uv": [4.25, 2, 4.75, 4], "texture": "#0"},
				"east": {"uv": [0, 0, 2, 2], "texture": "#0"},
				"south": {"uv": [2.25, 4.25, 2.75, 6.25], "texture": "#0"},
				"west": {"uv": [0, 2, 2, 4], "texture": "#0"},
				"up": {"uv": [3.25, 6.25, 2.75, 4.25], "texture": "#0"},
				"down": {"uv": [3.75, 4.25, 3.25, 6.25], "texture": "#0"}
			}
		},
		{
			"from": [13, 6.45, 4.55],
			"to": [12, 2.45, 0.55],
			"shade": false,
			"rotation": {"angle": -45, "axis": "x", "origin": [8, 10.4, 0]},
			"faces": {
				"north": {"uv": [15.5, 1, 16, 1.5], "texture": "#0"},
				"south": {"uv": [15.5, 1, 16, 1.5], "texture": "#0"},
				"west": {"uv": [15.5, 1, 16, 1.5], "texture": "#0"},
				"up": {"uv": [15.5, 1, 16, 1.5], "texture": "#0"},
				"down": {"uv": [15.5, 1, 16, 1.5], "texture": "#0"}
			}
		},
		{
			"from": [13.5, 6.95, 5.05],
			"to": [12, 1.95, 0.05],
			"shade": false,
			"rotation": {"angle": -45, "axis": "x", "origin": [8, 10.4, 0]},
			"faces": {
				"north": {"uv": [15.5, 1.5, 16, 2], "texture": "#0"},
				"south": {"uv": [15.5, 1.5, 16, 2], "texture": "#0"},
				"west": {"uv": [15.5, 1.5, 16, 2], "texture": "#0"},
				"up": {"uv": [15.5, 1.5, 16, 2], "texture": "#0"},
				"down": {"uv": [15.5, 1.5, 16, 2], "texture": "#0"}
			}
		},
		{
			"from": [10, 7, 5],
			"to": [12, 9, 7],
			"rotation": {"angle": -45, "axis": "x", "origin": [11, 8, 6]},
			"faces": {
				"north": {"uv": [15.5, 0.5, 16, 1], "texture": "#0"},
				"east": {"uv": [15.5, 0.5, 16, 1], "texture": "#0"},
				"south": {"uv": [15.5, 0.5, 16, 1], "texture": "#0"},
				"up": {"uv": [15.5, 0.5, 16, 1], "texture": "#0"},
				"down": {"uv": [15.5, 0.5, 16, 1], "texture": "#0"}
			}
		},
		{
			"from": [12, 6, 4],
			"to": [10.1, 10, 8],
			"rotation": {"angle": -45, "axis": "x", "origin": [11, 8, 6]},
			"faces": {
				"north": {"uv": [15.5, 0, 16, 0.5], "texture": "#0"},
				"east": {"uv": [15.5, 0, 16, 0.5], "texture": "#0"},
				"south": {"uv": [15.5, 0, 16, 0.5], "texture": "#0"},
				"up": {"uv": [15.5, 0, 16, 0.5], "texture": "#0"},
				"down": {"uv": [15.5, 0, 16, 0.5], "texture": "#0"}
			}
		},
		{
			"from": [11, 5, -4.3],
			"to": [11.05, 11, 3.7],
			"faces": {
				"east": {"uv": [2, 0, 4, 1.5], "texture": "#0"},
				"west": {"uv": [4, 0, 2, 1.5], "texture": "#0"}
			}
		},
		{
			"from": [13.1, 4.1, 4.1],
			"to": [13.9, 4.9, 4.9],
			"shade": false,
			"faces": {
				"north": {"uv": [0, 14, 2, 16], "texture": "#1"},
				"east": {"uv": [0, 14, 2, 16], "texture": "#1"},
				"south": {"uv": [0, 14, 2, 16], "texture": "#1"},
				"west": {"uv": [0, 14, 2, 16], "texture": "#1"},
				"up": {"uv": [0, 14, 2, 16], "rotation": 90, "texture": "#1"},
				"down": {"uv": [0, 14, 2, 16], "rotation": 270, "texture": "#1"}
			}
		},
		{
			"from": [14.25, 5.25, 5.25],
			"to": [12.75, 3.75, 3.75],
			"shade": false,
			"faces": {
				"north": {"uv": [2, 14, 4, 16], "texture": "#1"},
				"east": {"uv": [2, 14, 4, 16], "texture": "#1"},
				"south": {"uv": [2, 14, 4, 16], "texture": "#1"},
				"west": {"uv": [2, 14, 4, 16], "texture": "#1"},
				"up": {"uv": [2, 14, 4, 16], "rotation": 90, "texture": "#1"},
				"down": {"uv": [2, 14, 4, 16], "rotation": 270, "texture": "#1"}
			}
		},
		{
			"from": [13.05, 4.55, 3.05],
			"to": [13.95, 5.45, 3.95],
			"shade": false,
			"faces": {
				"north": {"uv": [0, 12, 2, 14], "texture": "#1"},
				"east": {"uv": [0, 12, 2, 14], "texture": "#1"},
				"south": {"uv": [0, 12, 2, 14], "texture": "#1"},
				"west": {"uv": [0, 12, 2, 14], "texture": "#1"},
				"up": {"uv": [0, 12, 2, 14], "rotation": 90, "texture": "#1"},
				"down": {"uv": [0, 12, 2, 14], "rotation": 270, "texture": "#1"}
			}
		},
		{
			"from": [14.25, 5.75, 4.25],
			"to": [12.75, 4.25, 2.75],
			"shade": false,
			"faces": {
				"north": {"uv": [2, 12, 4, 14], "texture": "#1"},
				"east": {"uv": [2, 12, 4, 14], "texture": "#1"},
				"south": {"uv": [2, 12, 4, 14], "texture": "#1"},
				"west": {"uv": [2, 12, 4, 14], "texture": "#1"},
				"up": {"uv": [2, 12, 4, 14], "rotation": 90, "texture": "#1"},
				"down": {"uv": [2, 12, 4, 14], "rotation": 270, "texture": "#1"}
			}
		},
		{
			"from": [12.5, 5, 2],
			"to": [13.5, 6, 3],
			"shade": false,
			"faces": {
				"north": {"uv": [0, 10, 2, 12], "texture": "#1"},
				"east": {"uv": [0, 10, 2, 12], "texture": "#1"},
				"south": {"uv": [0, 10, 2, 12], "texture": "#1"},
				"west": {"uv": [0, 10, 2, 12], "texture": "#1"},
				"up": {"uv": [0, 10, 2, 12], "rotation": 90, "texture": "#1"},
				"down": {"uv": [0, 10, 2, 12], "rotation": 270, "texture": "#1"}
			}
		},
		{
			"from": [13.75, 6.25, 3.25],
			"to": [12.25, 4.75, 1.75],
			"shade": false,
			"faces": {
				"north": {"uv": [2, 10, 4, 12], "texture": "#1"},
				"east": {"uv": [2, 10, 4, 12], "texture": "#1"},
				"south": {"uv": [2, 10, 4, 12], "texture": "#1"},
				"west": {"uv": [2, 10, 4, 12], "texture": "#1"},
				"up": {"uv": [2, 10, 4, 12], "rotation": 90, "texture": "#1"},
				"down": {"uv": [2, 10, 4, 12], "rotation": 270, "texture": "#1"}
			}
		},
		{
			"from": [13, 5.5, 3],
			"to": [14, 6.5, 4],
			"shade": false,
			"faces": {
				"north": {"uv": [0, 8, 2, 10], "texture": "#1"},
				"east": {"uv": [0, 8, 2, 10], "texture": "#1"},
				"south": {"uv": [0, 8, 2, 10], "texture": "#1"},
				"west": {"uv": [0, 8, 2, 10], "texture": "#1"},
				"up": {"uv": [0, 8, 2, 10], "rotation": 90, "texture": "#1"},
				"down": {"uv": [0, 8, 2, 10], "rotation": 270, "texture": "#1"}
			}
		},
		{
			"from": [14.25, 6.75, 4.25],
			"to": [12.75, 5.25, 2.75],
			"shade": false,
			"faces": {
				"north": {"uv": [2, 8, 4, 10], "texture": "#1"},
				"east": {"uv": [2, 8, 4, 10], "texture": "#1"},
				"south": {"uv": [2, 8, 4, 10], "texture": "#1"},
				"west": {"uv": [2, 8, 4, 10], "texture": "#1"},
				"up": {"uv": [2, 8, 4, 10], "rotation": 90, "texture": "#1"},
				"down": {"uv": [2, 8, 4, 10], "rotation": 270, "texture": "#1"}
			}
		},
		{
			"from": [13, 6, 4],
			"to": [14, 7, 5],
			"shade": false,
			"faces": {
				"north": {"uv": [0, 6, 2, 8], "texture": "#1"},
				"east": {"uv": [0, 6, 2, 8], "texture": "#1"},
				"south": {"uv": [0, 6, 2, 8], "texture": "#1"},
				"west": {"uv": [0, 6, 2, 8], "texture": "#1"},
				"up": {"uv": [0, 6, 2, 8], "rotation": 90, "texture": "#1"},
				"down": {"uv": [0, 6, 2, 8], "rotation": 270, "texture": "#1"}
			}
		},
		{
			"from": [14.25, 7.25, 5.25],
			"to": [12.75, 5.75, 3.75],
			"shade": false,
			"faces": {
				"north": {"uv": [2, 6, 4, 8], "texture": "#1"},
				"east": {"uv": [2, 6, 4, 8], "texture": "#1"},
				"south": {"uv": [2, 6, 4, 8], "texture": "#1"},
				"west": {"uv": [2, 6, 4, 8], "texture": "#1"},
				"up": {"uv": [2, 6, 4, 8], "rotation": 90, "texture": "#1"},
				"down": {"uv": [2, 6, 4, 8], "rotation": 270, "texture": "#1"}
			}
		},
		{
			"from": [13.55, 6.55, 3.05],
			"to": [14.45, 7.45, 3.95],
			"shade": false,
			"faces": {
				"north": {"uv": [0, 4, 2, 6], "texture": "#1"},
				"east": {"uv": [0, 4, 2, 6], "texture": "#1"},
				"south": {"uv": [0, 4, 2, 6], "texture": "#1"},
				"west": {"uv": [0, 4, 2, 6], "texture": "#1"},
				"up": {"uv": [0, 4, 2, 6], "rotation": 90, "texture": "#1"},
				"down": {"uv": [0, 4, 2, 6], "rotation": 270, "texture": "#1"}
			}
		},
		{
			"from": [14.75, 7.75, 4.25],
			"to": [13.25, 6.25, 2.75],
			"shade": false,
			"faces": {
				"north": {"uv": [2, 4, 4, 6], "texture": "#1"},
				"east": {"uv": [2, 4, 4, 6], "texture": "#1"},
				"south": {"uv": [2, 4, 4, 6], "texture": "#1"},
				"west": {"uv": [2, 4, 4, 6], "texture": "#1"},
				"up": {"uv": [2, 4, 4, 6], "rotation": 90, "texture": "#1"},
				"down": {"uv": [2, 4, 4, 6], "rotation": 270, "texture": "#1"}
			}
		},
		{
			"from": [13.1, 7.1, 2.1],
			"to": [13.9, 7.9, 2.9],
			"shade": false,
			"faces": {
				"north": {"uv": [0, 2, 2, 4], "texture": "#1"},
				"east": {"uv": [0, 2, 2, 4], "texture": "#1"},
				"south": {"uv": [0, 2, 2, 4], "texture": "#1"},
				"west": {"uv": [0, 2, 2, 4], "texture": "#1"},
				"up": {"uv": [0, 2, 2, 4], "rotation": 90, "texture": "#1"},
				"down": {"uv": [0, 2, 2, 4], "rotation": 270, "texture": "#1"}
			}
		},
		{
			"from": [14.25, 8.25, 3.25],
			"to": [12.75, 6.75, 1.75],
			"shade": false,
			"faces": {
				"north": {"uv": [2, 2, 4, 4], "texture": "#1"},
				"east": {"uv": [2, 2, 4, 4], "texture": "#1"},
				"south": {"uv": [2, 2, 4, 4], "texture": "#1"},
				"west": {"uv": [2, 2, 4, 4], "texture": "#1"},
				"up": {"uv": [2, 2, 4, 4], "rotation": 90, "texture": "#1"},
				"down": {"uv": [2, 2, 4, 4], "rotation": 270, "texture": "#1"}
			}
		},
		{
			"from": [13.1, 5.1, 10.1],
			"to": [13.9, 5.9, 10.9],
			"shade": false,
			"faces": {
				"north": {"uv": [4, 14, 6, 16], "texture": "#1"},
				"east": {"uv": [4, 14, 6, 16], "texture": "#1"},
				"south": {"uv": [4, 14, 6, 16], "texture": "#1"},
				"west": {"uv": [4, 14, 6, 16], "texture": "#1"},
				"up": {"uv": [4, 14, 6, 16], "rotation": 90, "texture": "#1"},
				"down": {"uv": [4, 14, 6, 16], "rotation": 270, "texture": "#1"}
			}
		},
		{
			"from": [14.25, 6.25, 11.25],
			"to": [12.75, 4.75, 9.75],
			"shade": false,
			"faces": {
				"north": {"uv": [6, 14, 8, 16], "texture": "#1"},
				"east": {"uv": [6, 14, 8, 16], "texture": "#1"},
				"south": {"uv": [6, 14, 8, 16], "texture": "#1"},
				"west": {"uv": [6, 14, 8, 16], "texture": "#1"},
				"up": {"uv": [6, 14, 8, 16], "rotation": 90, "texture": "#1"},
				"down": {"uv": [6, 14, 8, 16], "rotation": 270, "texture": "#1"}
			}
		},
		{
			"from": [13.05, 6.05, 9.55],
			"to": [13.95, 6.95, 10.45],
			"shade": false,
			"faces": {
				"north": {"uv": [4, 12, 6, 14], "texture": "#1"},
				"east": {"uv": [4, 12, 6, 14], "texture": "#1"},
				"south": {"uv": [4, 12, 6, 14], "texture": "#1"},
				"west": {"uv": [4, 12, 6, 14], "texture": "#1"},
				"up": {"uv": [4, 12, 6, 14], "rotation": 90, "texture": "#1"},
				"down": {"uv": [4, 12, 6, 14], "rotation": 270, "texture": "#1"}
			}
		},
		{
			"from": [14.25, 7.25, 10.75],
			"to": [12.75, 5.75, 9.25],
			"shade": false,
			"faces": {
				"north": {"uv": [6, 12, 8, 14], "texture": "#1"},
				"east": {"uv": [6, 12, 8, 14], "texture": "#1"},
				"south": {"uv": [6, 12, 8, 14], "texture": "#1"},
				"west": {"uv": [6, 12, 8, 14], "texture": "#1"},
				"up": {"uv": [6, 12, 8, 14], "rotation": 90, "texture": "#1"},
				"down": {"uv": [6, 12, 8, 14], "rotation": 270, "texture": "#1"}
			}
		},
		{
			"from": [13.5, 6.5, 8.5],
			"to": [14.5, 7.5, 9.5],
			"shade": false,
			"faces": {
				"north": {"uv": [4, 10, 6, 12], "texture": "#1"},
				"east": {"uv": [4, 10, 6, 12], "texture": "#1"},
				"south": {"uv": [4, 10, 6, 12], "texture": "#1"},
				"west": {"uv": [4, 10, 6, 12], "texture": "#1"},
				"up": {"uv": [4, 10, 6, 12], "rotation": 90, "texture": "#1"},
				"down": {"uv": [4, 10, 6, 12], "rotation": 270, "texture": "#1"}
			}
		},
		{
			"from": [14.75, 7.75, 9.75],
			"to": [13.25, 6.25, 8.25],
			"shade": false,
			"faces": {
				"north": {"uv": [6, 10, 8, 12], "texture": "#1"},
				"east": {"uv": [6, 10, 8, 12], "texture": "#1"},
				"south": {"uv": [6, 10, 8, 12], "texture": "#1"},
				"west": {"uv": [6, 10, 8, 12], "texture": "#1"},
				"up": {"uv": [6, 10, 8, 12], "rotation": 90, "texture": "#1"},
				"down": {"uv": [6, 10, 8, 12], "rotation": 270, "texture": "#1"}
			}
		},
		{
			"from": [13, 7, 9],
			"to": [14, 8, 10],
			"shade": false,
			"faces": {
				"north": {"uv": [4, 8, 6, 10], "texture": "#1"},
				"east": {"uv": [4, 8, 6, 10], "texture": "#1"},
				"south": {"uv": [4, 8, 6, 10], "texture": "#1"},
				"west": {"uv": [4, 8, 6, 10], "texture": "#1"},
				"up": {"uv": [4, 8, 6, 10], "rotation": 90, "texture": "#1"},
				"down": {"uv": [4, 8, 6, 10], "rotation": 270, "texture": "#1"}
			}
		},
		{
			"from": [14.25, 8.25, 10.25],
			"to": [12.75, 6.75, 8.75],
			"shade": false,
			"faces": {
				"north": {"uv": [6, 8, 8, 10], "texture": "#1"},
				"east": {"uv": [6, 8, 8, 10], "texture": "#1"},
				"south": {"uv": [6, 8, 8, 10], "texture": "#1"},
				"west": {"uv": [6, 8, 8, 10], "texture": "#1"},
				"up": {"uv": [6, 8, 8, 10], "rotation": 90, "texture": "#1"},
				"down": {"uv": [6, 8, 8, 10], "rotation": 270, "texture": "#1"}
			}
		},
		{
			"from": [13.5, 7.5, 10],
			"to": [14.5, 8.5, 11],
			"shade": false,
			"faces": {
				"north": {"uv": [4, 6, 6, 8], "texture": "#1"},
				"east": {"uv": [4, 6, 6, 8], "texture": "#1"},
				"south": {"uv": [4, 6, 6, 8], "texture": "#1"},
				"west": {"uv": [4, 6, 6, 8], "texture": "#1"},
				"up": {"uv": [4, 6, 6, 8], "rotation": 90, "texture": "#1"},
				"down": {"uv": [4, 6, 6, 8], "rotation": 270, "texture": "#1"}
			}
		},
		{
			"from": [14.75, 8.75, 11.25],
			"to": [13.25, 7.25, 9.75],
			"shade": false,
			"faces": {
				"north": {"uv": [6, 6, 8, 8], "texture": "#1"},
				"east": {"uv": [6, 6, 8, 8], "texture": "#1"},
				"south": {"uv": [6, 6, 8, 8], "texture": "#1"},
				"west": {"uv": [6, 6, 8, 8], "texture": "#1"},
				"up": {"uv": [6, 6, 8, 8], "rotation": 90, "texture": "#1"},
				"down": {"uv": [6, 6, 8, 8], "rotation": 270, "texture": "#1"}
			}
		},
		{
			"from": [13.05, 8.05, 9.05],
			"to": [13.95, 8.95, 9.95],
			"shade": false,
			"faces": {
				"north": {"uv": [4, 4, 6, 6], "texture": "#1"},
				"east": {"uv": [4, 4, 6, 6], "texture": "#1"},
				"south": {"uv": [4, 4, 6, 6], "texture": "#1"},
				"west": {"uv": [4, 4, 6, 6], "texture": "#1"},
				"up": {"uv": [4, 4, 6, 6], "rotation": 90, "texture": "#1"},
				"down": {"uv": [4, 4, 6, 6], "rotation": 270, "texture": "#1"}
			}
		},
		{
			"from": [14.25, 9.25, 10.25],
			"to": [12.75, 7.75, 8.75],
			"shade": false,
			"faces": {
				"north": {"uv": [6, 4, 8, 6], "texture": "#1"},
				"east": {"uv": [6, 4, 8, 6], "texture": "#1"},
				"south": {"uv": [6, 4, 8, 6], "texture": "#1"},
				"west": {"uv": [6, 4, 8, 6], "texture": "#1"},
				"up": {"uv": [6, 4, 8, 6], "rotation": 90, "texture": "#1"},
				"down": {"uv": [6, 4, 8, 6], "rotation": 270, "texture": "#1"}
			}
		},
		{
			"from": [12.1, 8.6, 8.1],
			"to": [12.9, 9.4, 8.9],
			"shade": false,
			"faces": {
				"north": {"uv": [4, 2, 6, 4], "texture": "#1"},
				"east": {"uv": [4, 2, 6, 4], "texture": "#1"},
				"south": {"uv": [4, 2, 6, 4], "texture": "#1"},
				"west": {"uv": [4, 2, 6, 4], "texture": "#1"},
				"up": {"uv": [4, 2, 6, 4], "rotation": 90, "texture": "#1"},
				"down": {"uv": [4, 2, 6, 4], "rotation": 270, "texture": "#1"}
			}
		},
		{
			"from": [13.25, 9.75, 9.25],
			"to": [11.75, 8.25, 7.75],
			"shade": false,
			"faces": {
				"north": {"uv": [6, 2, 8, 4], "texture": "#1"},
				"east": {"uv": [6, 2, 8, 4], "texture": "#1"},
				"south": {"uv": [6, 2, 8, 4], "texture": "#1"},
				"west": {"uv": [6, 2, 8, 4], "texture": "#1"},
				"up": {"uv": [6, 2, 8, 4], "rotation": 90, "texture": "#1"},
				"down": {"uv": [6, 2, 8, 4], "rotation": 270, "texture": "#1"}
			}
		},
		{
			"from": [13.1, 10.1, 6.1],
			"to": [13.9, 10.9, 6.9],
			"shade": false,
			"faces": {
				"north": {"uv": [8, 14, 10, 16], "texture": "#1"},
				"east": {"uv": [8, 14, 10, 16], "texture": "#1"},
				"south": {"uv": [8, 14, 10, 16], "texture": "#1"},
				"west": {"uv": [8, 14, 10, 16], "texture": "#1"},
				"up": {"uv": [8, 14, 10, 16], "rotation": 90, "texture": "#1"},
				"down": {"uv": [8, 14, 10, 16], "rotation": 270, "texture": "#1"}
			}
		},
		{
			"from": [14.25, 11.25, 7.25],
			"to": [12.75, 9.75, 5.75],
			"shade": false,
			"faces": {
				"north": {"uv": [10, 14, 12, 16], "texture": "#1"},
				"east": {"uv": [10, 14, 12, 16], "texture": "#1"},
				"south": {"uv": [10, 14, 12, 16], "texture": "#1"},
				"west": {"uv": [10, 14, 12, 16], "texture": "#1"},
				"up": {"uv": [10, 14, 12, 16], "rotation": 90, "texture": "#1"},
				"down": {"uv": [10, 14, 12, 16], "rotation": 270, "texture": "#1"}
			}
		},
		{
			"from": [13.05, 11.05, 5.55],
			"to": [13.95, 11.95, 6.45],
			"shade": false,
			"faces": {
				"north": {"uv": [8, 12, 10, 14], "texture": "#1"},
				"east": {"uv": [8, 12, 10, 14], "texture": "#1"},
				"south": {"uv": [8, 12, 10, 14], "texture": "#1"},
				"west": {"uv": [8, 12, 10, 14], "texture": "#1"},
				"up": {"uv": [8, 12, 10, 14], "rotation": 90, "texture": "#1"},
				"down": {"uv": [8, 12, 10, 14], "rotation": 270, "texture": "#1"}
			}
		},
		{
			"from": [14.25, 12.25, 6.75],
			"to": [12.75, 10.75, 5.25],
			"shade": false,
			"faces": {
				"north": {"uv": [10, 12, 12, 14], "texture": "#1"},
				"east": {"uv": [10, 12, 12, 14], "texture": "#1"},
				"south": {"uv": [10, 12, 12, 14], "texture": "#1"},
				"west": {"uv": [10, 12, 12, 14], "texture": "#1"},
				"up": {"uv": [10, 12, 12, 14], "rotation": 90, "texture": "#1"},
				"down": {"uv": [10, 12, 12, 14], "rotation": 270, "texture": "#1"}
			}
		},
		{
			"from": [14, 11.5, 5],
			"to": [15, 12.5, 6],
			"shade": false,
			"faces": {
				"north": {"uv": [8, 10, 10, 12], "texture": "#1"},
				"east": {"uv": [8, 10, 10, 12], "texture": "#1"},
				"south": {"uv": [8, 10, 10, 12], "texture": "#1"},
				"west": {"uv": [8, 10, 10, 12], "texture": "#1"},
				"up": {"uv": [8, 10, 10, 12], "rotation": 90, "texture": "#1"},
				"down": {"uv": [8, 10, 10, 12], "rotation": 270, "texture": "#1"}
			}
		},
		{
			"from": [15.25, 12.75, 6.25],
			"to": [13.75, 11.25, 4.75],
			"shade": false,
			"faces": {
				"north": {"uv": [10, 10, 12, 12], "texture": "#1"},
				"east": {"uv": [10, 10, 12, 12], "texture": "#1"},
				"south": {"uv": [10, 10, 12, 12], "texture": "#1"},
				"west": {"uv": [10, 10, 12, 12], "texture": "#1"},
				"up": {"uv": [10, 10, 12, 12], "rotation": 90, "texture": "#1"},
				"down": {"uv": [10, 10, 12, 12], "rotation": 270, "texture": "#1"}
			}
		},
		{
			"from": [14.5, 12.5, 4.5],
			"to": [15.5, 13.5, 5.5],
			"shade": false,
			"faces": {
				"north": {"uv": [8, 8, 10, 10], "texture": "#1"},
				"east": {"uv": [8, 8, 10, 10], "texture": "#1"},
				"south": {"uv": [8, 8, 10, 10], "texture": "#1"},
				"west": {"uv": [8, 8, 10, 10], "texture": "#1"},
				"up": {"uv": [8, 8, 10, 10], "rotation": 90, "texture": "#1"},
				"down": {"uv": [8, 8, 10, 10], "rotation": 270, "texture": "#1"}
			}
		},
		{
			"from": [15.75, 13.75, 5.75],
			"to": [14.25, 12.25, 4.25],
			"shade": false,
			"faces": {
				"north": {"uv": [10, 8, 12, 10], "texture": "#1"},
				"east": {"uv": [10, 8, 12, 10], "texture": "#1"},
				"south": {"uv": [10, 8, 12, 10], "texture": "#1"},
				"west": {"uv": [10, 8, 12, 10], "texture": "#1"},
				"up": {"uv": [10, 8, 12, 10], "rotation": 90, "texture": "#1"},
				"down": {"uv": [10, 8, 12, 10], "rotation": 270, "texture": "#1"}
			}
		},
		{
			"from": [13, 13, 5.5],
			"to": [14, 14, 6.5],
			"shade": false,
			"faces": {
				"north": {"uv": [8, 6, 10, 8], "texture": "#1"},
				"east": {"uv": [8, 6, 10, 8], "texture": "#1"},
				"south": {"uv": [8, 6, 10, 8], "texture": "#1"},
				"west": {"uv": [8, 6, 10, 8], "texture": "#1"},
				"up": {"uv": [8, 6, 10, 8], "rotation": 90, "texture": "#1"},
				"down": {"uv": [8, 6, 10, 8], "rotation": 270, "texture": "#1"}
			}
		},
		{
			"from": [14.25, 14.25, 6.75],
			"to": [12.75, 12.75, 5.25],
			"shade": false,
			"faces": {
				"north": {"uv": [10, 6, 12, 8], "texture": "#1"},
				"east": {"uv": [10, 6, 12, 8], "texture": "#1"},
				"south": {"uv": [10, 6, 12, 8], "texture": "#1"},
				"west": {"uv": [10, 6, 12, 8], "texture": "#1"},
				"up": {"uv": [10, 6, 12, 8], "rotation": 90, "texture": "#1"},
				"down": {"uv": [10, 6, 12, 8], "rotation": 270, "texture": "#1"}
			}
		},
		{
			"from": [13.05, 13.55, 6.05],
			"to": [13.95, 14.45, 6.95],
			"shade": false,
			"faces": {
				"north": {"uv": [8, 4, 10, 6], "texture": "#1"},
				"east": {"uv": [8, 4, 10, 6], "texture": "#1"},
				"south": {"uv": [8, 4, 10, 6], "texture": "#1"},
				"west": {"uv": [8, 4, 10, 6], "texture": "#1"},
				"up": {"uv": [8, 4, 10, 6], "rotation": 90, "texture": "#1"},
				"down": {"uv": [8, 4, 10, 6], "rotation": 270, "texture": "#1"}
			}
		},
		{
			"from": [14.25, 14.75, 7.25],
			"to": [12.75, 13.25, 5.75],
			"shade": false,
			"faces": {
				"north": {"uv": [10, 4, 12, 6], "texture": "#1"},
				"east": {"uv": [10, 4, 12, 6], "texture": "#1"},
				"south": {"uv": [10, 4, 12, 6], "texture": "#1"},
				"west": {"uv": [10, 4, 12, 6], "texture": "#1"},
				"up": {"uv": [10, 4, 12, 6], "rotation": 90, "texture": "#1"},
				"down": {"uv": [10, 4, 12, 6], "rotation": 270, "texture": "#1"}
			}
		},
		{
			"from": [14.1, 14.1, 6.6],
			"to": [14.9, 14.9, 7.4],
			"shade": false,
			"faces": {
				"north": {"uv": [8, 2, 10, 4], "texture": "#1"},
				"east": {"uv": [8, 2, 10, 4], "texture": "#1"},
				"south": {"uv": [8, 2, 10, 4], "texture": "#1"},
				"west": {"uv": [8, 2, 10, 4], "texture": "#1"},
				"up": {"uv": [8, 2, 10, 4], "rotation": 90, "texture": "#1"},
				"down": {"uv": [8, 2, 10, 4], "rotation": 270, "texture": "#1"}
			}
		},
		{
			"from": [15.25, 15.25, 7.75],
			"to": [13.75, 13.75, 6.25],
			"shade": false,
			"faces": {
				"north": {"uv": [10, 2, 12, 4], "texture": "#1"},
				"east": {"uv": [10, 2, 12, 4], "texture": "#1"},
				"south": {"uv": [10, 2, 12, 4], "texture": "#1"},
				"west": {"uv": [10, 2, 12, 4], "texture": "#1"},
				"up": {"uv": [10, 2, 12, 4], "rotation": 90, "texture": "#1"},
				"down": {"uv": [10, 2, 12, 4], "rotation": 270, "texture": "#1"}
			}
		},
		{
			"from": [5, 6.5, -1],
			"to": [7, 9.5, 2],
			"rotation": {"angle": -45, "axis": "x", "origin": [0, 8, 0.5]},
			"faces": {
				"north": {"uv": [15.5, 0.5, 16, 1], "texture": "#0"},
				"east": {"uv": [15.5, 0.5, 16, 1], "texture": "#0"},
				"south": {"uv": [15.5, 0.5, 16, 1], "texture": "#0"},
				"west": {"uv": [15.5, 0.5, 16, 1], "texture": "#0"},
				"up": {"uv": [15.5, 0.5, 16, 1], "texture": "#0"},
				"down": {"uv": [15.5, 0.5, 16, 1], "texture": "#0"}
			}
		},
		{
			"from": [7.45, 9.95, 2.45],
			"to": [4.55, 6.05, -1.45],
			"rotation": {"angle": -45, "axis": "x", "origin": [0, 8, 0.5]},
			"faces": {
				"north": {"uv": [15.5, 1, 16, 1.5], "texture": "#0"},
				"east": {"uv": [15.5, 1, 16, 1.5], "texture": "#0"},
				"south": {"uv": [15.5, 1, 16, 1.5], "texture": "#0"},
				"west": {"uv": [15.5, 1, 16, 1.5], "texture": "#0"},
				"up": {"uv": [15.5, 1, 16, 1.5], "texture": "#0"},
				"down": {"uv": [15.5, 1, 16, 1.5], "texture": "#0"}
			}
		},
		{
			"from": [8.05, 10.55, 3.05],
			"to": [3.95, 5.45, -2.05],
			"rotation": {"angle": -45, "axis": "x", "origin": [0, 8, 0.5]},
			"faces": {
				"north": {"uv": [15.5, 1.5, 16, 2], "texture": "#0"},
				"east": {"uv": [15.5, 1.5, 16, 2], "texture": "#0"},
				"south": {"uv": [15.5, 1.5, 16, 2], "texture": "#0"},
				"west": {"uv": [15.5, 1.5, 16, 2], "texture": "#0"},
				"up": {"uv": [15.5, 1.5, 16, 2], "texture": "#0"},
				"down": {"uv": [15.5, 1.5, 16, 2], "texture": "#0"}
			}
		},
		{
			"from": [6, 5.5, 12],
			"to": [6.05, 10.5, 19],
			"faces": {
				"east": {"uv": [9.75, 0.25, 8, 1.5], "texture": "#0"},
				"west": {"uv": [8, 0.25, 9.75, 1.5], "texture": "#0"}
			}
		},
		{
			"from": [3.525, 7.975, 12],
			"to": [8.525, 8.025, 19],
			"faces": {
				"up": {"uv": [8, 0.25, 9.75, 1.5], "rotation": 90, "texture": "#0"},
				"down": {"uv": [9.75, 0.25, 8, 1.5], "rotation": 90, "texture": "#0"}
			}
		},
		{
			"from": [5.5, 7.5, 2],
			"to": [6.5, 8.5, 18],
			"faces": {
				"east": {"uv": [12.5, 0, 8.5, 0.25], "texture": "#0"},
				"south": {"uv": [12.25, 0, 12.5, 0.25], "texture": "#0"},
				"west": {"uv": [8.5, 0, 12.5, 0.25], "texture": "#0"},
				"up": {"uv": [8.5, 0, 12.5, 0.25], "rotation": 90, "texture": "#0"},
				"down": {"uv": [12.5, 0, 8.5, 0.25], "rotation": 90, "texture": "#0"}
			}
		}
	],
	"gui_light": "front",
	"display": {
		"thirdperson_righthand": {
			"translation": [-1, -2, 1.75],
			"scale": [0.6, 0.6, 0.6]
		},
		"thirdperson_lefthand": {
			"translation": [-1, -2, 1.75],
			"scale": [0.6, 0.6, 0.6]
		},
		"firstperson_righthand": {
			"rotation": [26, 37, 0.27],
			"translation": [3, 6, -6.25],
			"scale": [0.6, 0.6, 0.6]
		},
		"firstperson_lefthand": {
			"rotation": [26, 37, 0.27],
			"translation": [3, 6, -6.25],
			"scale": [0.6, 0.6, 0.6]
		},
		"ground": {
			"rotation": [11.56, -44.14, 62.03],
			"translation": [0, 3, 0],
			"scale": [0.41836, 0.41836, 0.41836]
		},
		"gui": {
			"rotation": [90, 45, -90],
			"translation": [-0.25, 0.5, -1.5],
			"scale": [0.47695, 0.47695, 0.47695]
		},
		"head": {
			"rotation": [90, 27.25, 90],
			"translation": [0, 15.5, 0],
			"scale": [0.6, 0.6, 0.6]
		},
		"fixed": {
			"rotation": [-90, -45, -90],
			"translation": [1, -0.5, -1.25],
			"scale": [1.01797, 1.01797, 1.01797]
		}
	},
	"groups": [
		0,
		1,
		2,
		3,
		4,
		5,
		6,
		7,
		8,
		9,
		10,
		11,
		12,
		13,
		14,
		15,
		16,
		17,
		18,
		19,
		20,
		21,
		22,
		23,
		24,
		25,
		26,
		{
			"name": "particles",
			"origin": [8, 8, 8],
			"color": 0,
			"boneType": "",
			"children": [
				{
					"name": "particles1",
					"origin": [0, 0, 0],
					"color": 0,
					"boneType": "",
					"children": [
						{
							"name": "particle1",
							"origin": [0, 0, 0],
							"color": 0,
							"boneType": "",
							"children": [27, 28]
						},
						{
							"name": "particle2",
							"origin": [0, 0, 0],
							"color": 0,
							"boneType": "",
							"children": [29, 30]
						},
						{
							"name": "particle3",
							"origin": [0, 0, 0],
							"color": 0,
							"boneType": "",
							"children": [31, 32]
						},
						{
							"name": "particle4",
							"origin": [0, 0, 0],
							"color": 0,
							"boneType": "",
							"children": [33, 34]
						},
						{
							"name": "particle5",
							"origin": [0, 0, 0],
							"color": 0,
							"boneType": "",
							"children": [35, 36]
						},
						{
							"name": "particle6",
							"origin": [0, 0, 0],
							"color": 0,
							"boneType": "",
							"children": [37, 38]
						},
						{
							"name": "particle7",
							"origin": [0, 0, 0],
							"color": 0,
							"boneType": "",
							"children": [39, 40]
						}
					]
				},
				{
					"name": "particles2",
					"origin": [0, 0, 0],
					"color": 0,
					"boneType": "",
					"children": [
						{
							"name": "particle1",
							"origin": [0, 0, 0],
							"color": 0,
							"boneType": "",
							"children": [41, 42]
						},
						{
							"name": "particle2",
							"origin": [0, 0, 0],
							"color": 0,
							"boneType": "",
							"children": [43, 44]
						},
						{
							"name": "particle3",
							"origin": [0, 0, 0],
							"color": 0,
							"boneType": "",
							"children": [45, 46]
						},
						{
							"name": "particle4",
							"origin": [0, 0, 0],
							"color": 0,
							"boneType": "",
							"children": [47, 48]
						},
						{
							"name": "particle5",
							"origin": [0, 0, 0],
							"color": 0,
							"boneType": "",
							"children": [49, 50]
						},
						{
							"name": "particle6",
							"origin": [0, 0, 0],
							"color": 0,
							"boneType": "",
							"children": [51, 52]
						},
						{
							"name": "particle7",
							"origin": [0, 0, 0],
							"color": 0,
							"boneType": "",
							"children": [53, 54]
						}
					]
				},
				{
					"name": "particles3",
					"origin": [0, 0, 0],
					"color": 0,
					"boneType": "",
					"children": [
						{
							"name": "particle1",
							"origin": [0, 0, 0],
							"color": 0,
							"boneType": "",
							"children": [55, 56]
						},
						{
							"name": "particle2",
							"origin": [0, 0, 0],
							"color": 0,
							"boneType": "",
							"children": [57, 58]
						},
						{
							"name": "particle3",
							"origin": [0, 0, 0],
							"color": 0,
							"boneType": "",
							"children": [59, 60]
						},
						{
							"name": "particle4",
							"origin": [0, 0, 0],
							"color": 0,
							"boneType": "",
							"children": [61, 62]
						},
						{
							"name": "particle5",
							"origin": [0, 0, 0],
							"color": 0,
							"boneType": "",
							"children": [63, 64]
						},
						{
							"name": "particle6",
							"origin": [0, 0, 0],
							"color": 0,
							"boneType": "",
							"children": [65, 66]
						},
						{
							"name": "particle7",
							"origin": [0, 0, 0],
							"color": 0,
							"boneType": "",
							"children": [67, 68]
						}
					]
				}
			]
		},
		{
			"name": "arrow",
			"origin": [0, 0, 0],
			"color": 0,
			"boneType": "",
			"children": [69, 70, 71, 72, 73, 74]
		}
	],
	"__credit": "Generated using Animated Java (https://animated-java.dev/)"
}