{
	"credit": "by w11shes",
	"texture_size": [32, 32],
	"textures": {
		"0": "custom:monsterisles/dwarven/dwarven_pickaxe",
		"particle": "custom:monsterisles/dwarven/dwarven_pickaxe"
	},
	"elements": [
		{
			"from": [6, 0, 6],
			"to": [10, 4, 10],
			"rotation": {"angle": 45, "axis": "y", "origin": [8, 1, 8]},
			"faces": {
				"north": {"uv": [5.5, 4, 7.5, 6], "texture": "#0"},
				"east": {"uv": [5.5, 4, 7.5, 6], "texture": "#0"},
				"south": {"uv": [5.5, 4, 7.5, 6], "texture": "#0"},
				"west": {"uv": [5.5, 4, 7.5, 6], "texture": "#0"},
				"up": {"uv": [3, 8, 1, 6], "texture": "#0"},
				"down": {"uv": [5, 6, 3, 8], "texture": "#0"}
			}
		},
		{
			"from": [7, 4, 7],
			"to": [9, 25, 9],
			"rotation": {"angle": 0, "axis": "y", "origin": [0, -1, 0]},
			"faces": {
				"north": {"uv": [0, 3, 1, 13.5], "texture": "#0"},
				"east": {"uv": [1, 3, 0, 13.5], "texture": "#0"},
				"south": {"uv": [0, 3, 1, 13.5], "texture": "#0"},
				"west": {"uv": [1, 3, 0, 13.5], "texture": "#0"},
				"up": {"uv": [6, 8.5, 5, 7.5], "texture": "#0"}
			}
		},
		{
			"from": [6.5, 14, 6.5],
			"to": [9.5, 17, 9.5],
			"rotation": {"angle": 45, "axis": "y", "origin": [8, 2, 8]},
			"faces": {
				"north": {"uv": [5, 6, 6.5, 7.5], "texture": "#0"},
				"east": {"uv": [5, 6, 6.5, 7.5], "texture": "#0"},
				"south": {"uv": [5, 6, 6.5, 7.5], "texture": "#0"},
				"west": {"uv": [5, 6, 6.5, 7.5], "texture": "#0"},
				"up": {"uv": [8, 7.5, 6.5, 6], "texture": "#0"},
				"down": {"uv": [9, 4, 7.5, 5.5], "texture": "#0"}
			}
		},
		{
			"from": [5.5, 17, 6],
			"to": [10.5, 23, 10],
			"rotation": {"angle": 0, "axis": "y", "origin": [-2.5, 4, 0]},
			"faces": {
				"north": {"uv": [1, 3, 3.5, 6], "texture": "#0"},
				"east": {"uv": [3.5, 3, 5.5, 6], "texture": "#0"},
				"south": {"uv": [1, 3, 3.5, 6], "texture": "#0"},
				"west": {"uv": [3.5, 3, 5.5, 6], "texture": "#0"},
				"up": {"uv": [8, 2, 5.5, 0], "texture": "#0"},
				"down": {"uv": [8, 2, 5.5, 4], "texture": "#0"}
			}
		},
		{
			"from": [-5.5, 16, 8],
			"to": [5.5, 22, 8],
			"rotation": {"angle": 22.5, "axis": "z", "origin": [5.5, 22, 8]},
			"faces": {
				"north": {"uv": [0, 0, 5.5, 3], "texture": "#0"},
				"south": {"uv": [5.5, 0, 0, 3], "texture": "#0"}
			}
		},
		{
			"from": [-1.5, 18, 7.5],
			"to": [5.5, 22, 8.5],
			"rotation": {"angle": 22.5, "axis": "z", "origin": [5.5, 22, 8]},
			"faces": {
				"north": {"uv": [0, 0, 4, 2], "texture": "#0"},
				"south": {"uv": [4, 0, 0, 2], "texture": "#0"},
				"west": {"uv": [3.5, 0, 4, 2], "texture": "#0"},
				"up": {"uv": [4, 0, 0, 0.5], "texture": "#0"},
				"down": {"uv": [4, 1.5, 0, 2], "texture": "#0"}
			}
		},
		{
			"from": [10.5, 18, 7.5],
			"to": [17.5, 22, 8.5],
			"rotation": {"angle": -22.5, "axis": "z", "origin": [10.5, 22, 8]},
			"faces": {
				"north": {"uv": [4, 0, 0, 2], "texture": "#0"},
				"east": {"uv": [4, 0, 3.5, 2], "texture": "#0"},
				"south": {"uv": [0, 0, 4, 2], "texture": "#0"},
				"up": {"uv": [0, 0, 4, 0.5], "texture": "#0"},
				"down": {"uv": [0, 1.5, 4, 2], "texture": "#0"}
			}
		},
		{
			"from": [10.5, 16, 8],
			"to": [21.5, 22, 8],
			"rotation": {"angle": -22.5, "axis": "z", "origin": [10.5, 22, 8]},
			"faces": {
				"north": {"uv": [5.5, 0, 0, 3], "texture": "#0"},
				"south": {"uv": [0, 0, 5.5, 3], "texture": "#0"}
			}
		}
	],
	"gui_light": "front",
	"display": {
		"thirdperson_righthand": {
			"rotation": [0, -90, 0],
			"translation": [0, 3.25, 2.25],
			"scale": [0.60938, 0.60938, 0.60938]
		},
		"thirdperson_lefthand": {
			"rotation": [0, 90, 0],
			"translation": [0, 3.25, 2.25],
			"scale": [0.60938, 0.60938, 0.60938]
		},
		"firstperson_righthand": {
			"rotation": [0, 90, 5],
			"translation": [3, 2.25, 0],
			"scale": [0.37891, 0.37891, 0.37891]
		},
		"firstperson_lefthand": {
			"rotation": [0, -90, -5],
			"translation": [3, 2.25, 0],
			"scale": [0.37891, 0.37891, 0.37891]
		},
		"ground": {
			"rotation": [0, 0, 45],
			"translation": [0, 6, 0],
			"scale": [0.5, 0.5, 0.5]
		},
		"gui": {
			"rotation": [180, 0, -135],
			"translation": [-2.5, -2.5, 0],
			"scale": [0.66016, 0.66016, 0.66016]
		},
		"head": {
			"scale": [0, 0, 0]
		},
		"fixed": {
			"translation": [0, -5.75, -4],
			"scale": [1.4, 1.4, 1.4]
		}
	}
}