{
	"credit": "by w11shes",
	"texture_size": [64, 64],
	"textures": {
		"0": "custom:monsterisles/dwarven/dwarven_shield",
		"particle": "custom:monsterisles/dwarven/dwarven_shield"
	},
	"elements": [
		{
			"from": [-0.5, 8, 7],
			"to": [16.5, 23, 10],
			"rotation": {"angle": 0, "axis": "y", "origin": [-0.5, 7, 0]},
			"faces": {
				"north": {"uv": [0, 0, 4.25, 3.75], "texture": "#0"},
				"east": {"uv": [7.75, 5, 8.5, 8.75], "texture": "#0"},
				"south": {"uv": [0, 3.75, 4.25, 7.5], "texture": "#0"},
				"west": {"uv": [8.5, 5, 9.25, 8.75], "texture": "#0"},
				"down": {"uv": [11.5, 4.25, 7.25, 5], "texture": "#0"}
			}
		},
		{
			"from": [-0.5, 8, 6.98],
			"to": [11.52082, 20.02082, 10.02],
			"rotation": {"angle": -45, "axis": "z", "origin": [-0.5, 8, 7]},
			"faces": {
				"north": {"uv": [4.25, 0, 7.25, 3], "texture": "#0"},
				"east": {"uv": [0, 8.75, 0.75, 11.75], "texture": "#0"},
				"south": {"uv": [4.25, 3, 7.25, 6], "texture": "#0"},
				"down": {"uv": [10.75, 8.75, 7.75, 9.5], "texture": "#0"}
			}
		},
		{
			"from": [4.5, 11, 5],
			"to": [11.5, 25, 12],
			"rotation": {"angle": 0, "axis": "y", "origin": [-0.5, 7, 0]},
			"faces": {
				"north": {"uv": [4.25, 6, 6, 9.5], "texture": "#0"},
				"east": {"uv": [9, 0, 7.25, 3.5], "texture": "#0"},
				"south": {"uv": [6, 6, 7.75, 9.5], "texture": "#0"},
				"west": {"uv": [7.25, 0, 9, 3.5], "texture": "#0"},
				"up": {"uv": [4.25, 9.25, 2.5, 7.5], "texture": "#0"}
			}
		},
		{
			"from": [4.5, 6.05025, 4.98],
			"to": [9.44975, 11, 12.02],
			"rotation": {"angle": 45, "axis": "z", "origin": [4.5, 11, 5]},
			"faces": {
				"north": {"uv": [2.5, 9.25, 3.75, 10.5], "texture": "#0"},
				"south": {"uv": [9.25, 5, 10.5, 6.25], "texture": "#0"},
				"west": {"uv": [0.75, 8.75, 2.5, 10], "texture": "#0"},
				"down": {"uv": [2.5, 10, 0.75, 8.75], "rotation": 90, "texture": "#0"}
			}
		},
		{
			"from": [6.5, 13, 12],
			"to": [9.5, 19, 17],
			"rotation": {"angle": 0, "axis": "y", "origin": [-0.5, 8, 0]},
			"faces": {
				"east": {"uv": [10.25, 0, 9, 1.5], "texture": "#0"},
				"south": {"uv": [9.25, 6.25, 10, 7.75], "texture": "#0"},
				"west": {"uv": [9, 0, 10.25, 1.5], "texture": "#0"},
				"up": {"uv": [4.5, 10.75, 3.75, 9.5], "texture": "#0"},
				"down": {"uv": [5.25, 9.5, 4.5, 10.75], "texture": "#0"}
			}
		},
		{
			"from": [9.5, 18, 16],
			"to": [6.5, 14, 12],
			"rotation": {"angle": 0, "axis": "y", "origin": [13.5, 20, 24]},
			"faces": {
				"north": {"uv": [9.25, 7.5, 10, 6.5], "texture": "#0"},
				"up": {"uv": [4.5, 9.75, 5.25, 10.75], "texture": "#0"},
				"down": {"uv": [3.75, 10.75, 4.5, 9.75], "texture": "#0"}
			}
		},
		{
			"from": [-7.6, 21.3, 7.02],
			"to": [2.4, 26.3, 9.98],
			"rotation": {"angle": -22.5, "axis": "z", "origin": [0.9, 16.3, 7]},
			"faces": {
				"north": {"uv": [0, 7.5, 2.5, 8.75], "texture": "#0"},
				"east": {"uv": [5.25, 9.5, 6, 10.75], "texture": "#0"},
				"south": {"uv": [2.5, 7.5, 0, 8.75], "texture": "#0"},
				"west": {"uv": [6, 9.5, 6.75, 10.75], "texture": "#0"},
				"up": {"uv": [11.5, 2.25, 9, 1.5], "texture": "#0"},
				"down": {"uv": [11.5, 2.25, 9, 3], "texture": "#0"}
			}
		},
		{
			"from": [-1.6, 26.3, 7.02],
			"to": [2.4, 29.3, 9.98],
			"rotation": {"angle": -22.5, "axis": "z", "origin": [0.9, 16.3, 7]},
			"faces": {
				"north": {"uv": [9.25, 7.75, 10.25, 8.5], "texture": "#0"},
				"east": {"uv": [7.75, 9.5, 8.5, 10.25], "texture": "#0"},
				"south": {"uv": [10.25, 7.75, 9.25, 8.5], "texture": "#0"},
				"west": {"uv": [8.5, 9.5, 9.25, 10.25], "texture": "#0"},
				"up": {"uv": [7.75, 10.25, 6.75, 9.5], "texture": "#0"}
			}
		},
		{
			"from": [13.6, 21.3, 7.02],
			"to": [23.6, 26.3, 9.98],
			"rotation": {"angle": 22.5, "axis": "z", "origin": [15.1, 16.3, 7]},
			"faces": {
				"north": {"uv": [2.5, 7.5, 0, 8.75], "texture": "#0"},
				"east": {"uv": [6.75, 9.5, 6, 10.75], "texture": "#0"},
				"south": {"uv": [0, 7.5, 2.5, 8.75], "texture": "#0"},
				"west": {"uv": [6, 9.5, 5.25, 10.75], "texture": "#0"},
				"up": {"uv": [9, 2.25, 11.5, 1.5], "texture": "#0"},
				"down": {"uv": [9, 2.25, 11.5, 3], "texture": "#0"}
			}
		},
		{
			"from": [13.6, 26.3, 7.02],
			"to": [17.6, 29.3, 9.98],
			"rotation": {"angle": 22.5, "axis": "z", "origin": [15.1, 16.3, 7]},
			"faces": {
				"north": {"uv": [10.25, 7.75, 9.25, 8.5], "texture": "#0"},
				"east": {"uv": [9.25, 9.5, 8.5, 10.25], "texture": "#0"},
				"south": {"uv": [9.25, 7.75, 10.25, 8.5], "texture": "#0"},
				"west": {"uv": [8.5, 9.5, 7.75, 10.25], "texture": "#0"},
				"up": {"uv": [6.75, 10.25, 7.75, 9.5], "texture": "#0"}
			}
		}
	],
	"gui_light": "front",
	"display": {
		"thirdperson_righthand": {
			"rotation": [0, -90, 0],
			"translation": [4.25, -5.75, 2.5],
			"scale": [0.6, 0.6, 0.6]
		},
		"thirdperson_lefthand": {
			"rotation": [0, -90, 0],
			"translation": [4.25, -5.75, 2.5],
			"scale": [0.6, 0.6, 0.6]
		},
		"firstperson_righthand": {
			"translation": [-1, -2.5, 0],
			"scale": [0.5, 0.5, 0.5]
		},
		"firstperson_lefthand": {
			"translation": [-1, -2.5, 0],
			"scale": [0.5, 0.5, 0.5]
		},
		"ground": {
			"translation": [0, 6, 0],
			"scale": [0.45, 0.45, 0.45]
		},
		"gui": {
			"translation": [0, -3.25, 0],
			"scale": [0.50586, 0.50586, 0.50586]
		},
		"head": {
			"scale": [0, 0, 0]
		},
		"fixed": {
			"translation": [0, -7.75, -5.25],
			"scale": [1.4, 1.4, 1.4]
		}
	}
}