{
  "providers": [
    {
      "file": "custom:icons/ornament.png",
      "chars": [
        ""
      ],
      "ascent": 8,
      "height": 9,
      "type": "bitmap"
    },
    {
      "file": "custom:icons/hot_chocolate.png",
      "chars": [
        ""
      ],
      "ascent": 8,
      "height": 9,
      "type": "bitmap"
    },
    {
      "file": "custom:icons/penguin.png",
      "chars": [
        ""
      ],
      "ascent": 8,
      "height": 9,
      "type": "bitmap"
    },
    {
      "file": "custom:icons/gingerbread_man.png",
      "chars": [
        ""
      ],
      "ascent": 8,
      "height": 9,
      "type": "bitmap"
    },
    {
      "file": "custom:icons/stocking.png",
      "chars": [
        ""
      ],
      "ascent": 8,
      "height": 9,
      "type": "bitmap"
    },
    {
      "file": "custom:icons/reindeer.png",
      "chars": [
        ""
      ],
      "ascent": 8,
      "height": 9,
      "type": "bitmap"
    },
    {
      "file": "custom:icons/mistletoe.png",
      "chars": [
        ""
      ],
      "ascent": 8,
      "height": 9,
      "type": "bitmap"
    },
    {
      "file": "custom:icons/milk_and_cookies.png",
      "chars": [
        ""
      ],
      "ascent": 8,
      "height": 9,
      "type": "bitmap"
    },
    {
      "file": "custom:icons/wreath.png",
      "chars": [
        ""
      ],
      "ascent": 8,
      "height": 9,
      "type": "bitmap"
    },
    {
      "file": "custom:icons/elf.png",
      "chars": [
        ""
      ],
      "ascent": 8,
      "height": 9,
      "type": "bitmap"
    },
    {
      "file": "custom:icons/candy_cane.png",
      "chars": [
        ""
      ],
      "ascent": 8,
      "height": 9,
      "type": "bitmap"
    },
    {
      "file": "custom:icons/snowman.png",
      "chars": [
        ""
      ],
      "ascent": 8,
      "height": 9,
      "type": "bitmap"
    },
    {
      "file": "custom:icons/gift.png",
      "chars": [
        ""
      ],
      "ascent": 8,
      "height": 9,
      "type": "bitmap"
    },
    {
      "file": "custom:icons/snowflake.png",
      "chars": [
        ""
      ],
      "ascent": 8,
      "height": 9,
      "type": "bitmap"
    },
    {
      "file": "custom:icons/christmas_tree.png",
      "chars": [
        ""
      ],
      "ascent": 8,
      "height": 9,
      "type": "bitmap"
    },
    {
      "file": "custom:icons/santa.png",
      "chars": [
        ""
      ],
      "ascent": 8,
      "height": 9,
      "type": "bitmap"
    },
	
	
	{"file":"custom:icons/valentines/big_gift.png","chars":[""],"ascent":6,"height":9,"type":"bitmap"},
	{"file":"custom:icons/valentines/candy.png","chars":[""],"ascent":8,"height":9,"type":"bitmap"},
	{"file":"custom:icons/valentines/chocolate.png","chars":[""],"ascent":8,"height":9,"type":"bitmap"},
	{"file":"custom:icons/valentines/chocolate_heart.png","chars":[""],"ascent":8,"height":9,"type":"bitmap"},
	{"file":"custom:icons/valentines/first_aid_box.png","chars":[""],"ascent":8,"height":9,"type":"bitmap"},
	{"file":"custom:icons/valentines/flower_bouquet.png","chars":[""],"ascent":8,"height":9,"type":"bitmap"},
	{"file":"custom:icons/valentines/gift_bag.png","chars":[""],"ascent":8,"height":9,"type":"bitmap"},
	{"file":"custom:icons/valentines/heart_glass.png","chars":[""],"ascent":8,"height":9,"type":"bitmap"},
	{"file":"custom:icons/valentines/love_arrow.png","chars":[""],"ascent":8,"height":9,"type":"bitmap"},
	{"file":"custom:icons/valentines/love_letter.png","chars":[""],"ascent":8,"height":9,"type":"bitmap"},
	{"file":"custom:icons/valentines/pink_heart.png","chars":[""],"ascent":8,"height":9,"type":"bitmap"},
	{"file":"custom:icons/valentines/pink_teddy_bear.png","chars":[""],"ascent":8,"height":9,"type":"bitmap"},
	{"file":"custom:icons/valentines/red_heart.png","chars":[""],"ascent":8,"height":9,"type":"bitmap"},
	{"file":"custom:icons/valentines/small_gift.png","chars":[""],"ascent":8,"height":9,"type":"bitmap"},
	{"file":"custom:icons/valentines/valentine_calendar.png","chars":[""],"ascent":8,"height":9,"type":"bitmap"},
	{"file":"custom:icons/valentines/valentine_lock.png","chars":[""],"ascent":8,"height":9,"type":"bitmap"},
	{"file":"custom:icons/valentines/valentine_message.png","chars":[""],"ascent":8,"height":9,"type":"bitmap"},
	{"file":"custom:icons/valentines/valentine_ring.png","chars":[""],"ascent":8,"height":9,"type":"bitmap"},
	{"file":"custom:icons/valentines/valentine_teddy_bear.png","chars":[""],"ascent":8,"height":9,"type":"bitmap"},
	{"file":"custom:icons/valentines/water_bottle.png","chars":[""],"ascent":8,"height":9,"type":"bitmap"}
  ]
}