{
	"credit": "by w11shes",
	"textures": {
		"0": "custom:monsterisles/mage/mage_axe",
		"1": "custom:monsterisles/mage/staff_particle",
		"particle": "custom:monsterisles/mage/mage_axe"
	},
	"elements": [
		{
			"from": [7, 1, 7],
			"to": [9, 13, 9],
			"rotation": {"angle": 0, "axis": "y", "origin": [8, 10.45012, 8]},
			"faces": {
				"north": {"uv": [2, 3.5, 3, 9.5], "texture": "#0"},
				"east": {"uv": [2, 3.5, 3, 9.5], "texture": "#0"},
				"south": {"uv": [2, 3.5, 3, 9.5], "texture": "#0"},
				"west": {"uv": [2, 3.5, 3, 9.5], "texture": "#0"}
			}
		},
		{
			"from": [5.5, -3.18187, -5.63199],
			"to": [10.5, 0.81813, -1.63199],
			"rotation": {"angle": -45, "axis": "x", "origin": [8, 10.45012, 8]},
			"faces": {
				"north": {"uv": [3.5, 2, 6, 4], "texture": "#0"},
				"east": {"uv": [7, 4, 9, 6], "texture": "#0"},
				"south": {"uv": [3, 6.5, 5, 4], "rotation": 90, "texture": "#0"},
				"west": {"uv": [9, 4, 7, 6], "texture": "#0"},
				"up": {"uv": [5, 6.5, 3, 4], "rotation": 90, "texture": "#0"},
				"down": {"uv": [3.5, 2, 6, 4], "texture": "#0"}
			}
		},
		{
			"from": [5.98, 13.67257, 11.22245],
			"to": [10.02, 20.67257, 18.22245],
			"rotation": {"angle": -45, "axis": "x", "origin": [8, 10.45012, 8]},
			"faces": {
				"north": {"uv": [3.5, 2, 7, 0], "rotation": 90, "texture": "#0"},
				"east": {"uv": [0, 0, 3.5, 3.5], "texture": "#0"},
				"south": {"uv": [0, 3.5, 2, 7], "texture": "#0"},
				"west": {"uv": [3.5, 0, 0, 3.5], "texture": "#0"},
				"up": {"uv": [0, 3.5, 2, 7], "rotation": 180, "texture": "#0"},
				"down": {"uv": [7, 0, 3.5, 2], "rotation": 270, "texture": "#0"}
			}
		},
		{
			"from": [10.15, 19.3529, 16.90278],
			"to": [5.85, 15.0529, 12.60278],
			"shade": false,
			"rotation": {"angle": -45, "axis": "x", "origin": [8, 10.45012, 8]},
			"faces": {
				"north": {"uv": [1.5, 14.5, 3, 16], "texture": "#0"},
				"east": {"uv": [1.5, 14.5, 3, 16], "texture": "#0"},
				"south": {"uv": [1.5, 14.5, 3, 16], "texture": "#0"},
				"west": {"uv": [1.5, 14.5, 3, 16], "texture": "#0"},
				"up": {"uv": [1.5, 14.5, 3, 16], "rotation": 90, "texture": "#0"},
				"down": {"uv": [1.5, 14.5, 3, 16], "rotation": 270, "texture": "#0"}
			}
		},
		{
			"from": [10.9, 20.1029, 17.65278],
			"to": [5.1, 14.3029, 11.85278],
			"shade": false,
			"rotation": {"angle": -45, "axis": "x", "origin": [8, 10.45012, 8]},
			"faces": {
				"north": {"uv": [3, 14.5, 4.5, 16], "texture": "#0"},
				"east": {"uv": [3, 14.5, 4.5, 16], "texture": "#0"},
				"south": {"uv": [3, 14.5, 4.5, 16], "texture": "#0"},
				"west": {"uv": [3, 14.5, 4.5, 16], "texture": "#0"},
				"up": {"uv": [3, 14.5, 4.5, 16], "rotation": 90, "texture": "#0"},
				"down": {"uv": [3, 14.5, 4.5, 16], "rotation": 270, "texture": "#0"}
			}
		},
		{
			"from": [7.02, 18.59199, 9.30304],
			"to": [9.02, 22.59199, 13.30304],
			"rotation": {"angle": -45, "axis": "x", "origin": [8, 10.45012, 8]},
			"faces": {
				"north": {"uv": [2, 11, 4, 12], "rotation": 90, "texture": "#0"},
				"east": {"uv": [0, 9, 2, 11], "texture": "#0"},
				"south": {"uv": [1, 11, 2, 13], "texture": "#0"},
				"west": {"uv": [2, 9, 0, 11], "texture": "#0"},
				"up": {"uv": [0, 11, 1, 13], "rotation": 180, "texture": "#0"},
				"down": {"uv": [2, 10, 4, 11], "rotation": 270, "texture": "#0"}
			}
		},
		{
			"from": [7.02, 18.59199, 2.69696],
			"to": [9.02, 22.59199, 6.69696],
			"rotation": {"angle": 45, "axis": "x", "origin": [8, 10.45012, 8]},
			"faces": {
				"north": {"uv": [2, 11, 1, 13], "texture": "#0"},
				"east": {"uv": [2, 9, 0, 11], "texture": "#0"},
				"south": {"uv": [2, 12, 4, 11], "rotation": 90, "texture": "#0"},
				"west": {"uv": [0, 9, 2, 11], "texture": "#0"},
				"up": {"uv": [0, 13, 1, 11], "rotation": 180, "texture": "#0"},
				"down": {"uv": [4, 10, 2, 11], "rotation": 270, "texture": "#0"}
			}
		},
		{
			"from": [6.5, 15.73324, 13.28311],
			"to": [9.5, 18.73324, 16.28311],
			"rotation": {"angle": -45, "axis": "x", "origin": [8, 10.45012, 8]},
			"faces": {
				"north": {"uv": [0, 14.5, 1.5, 16], "texture": "#0"},
				"east": {"uv": [0, 14.5, 1.5, 16], "texture": "#0"},
				"south": {"uv": [0, 14.5, 1.5, 16], "texture": "#0"},
				"west": {"uv": [0, 14.5, 1.5, 16], "texture": "#0"},
				"up": {"uv": [0, 14.5, 1.5, 16], "rotation": 90, "texture": "#0"},
				"down": {"uv": [0, 14.5, 1.5, 16], "rotation": 270, "texture": "#0"}
			}
		},
		{
			"from": [10.02, 19.67293, 17.22281],
			"to": [5.98, 14.67293, 12.22281],
			"rotation": {"angle": -45, "axis": "x", "origin": [8, 10.45012, 8]},
			"faces": {
				"north": {"uv": [0, 4, 2, 6.5], "texture": "#0"},
				"south": {"uv": [6.5, 2, 4, 0], "rotation": 90, "texture": "#0"},
				"up": {"uv": [4, 2, 6.5, 0], "rotation": 90, "texture": "#0"},
				"down": {"uv": [0, 4, 2, 6.5], "texture": "#0"}
			}
		},
		{
			"from": [6.5, -5.5, 6.5],
			"to": [9.5, -1, 9.5],
			"rotation": {"angle": -45, "axis": "y", "origin": [8, 10.45012, 8]},
			"faces": {
				"north": {"uv": [7, 6, 8.5, 8.5], "texture": "#0"},
				"east": {"uv": [7, 6, 8.5, 8.5], "texture": "#0"},
				"south": {"uv": [7, 6, 8.5, 8.5], "texture": "#0"},
				"west": {"uv": [7, 6, 8.5, 8.5], "texture": "#0"}
			}
		},
		{
			"from": [6, -1, 6],
			"to": [10, 1, 10],
			"rotation": {"angle": -45, "axis": "y", "origin": [8, 10.45012, 8]},
			"faces": {
				"north": {"uv": [6.5, 8.5, 8.5, 9.5], "texture": "#0"},
				"east": {"uv": [6.5, 8.5, 8.5, 9.5], "texture": "#0"},
				"south": {"uv": [6.5, 8.5, 8.5, 9.5], "texture": "#0"},
				"west": {"uv": [6.5, 8.5, 8.5, 9.5], "texture": "#0"},
				"up": {"uv": [2, 9, 0, 7], "rotation": 90, "texture": "#0"},
				"down": {"uv": [9, 0, 7, 2], "rotation": 270, "texture": "#0"}
			}
		},
		{
			"from": [7.95, 13, 9],
			"to": [8, 31, 20],
			"rotation": {"angle": 0, "axis": "y", "origin": [8, 10.45012, 8]},
			"faces": {
				"east": {"uv": [10.5, 0, 16, 9], "texture": "#0"},
				"west": {"uv": [16, 0, 10.5, 9], "texture": "#0"}
			}
		},
		{
			"from": [7.95, 13, -4],
			"to": [8, 31, 7],
			"rotation": {"angle": 0, "axis": "y", "origin": [8, 10.45012, 8]},
			"faces": {
				"east": {"uv": [16, 0, 10.5, 9], "texture": "#0"},
				"west": {"uv": [10.5, 0, 16, 9], "texture": "#0"}
			}
		},
		{
			"from": [6, 13, 6],
			"to": [10, 17, 10],
			"rotation": {"angle": 0, "axis": "y", "origin": [8, 10.45012, 8]},
			"faces": {
				"north": {"uv": [3, 6.5, 5, 8.5], "texture": "#0"},
				"east": {"uv": [5, 6, 7, 8], "texture": "#0"},
				"south": {"uv": [3, 6.5, 5, 8.5], "texture": "#0"},
				"west": {"uv": [5, 6, 7, 8], "texture": "#0"}
			}
		},
		{
			"from": [5.98, 10.84003, 8.38882],
			"to": [10.02, 13.66703, 11.21582],
			"rotation": {"angle": -45, "axis": "x", "origin": [8, 10.45012, 8]},
			"faces": {
				"north": {"uv": [5, 8, 6.5, 10], "rotation": 90, "texture": "#0"},
				"east": {"uv": [8.5, 6, 10, 7.5], "texture": "#0"},
				"west": {"uv": [8.5, 6, 10, 7.5], "rotation": 90, "texture": "#0"},
				"down": {"uv": [6.5, 8, 5, 10], "rotation": 270, "texture": "#0"}
			}
		},
		{
			"from": [6, 22.9, 6],
			"to": [10, 26.9, 10],
			"rotation": {"angle": 0, "axis": "y", "origin": [8, 10.45012, 8]},
			"faces": {
				"north": {"uv": [6, 2, 8, 4], "texture": "#0"},
				"east": {"uv": [5, 4, 7, 6], "texture": "#0"},
				"south": {"uv": [6, 2, 8, 4], "texture": "#0"},
				"west": {"uv": [5, 4, 7, 6], "texture": "#0"}
			}
		},
		{
			"from": [5.98, 20.66807, -5.04604],
			"to": [10.02, 23.49507, -2.21904],
			"rotation": {"angle": 45, "axis": "x", "origin": [8, 10.45012, 8]},
			"faces": {
				"north": {"uv": [9.5, 4, 8, 2], "rotation": 90, "texture": "#0"},
				"east": {"uv": [3, 8.5, 4.5, 10], "texture": "#0"},
				"west": {"uv": [4.5, 8.5, 3, 10], "texture": "#0"},
				"up": {"uv": [9.5, 4, 8, 2], "rotation": 90, "texture": "#0"}
			}
		},
		{
			"from": [7.5, 16, 13],
			"to": [8.5, 28, 17],
			"rotation": {"angle": 0, "axis": "y", "origin": [8, 10.45012, 8]},
			"faces": {
				"north": {"uv": [13.5, 1.5, 14, 7.5], "texture": "#0"},
				"east": {"uv": [12, 1.5, 14, 7.5], "texture": "#0"},
				"south": {"uv": [12, 1.5, 12.5, 7.5], "texture": "#0"},
				"west": {"uv": [14, 1.5, 12, 7.5], "texture": "#0"},
				"up": {"uv": [14, 1.5, 12, 2], "rotation": 90, "texture": "#0"},
				"down": {"uv": [14, 7, 12, 7.5], "rotation": 270, "texture": "#0"}
			}
		},
		{
			"from": [7.5, 16, -1],
			"to": [8.5, 28, 3],
			"rotation": {"angle": 0, "axis": "y", "origin": [8, 10.45012, 8]},
			"faces": {
				"north": {"uv": [12.5, 1.5, 12, 7.5], "texture": "#0"},
				"east": {"uv": [14, 1.5, 12, 7.5], "texture": "#0"},
				"south": {"uv": [14, 1.5, 13.5, 7.5], "texture": "#0"},
				"west": {"uv": [12, 1.5, 14, 7.5], "texture": "#0"},
				"up": {"uv": [12, 1.5, 14, 2], "rotation": 90, "texture": "#0"},
				"down": {"uv": [12, 7, 14, 7.5], "rotation": 270, "texture": "#0"}
			}
		},
		{
			"from": [11.1, 19.1, 4.1],
			"to": [11.9, 19.9, 4.9],
			"shade": false,
			"rotation": {"angle": 0, "axis": "y", "origin": [8, 10.45012, 8]},
			"faces": {
				"north": {"uv": [0, 14, 2, 16], "texture": "#1"},
				"east": {"uv": [0, 14, 2, 16], "texture": "#1"},
				"south": {"uv": [0, 14, 2, 16], "texture": "#1"},
				"west": {"uv": [0, 14, 2, 16], "texture": "#1"},
				"up": {"uv": [0, 14, 2, 16], "rotation": 90, "texture": "#1"},
				"down": {"uv": [0, 14, 2, 16], "rotation": 270, "texture": "#1"}
			}
		},
		{
			"from": [12.25, 20.25, 5.25],
			"to": [10.75, 18.75, 3.75],
			"shade": false,
			"rotation": {"angle": 0, "axis": "y", "origin": [8, 10.45012, 8]},
			"faces": {
				"north": {"uv": [2, 14, 4, 16], "texture": "#1"},
				"east": {"uv": [2, 14, 4, 16], "texture": "#1"},
				"south": {"uv": [2, 14, 4, 16], "texture": "#1"},
				"west": {"uv": [2, 14, 4, 16], "texture": "#1"},
				"up": {"uv": [2, 14, 4, 16], "rotation": 90, "texture": "#1"},
				"down": {"uv": [2, 14, 4, 16], "rotation": 270, "texture": "#1"}
			}
		},
		{
			"from": [11.05, 20.05, 4.05],
			"to": [11.95, 20.95, 4.95],
			"shade": false,
			"rotation": {"angle": 0, "axis": "y", "origin": [8, 10.45012, 8]},
			"faces": {
				"north": {"uv": [0, 12, 2, 14], "texture": "#1"},
				"east": {"uv": [0, 12, 2, 14], "texture": "#1"},
				"south": {"uv": [0, 12, 2, 14], "texture": "#1"},
				"west": {"uv": [0, 12, 2, 14], "texture": "#1"},
				"up": {"uv": [0, 12, 2, 14], "rotation": 90, "texture": "#1"},
				"down": {"uv": [0, 12, 2, 14], "rotation": 270, "texture": "#1"}
			}
		},
		{
			"from": [12.25, 21.25, 5.25],
			"to": [10.75, 19.75, 3.75],
			"shade": false,
			"rotation": {"angle": 0, "axis": "y", "origin": [8, 10.45012, 8]},
			"faces": {
				"north": {"uv": [2, 12, 4, 14], "texture": "#1"},
				"east": {"uv": [2, 12, 4, 14], "texture": "#1"},
				"south": {"uv": [2, 12, 4, 14], "texture": "#1"},
				"west": {"uv": [2, 12, 4, 14], "texture": "#1"},
				"up": {"uv": [2, 12, 4, 14], "rotation": 90, "texture": "#1"},
				"down": {"uv": [2, 12, 4, 14], "rotation": 270, "texture": "#1"}
			}
		},
		{
			"from": [11, 21, 4],
			"to": [12, 22, 5],
			"shade": false,
			"rotation": {"angle": 0, "axis": "y", "origin": [8, 10.45012, 8]},
			"faces": {
				"north": {"uv": [0, 10, 2, 12], "texture": "#1"},
				"east": {"uv": [0, 10, 2, 12], "texture": "#1"},
				"south": {"uv": [0, 10, 2, 12], "texture": "#1"},
				"west": {"uv": [0, 10, 2, 12], "texture": "#1"},
				"up": {"uv": [0, 10, 2, 12], "rotation": 90, "texture": "#1"},
				"down": {"uv": [0, 10, 2, 12], "rotation": 270, "texture": "#1"}
			}
		},
		{
			"from": [12.25, 22.25, 5.25],
			"to": [10.75, 20.75, 3.75],
			"shade": false,
			"rotation": {"angle": 0, "axis": "y", "origin": [8, 10.45012, 8]},
			"faces": {
				"north": {"uv": [2, 10, 4, 12], "texture": "#1"},
				"east": {"uv": [2, 10, 4, 12], "texture": "#1"},
				"south": {"uv": [2, 10, 4, 12], "texture": "#1"},
				"west": {"uv": [2, 10, 4, 12], "texture": "#1"},
				"up": {"uv": [2, 10, 4, 12], "rotation": 90, "texture": "#1"},
				"down": {"uv": [2, 10, 4, 12], "rotation": 270, "texture": "#1"}
			}
		},
		{
			"from": [11, 22, 4],
			"to": [12, 23, 5],
			"shade": false,
			"rotation": {"angle": 0, "axis": "y", "origin": [8, 10.45012, 8]},
			"faces": {
				"north": {"uv": [0, 8, 2, 10], "texture": "#1"},
				"east": {"uv": [0, 8, 2, 10], "texture": "#1"},
				"south": {"uv": [0, 8, 2, 10], "texture": "#1"},
				"west": {"uv": [0, 8, 2, 10], "texture": "#1"},
				"up": {"uv": [0, 8, 2, 10], "rotation": 90, "texture": "#1"},
				"down": {"uv": [0, 8, 2, 10], "rotation": 270, "texture": "#1"}
			}
		},
		{
			"from": [12.25, 23.25, 5.25],
			"to": [10.75, 21.75, 3.75],
			"shade": false,
			"rotation": {"angle": 0, "axis": "y", "origin": [8, 10.45012, 8]},
			"faces": {
				"north": {"uv": [2, 8, 4, 10], "texture": "#1"},
				"east": {"uv": [2, 8, 4, 10], "texture": "#1"},
				"south": {"uv": [2, 8, 4, 10], "texture": "#1"},
				"west": {"uv": [2, 8, 4, 10], "texture": "#1"},
				"up": {"uv": [2, 8, 4, 10], "rotation": 90, "texture": "#1"},
				"down": {"uv": [2, 8, 4, 10], "rotation": 270, "texture": "#1"}
			}
		},
		{
			"from": [11, 23, 4],
			"to": [12, 24, 5],
			"shade": false,
			"rotation": {"angle": 0, "axis": "y", "origin": [8, 10.45012, 8]},
			"faces": {
				"north": {"uv": [0, 6, 2, 8], "texture": "#1"},
				"east": {"uv": [0, 6, 2, 8], "texture": "#1"},
				"south": {"uv": [0, 6, 2, 8], "texture": "#1"},
				"west": {"uv": [0, 6, 2, 8], "texture": "#1"},
				"up": {"uv": [0, 6, 2, 8], "rotation": 90, "texture": "#1"},
				"down": {"uv": [0, 6, 2, 8], "rotation": 270, "texture": "#1"}
			}
		},
		{
			"from": [12.25, 24.25, 5.25],
			"to": [10.75, 22.75, 3.75],
			"shade": false,
			"rotation": {"angle": 0, "axis": "y", "origin": [8, 10.45012, 8]},
			"faces": {
				"north": {"uv": [2, 6, 4, 8], "texture": "#1"},
				"east": {"uv": [2, 6, 4, 8], "texture": "#1"},
				"south": {"uv": [2, 6, 4, 8], "texture": "#1"},
				"west": {"uv": [2, 6, 4, 8], "texture": "#1"},
				"up": {"uv": [2, 6, 4, 8], "rotation": 90, "texture": "#1"},
				"down": {"uv": [2, 6, 4, 8], "rotation": 270, "texture": "#1"}
			}
		},
		{
			"from": [11.05, 24.05, 4.05],
			"to": [11.95, 24.95, 4.95],
			"shade": false,
			"rotation": {"angle": 0, "axis": "y", "origin": [8, 10.45012, 8]},
			"faces": {
				"north": {"uv": [0, 4, 2, 6], "texture": "#1"},
				"east": {"uv": [0, 4, 2, 6], "texture": "#1"},
				"south": {"uv": [0, 4, 2, 6], "texture": "#1"},
				"west": {"uv": [0, 4, 2, 6], "texture": "#1"},
				"up": {"uv": [0, 4, 2, 6], "rotation": 90, "texture": "#1"},
				"down": {"uv": [0, 4, 2, 6], "rotation": 270, "texture": "#1"}
			}
		},
		{
			"from": [12.25, 25.25, 5.25],
			"to": [10.75, 23.75, 3.75],
			"shade": false,
			"rotation": {"angle": 0, "axis": "y", "origin": [8, 10.45012, 8]},
			"faces": {
				"north": {"uv": [2, 4, 4, 6], "texture": "#1"},
				"east": {"uv": [2, 4, 4, 6], "texture": "#1"},
				"south": {"uv": [2, 4, 4, 6], "texture": "#1"},
				"west": {"uv": [2, 4, 4, 6], "texture": "#1"},
				"up": {"uv": [2, 4, 4, 6], "rotation": 90, "texture": "#1"},
				"down": {"uv": [2, 4, 4, 6], "rotation": 270, "texture": "#1"}
			}
		},
		{
			"from": [11.1, 25.1, 4.1],
			"to": [11.9, 25.9, 4.9],
			"shade": false,
			"rotation": {"angle": 0, "axis": "y", "origin": [8, 10.45012, 8]},
			"faces": {
				"north": {"uv": [0, 2, 2, 4], "texture": "#1"},
				"east": {"uv": [0, 2, 2, 4], "texture": "#1"},
				"south": {"uv": [0, 2, 2, 4], "texture": "#1"},
				"west": {"uv": [0, 2, 2, 4], "texture": "#1"},
				"up": {"uv": [0, 2, 2, 4], "rotation": 90, "texture": "#1"},
				"down": {"uv": [0, 2, 2, 4], "rotation": 270, "texture": "#1"}
			}
		},
		{
			"from": [12.25, 26.25, 5.25],
			"to": [10.75, 24.75, 3.75],
			"shade": false,
			"rotation": {"angle": 0, "axis": "y", "origin": [8, 10.45012, 8]},
			"faces": {
				"north": {"uv": [2, 2, 4, 4], "texture": "#1"},
				"east": {"uv": [2, 2, 4, 4], "texture": "#1"},
				"south": {"uv": [2, 2, 4, 4], "texture": "#1"},
				"west": {"uv": [2, 2, 4, 4], "texture": "#1"},
				"up": {"uv": [2, 2, 4, 4], "rotation": 90, "texture": "#1"},
				"down": {"uv": [2, 2, 4, 4], "rotation": 270, "texture": "#1"}
			}
		},
		{
			"from": [11.1, 18.1, 11.1],
			"to": [11.9, 18.9, 11.9],
			"shade": false,
			"rotation": {"angle": 0, "axis": "y", "origin": [8, 10.45012, 8]},
			"faces": {
				"north": {"uv": [4, 14, 6, 16], "texture": "#1"},
				"east": {"uv": [4, 14, 6, 16], "texture": "#1"},
				"south": {"uv": [4, 14, 6, 16], "texture": "#1"},
				"west": {"uv": [4, 14, 6, 16], "texture": "#1"},
				"up": {"uv": [4, 14, 6, 16], "rotation": 90, "texture": "#1"},
				"down": {"uv": [4, 14, 6, 16], "rotation": 270, "texture": "#1"}
			}
		},
		{
			"from": [12.25, 19.25, 12.25],
			"to": [10.75, 17.75, 10.75],
			"shade": false,
			"rotation": {"angle": 0, "axis": "y", "origin": [8, 10.45012, 8]},
			"faces": {
				"north": {"uv": [6, 14, 8, 16], "texture": "#1"},
				"east": {"uv": [6, 14, 8, 16], "texture": "#1"},
				"south": {"uv": [6, 14, 8, 16], "texture": "#1"},
				"west": {"uv": [6, 14, 8, 16], "texture": "#1"},
				"up": {"uv": [6, 14, 8, 16], "rotation": 90, "texture": "#1"},
				"down": {"uv": [6, 14, 8, 16], "rotation": 270, "texture": "#1"}
			}
		},
		{
			"from": [11.05, 19.05, 11.05],
			"to": [11.95, 19.95, 11.95],
			"shade": false,
			"rotation": {"angle": 0, "axis": "y", "origin": [8, 10.45012, 8]},
			"faces": {
				"north": {"uv": [4, 12, 6, 14], "texture": "#1"},
				"east": {"uv": [4, 12, 6, 14], "texture": "#1"},
				"south": {"uv": [4, 12, 6, 14], "texture": "#1"},
				"west": {"uv": [4, 12, 6, 14], "texture": "#1"},
				"up": {"uv": [4, 12, 6, 14], "rotation": 90, "texture": "#1"},
				"down": {"uv": [4, 12, 6, 14], "rotation": 270, "texture": "#1"}
			}
		},
		{
			"from": [12.25, 20.25, 12.25],
			"to": [10.75, 18.75, 10.75],
			"shade": false,
			"rotation": {"angle": 0, "axis": "y", "origin": [8, 10.45012, 8]},
			"faces": {
				"north": {"uv": [6, 12, 8, 14], "texture": "#1"},
				"east": {"uv": [6, 12, 8, 14], "texture": "#1"},
				"south": {"uv": [6, 12, 8, 14], "texture": "#1"},
				"west": {"uv": [6, 12, 8, 14], "texture": "#1"},
				"up": {"uv": [6, 12, 8, 14], "rotation": 90, "texture": "#1"},
				"down": {"uv": [6, 12, 8, 14], "rotation": 270, "texture": "#1"}
			}
		},
		{
			"from": [11, 20, 11],
			"to": [12, 21, 12],
			"shade": false,
			"rotation": {"angle": 0, "axis": "y", "origin": [8, 10.45012, 8]},
			"faces": {
				"north": {"uv": [4, 10, 6, 12], "texture": "#1"},
				"east": {"uv": [4, 10, 6, 12], "texture": "#1"},
				"south": {"uv": [4, 10, 6, 12], "texture": "#1"},
				"west": {"uv": [4, 10, 6, 12], "texture": "#1"},
				"up": {"uv": [4, 10, 6, 12], "rotation": 90, "texture": "#1"},
				"down": {"uv": [4, 10, 6, 12], "rotation": 270, "texture": "#1"}
			}
		},
		{
			"from": [12.25, 21.25, 12.25],
			"to": [10.75, 19.75, 10.75],
			"shade": false,
			"rotation": {"angle": 0, "axis": "y", "origin": [8, 10.45012, 8]},
			"faces": {
				"north": {"uv": [6, 10, 8, 12], "texture": "#1"},
				"east": {"uv": [6, 10, 8, 12], "texture": "#1"},
				"south": {"uv": [6, 10, 8, 12], "texture": "#1"},
				"west": {"uv": [6, 10, 8, 12], "texture": "#1"},
				"up": {"uv": [6, 10, 8, 12], "rotation": 90, "texture": "#1"},
				"down": {"uv": [6, 10, 8, 12], "rotation": 270, "texture": "#1"}
			}
		},
		{
			"from": [11, 21, 11],
			"to": [12, 22, 12],
			"shade": false,
			"rotation": {"angle": 0, "axis": "y", "origin": [8, 10.45012, 8]},
			"faces": {
				"north": {"uv": [4, 8, 6, 10], "texture": "#1"},
				"east": {"uv": [4, 8, 6, 10], "texture": "#1"},
				"south": {"uv": [4, 8, 6, 10], "texture": "#1"},
				"west": {"uv": [4, 8, 6, 10], "texture": "#1"},
				"up": {"uv": [4, 8, 6, 10], "rotation": 90, "texture": "#1"},
				"down": {"uv": [4, 8, 6, 10], "rotation": 270, "texture": "#1"}
			}
		},
		{
			"from": [12.25, 22.25, 12.25],
			"to": [10.75, 20.75, 10.75],
			"shade": false,
			"rotation": {"angle": 0, "axis": "y", "origin": [8, 10.45012, 8]},
			"faces": {
				"north": {"uv": [6, 8, 8, 10], "texture": "#1"},
				"east": {"uv": [6, 8, 8, 10], "texture": "#1"},
				"south": {"uv": [6, 8, 8, 10], "texture": "#1"},
				"west": {"uv": [6, 8, 8, 10], "texture": "#1"},
				"up": {"uv": [6, 8, 8, 10], "rotation": 90, "texture": "#1"},
				"down": {"uv": [6, 8, 8, 10], "rotation": 270, "texture": "#1"}
			}
		},
		{
			"from": [11, 22, 11],
			"to": [12, 23, 12],
			"shade": false,
			"rotation": {"angle": 0, "axis": "y", "origin": [8, 10.45012, 8]},
			"faces": {
				"north": {"uv": [4, 6, 6, 8], "texture": "#1"},
				"east": {"uv": [4, 6, 6, 8], "texture": "#1"},
				"south": {"uv": [4, 6, 6, 8], "texture": "#1"},
				"west": {"uv": [4, 6, 6, 8], "texture": "#1"},
				"up": {"uv": [4, 6, 6, 8], "rotation": 90, "texture": "#1"},
				"down": {"uv": [4, 6, 6, 8], "rotation": 270, "texture": "#1"}
			}
		},
		{
			"from": [12.25, 23.25, 12.25],
			"to": [10.75, 21.75, 10.75],
			"shade": false,
			"rotation": {"angle": 0, "axis": "y", "origin": [8, 10.45012, 8]},
			"faces": {
				"north": {"uv": [6, 6, 8, 8], "texture": "#1"},
				"east": {"uv": [6, 6, 8, 8], "texture": "#1"},
				"south": {"uv": [6, 6, 8, 8], "texture": "#1"},
				"west": {"uv": [6, 6, 8, 8], "texture": "#1"},
				"up": {"uv": [6, 6, 8, 8], "rotation": 90, "texture": "#1"},
				"down": {"uv": [6, 6, 8, 8], "rotation": 270, "texture": "#1"}
			}
		},
		{
			"from": [11.05, 23.05, 11.05],
			"to": [11.95, 23.95, 11.95],
			"shade": false,
			"rotation": {"angle": 0, "axis": "y", "origin": [8, 10.45012, 8]},
			"faces": {
				"north": {"uv": [4, 4, 6, 6], "texture": "#1"},
				"east": {"uv": [4, 4, 6, 6], "texture": "#1"},
				"south": {"uv": [4, 4, 6, 6], "texture": "#1"},
				"west": {"uv": [4, 4, 6, 6], "texture": "#1"},
				"up": {"uv": [4, 4, 6, 6], "rotation": 90, "texture": "#1"},
				"down": {"uv": [4, 4, 6, 6], "rotation": 270, "texture": "#1"}
			}
		},
		{
			"from": [12.25, 24.25, 12.25],
			"to": [10.75, 22.75, 10.75],
			"shade": false,
			"rotation": {"angle": 0, "axis": "y", "origin": [8, 10.45012, 8]},
			"faces": {
				"north": {"uv": [6, 4, 8, 6], "texture": "#1"},
				"east": {"uv": [6, 4, 8, 6], "texture": "#1"},
				"south": {"uv": [6, 4, 8, 6], "texture": "#1"},
				"west": {"uv": [6, 4, 8, 6], "texture": "#1"},
				"up": {"uv": [6, 4, 8, 6], "rotation": 90, "texture": "#1"},
				"down": {"uv": [6, 4, 8, 6], "rotation": 270, "texture": "#1"}
			}
		},
		{
			"from": [11.1, 24.1, 11.1],
			"to": [11.9, 24.9, 11.9],
			"shade": false,
			"rotation": {"angle": 0, "axis": "y", "origin": [8, 10.45012, 8]},
			"faces": {
				"north": {"uv": [4, 2, 6, 4], "texture": "#1"},
				"east": {"uv": [4, 2, 6, 4], "texture": "#1"},
				"south": {"uv": [4, 2, 6, 4], "texture": "#1"},
				"west": {"uv": [4, 2, 6, 4], "texture": "#1"},
				"up": {"uv": [4, 2, 6, 4], "rotation": 90, "texture": "#1"},
				"down": {"uv": [4, 2, 6, 4], "rotation": 270, "texture": "#1"}
			}
		},
		{
			"from": [12.25, 25.25, 12.25],
			"to": [10.75, 23.75, 10.75],
			"shade": false,
			"rotation": {"angle": 0, "axis": "y", "origin": [8, 10.45012, 8]},
			"faces": {
				"north": {"uv": [6, 2, 8, 4], "texture": "#1"},
				"east": {"uv": [6, 2, 8, 4], "texture": "#1"},
				"south": {"uv": [6, 2, 8, 4], "texture": "#1"},
				"west": {"uv": [6, 2, 8, 4], "texture": "#1"},
				"up": {"uv": [6, 2, 8, 4], "rotation": 90, "texture": "#1"},
				"down": {"uv": [6, 2, 8, 4], "rotation": 270, "texture": "#1"}
			}
		},
		{
			"from": [4.1, 17.1, 11.1],
			"to": [4.9, 17.9, 11.9],
			"shade": false,
			"rotation": {"angle": 0, "axis": "y", "origin": [8, 10.45012, 8]},
			"faces": {
				"north": {"uv": [0, 14, 2, 16], "texture": "#1"},
				"east": {"uv": [0, 14, 2, 16], "texture": "#1"},
				"south": {"uv": [0, 14, 2, 16], "texture": "#1"},
				"west": {"uv": [0, 14, 2, 16], "texture": "#1"},
				"up": {"uv": [0, 14, 2, 16], "rotation": 90, "texture": "#1"},
				"down": {"uv": [0, 14, 2, 16], "rotation": 270, "texture": "#1"}
			}
		},
		{
			"from": [5.25, 18.25, 12.25],
			"to": [3.75, 16.75, 10.75],
			"shade": false,
			"rotation": {"angle": 0, "axis": "y", "origin": [8, 10.45012, 8]},
			"faces": {
				"north": {"uv": [2, 14, 4, 16], "texture": "#1"},
				"east": {"uv": [2, 14, 4, 16], "texture": "#1"},
				"south": {"uv": [2, 14, 4, 16], "texture": "#1"},
				"west": {"uv": [2, 14, 4, 16], "texture": "#1"},
				"up": {"uv": [2, 14, 4, 16], "rotation": 90, "texture": "#1"},
				"down": {"uv": [2, 14, 4, 16], "rotation": 270, "texture": "#1"}
			}
		},
		{
			"from": [4.05, 18.05, 11.05],
			"to": [4.95, 18.95, 11.95],
			"shade": false,
			"rotation": {"angle": 0, "axis": "y", "origin": [8, 10.45012, 8]},
			"faces": {
				"north": {"uv": [0, 12, 2, 14], "texture": "#1"},
				"east": {"uv": [0, 12, 2, 14], "texture": "#1"},
				"south": {"uv": [0, 12, 2, 14], "texture": "#1"},
				"west": {"uv": [0, 12, 2, 14], "texture": "#1"},
				"up": {"uv": [0, 12, 2, 14], "rotation": 90, "texture": "#1"},
				"down": {"uv": [0, 12, 2, 14], "rotation": 270, "texture": "#1"}
			}
		},
		{
			"from": [5.25, 19.25, 12.25],
			"to": [3.75, 17.75, 10.75],
			"shade": false,
			"rotation": {"angle": 0, "axis": "y", "origin": [8, 10.45012, 8]},
			"faces": {
				"north": {"uv": [2, 12, 4, 14], "texture": "#1"},
				"east": {"uv": [2, 12, 4, 14], "texture": "#1"},
				"south": {"uv": [2, 12, 4, 14], "texture": "#1"},
				"west": {"uv": [2, 12, 4, 14], "texture": "#1"},
				"up": {"uv": [2, 12, 4, 14], "rotation": 90, "texture": "#1"},
				"down": {"uv": [2, 12, 4, 14], "rotation": 270, "texture": "#1"}
			}
		},
		{
			"from": [4, 19, 11],
			"to": [5, 20, 12],
			"shade": false,
			"rotation": {"angle": 0, "axis": "y", "origin": [8, 10.45012, 8]},
			"faces": {
				"north": {"uv": [0, 10, 2, 12], "texture": "#1"},
				"east": {"uv": [0, 10, 2, 12], "texture": "#1"},
				"south": {"uv": [0, 10, 2, 12], "texture": "#1"},
				"west": {"uv": [0, 10, 2, 12], "texture": "#1"},
				"up": {"uv": [0, 10, 2, 12], "rotation": 90, "texture": "#1"},
				"down": {"uv": [0, 10, 2, 12], "rotation": 270, "texture": "#1"}
			}
		},
		{
			"from": [5.25, 20.25, 12.25],
			"to": [3.75, 18.75, 10.75],
			"shade": false,
			"rotation": {"angle": 0, "axis": "y", "origin": [8, 10.45012, 8]},
			"faces": {
				"north": {"uv": [2, 10, 4, 12], "texture": "#1"},
				"east": {"uv": [2, 10, 4, 12], "texture": "#1"},
				"south": {"uv": [2, 10, 4, 12], "texture": "#1"},
				"west": {"uv": [2, 10, 4, 12], "texture": "#1"},
				"up": {"uv": [2, 10, 4, 12], "rotation": 90, "texture": "#1"},
				"down": {"uv": [2, 10, 4, 12], "rotation": 270, "texture": "#1"}
			}
		},
		{
			"from": [4, 20, 11],
			"to": [5, 21, 12],
			"shade": false,
			"rotation": {"angle": 0, "axis": "y", "origin": [8, 10.45012, 8]},
			"faces": {
				"north": {"uv": [0, 8, 2, 10], "texture": "#1"},
				"east": {"uv": [0, 8, 2, 10], "texture": "#1"},
				"south": {"uv": [0, 8, 2, 10], "texture": "#1"},
				"west": {"uv": [0, 8, 2, 10], "texture": "#1"},
				"up": {"uv": [0, 8, 2, 10], "rotation": 90, "texture": "#1"},
				"down": {"uv": [0, 8, 2, 10], "rotation": 270, "texture": "#1"}
			}
		},
		{
			"from": [5.25, 21.25, 12.25],
			"to": [3.75, 19.75, 10.75],
			"shade": false,
			"rotation": {"angle": 0, "axis": "y", "origin": [8, 10.45012, 8]},
			"faces": {
				"north": {"uv": [2, 8, 4, 10], "texture": "#1"},
				"east": {"uv": [2, 8, 4, 10], "texture": "#1"},
				"south": {"uv": [2, 8, 4, 10], "texture": "#1"},
				"west": {"uv": [2, 8, 4, 10], "texture": "#1"},
				"up": {"uv": [2, 8, 4, 10], "rotation": 90, "texture": "#1"},
				"down": {"uv": [2, 8, 4, 10], "rotation": 270, "texture": "#1"}
			}
		},
		{
			"from": [4, 21, 11],
			"to": [5, 22, 12],
			"shade": false,
			"rotation": {"angle": 0, "axis": "y", "origin": [8, 10.45012, 8]},
			"faces": {
				"north": {"uv": [0, 6, 2, 8], "texture": "#1"},
				"east": {"uv": [0, 6, 2, 8], "texture": "#1"},
				"south": {"uv": [0, 6, 2, 8], "texture": "#1"},
				"west": {"uv": [0, 6, 2, 8], "texture": "#1"},
				"up": {"uv": [0, 6, 2, 8], "rotation": 90, "texture": "#1"},
				"down": {"uv": [0, 6, 2, 8], "rotation": 270, "texture": "#1"}
			}
		},
		{
			"from": [5.25, 22.25, 12.25],
			"to": [3.75, 20.75, 10.75],
			"shade": false,
			"rotation": {"angle": 0, "axis": "y", "origin": [8, 10.45012, 8]},
			"faces": {
				"north": {"uv": [2, 6, 4, 8], "texture": "#1"},
				"east": {"uv": [2, 6, 4, 8], "texture": "#1"},
				"south": {"uv": [2, 6, 4, 8], "texture": "#1"},
				"west": {"uv": [2, 6, 4, 8], "texture": "#1"},
				"up": {"uv": [2, 6, 4, 8], "rotation": 90, "texture": "#1"},
				"down": {"uv": [2, 6, 4, 8], "rotation": 270, "texture": "#1"}
			}
		},
		{
			"from": [4.05, 22.05, 11.05],
			"to": [4.95, 22.95, 11.95],
			"shade": false,
			"rotation": {"angle": 0, "axis": "y", "origin": [8, 10.45012, 8]},
			"faces": {
				"north": {"uv": [0, 4, 2, 6], "texture": "#1"},
				"east": {"uv": [0, 4, 2, 6], "texture": "#1"},
				"south": {"uv": [0, 4, 2, 6], "texture": "#1"},
				"west": {"uv": [0, 4, 2, 6], "texture": "#1"},
				"up": {"uv": [0, 4, 2, 6], "rotation": 90, "texture": "#1"},
				"down": {"uv": [0, 4, 2, 6], "rotation": 270, "texture": "#1"}
			}
		},
		{
			"from": [5.25, 23.25, 12.25],
			"to": [3.75, 21.75, 10.75],
			"shade": false,
			"rotation": {"angle": 0, "axis": "y", "origin": [8, 10.45012, 8]},
			"faces": {
				"north": {"uv": [2, 4, 4, 6], "texture": "#1"},
				"east": {"uv": [2, 4, 4, 6], "texture": "#1"},
				"south": {"uv": [2, 4, 4, 6], "texture": "#1"},
				"west": {"uv": [2, 4, 4, 6], "texture": "#1"},
				"up": {"uv": [2, 4, 4, 6], "rotation": 90, "texture": "#1"},
				"down": {"uv": [2, 4, 4, 6], "rotation": 270, "texture": "#1"}
			}
		},
		{
			"from": [4.1, 23.1, 11.1],
			"to": [4.9, 23.9, 11.9],
			"shade": false,
			"rotation": {"angle": 0, "axis": "y", "origin": [8, 10.45012, 8]},
			"faces": {
				"north": {"uv": [0, 2, 2, 4], "texture": "#1"},
				"east": {"uv": [0, 2, 2, 4], "texture": "#1"},
				"south": {"uv": [0, 2, 2, 4], "texture": "#1"},
				"west": {"uv": [0, 2, 2, 4], "texture": "#1"},
				"up": {"uv": [0, 2, 2, 4], "rotation": 90, "texture": "#1"},
				"down": {"uv": [0, 2, 2, 4], "rotation": 270, "texture": "#1"}
			}
		},
		{
			"from": [5.25, 24.25, 12.25],
			"to": [3.75, 22.75, 10.75],
			"shade": false,
			"rotation": {"angle": 0, "axis": "y", "origin": [8, 10.45012, 8]},
			"faces": {
				"north": {"uv": [2, 2, 4, 4], "texture": "#1"},
				"east": {"uv": [2, 2, 4, 4], "texture": "#1"},
				"south": {"uv": [2, 2, 4, 4], "texture": "#1"},
				"west": {"uv": [2, 2, 4, 4], "texture": "#1"},
				"up": {"uv": [2, 2, 4, 4], "rotation": 90, "texture": "#1"},
				"down": {"uv": [2, 2, 4, 4], "rotation": 270, "texture": "#1"}
			}
		},
		{
			"from": [4.1, 20.1, 4.1],
			"to": [4.9, 20.9, 4.9],
			"shade": false,
			"rotation": {"angle": 0, "axis": "y", "origin": [8, 10.45012, 8]},
			"faces": {
				"north": {"uv": [8, 14, 10, 16], "texture": "#1"},
				"east": {"uv": [8, 14, 10, 16], "texture": "#1"},
				"south": {"uv": [8, 14, 10, 16], "texture": "#1"},
				"west": {"uv": [8, 14, 10, 16], "texture": "#1"},
				"up": {"uv": [8, 14, 10, 16], "rotation": 90, "texture": "#1"},
				"down": {"uv": [8, 14, 10, 16], "rotation": 270, "texture": "#1"}
			}
		},
		{
			"from": [5.25, 21.25, 5.25],
			"to": [3.75, 19.75, 3.75],
			"shade": false,
			"rotation": {"angle": 0, "axis": "y", "origin": [8, 10.45012, 8]},
			"faces": {
				"north": {"uv": [10, 14, 12, 16], "texture": "#1"},
				"east": {"uv": [10, 14, 12, 16], "texture": "#1"},
				"south": {"uv": [10, 14, 12, 16], "texture": "#1"},
				"west": {"uv": [10, 14, 12, 16], "texture": "#1"},
				"up": {"uv": [10, 14, 12, 16], "rotation": 90, "texture": "#1"},
				"down": {"uv": [10, 14, 12, 16], "rotation": 270, "texture": "#1"}
			}
		},
		{
			"from": [4.05, 21.05, 4.05],
			"to": [4.95, 21.95, 4.95],
			"shade": false,
			"rotation": {"angle": 0, "axis": "y", "origin": [8, 10.45012, 8]},
			"faces": {
				"north": {"uv": [8, 12, 10, 14], "texture": "#1"},
				"east": {"uv": [8, 12, 10, 14], "texture": "#1"},
				"south": {"uv": [8, 12, 10, 14], "texture": "#1"},
				"west": {"uv": [8, 12, 10, 14], "texture": "#1"},
				"up": {"uv": [8, 12, 10, 14], "rotation": 90, "texture": "#1"},
				"down": {"uv": [8, 12, 10, 14], "rotation": 270, "texture": "#1"}
			}
		},
		{
			"from": [5.25, 22.25, 5.25],
			"to": [3.75, 20.75, 3.75],
			"shade": false,
			"rotation": {"angle": 0, "axis": "y", "origin": [8, 10.45012, 8]},
			"faces": {
				"north": {"uv": [10, 12, 12, 14], "texture": "#1"},
				"east": {"uv": [10, 12, 12, 14], "texture": "#1"},
				"south": {"uv": [10, 12, 12, 14], "texture": "#1"},
				"west": {"uv": [10, 12, 12, 14], "texture": "#1"},
				"up": {"uv": [10, 12, 12, 14], "rotation": 90, "texture": "#1"},
				"down": {"uv": [10, 12, 12, 14], "rotation": 270, "texture": "#1"}
			}
		},
		{
			"from": [4, 22, 4],
			"to": [5, 23, 5],
			"shade": false,
			"rotation": {"angle": 0, "axis": "y", "origin": [8, 10.45012, 8]},
			"faces": {
				"north": {"uv": [8, 10, 10, 12], "texture": "#1"},
				"east": {"uv": [8, 10, 10, 12], "texture": "#1"},
				"south": {"uv": [8, 10, 10, 12], "texture": "#1"},
				"west": {"uv": [8, 10, 10, 12], "texture": "#1"},
				"up": {"uv": [8, 10, 10, 12], "rotation": 90, "texture": "#1"},
				"down": {"uv": [8, 10, 10, 12], "rotation": 270, "texture": "#1"}
			}
		},
		{
			"from": [5.25, 23.25, 5.25],
			"to": [3.75, 21.75, 3.75],
			"shade": false,
			"rotation": {"angle": 0, "axis": "y", "origin": [8, 10.45012, 8]},
			"faces": {
				"north": {"uv": [10, 10, 12, 12], "texture": "#1"},
				"east": {"uv": [10, 10, 12, 12], "texture": "#1"},
				"south": {"uv": [10, 10, 12, 12], "texture": "#1"},
				"west": {"uv": [10, 10, 12, 12], "texture": "#1"},
				"up": {"uv": [10, 10, 12, 12], "rotation": 90, "texture": "#1"},
				"down": {"uv": [10, 10, 12, 12], "rotation": 270, "texture": "#1"}
			}
		},
		{
			"from": [4, 23, 4],
			"to": [5, 24, 5],
			"shade": false,
			"rotation": {"angle": 0, "axis": "y", "origin": [8, 10.45012, 8]},
			"faces": {
				"north": {"uv": [8, 8, 10, 10], "texture": "#1"},
				"east": {"uv": [8, 8, 10, 10], "texture": "#1"},
				"south": {"uv": [8, 8, 10, 10], "texture": "#1"},
				"west": {"uv": [8, 8, 10, 10], "texture": "#1"},
				"up": {"uv": [8, 8, 10, 10], "rotation": 90, "texture": "#1"},
				"down": {"uv": [8, 8, 10, 10], "rotation": 270, "texture": "#1"}
			}
		},
		{
			"from": [5.25, 24.25, 5.25],
			"to": [3.75, 22.75, 3.75],
			"shade": false,
			"rotation": {"angle": 0, "axis": "y", "origin": [8, 10.45012, 8]},
			"faces": {
				"north": {"uv": [10, 8, 12, 10], "texture": "#1"},
				"east": {"uv": [10, 8, 12, 10], "texture": "#1"},
				"south": {"uv": [10, 8, 12, 10], "texture": "#1"},
				"west": {"uv": [10, 8, 12, 10], "texture": "#1"},
				"up": {"uv": [10, 8, 12, 10], "rotation": 90, "texture": "#1"},
				"down": {"uv": [10, 8, 12, 10], "rotation": 270, "texture": "#1"}
			}
		},
		{
			"from": [4, 24, 4],
			"to": [5, 25, 5],
			"shade": false,
			"rotation": {"angle": 0, "axis": "y", "origin": [8, 10.45012, 8]},
			"faces": {
				"north": {"uv": [8, 6, 10, 8], "texture": "#1"},
				"east": {"uv": [8, 6, 10, 8], "texture": "#1"},
				"south": {"uv": [8, 6, 10, 8], "texture": "#1"},
				"west": {"uv": [8, 6, 10, 8], "texture": "#1"},
				"up": {"uv": [8, 6, 10, 8], "rotation": 90, "texture": "#1"},
				"down": {"uv": [8, 6, 10, 8], "rotation": 270, "texture": "#1"}
			}
		},
		{
			"from": [5.25, 25.25, 5.25],
			"to": [3.75, 23.75, 3.75],
			"shade": false,
			"rotation": {"angle": 0, "axis": "y", "origin": [8, 10.45012, 8]},
			"faces": {
				"north": {"uv": [10, 6, 12, 8], "texture": "#1"},
				"east": {"uv": [10, 6, 12, 8], "texture": "#1"},
				"south": {"uv": [10, 6, 12, 8], "texture": "#1"},
				"west": {"uv": [10, 6, 12, 8], "texture": "#1"},
				"up": {"uv": [10, 6, 12, 8], "rotation": 90, "texture": "#1"},
				"down": {"uv": [10, 6, 12, 8], "rotation": 270, "texture": "#1"}
			}
		},
		{
			"from": [4.05, 25.05, 4.05],
			"to": [4.95, 25.95, 4.95],
			"shade": false,
			"rotation": {"angle": 0, "axis": "y", "origin": [8, 10.45012, 8]},
			"faces": {
				"north": {"uv": [8, 4, 10, 6], "texture": "#1"},
				"east": {"uv": [8, 4, 10, 6], "texture": "#1"},
				"south": {"uv": [8, 4, 10, 6], "texture": "#1"},
				"west": {"uv": [8, 4, 10, 6], "texture": "#1"},
				"up": {"uv": [8, 4, 10, 6], "rotation": 90, "texture": "#1"},
				"down": {"uv": [8, 4, 10, 6], "rotation": 270, "texture": "#1"}
			}
		},
		{
			"from": [5.25, 26.25, 5.25],
			"to": [3.75, 24.75, 3.75],
			"shade": false,
			"rotation": {"angle": 0, "axis": "y", "origin": [8, 10.45012, 8]},
			"faces": {
				"north": {"uv": [10, 4, 12, 6], "texture": "#1"},
				"east": {"uv": [10, 4, 12, 6], "texture": "#1"},
				"south": {"uv": [10, 4, 12, 6], "texture": "#1"},
				"west": {"uv": [10, 4, 12, 6], "texture": "#1"},
				"up": {"uv": [10, 4, 12, 6], "rotation": 90, "texture": "#1"},
				"down": {"uv": [10, 4, 12, 6], "rotation": 270, "texture": "#1"}
			}
		},
		{
			"from": [4.1, 26.1, 4.1],
			"to": [4.9, 26.9, 4.9],
			"shade": false,
			"rotation": {"angle": 0, "axis": "y", "origin": [8, 10.45012, 8]},
			"faces": {
				"north": {"uv": [8, 2, 10, 4], "texture": "#1"},
				"east": {"uv": [8, 2, 10, 4], "texture": "#1"},
				"south": {"uv": [8, 2, 10, 4], "texture": "#1"},
				"west": {"uv": [8, 2, 10, 4], "texture": "#1"},
				"up": {"uv": [8, 2, 10, 4], "rotation": 90, "texture": "#1"},
				"down": {"uv": [8, 2, 10, 4], "rotation": 270, "texture": "#1"}
			}
		},
		{
			"from": [5.25, 27.25, 5.25],
			"to": [3.75, 25.75, 3.75],
			"shade": false,
			"rotation": {"angle": 0, "axis": "y", "origin": [8, 10.45012, 8]},
			"faces": {
				"north": {"uv": [10, 2, 12, 4], "texture": "#1"},
				"east": {"uv": [10, 2, 12, 4], "texture": "#1"},
				"south": {"uv": [10, 2, 12, 4], "texture": "#1"},
				"west": {"uv": [10, 2, 12, 4], "texture": "#1"},
				"up": {"uv": [10, 2, 12, 4], "rotation": 90, "texture": "#1"},
				"down": {"uv": [10, 2, 12, 4], "rotation": 270, "texture": "#1"}
			}
		}
	],
	"gui_light": "front",
	"display": {
		"thirdperson_righthand": {
			"rotation": [0, -168, 0],
			"translation": [0, -0.5, 1.75],
			"scale": [0.6, 0.6, 0.6]
		},
		"thirdperson_lefthand": {
			"rotation": [0, -168, 0],
			"translation": [0, -0.5, 1.75],
			"scale": [0.6, 0.6, 0.6]
		},
		"firstperson_righthand": {
			"rotation": [-2, -165, -2],
			"translation": [2.5, 0, -3.25],
			"scale": [0.54883, 0.54883, 0.54883]
		},
		"firstperson_lefthand": {
			"rotation": [-2, -165, -2],
			"translation": [2.5, 0, -3.25],
			"scale": [0.54883, 0.54883, 0.54883]
		},
		"ground": {
			"rotation": [94, 85, 0],
			"translation": [0, 0, -3.5],
			"scale": [0.5, 0.5, 0.5]
		},
		"gui": {
			"rotation": [90, -46, 90],
			"translation": [2.25, -2.25, 0],
			"scale": [0.41344, 0.41344, 0.41344]
		},
		"head": {
			"rotation": [90, 22, 90],
			"translation": [7.75, 12, 0.25],
			"scale": [0.7, 0.7, 0.7]
		},
		"fixed": {
			"rotation": [0, 90, 0],
			"translation": [0, -8, -1.75],
			"scale": [1.24141, 1.24141, 1.24141]
		}
	},
	"groups": [
		0,
		1,
		2,
		3,
		4,
		5,
		6,
		7,
		8,
		9,
		10,
		11,
		12,
		13,
		14,
		15,
		16,
		17,
		18,
		{
			"name": "particles",
			"origin": [8, 8, 8],
			"color": 0,
			"boneType": "",
			"children": [
				{
					"name": "particles1",
					"origin": [0, 0, 0],
					"color": 0,
					"boneType": "",
					"children": [
						{
							"name": "particle1",
							"origin": [0, 0, 0],
							"color": 0,
							"boneType": "",
							"children": [19, 20]
						},
						{
							"name": "particle2",
							"origin": [0, 0, 0],
							"color": 0,
							"boneType": "",
							"children": [21, 22]
						},
						{
							"name": "particle3",
							"origin": [0, 0, 0],
							"color": 0,
							"boneType": "",
							"children": [23, 24]
						},
						{
							"name": "particle4",
							"origin": [0, 0, 0],
							"color": 0,
							"boneType": "",
							"children": [25, 26]
						},
						{
							"name": "particle5",
							"origin": [0, 0, 0],
							"color": 0,
							"boneType": "",
							"children": [27, 28]
						},
						{
							"name": "particle6",
							"origin": [0, 0, 0],
							"color": 0,
							"boneType": "",
							"children": [29, 30]
						},
						{
							"name": "particle7",
							"origin": [0, 0, 0],
							"color": 0,
							"boneType": "",
							"children": [31, 32]
						}
					]
				},
				{
					"name": "particles2",
					"origin": [0, 0, 0],
					"color": 0,
					"boneType": "",
					"children": [
						{
							"name": "particle1",
							"origin": [0, 0, 0],
							"color": 0,
							"boneType": "",
							"children": [33, 34]
						},
						{
							"name": "particle2",
							"origin": [0, 0, 0],
							"color": 0,
							"boneType": "",
							"children": [35, 36]
						},
						{
							"name": "particle3",
							"origin": [0, 0, 0],
							"color": 0,
							"boneType": "",
							"children": [37, 38]
						},
						{
							"name": "particle4",
							"origin": [0, 0, 0],
							"color": 0,
							"boneType": "",
							"children": [39, 40]
						},
						{
							"name": "particle5",
							"origin": [0, 0, 0],
							"color": 0,
							"boneType": "",
							"children": [41, 42]
						},
						{
							"name": "particle6",
							"origin": [0, 0, 0],
							"color": 0,
							"boneType": "",
							"children": [43, 44]
						},
						{
							"name": "particle7",
							"origin": [0, 0, 0],
							"color": 0,
							"boneType": "",
							"children": [45, 46]
						}
					]
				},
				{
					"name": "particles3",
					"origin": [0, 0, 0],
					"color": 0,
					"boneType": "",
					"children": [
						{
							"name": "particle1",
							"origin": [0, 0, 0],
							"color": 0,
							"boneType": "",
							"children": [47, 48]
						},
						{
							"name": "particle2",
							"origin": [0, 0, 0],
							"color": 0,
							"boneType": "",
							"children": [49, 50]
						},
						{
							"name": "particle3",
							"origin": [0, 0, 0],
							"color": 0,
							"boneType": "",
							"children": [51, 52]
						},
						{
							"name": "particle4",
							"origin": [0, 0, 0],
							"color": 0,
							"boneType": "",
							"children": [53, 54]
						},
						{
							"name": "particle5",
							"origin": [0, 0, 0],
							"color": 0,
							"boneType": "",
							"children": [55, 56]
						},
						{
							"name": "particle6",
							"origin": [0, 0, 0],
							"color": 0,
							"boneType": "",
							"children": [57, 58]
						},
						{
							"name": "particle7",
							"origin": [0, 0, 0],
							"color": 0,
							"boneType": "",
							"children": [59, 60]
						}
					]
				},
				{
					"name": "particles4",
					"origin": [0, 0, 0],
					"color": 0,
					"boneType": "",
					"children": [
						{
							"name": "particle1",
							"origin": [0, 0, 0],
							"color": 0,
							"boneType": "",
							"children": [61, 62]
						},
						{
							"name": "particle2",
							"origin": [0, 0, 0],
							"color": 0,
							"boneType": "",
							"children": [63, 64]
						},
						{
							"name": "particle3",
							"origin": [0, 0, 0],
							"color": 0,
							"boneType": "",
							"children": [65, 66]
						},
						{
							"name": "particle4",
							"origin": [0, 0, 0],
							"color": 0,
							"boneType": "",
							"children": [67, 68]
						},
						{
							"name": "particle5",
							"origin": [0, 0, 0],
							"color": 0,
							"boneType": "",
							"children": [69, 70]
						},
						{
							"name": "particle6",
							"origin": [0, 0, 0],
							"color": 0,
							"boneType": "",
							"children": [71, 72]
						},
						{
							"name": "particle7",
							"origin": [0, 0, 0],
							"color": 0,
							"boneType": "",
							"children": [73, 74]
						}
					]
				}
			]
		}
	],
	"__credit": "Generated using Animated Java (https://animated-java.dev/)"
}