{
	"credit": "Made by Nog's Menagerie",
	"texture_size": [32, 32],
	"textures": {
		"0": "item/furnitures/plushies/nm_plushie_skeleton_texture",
		"particle": "item/furnitures/plushies/nm_plushie_skeleton_texture"
	},
	"elements": [
		{
			"name": "torso",
			"from": [5.5, 0, 7.25],
			"to": [10.5, 2.025, 11.25],
			"rotation": {"angle": 0, "axis": "y", "origin": [8, 2.0045, 8.85355]},
			"faces": {
				"north": {"uv": [10.5, 2.5, 13, 3.5], "texture": "#0"},
				"east": {"uv": [10.5, 10.5, 12.5, 11.5], "texture": "#0"},
				"south": {"uv": [8, 10.5, 10.5, 11.5], "texture": "#0"},
				"west": {"uv": [11, 6, 13, 7], "texture": "#0"},
				"up": {"uv": [11, 10.5, 8.5, 8.5], "texture": "#0"},
				"down": {"uv": [6, 9.5, 3.5, 11.5], "texture": "#0"}
			}
		},
		{
			"name": "torso",
			"from": [5.5, 2, 11.25],
			"to": [10.5, 7, 11.25],
			"rotation": {"angle": 0, "axis": "y", "origin": [8, 2.0045, 8.85355]},
			"faces": {
				"north": {"uv": [3.5, 7, 6, 9.5], "texture": "#0"},
				"east": {"uv": [0, 0, 0, 2.5], "texture": "#0"},
				"south": {"uv": [7, 3.5, 9.5, 6], "texture": "#0"},
				"west": {"uv": [0, 0, 0, 2.5], "texture": "#0"},
				"up": {"uv": [2.5, 0, 0, 0], "texture": "#0"},
				"down": {"uv": [2.5, 0, 0, 0], "texture": "#0"}
			}
		},
		{
			"name": "torso",
			"from": [5.5, 2, 7.25],
			"to": [10.5, 7, 7.25],
			"rotation": {"angle": 0, "axis": "y", "origin": [8, 2.0045, 8.85355]},
			"faces": {
				"north": {"uv": [6, 7, 8.5, 9.5], "texture": "#0"},
				"east": {"uv": [0, 0, 0, 2.5], "texture": "#0"},
				"south": {"uv": [8.5, 6, 11, 8.5], "texture": "#0"},
				"west": {"uv": [0, 0, 0, 2.5], "texture": "#0"},
				"up": {"uv": [2.5, 0, 0, 0], "texture": "#0"},
				"down": {"uv": [2.5, 0, 0, 0], "texture": "#0"}
			}
		},
		{
			"name": "torso",
			"from": [10.5, 2, 7.25],
			"to": [10.5, 7, 11.25],
			"rotation": {"angle": 0, "axis": "y", "origin": [8, 2.0045, 8.85355]},
			"faces": {
				"north": {"uv": [0, 0, 0, 2.5], "texture": "#0"},
				"east": {"uv": [9.5, 3.5, 11.5, 6], "texture": "#0"},
				"south": {"uv": [0, 0, 0, 2.5], "texture": "#0"},
				"west": {"uv": [6, 9.5, 8, 12], "texture": "#0"},
				"up": {"uv": [0, 2, 0, 0], "texture": "#0"},
				"down": {"uv": [0, 0, 0, 2], "texture": "#0"}
			}
		},
		{
			"name": "torso",
			"from": [5.5, 2, 7.25],
			"to": [5.5, 7, 11.25],
			"rotation": {"angle": 0, "axis": "y", "origin": [8, 2.0045, 8.85355]},
			"faces": {
				"north": {"uv": [0, 0, 0, 2.5], "texture": "#0"},
				"east": {"uv": [0, 10.5, 2, 13], "texture": "#0"},
				"south": {"uv": [0, 0, 0, 2.5], "texture": "#0"},
				"west": {"uv": [10.5, 0, 12.5, 2.5], "texture": "#0"},
				"up": {"uv": [0, 2, 0, 0], "texture": "#0"},
				"down": {"uv": [0, 0, 0, 2], "texture": "#0"}
			}
		},
		{
			"name": "head",
			"from": [4.5, 5.6, 4.85],
			"to": [11.5, 12.6, 11.85],
			"rotation": {"angle": -22.5, "axis": "x", "origin": [8, 7.75, 8.25]},
			"faces": {
				"north": {"uv": [0, 0, 3.5, 3.5], "texture": "#0"},
				"east": {"uv": [0, 3.5, 3.5, 7], "texture": "#0"},
				"south": {"uv": [3.5, 0, 7, 3.5], "texture": "#0"},
				"west": {"uv": [3.5, 3.5, 7, 7], "texture": "#0"},
				"up": {"uv": [3.5, 10.5, 0, 7], "texture": "#0"},
				"down": {"uv": [10.5, 0, 7, 3.5], "texture": "#0"}
			}
		},
		{
			"name": "leg_leg",
			"from": [5, 0.01, 4.25],
			"to": [7, 2.01, 7.25],
			"rotation": {"angle": 22.5, "axis": "y", "origin": [8, 0.01, 6.25]},
			"faces": {
				"north": {"uv": [12, 8, 13, 9], "texture": "#0"},
				"east": {"uv": [7, 6, 8.5, 7], "texture": "#0"},
				"south": {"uv": [12.5, 1.5, 13.5, 2.5], "texture": "#0"},
				"west": {"uv": [11, 9, 12.5, 10], "texture": "#0"},
				"up": {"uv": [11, 13, 10, 11.5], "texture": "#0"},
				"down": {"uv": [12, 11.5, 11, 13], "texture": "#0"}
			}
		},
		{
			"name": "right_arm",
			"from": [10.74609, 1.74074, 8.25],
			"to": [12.49609, 5.74074, 10.25],
			"rotation": {"angle": 22.5, "axis": "z", "origin": [12.24609, 3.74074, 9.25]},
			"faces": {
				"north": {"uv": [2, 10.5, 3, 12.5], "texture": "#0"},
				"east": {"uv": [11, 7, 12, 9], "texture": "#0"},
				"south": {"uv": [3, 11.5, 4, 13.5], "texture": "#0"},
				"west": {"uv": [11.5, 3.5, 12.5, 5.5], "texture": "#0"},
				"up": {"uv": [3, 13.5, 2, 12.5], "texture": "#0"},
				"down": {"uv": [13.5, 3.5, 12.5, 4.5], "texture": "#0"}
			}
		},
		{
			"name": "left_arm",
			"from": [3.50391, 1.74074, 8.25],
			"to": [5.25391, 5.74074, 10.25],
			"rotation": {"angle": -22.5, "axis": "z", "origin": [3.75391, 3.74074, 9.25]},
			"faces": {
				"north": {"uv": [4, 11.5, 5, 13.5], "texture": "#0"},
				"east": {"uv": [5, 11.5, 6, 13.5], "texture": "#0"},
				"south": {"uv": [8, 11.5, 9, 13.5], "texture": "#0"},
				"west": {"uv": [9, 11.5, 10, 13.5], "texture": "#0"},
				"up": {"uv": [13.5, 5.5, 12.5, 4.5], "texture": "#0"},
				"down": {"uv": [13.5, 9, 12.5, 10], "texture": "#0"}
			}
		},
		{
			"name": "right_leg",
			"from": [9, 0.01, 4.25],
			"to": [11, 2.01, 7.25],
			"rotation": {"angle": -22.5, "axis": "y", "origin": [8, 0.01, 6.25]},
			"faces": {
				"north": {"uv": [12.5, 10, 13.5, 11], "texture": "#0"},
				"east": {"uv": [6, 12, 7.5, 13], "texture": "#0"},
				"south": {"uv": [0, 13, 1, 14], "texture": "#0"},
				"west": {"uv": [12, 7, 13.5, 8], "texture": "#0"},
				"up": {"uv": [13, 13, 12, 11.5], "texture": "#0"},
				"down": {"uv": [13.5, 0, 12.5, 1.5], "texture": "#0"}
			}
		}
	],
	"display": {
		"thirdperson_righthand": {
			"rotation": [24, 13, 0],
			"translation": [0, 1.25, -0.5],
			"scale": [0.6, 0.6, 0.6]
		},
		"thirdperson_lefthand": {
			"rotation": [24, 13, 0],
			"translation": [0, 0.75, -0.5],
			"scale": [0.6, 0.6, 0.6]
		},
		"firstperson_righthand": {
			"rotation": [0, 109, 5],
			"translation": [3.25, 5.75, 0],
			"scale": [0.83, 0.83, 0.83]
		},
		"firstperson_lefthand": {
			"rotation": [0, 109, 5],
			"translation": [3.25, 5.75, 0],
			"scale": [0.83, 0.83, 0.83]
		},
		"ground": {
			"translation": [0, 3.5, 0],
			"scale": [0.65, 0.65, 0.65]
		},
		"gui": {
			"rotation": [25, 151, 0],
			"translation": [0, 1, 0],
			"scale": [0.79, 0.79, 0.79]
		},
		"head": {
			"translation": [0, 14.4, 0]
		},
		"fixed": {
			"rotation": [-90, 0, 0],
			"translation": [0, 0, -13.5],
			"scale": [1.7, 1.7, 1.7]
		}
	},
	"groups": [
		{
			"name": "nm_plushie_skeleton",
			"origin": [8, 8, 8],
			"color": 0,
			"children": [
				0,
				1,
				2,
				3,
				4,
				{
					"name": "group",
					"origin": [8, 7.5, 8.25],
					"color": 0,
					"children": [5]
				},
				6,
				7,
				8,
				9
			]
		}
	]
}