{"credit":"Made by Nog's Menagerie","texture_size":[32,32],"textures":{"0":"item/furnitures/plushies/nm_plushie_sheep-shiny_texture","particle":"item/furnitures/plushies/nm_plushie_sheep-shiny_texture"},"elements":[{"from":[4.5,0,1.25],"to":[11.5,6,6.25],"rotation":{"angle":0,"axis":"y","origin":[8,2.0045,6.85355]},"faces":{"north":{"uv":[0,4,3.5,7],"texture":"#0"},"east":{"uv":[7.5,4.5,10,7.5],"texture":"#0"},"south":{"uv":[3.5,4,7,7],"texture":"#0"},"west":{"uv":[7.5,7.5,10,10.5],"texture":"#0"},"up":{"uv":[9.5,2.5,6,0],"texture":"#0"},"down":{"uv":[3.5,7,0,9.5],"texture":"#0"}}},{"from":[5,0.5,0.25],"to":[11,5.5,1.25],"rotation":{"angle":0,"axis":"y","origin":[8,2.0045,6.85355]},"faces":{"north":{"uv":[3.5,9,6.5,11.5],"texture":"#0"},"east":{"uv":[7,4.5,7.5,7],"texture":"#0"},"south":{"uv":[0,9.5,3,12],"texture":"#0"},"west":{"uv":[2,12,2.5,14.5],"texture":"#0"},"up":{"uv":[14,4.5,11,4],"texture":"#0"},"down":{"uv":[15,7.5,12,8],"texture":"#0"}}},{"from":[5,0,6.25],"to":[11,4,14.25],"rotation":{"angle":0,"axis":"y","origin":[8,2.0045,6.85355]},"faces":{"north":{"uv":[9.5,0,12.5,2],"texture":"#0"},"east":{"uv":[7,2.5,11,4.5],"texture":"#0"},"south":{"uv":[10,4.5,13,6.5],"texture":"#0"},"west":{"uv":[3.5,7,7.5,9],"texture":"#0"},"up":{"uv":[3,4,0,0],"texture":"#0"},"down":{"uv":[6,0,3,4],"texture":"#0"}}},{"from":[7,2,14.25],"to":[9,4,15.25],"rotation":{"angle":0,"axis":"y","origin":[8,2.0045,6.85355]},"faces":{"north":{"uv":[6,2.5,7,3.5],"texture":"#0"},"east":{"uv":[3,9.5,3.5,10.5],"texture":"#0"},"south":{"uv":[6.5,9,7.5,10],"texture":"#0"},"west":{"uv":[3,10.5,3.5,11.5],"texture":"#0"},"up":{"uv":[7,4,6,3.5],"texture":"#0"},"down":{"uv":[10.5,2,9.5,2.5],"texture":"#0"}}},{"from":[10.41282,0.009,12.74603],"to":[14.41282,2.009,14.74603],"rotation":{"angle":-22.5,"axis":"y","origin":[11.66282,1.009,13.74603]},"faces":{"north":{"uv":[10,6.5,12,7.5],"texture":"#0"},"east":{"uv":[12,8,13,9],"texture":"#0"},"south":{"uv":[10,7.5,12,8.5],"texture":"#0"},"west":{"uv":[12,9,13,10],"texture":"#0"},"up":{"uv":[12,9.5,10,8.5],"texture":"#0"},"down":{"uv":[12,9.5,10,10.5],"texture":"#0"}}},{"from":[10.54645,0.009,6.43436],"to":[14.54645,2.009,8.43436],"rotation":{"angle":22.5,"axis":"y","origin":[8,2.0045,6.85355]},"faces":{"north":{"uv":[6.5,10.5,8.5,11.5],"texture":"#0"},"east":{"uv":[12.5,0,13.5,1],"texture":"#0"},"south":{"uv":[8.5,10.5,10.5,11.5],"texture":"#0"},"west":{"uv":[12.5,1,13.5,2],"texture":"#0"},"up":{"uv":[12.5,11.5,10.5,10.5],"texture":"#0"},"down":{"uv":[13,2,11,3],"texture":"#0"}}},{"from":[1.58718,0.009,12.74603],"to":[5.58718,2.009,14.74603],"rotation":{"angle":22.5,"axis":"y","origin":[4.33718,1.009,13.74603]},"faces":{"north":{"uv":[11,3,13,4],"texture":"#0"},"east":{"uv":[2.5,12.5,3.5,13.5],"texture":"#0"},"south":{"uv":[3,11.5,5,12.5],"texture":"#0"},"west":{"uv":[3.5,12.5,4.5,13.5],"texture":"#0"},"up":{"uv":[7,12.5,5,11.5],"texture":"#0"},"down":{"uv":[9,11.5,7,12.5],"texture":"#0"}}},{"from":[1.45355,0.009,6.43436],"to":[5.45355,2.009,8.43436],"rotation":{"angle":-22.5,"axis":"y","origin":[8,2.0045,6.85355]},"faces":{"north":{"uv":[9,11.5,11,12.5],"texture":"#0"},"east":{"uv":[4.5,12.5,5.5,13.5],"texture":"#0"},"south":{"uv":[11,11.5,13,12.5],"texture":"#0"},"west":{"uv":[5.5,12.5,6.5,13.5],"texture":"#0"},"up":{"uv":[2,13,0,12],"texture":"#0"},"down":{"uv":[14,6.5,12,7.5],"texture":"#0"}}}],"display":{"thirdperson_righthand":{"rotation":[62,14,0],"translation":[0,0.75,3.25],"scale":[0.86,0.86,0.86]},"thirdperson_lefthand":{"rotation":[62,14,0],"translation":[0,0.75,3.25],"scale":[0.86,0.86,0.86]},"firstperson_righthand":{"rotation":[0,109,5],"translation":[0.75,9.75,0],"scale":[0.92,0.92,0.92]},"firstperson_lefthand":{"rotation":[0,109,5],"translation":[0.75,9.75,0],"scale":[0.92,0.92,0.92]},"ground":{"translation":[0,3.5,0],"scale":[0.65,0.65,0.65]},"gui":{"rotation":[25,151,0],"translation":[-0.75,4.75,0],"scale":[0.93,0.93,0.93]},"head":{"translation":[0,14.4,0]},"fixed":{"rotation":[-90,0,0],"translation":[0,0,-13.5],"scale":[1.7,1.7,1.7]}},"groups":[{"name":"nm_plushie_sheep","origin":[8,8,8],"color":0,"children":[0,1,2,3,4,5,6,7]}]}