{"credit":"Made by Nog's Menagerie","texture_size":[32,32],"textures":{"0":"item/furnitures/plushies/nm_plushie_pig-shiny_texture","particle":"item/furnitures/plushies/nm_plushie_pig-shiny_texture"},"elements":[{"from":[5,0,0.75],"to":[11,6,6.75],"rotation":{"angle":0,"axis":"y","origin":[8,2.0045,7.35355]},"faces":{"north":{"uv":[0,0,3,3],"texture":"#0"},"east":{"uv":[0,3,3,6],"texture":"#0"},"south":{"uv":[3,0,6,3],"texture":"#0"},"west":{"uv":[3,3,6,6],"texture":"#0"},"up":{"uv":[3,9,0,6],"texture":"#0"},"down":{"uv":[9,0,6,3],"texture":"#0"}}},{"from":[6,1,-0.25],"to":[10,3,0.75],"rotation":{"angle":0,"axis":"y","origin":[8,2.0045,7.35355]},"faces":{"north":{"uv":[8.5,5,10.5,6],"texture":"#0"},"east":{"uv":[5,9.5,5.5,10.5],"texture":"#0"},"south":{"uv":[0,9,2,10],"texture":"#0"},"west":{"uv":[6,11.5,6.5,12.5],"texture":"#0"},"up":{"uv":[2,11.5,0,11],"texture":"#0"},"down":{"uv":[13,0,11,0.5],"texture":"#0"}}},{"from":[5.5,0,6.75],"to":[10.5,4,13.75],"rotation":{"angle":0,"axis":"y","origin":[8,2.0045,7.35355]},"faces":{"north":{"uv":[5.5,8.5,8,10.5],"texture":"#0"},"east":{"uv":[5.5,6.5,9,8.5],"texture":"#0"},"south":{"uv":[8,8.5,10.5,10.5],"texture":"#0"},"west":{"uv":[8.5,3,12,5],"texture":"#0"},"up":{"uv":[5.5,9.5,3,6],"texture":"#0"},"down":{"uv":[8.5,3,6,6.5],"texture":"#0"}}},{"from":[7,7.2385,11.16549],"to":[9,7.2385,13.16549],"rotation":{"angle":45,"axis":"x","origin":[8,2.0045,7.35355]},"faces":{"north":{"uv":[0,0,1,0],"texture":"#0"},"east":{"uv":[0,0,1,0],"texture":"#0"},"south":{"uv":[0,0,1,0],"texture":"#0"},"west":{"uv":[0,0,1,0],"texture":"#0"},"up":{"uv":[12,1.5,11,0.5],"texture":"#0"},"down":{"uv":[12,1.5,11,2.5],"texture":"#0"}}},{"from":[4.71629,0.009,12.06727],"to":[6.71629,2.009,16.06727],"rotation":{"angle":45,"axis":"y","origin":[8,2.0045,7.35355]},"faces":{"north":{"uv":[2,11,3,12],"texture":"#0"},"east":{"uv":[9,0,11,1],"texture":"#0"},"south":{"uv":[10,11,11,12],"texture":"#0"},"west":{"uv":[9,1,11,2],"texture":"#0"},"up":{"uv":[3,11,2,9],"texture":"#0"},"down":{"uv":[10,6,9,8],"texture":"#0"}}},{"from":[9.54645,0.009,6.93436],"to":[13.54645,2.009,8.93436],"rotation":{"angle":22.5,"axis":"y","origin":[8,2.0045,7.35355]},"faces":{"north":{"uv":[9,2,11,3],"texture":"#0"},"east":{"uv":[11,11,12,12],"texture":"#0"},"south":{"uv":[3,9.5,5,10.5],"texture":"#0"},"west":{"uv":[0,11.5,1,12.5],"texture":"#0"},"up":{"uv":[2,11,0,10],"texture":"#0"},"down":{"uv":[12,6,10,7],"texture":"#0"}}},{"from":[2.45355,0.009,6.93436],"to":[6.45355,2.009,8.93436],"rotation":{"angle":-22.5,"axis":"y","origin":[8,2.0045,7.35355]},"faces":{"north":{"uv":[10,7,12,8],"texture":"#0"},"east":{"uv":[1,11.5,2,12.5],"texture":"#0"},"south":{"uv":[3,10.5,5,11.5],"texture":"#0"},"west":{"uv":[3,11.5,4,12.5],"texture":"#0"},"up":{"uv":[7,11.5,5,10.5],"texture":"#0"},"down":{"uv":[12.5,5,10.5,6],"texture":"#0"}}},{"from":[9.28371,0.009,12.06727],"to":[11.28371,2.009,16.06727],"rotation":{"angle":-45,"axis":"y","origin":[8,2.0045,7.35355]},"faces":{"north":{"uv":[4,11.5,5,12.5],"texture":"#0"},"east":{"uv":[7,10.5,9,11.5],"texture":"#0"},"south":{"uv":[5,11.5,6,12.5],"texture":"#0"},"west":{"uv":[10.5,8,12.5,9],"texture":"#0"},"up":{"uv":[10,12.5,9,10.5],"texture":"#0"},"down":{"uv":[11.5,9,10.5,11],"texture":"#0"}}}],"display":{"thirdperson_righthand":{"rotation":[62,14,0],"translation":[0,0.75,3.25],"scale":[0.86,0.86,0.86]},"thirdperson_lefthand":{"rotation":[62,14,0],"translation":[0,0.75,3.25],"scale":[0.86,0.86,0.86]},"firstperson_righthand":{"rotation":[0,109,5],"translation":[0.75,9.75,0],"scale":[0.92,0.92,0.92]},"firstperson_lefthand":{"rotation":[0,109,5],"translation":[0.75,9.75,0],"scale":[0.92,0.92,0.92]},"ground":{"translation":[0,3.5,0],"scale":[0.65,0.65,0.65]},"gui":{"rotation":[25,151,0],"translation":[-0.75,4.75,0],"scale":[0.93,0.93,0.93]},"head":{"translation":[0,14.4,0]},"fixed":{"rotation":[-90,0,0],"translation":[0,0,-13.5],"scale":[1.7,1.7,1.7]}},"groups":[{"name":"nm_plushie_pig","origin":[8,8,8],"color":0,"children":[0,1,2,3,4,5,6,7]}]}