{"credit":"Made by Nog's Menagerie","texture_size":[16,20],"textures":{"0":"item/furnitures/plushies/nm_plushie_parrot_cyan-shiny_texture","particle":"item/furnitures/plushies/nm_plushie_parrot_cyan-shiny_texture"},"elements":[{"from":[6.5,0,5.75],"to":[9.5,5,8.75],"rotation":{"angle":0,"axis":"y","origin":[8,2.0045,7.35355]},"faces":{"north":{"uv":[0,0,3,4],"texture":"#0"},"east":{"uv":[3,0,6,4],"texture":"#0"},"south":{"uv":[0,4,3,8],"texture":"#0"},"west":{"uv":[3,4,6,8],"texture":"#0"},"up":{"uv":[9,2.4,6,0],"texture":"#0"},"down":{"uv":[9,2.4,6,4.8],"texture":"#0"}}},{"from":[6.75,3.79554,4.59762],"to":[9.25,6.79554,7.59762],"rotation":{"angle":-22.5,"axis":"x","origin":[8,5.22859,4.93779]},"faces":{"north":{"uv":[6,4.8,9,7.2],"texture":"#0"},"east":{"uv":[9,0,12,2.4],"texture":"#0"},"south":{"uv":[9,2.4,12,4.8],"texture":"#0"},"west":{"uv":[6,7.2,9,9.6],"texture":"#0"},"up":{"uv":[12,7.2,9,4.8],"texture":"#0"},"down":{"uv":[12,7.2,9,9.6],"texture":"#0"}}},{"from":[8,6.40921,3.80627],"to":[8,10.40921,7.80627],"rotation":{"angle":0,"axis":"y","origin":[8,9.15921,5.10627]},"faces":{"north":{"uv":[6,4.8,9,7.2],"texture":"#0"},"east":{"uv":[4,12.8,8,16],"texture":"#0"},"south":{"uv":[9,2.4,12,4.8],"texture":"#0"},"west":{"uv":[0,12.8,4,16],"texture":"#0"},"up":{"uv":[12,7.2,9,4.8],"texture":"#0"},"down":{"uv":[12,7.2,9,9.6],"texture":"#0"}}},{"from":[6.75,5.79554,3.59762],"to":[9.25,6.79554,4.59762],"rotation":{"angle":-22.5,"axis":"x","origin":[8,5.22859,4.93779]},"faces":{"north":{"uv":[10,9.6,13,10.4],"texture":"#0"},"east":{"uv":[6,11.2,7,12],"texture":"#0"},"south":{"uv":[12,8,15,8.8],"texture":"#0"},"west":{"uv":[13,11.2,14,12],"texture":"#0"},"up":{"uv":[15,9.6,12,8.8],"texture":"#0"},"down":{"uv":[16,4.8,13,5.6],"texture":"#0"}}},{"from":[7.5,3.79554,3.59762],"to":[8.5,5.79554,4.59762],"rotation":{"angle":-22.5,"axis":"x","origin":[8,5.22859,4.93779]},"faces":{"north":{"uv":[4,8,5,9.6],"texture":"#0"},"east":{"uv":[5,8,6,9.6],"texture":"#0"},"south":{"uv":[10,10.4,11,12],"texture":"#0"},"west":{"uv":[11,10.4,12,12],"texture":"#0"},"up":{"uv":[15,11.2,14,10.4],"texture":"#0"},"down":{"uv":[15,11.2,14,12],"texture":"#0"}}},{"from":[6.225,0.01,3.75],"to":[7.225,1.01,3.75],"rotation":{"angle":22.5,"axis":"y","origin":[8,0.01,4.75]},"faces":{"north":{"uv":[15,3.2,16,4],"texture":"#0"},"east":{"uv":[0,0,0,0.8],"texture":"#0"},"south":{"uv":[15,4,16,4.8],"texture":"#0"},"west":{"uv":[0,0,0,0.8],"texture":"#0"},"up":{"uv":[1,0,0,0],"texture":"#0"},"down":{"uv":[1,0,0,0],"texture":"#0"}}},{"from":[6.225,0.01,3.75],"to":[7.225,0.01,5.75],"rotation":{"angle":22.5,"axis":"y","origin":[8,0.01,4.75]},"faces":{"north":{"uv":[0,0,1,0],"texture":"#0"},"east":{"uv":[0,0,2,0],"texture":"#0"},"south":{"uv":[0,0,1,0],"texture":"#0"},"west":{"uv":[0,0,2,0],"texture":"#0"},"up":{"uv":[13,12,12,10.4],"texture":"#0"},"down":{"uv":[14,9.6,13,11.2],"texture":"#0"}}},{"from":[5.75,1.86104,6.32193],"to":[6.5,3.86104,10.32193],"rotation":{"angle":45,"axis":"x","origin":[8,2.61104,7.82193]},"faces":{"north":{"uv":[0,11.2,1,12.8],"texture":"#0"},"east":{"uv":[0,8,4,9.6],"texture":"#0"},"south":{"uv":[1,11.2,2,12.8],"texture":"#0"},"west":{"uv":[0,9.6,4,11.2],"texture":"#0"},"up":{"uv":[13,8,12,4.8],"texture":"#0"},"down":{"uv":[8,9.6,7,12.8],"texture":"#0"}}},{"from":[9.5,1.86104,6.32193],"to":[10.25,3.86104,10.32193],"rotation":{"angle":45,"axis":"x","origin":[8,2.61104,7.82193]},"faces":{"north":{"uv":[2,11.2,3,12.8],"texture":"#0"},"east":{"uv":[12,0,16,1.6],"texture":"#0"},"south":{"uv":[3,11.2,4,12.8],"texture":"#0"},"west":{"uv":[12,1.6,16,3.2],"texture":"#0"},"up":{"uv":[9,12.8,8,9.6],"texture":"#0"},"down":{"uv":[10,9.6,9,12.8],"texture":"#0"}}},{"from":[8.775,0.01,3.75],"to":[9.775,0.01,5.75],"rotation":{"angle":-22.5,"axis":"y","origin":[8,0.01,4.75]},"faces":{"north":{"uv":[0,0,1,0],"texture":"#0"},"east":{"uv":[0,0,2,0],"texture":"#0"},"south":{"uv":[0,0,1,0],"texture":"#0"},"west":{"uv":[0,0,2,0],"texture":"#0"},"up":{"uv":[5,12.8,4,11.2],"texture":"#0"},"down":{"uv":[6,11.2,5,12.8],"texture":"#0"}}},{"from":[8.775,0.01,3.75],"to":[9.775,1.01,3.75],"rotation":{"angle":-22.5,"axis":"y","origin":[8,0.01,4.75]},"faces":{"north":{"uv":[6,12,7,12.8],"texture":"#0"},"east":{"uv":[0,0,0,0.8],"texture":"#0"},"south":{"uv":[15,7.2,16,8],"texture":"#0"},"west":{"uv":[0,0,0,0.8],"texture":"#0"},"up":{"uv":[1,0,0,0],"texture":"#0"},"down":{"uv":[1,0,0,0],"texture":"#0"}}},{"from":[6.5,0,8.75],"to":[9.5,1,10.75],"rotation":{"angle":0,"axis":"y","origin":[8.5,0.5,9.75]},"faces":{"north":{"uv":[13,5.6,16,6.4],"texture":"#0"},"east":{"uv":[13,7.2,15,8],"texture":"#0"},"south":{"uv":[13,6.4,16,7.2],"texture":"#0"},"west":{"uv":[14,9.6,16,10.4],"texture":"#0"},"up":{"uv":[7,11.2,4,9.6],"texture":"#0"},"down":{"uv":[15,3.2,12,4.8],"texture":"#0"}}}],"display":{"thirdperson_righthand":{"rotation":[71,43,0],"translation":[0,0.75,3.25],"scale":[0.86,0.86,0.86]},"thirdperson_lefthand":{"rotation":[71,43,0],"translation":[0,0.75,3.25],"scale":[0.86,0.86,0.86]},"firstperson_righthand":{"rotation":[0,109,5],"translation":[2.5,7.75,0],"scale":[0.92,0.92,0.92]},"firstperson_lefthand":{"rotation":[0,109,5],"translation":[2.5,7.75,0],"scale":[0.92,0.92,0.92]},"ground":{"translation":[0,3.5,0],"scale":[0.65,0.65,0.65]},"gui":{"rotation":[25,151,0],"translation":[0.5,4,0],"scale":[0.93,0.93,0.93]},"head":{"translation":[0,14.4,0]},"fixed":{"rotation":[-90,0,0],"translation":[0,0,-13.75],"scale":[1.7,1.7,1.7]}},"groups":[{"name":"nm_plushie_parrot_cyan","origin":[8,8,8],"color":0,"children":[0,1,2,3,4,5,6,7,8,9,10,11]}]}