{
	"credit": "Made by Nog's Menagerie",
	"texture_size": [64, 64],
	"textures": {
		"0": "item/furnitures/plushies/nm_plushie_bounty_hunter_texture",
		"particle": "item/furnitures/plushies/nm_plushie_bounty_hunter_texture"
	},
	"elements": [
		{
			"name": "torso",
			"from": [5.5, 0, 7.25],
			"to": [10.5, 7, 11.25],
			"rotation": {"angle": 0, "axis": "y", "origin": [8, 2.0045, 8.85355]},
			"faces": {
				"north": {"uv": [3.25, 3.5, 4.5, 5.25], "texture": "#0"},
				"east": {"uv": [5, 0, 6, 1.75], "texture": "#0"},
				"south": {"uv": [4.5, 3.25, 5.75, 5], "texture": "#0"},
				"west": {"uv": [1.5, 5, 2.5, 6.75], "texture": "#0"},
				"up": {"uv": [5.75, 6, 4.5, 5], "texture": "#0"},
				"down": {"uv": [1.25, 5.25, 0, 6.25], "texture": "#0"}
			}
		},
		{
			"name": "torso",
			"from": [5.5, 3, 11.25],
			"to": [10.5, 7, 13.25],
			"rotation": {"angle": 0, "axis": "y", "origin": [8, 2.0045, 8.85355]},
			"faces": {
				"north": {"uv": [5.25, 1.75, 6.5, 2.75], "texture": "#0"},
				"east": {"uv": [5.75, 4.5, 6.25, 5.5], "texture": "#0"},
				"south": {"uv": [2.5, 5.25, 3.75, 6.25], "texture": "#0"},
				"west": {"uv": [5.75, 5.5, 6.25, 6.5], "texture": "#0"},
				"up": {"uv": [6.5, 3.25, 5.25, 2.75], "texture": "#0"},
				"down": {"uv": [7, 3.25, 5.75, 3.75], "texture": "#0"}
			}
		},
		{
			"name": "torso",
			"from": [6.5, 7, 12.25],
			"to": [9.5, 10, 13.25],
			"rotation": {"angle": 0, "axis": "y", "origin": [8, 2.0045, 8.85355]},
			"faces": {
				"north": {"uv": [3.75, 5.25, 4.5, 6], "texture": "#0"},
				"east": {"uv": [1.25, 5.25, 1.5, 6], "texture": "#0"},
				"south": {"uv": [5.75, 3.75, 6.5, 4.5], "texture": "#0"},
				"west": {"uv": [1.75, 7, 2, 7.75], "texture": "#0"},
				"up": {"uv": [4.25, 3.5, 3.5, 3.25], "texture": "#0"},
				"down": {"uv": [3.25, 5, 2.5, 5.25], "texture": "#0"}
			}
		},
		{
			"name": "torso",
			"from": [10.5, 2, 12.25],
			"to": [11.5, 5, 13.25],
			"rotation": {"angle": 0, "axis": "y", "origin": [8, 2.0045, 8.85355]},
			"faces": {
				"north": {"uv": [2, 7, 2.25, 7.75], "texture": "#0"},
				"east": {"uv": [2.25, 7, 2.5, 7.75], "texture": "#0"},
				"south": {"uv": [2.5, 7, 2.75, 7.75], "texture": "#0"},
				"west": {"uv": [2.75, 7, 3, 7.75], "texture": "#0"},
				"up": {"uv": [4.5, 3.5, 4.25, 3.25], "texture": "#0"},
				"down": {"uv": [1.5, 6, 1.25, 6.25], "texture": "#0"}
			}
		},
		{
			"name": "torso",
			"from": [4.5, 2, 12.25],
			"to": [5.5, 5, 13.25],
			"rotation": {"angle": 0, "axis": "y", "origin": [8, 2.0045, 8.85355]},
			"faces": {
				"north": {"uv": [3.75, 7, 4, 7.75], "texture": "#0"},
				"east": {"uv": [4, 7, 4.25, 7.75], "texture": "#0"},
				"south": {"uv": [4.25, 7, 4.5, 7.75], "texture": "#0"},
				"west": {"uv": [4.5, 7, 4.75, 7.75], "texture": "#0"},
				"up": {"uv": [0.75, 7.5, 0.5, 7.25], "texture": "#0"},
				"down": {"uv": [1, 7.25, 0.75, 7.5], "texture": "#0"}
			}
		},
		{
			"name": "head",
			"from": [4.5, 5.6, 5.85],
			"to": [11.5, 12.6, 11.85],
			"rotation": {"angle": -22.5, "axis": "x", "origin": [8, 7.75, 8.25]},
			"faces": {
				"north": {"uv": [0, 0, 1.75, 1.75], "texture": "#0"},
				"east": {"uv": [0, 3.5, 1.5, 5.25], "texture": "#0"},
				"south": {"uv": [0, 1.75, 1.75, 3.5], "texture": "#0"},
				"west": {"uv": [3.5, 0, 5, 1.75], "texture": "#0"},
				"up": {"uv": [3.25, 5, 1.5, 3.5], "texture": "#0"},
				"down": {"uv": [5.25, 1.75, 3.5, 3.25], "texture": "#0"}
			}
		},
		{
			"name": "head",
			"from": [11.5, 12.6, 6.85],
			"to": [11.5, 14.6, 7.85],
			"rotation": {"angle": -22.5, "axis": "x", "origin": [8, 7.75, 8.25]},
			"faces": {
				"north": {"uv": [0, 0, 0, 0.5], "texture": "#0"},
				"east": {"uv": [4.75, 7, 5, 7.5], "texture": "#0"},
				"south": {"uv": [0, 0, 0, 0.5], "texture": "#0"},
				"west": {"uv": [5, 7, 5.25, 7.5], "texture": "#0"},
				"up": {"uv": [0, 0.25, 0, 0], "texture": "#0"},
				"down": {"uv": [0, 0, 0, 0.25], "texture": "#0"}
			}
		},
		{
			"name": "head",
			"from": [10.5, 14.6, 6.85],
			"to": [11.5, 14.6, 7.85],
			"rotation": {"angle": -22.5, "axis": "x", "origin": [8, 7.75, 8.25]},
			"faces": {
				"north": {"uv": [0, 0, 0.25, 0], "texture": "#0"},
				"east": {"uv": [0, 0, 0.25, 0], "texture": "#0"},
				"south": {"uv": [0, 0, 0.25, 0], "texture": "#0"},
				"west": {"uv": [0, 0, 0.25, 0], "texture": "#0"},
				"up": {"uv": [1.25, 7.5, 1, 7.25], "texture": "#0"},
				"down": {"uv": [1.5, 7.25, 1.25, 7.5], "texture": "#0"}
			}
		},
		{
			"name": "head",
			"from": [4.5, 5.6, 4.85],
			"to": [11.5, 12.6, 4.85],
			"rotation": {"angle": -22.5, "axis": "x", "origin": [8, 7.75, 8.25]},
			"faces": {
				"north": {"uv": [1.75, 0, 3.5, 1.75], "texture": "#0"},
				"east": {"uv": [0, 0, 0, 1.75], "texture": "#0"},
				"south": {"uv": [1.75, 1.75, 3.5, 3.5], "texture": "#0"},
				"west": {"uv": [0, 0, 0, 1.75], "texture": "#0"},
				"up": {"uv": [1.75, 0, 0, 0], "texture": "#0"},
				"down": {"uv": [1.75, 0, 0, 0], "texture": "#0"}
			}
		},
		{
			"name": "head",
			"from": [4.5, 5.6, 4.85],
			"to": [4.5, 12.6, 5.85],
			"rotation": {"angle": -22.5, "axis": "x", "origin": [8, 7.75, 8.25]},
			"faces": {
				"north": {"uv": [0, 0, 0, 1.75], "texture": "#0"},
				"east": {"uv": [3.5, 6.25, 3.75, 8], "texture": "#0"},
				"south": {"uv": [0, 0, 0, 1.75], "texture": "#0"},
				"west": {"uv": [6.25, 6.5, 6.5, 8.25], "texture": "#0"},
				"up": {"uv": [0, 0.25, 0, 0], "texture": "#0"},
				"down": {"uv": [0, 0, 0, 0.25], "texture": "#0"}
			}
		},
		{
			"name": "head",
			"from": [4.5, 12.6, 4.85],
			"to": [11.5, 12.6, 5.85],
			"rotation": {"angle": -22.5, "axis": "x", "origin": [8, 7.75, 8.25]},
			"faces": {
				"north": {"uv": [0, 0, 1.75, 0], "texture": "#0"},
				"east": {"uv": [0, 0, 0.25, 0], "texture": "#0"},
				"south": {"uv": [0, 0, 1.75, 0], "texture": "#0"},
				"west": {"uv": [0, 0, 0.25, 0], "texture": "#0"},
				"up": {"uv": [8.25, 2.75, 6.5, 2.5], "texture": "#0"},
				"down": {"uv": [8.25, 2.75, 6.5, 3], "texture": "#0"}
			}
		},
		{
			"name": "head",
			"from": [11.5, 5.6, 4.85],
			"to": [11.5, 12.6, 5.85],
			"rotation": {"angle": -22.5, "axis": "x", "origin": [8, 7.75, 8.25]},
			"faces": {
				"north": {"uv": [0, 0, 0, 1.75], "texture": "#0"},
				"east": {"uv": [6.5, 6.5, 6.75, 8.25], "texture": "#0"},
				"south": {"uv": [0, 0, 0, 1.75], "texture": "#0"},
				"west": {"uv": [1.5, 6.75, 1.75, 8.5], "texture": "#0"},
				"up": {"uv": [0, 0.25, 0, 0], "texture": "#0"},
				"down": {"uv": [0, 0, 0, 0.25], "texture": "#0"}
			}
		},
		{
			"name": "head",
			"from": [4.5, 5.6, 4.85],
			"to": [11.5, 5.6, 5.85],
			"rotation": {"angle": -22.5, "axis": "x", "origin": [8, 7.75, 8.25]},
			"faces": {
				"north": {"uv": [0, 0, 1.75, 0], "texture": "#0"},
				"east": {"uv": [0, 0, 0.25, 0], "texture": "#0"},
				"south": {"uv": [0, 0, 1.75, 0], "texture": "#0"},
				"west": {"uv": [0, 0, 0.25, 0], "texture": "#0"},
				"up": {"uv": [8.25, 3.25, 6.5, 3], "texture": "#0"},
				"down": {"uv": [8.25, 3.75, 6.5, 4], "texture": "#0"}
			}
		},
		{
			"name": "right_arm",
			"from": [9.83187, 1.74074, 8.25],
			"to": [11.83187, 5.74074, 10.25],
			"rotation": {"angle": 45, "axis": "z", "origin": [10.83187, 3.74074, 9.25]},
			"faces": {
				"north": {"uv": [6, 0, 6.5, 1], "texture": "#0"},
				"east": {"uv": [3.75, 6, 4.25, 7], "texture": "#0"},
				"south": {"uv": [4.25, 6, 4.75, 7], "texture": "#0"},
				"west": {"uv": [4.75, 6, 5.25, 7], "texture": "#0"},
				"up": {"uv": [3.5, 7.25, 3, 6.75], "texture": "#0"},
				"down": {"uv": [7.25, 4.75, 6.75, 5.25], "texture": "#0"}
			}
		},
		{
			"name": "left_arm",
			"from": [4.16813, 1.74074, 8.25],
			"to": [6.16813, 5.74074, 10.25],
			"rotation": {"angle": -45, "axis": "z", "origin": [5.16813, 3.74074, 9.25]},
			"faces": {
				"north": {"uv": [5.25, 6, 5.75, 7], "texture": "#0"},
				"east": {"uv": [0, 6.25, 0.5, 7.25], "texture": "#0"},
				"south": {"uv": [0.5, 6.25, 1, 7.25], "texture": "#0"},
				"west": {"uv": [1, 6.25, 1.5, 7.25], "texture": "#0"},
				"up": {"uv": [7.25, 5.75, 6.75, 5.25], "texture": "#0"},
				"down": {"uv": [7.25, 5.75, 6.75, 6.25], "texture": "#0"}
			}
		},
		{
			"name": "gun",
			"from": [12.60484, 0.12462, 5.75],
			"to": [15.60484, 1.12462, 6.75],
			"rotation": {"angle": -45, "axis": "z", "origin": [15.60484, 4.62462, 8.75]},
			"faces": {
				"north": {"uv": [7, 2, 7.75, 2.25], "texture": "#0"},
				"east": {"uv": [3, 7.25, 3.25, 7.5], "texture": "#0"},
				"south": {"uv": [7, 2.25, 7.75, 2.5], "texture": "#0"},
				"west": {"uv": [3.25, 7.25, 3.5, 7.5], "texture": "#0"},
				"up": {"uv": [7.75, 3.5, 7, 3.25], "texture": "#0"},
				"down": {"uv": [7.75, 3.5, 7, 3.75], "texture": "#0"}
			}
		},
		{
			"name": "gun",
			"from": [12.60484, 0.12462, 6.75],
			"to": [17.60484, 1.12462, 7.75],
			"rotation": {"angle": -45, "axis": "z", "origin": [15.60484, 4.62462, 8.75]},
			"faces": {
				"north": {"uv": [6.5, 4, 7.75, 4.25], "texture": "#0"},
				"east": {"uv": [7.25, 4.75, 7.5, 5], "texture": "#0"},
				"south": {"uv": [6.5, 4.25, 7.75, 4.5], "texture": "#0"},
				"west": {"uv": [7.25, 5, 7.5, 5.25], "texture": "#0"},
				"up": {"uv": [3, 7, 1.75, 6.75], "texture": "#0"},
				"down": {"uv": [8, 4.5, 6.75, 4.75], "texture": "#0"}
			}
		},
		{
			"name": "gun",
			"from": [13.60484, 0.12462, 7.75],
			"to": [14.60484, 1.12462, 9.75],
			"rotation": {"angle": -45, "axis": "z", "origin": [15.60484, 4.62462, 8.75]},
			"faces": {
				"north": {"uv": [5.25, 7.25, 5.5, 7.5], "texture": "#0"},
				"east": {"uv": [6, 1.5, 6.5, 1.75], "texture": "#0"},
				"south": {"uv": [7.25, 5.25, 7.5, 5.5], "texture": "#0"},
				"west": {"uv": [5.25, 7, 5.75, 7.25], "texture": "#0"},
				"up": {"uv": [0.25, 7.75, 0, 7.25], "texture": "#0"},
				"down": {"uv": [0.5, 7.25, 0.25, 7.75], "texture": "#0"}
			}
		},
		{
			"name": "right_leg",
			"from": [9.075, 0.01, 4.25],
			"to": [11.075, 2.01, 8.25],
			"rotation": {"angle": -22.5, "axis": "y", "origin": [8, 0.01, 6.25]},
			"faces": {
				"north": {"uv": [6.75, 6.25, 7.25, 6.75], "texture": "#0"},
				"east": {"uv": [6, 1, 7, 1.5], "texture": "#0"},
				"south": {"uv": [6.75, 6.75, 7.25, 7.25], "texture": "#0"},
				"west": {"uv": [2.5, 6.25, 3.5, 6.75], "texture": "#0"},
				"up": {"uv": [6.75, 5.5, 6.25, 4.5], "texture": "#0"},
				"down": {"uv": [6.75, 5.5, 6.25, 6.5], "texture": "#0"}
			}
		},
		{
			"name": "left_leg",
			"from": [4.925, 0.01, 4.25],
			"to": [6.925, 2.01, 8.25],
			"rotation": {"angle": 22.5, "axis": "y", "origin": [8, 0.01, 6.25]},
			"faces": {
				"north": {"uv": [7, 1, 7.5, 1.5], "texture": "#0"},
				"east": {"uv": [6.5, 0, 7.5, 0.5], "texture": "#0"},
				"south": {"uv": [7, 1.5, 7.5, 2], "texture": "#0"},
				"west": {"uv": [6.5, 0.5, 7.5, 1], "texture": "#0"},
				"up": {"uv": [7, 2.5, 6.5, 1.5], "texture": "#0"},
				"down": {"uv": [6.25, 6.5, 5.75, 7.5], "texture": "#0"}
			}
		}
	],
	"gui_light": "front",
	"display": {
		"thirdperson_righthand": {
			"rotation": [24, 13, 0],
			"translation": [0, 1.25, -0.5],
			"scale": [0.6, 0.6, 0.6]
		},
		"thirdperson_lefthand": {
			"rotation": [24, 13, 0],
			"translation": [0, 0.75, -0.5],
			"scale": [0.6, 0.6, 0.6]
		},
		"firstperson_righthand": {
			"rotation": [0, 109, 5],
			"translation": [2, 5.25, 0],
			"scale": [0.71, 0.71, 0.71]
		},
		"firstperson_lefthand": {
			"rotation": [0, 109, 5],
			"translation": [2, 5.25, 0],
			"scale": [0.71, 0.71, 0.71]
		},
		"ground": {
			"translation": [0, 3.5, 0],
			"scale": [0.65, 0.65, 0.65]
		},
		"gui": {
			"rotation": [25, 151, 0],
			"translation": [0.5, 0.5, 0],
			"scale": [0.73, 0.73, 0.73]
		},
		"head": {
			"translation": [0, 14.4, 0]
		},
		"fixed": {
			"rotation": [-90, 0, 0],
			"translation": [0, 0, -13.5],
			"scale": [1.7, 1.7, 1.7]
		}
	},
	"groups": [
		{
			"name": "base",
			"origin": [8, 8, 8],
			"color": 0,
			"children": [
				0,
				{
					"name": "jetpack",
					"origin": [8, 2.0045, 8.85355],
					"color": 0,
					"children": [1, 2, 3, 4]
				},
				{
					"name": "group",
					"origin": [8, 7.5, 8.25],
					"color": 0,
					"children": [
						5,
						6,
						7,
						{
							"name": "group",
							"origin": [8, 7.75, 8.25],
							"color": 0,
							"children": [8, 9, 10, 11, 12]
						}
					]
				},
				{
					"name": "group",
					"origin": [8, 0.01, 6.25],
					"color": 0,
					"children": [
						13,
						14,
						{
							"name": "group",
							"origin": [15.60484, 4.62462, 8.75],
							"color": 0,
							"children": [15, 16, 17]
						}
					]
				},
				{
					"name": "group",
					"origin": [2.69325, 1.97297, 9.25],
					"color": 0,
					"children": [18, 19]
				}
			]
		}
	]
}