{
	"credit": "Made by Nog's Menagerie",
	"texture_size": [64, 64],
	"textures": {
		"0": "item/furnitures/plushies/nm_plushie_hoglin_texture",
		"particle": "item/furnitures/plushies/nm_plushie_hoglin_texture"
	},
	"elements": [
		{
			"name": "head",
			"from": [5, 1.44134, -0.28806],
			"to": [11, 5.44134, 6.71194],
			"rotation": {"angle": -45, "axis": "x", "origin": [8, 4.19134, 2.96194]},
			"faces": {
				"north": {"uv": [6.25, 2, 7.75, 3], "texture": "#0"},
				"east": {"uv": [2, 5.5, 3.75, 6.5], "texture": "#0"},
				"south": {"uv": [6.25, 3, 7.75, 4], "texture": "#0"},
				"west": {"uv": [3.75, 5.5, 5.5, 6.5], "texture": "#0"},
				"up": {"uv": [6.25, 3.75, 4.75, 2], "texture": "#0"},
				"down": {"uv": [6.25, 3.75, 4.75, 5.5], "texture": "#0"}
			}
		},
		{
			"name": "head",
			"from": [2, 5.44134, 4.21194],
			"to": [5, 5.44134, 6.21194],
			"rotation": {"angle": -45, "axis": "x", "origin": [8, 4.19134, 2.96194]},
			"faces": {
				"north": {"uv": [0, 0, 0.75, 0], "texture": "#0"},
				"east": {"uv": [0, 0, 0.5, 0], "texture": "#0"},
				"south": {"uv": [0, 0, 0.75, 0], "texture": "#0"},
				"west": {"uv": [0, 0, 0.5, 0], "texture": "#0"},
				"up": {"uv": [7.5, 2, 6.75, 1.5], "texture": "#0"},
				"down": {"uv": [8.5, 3, 7.75, 3.5], "texture": "#0"}
			}
		},
		{
			"name": "head",
			"from": [4.5, 3.44134, 0.96194],
			"to": [5.5, 7.44134, 1.96194],
			"rotation": {"angle": -45, "axis": "x", "origin": [8, 4.19134, 2.96194]},
			"faces": {
				"north": {"uv": [0.75, 7.75, 1, 8.75], "texture": "#0"},
				"east": {"uv": [1, 7.75, 1.25, 8.75], "texture": "#0"},
				"south": {"uv": [8, 0.5, 8.25, 1.5], "texture": "#0"},
				"west": {"uv": [1.25, 8, 1.5, 9], "texture": "#0"},
				"up": {"uv": [2, 6.25, 1.75, 6], "texture": "#0"},
				"down": {"uv": [2, 6.25, 1.75, 6.5], "texture": "#0"}
			}
		},
		{
			"name": "head",
			"from": [10.5, 3.44134, 0.96194],
			"to": [11.5, 7.44134, 1.96194],
			"rotation": {"angle": -45, "axis": "x", "origin": [8, 4.19134, 2.96194]},
			"faces": {
				"north": {"uv": [1.5, 8, 1.75, 9], "texture": "#0"},
				"east": {"uv": [1.75, 8, 2, 9], "texture": "#0"},
				"south": {"uv": [2, 8, 2.25, 9], "texture": "#0"},
				"west": {"uv": [2.25, 8, 2.5, 9], "texture": "#0"},
				"up": {"uv": [1.5, 7.25, 1.25, 7], "texture": "#0"},
				"down": {"uv": [1.75, 7, 1.5, 7.25], "texture": "#0"}
			}
		},
		{
			"name": "head",
			"from": [11, 5.44134, 4.21194],
			"to": [14, 5.44134, 6.21194],
			"rotation": {"angle": -45, "axis": "x", "origin": [8, 4.19134, 2.96194]},
			"faces": {
				"north": {"uv": [0, 0, 0.75, 0], "texture": "#0"},
				"east": {"uv": [0, 0, 0.5, 0], "texture": "#0"},
				"south": {"uv": [0, 0, 0.75, 0], "texture": "#0"},
				"west": {"uv": [0, 0, 0.5, 0], "texture": "#0"},
				"up": {"uv": [8.5, 4, 7.75, 3.5], "texture": "#0"},
				"down": {"uv": [8.75, 0, 8, 0.5], "texture": "#0"}
			}
		},
		{
			"name": "torso",
			"from": [4, 0, 5],
			"to": [12, 8, 16],
			"rotation": {"angle": 0, "axis": "y", "origin": [8, 2.0045, 6.60355]},
			"faces": {
				"north": {"uv": [0, 4, 2, 6], "texture": "#0"},
				"east": {"uv": [0, 0, 2.75, 2], "texture": "#0"},
				"south": {"uv": [4.75, 0, 6.75, 2], "texture": "#0"},
				"west": {"uv": [0, 2, 2.75, 4], "texture": "#0"},
				"up": {"uv": [4.75, 2.75, 2.75, 0], "texture": "#0"},
				"down": {"uv": [4.75, 2.75, 2.75, 5.5], "texture": "#0"}
			}
		},
		{
			"name": "torso",
			"from": [8, 7, 4],
			"to": [8, 11, 11],
			"rotation": {"angle": 0, "axis": "y", "origin": [8, 2.0045, 6.60355]},
			"faces": {
				"north": {"uv": [0, 0, 0, 1], "texture": "#0"},
				"east": {"uv": [5.5, 5.5, 7.25, 6.5], "texture": "#0"},
				"south": {"uv": [0, 0, 0, 1], "texture": "#0"},
				"west": {"uv": [0, 6, 1.75, 7], "texture": "#0"},
				"up": {"uv": [0, 1.75, 0, 0], "texture": "#0"},
				"down": {"uv": [0, 0, 0, 1.75], "texture": "#0"}
			}
		},
		{
			"name": "left_leg",
			"from": [0.33718, 0.009, 12.49603],
			"to": [5.33718, 3.009, 15.49603],
			"rotation": {"angle": 22.5, "axis": "y", "origin": [5.33718, 1.009, 13.99603]},
			"faces": {
				"north": {"uv": [6.25, 4, 7.5, 4.75], "texture": "#0"},
				"east": {"uv": [2, 4, 2.75, 4.75], "texture": "#0"},
				"south": {"uv": [6.25, 4.75, 7.5, 5.5], "texture": "#0"},
				"west": {"uv": [2, 4.75, 2.75, 5.5], "texture": "#0"},
				"up": {"uv": [3, 7.25, 1.75, 6.5], "texture": "#0"},
				"down": {"uv": [4.25, 6.5, 3, 7.25], "texture": "#0"}
			}
		},
		{
			"name": "left_arm",
			"from": [0.45355, 0.009, 6.68436],
			"to": [5.45355, 3.009, 9.68436],
			"rotation": {"angle": -22.5, "axis": "y", "origin": [9, 2.0045, 7.10355]},
			"faces": {
				"north": {"uv": [4.25, 6.5, 5.5, 7.25], "texture": "#0"},
				"east": {"uv": [7.5, 4, 8.25, 4.75], "texture": "#0"},
				"south": {"uv": [5.5, 6.5, 6.75, 7.25], "texture": "#0"},
				"west": {"uv": [7.5, 4.75, 8.25, 5.5], "texture": "#0"},
				"up": {"uv": [8, 0.75, 6.75, 0], "texture": "#0"},
				"down": {"uv": [8, 0.75, 6.75, 1.5], "texture": "#0"}
			}
		},
		{
			"name": "left_leg",
			"from": [10.66282, 0.009, 12.49603],
			"to": [15.66282, 3.009, 15.49603],
			"rotation": {"angle": -22.5, "axis": "y", "origin": [10.66282, 1.009, 13.99603]},
			"faces": {
				"north": {"uv": [6.75, 6.5, 8, 7.25], "texture": "#0"},
				"east": {"uv": [7.5, 7.25, 8.25, 8], "texture": "#0"},
				"south": {"uv": [0, 7, 1.25, 7.75], "texture": "#0"},
				"west": {"uv": [0, 7.75, 0.75, 8.5], "texture": "#0"},
				"up": {"uv": [2.5, 8, 1.25, 7.25], "texture": "#0"},
				"down": {"uv": [3.75, 7.25, 2.5, 8], "texture": "#0"}
			}
		},
		{
			"name": "left_arm",
			"from": [10.54645, 0.009, 6.68436],
			"to": [15.54645, 3.009, 9.68436],
			"rotation": {"angle": 22.5, "axis": "y", "origin": [7, 2.0045, 7.10355]},
			"faces": {
				"north": {"uv": [3.75, 7.25, 5, 8], "texture": "#0"},
				"east": {"uv": [7.75, 1.5, 8.5, 2.25], "texture": "#0"},
				"south": {"uv": [5, 7.25, 6.25, 8], "texture": "#0"},
				"west": {"uv": [7.75, 2.25, 8.5, 3], "texture": "#0"},
				"up": {"uv": [8.5, 6.25, 7.25, 5.5], "texture": "#0"},
				"down": {"uv": [7.5, 7.25, 6.25, 8], "texture": "#0"}
			}
		}
	],
	"display": {
		"thirdperson_righthand": {
			"rotation": [88, 43, 0],
			"translation": [-1.25, 1.75, 1.25],
			"scale": [0.65, 0.65, 0.65]
		},
		"thirdperson_lefthand": {
			"rotation": [88, 43, 0],
			"translation": [-1.25, 1.75, 1.25],
			"scale": [0.65, 0.65, 0.65]
		},
		"firstperson_righthand": {
			"rotation": [0, 109, 5],
			"translation": [3.25, 7, 0],
			"scale": [0.72, 0.72, 0.72]
		},
		"firstperson_lefthand": {
			"rotation": [0, 109, 5],
			"translation": [3.25, 7, 0],
			"scale": [0.72, 0.72, 0.72]
		},
		"ground": {
			"translation": [0, 3.5, 0],
			"scale": [0.65, 0.65, 0.65]
		},
		"gui": {
			"rotation": [25, 151, 0],
			"translation": [-0.5, 2.5, 0],
			"scale": [0.72, 0.72, 0.72]
		},
		"head": {
			"translation": [0, 14.4, 0]
		},
		"fixed": {
			"rotation": [-90, 0, 0],
			"translation": [0, -0.75, -13.5],
			"scale": [1.7, 1.7, 1.7]
		}
	},
	"groups": [
		{
			"name": "nm_plushie_hoglin",
			"origin": [8, 8, 8],
			"color": 0,
			"children": [
				{
					"name": "group",
					"origin": [8, 4.19134, 2.96194],
					"color": 0,
					"children": [0, 1, 2, 3, 4]
				},
				5,
				6,
				{
					"name": "group",
					"origin": [7, 2.0045, 7.10355],
					"color": 0,
					"children": [7, 8, 9, 10]
				}
			]
		}
	]
}