{
	"credit": "Made by Nog's Menagerie",
	"texture_size": [32, 32],
	"textures": {
		"0": "item/furnitures/plushies/nm_plushie_fox_snow_texture",
		"particle": "item/furnitures/plushies/nm_plushie_fox_snow_texture"
	},
	"elements": [
		{
			"name": "torso",
			"from": [5.5, 0.5, 5.25],
			"to": [10.5, 7.5, 9.25],
			"rotation": {"angle": -22.5, "axis": "x", "origin": [8, 4, 7.25]},
			"faces": {
				"north": {"uv": [0, 0, 2.5, 3.5], "texture": "#0"},
				"east": {"uv": [6, 2.5, 8, 6], "texture": "#0"},
				"south": {"uv": [2.5, 0, 5, 3.5], "texture": "#0"},
				"west": {"uv": [3, 6, 5, 9.5], "texture": "#0"},
				"up": {"uv": [10.5, 5.5, 8, 3.5], "texture": "#0"},
				"down": {"uv": [7.5, 8.5, 5, 10.5], "texture": "#0"}
			}
		},
		{
			"name": "tail",
			"from": [6.5, 0.00105, 6.74163],
			"to": [9.5, 2.00105, 13.74163],
			"rotation": {"angle": 0, "axis": "y", "origin": [8, 2.00105, 10.24163]},
			"faces": {
				"north": {"uv": [4.5, 11.5, 6, 12.5], "texture": "#0"},
				"east": {"uv": [7.5, 8.5, 11, 9.5], "texture": "#0"},
				"south": {"uv": [11.5, 10.5, 13, 11.5], "texture": "#0"},
				"west": {"uv": [9.5, 0, 13, 1], "texture": "#0"},
				"up": {"uv": [9.5, 3.5, 8, 0], "texture": "#0"},
				"down": {"uv": [1.5, 8.5, 0, 12], "texture": "#0"}
			}
		},
		{
			"name": "head",
			"from": [5, 5.85, 3.1],
			"to": [11, 10.85, 8.1],
			"rotation": {"angle": -22.5, "axis": "x", "origin": [8, 7.5, 6.25]},
			"faces": {
				"north": {"uv": [0, 3.5, 3, 6], "texture": "#0"},
				"east": {"uv": [5, 6, 7.5, 8.5], "texture": "#0"},
				"south": {"uv": [3, 3.5, 6, 6], "texture": "#0"},
				"west": {"uv": [7.5, 6, 10, 8.5], "texture": "#0"},
				"up": {"uv": [8, 2.5, 5, 0], "texture": "#0"},
				"down": {"uv": [3, 6, 0, 8.5], "texture": "#0"}
			}
		},
		{
			"name": "head",
			"from": [9, 10.85, 4.1],
			"to": [11, 12.85, 5.1],
			"rotation": {"angle": -22.5, "axis": "x", "origin": [8, 7.5, 6.25]},
			"faces": {
				"north": {"uv": [5, 2.5, 6, 3.5], "texture": "#0"},
				"east": {"uv": [2.5, 8.5, 3, 9.5], "texture": "#0"},
				"south": {"uv": [11.5, 11.5, 12.5, 12.5], "texture": "#0"},
				"west": {"uv": [4.5, 9.5, 5, 10.5], "texture": "#0"},
				"up": {"uv": [9, 6, 8, 5.5], "texture": "#0"},
				"down": {"uv": [10, 5.5, 9, 6], "texture": "#0"}
			}
		},
		{
			"name": "head",
			"from": [5, 10.85, 4.1],
			"to": [7, 12.85, 5.1],
			"rotation": {"angle": -22.5, "axis": "x", "origin": [8, 7.5, 6.25]},
			"faces": {
				"north": {"uv": [0, 12, 1, 13], "texture": "#0"},
				"east": {"uv": [6, 11.5, 6.5, 12.5], "texture": "#0"},
				"south": {"uv": [2.5, 12, 3.5, 13], "texture": "#0"},
				"west": {"uv": [1, 12, 1.5, 13], "texture": "#0"},
				"up": {"uv": [11, 8.5, 10, 8], "texture": "#0"},
				"down": {"uv": [12, 9, 11, 9.5], "texture": "#0"}
			}
		},
		{
			"name": "head",
			"from": [6, 5.85, 1.1],
			"to": [10, 7.85, 3.1],
			"rotation": {"angle": -22.5, "axis": "x", "origin": [8, 7.5, 6.25]},
			"faces": {
				"north": {"uv": [10.5, 1, 12.5, 2], "texture": "#0"},
				"east": {"uv": [3.5, 12, 4.5, 13], "texture": "#0"},
				"south": {"uv": [10.5, 2, 12.5, 3], "texture": "#0"},
				"west": {"uv": [12, 7, 13, 8], "texture": "#0"},
				"up": {"uv": [12.5, 4, 10.5, 3], "texture": "#0"},
				"down": {"uv": [12.5, 4, 10.5, 5], "texture": "#0"}
			}
		},
		{
			"name": "leg_leg",
			"from": [4.055, 0.01, 3.73335],
			"to": [6.055, 2.01, 7.73335],
			"rotation": {"angle": 45, "axis": "y", "origin": [5.555, 1.01, 5.53335]},
			"faces": {
				"north": {"uv": [7.5, 12, 8.5, 13], "texture": "#0"},
				"east": {"uv": [4.5, 10.5, 6.5, 11.5], "texture": "#0"},
				"south": {"uv": [12, 8, 13, 9], "texture": "#0"},
				"west": {"uv": [10.5, 9.5, 12.5, 10.5], "texture": "#0"},
				"up": {"uv": [7.5, 12.5, 6.5, 10.5], "texture": "#0"},
				"down": {"uv": [11.5, 10.5, 10.5, 12.5], "texture": "#0"}
			}
		},
		{
			"name": "left_arm",
			"from": [5.28544, 0.0295, 3.48701],
			"to": [7.03544, 5.0295, 5.48701],
			"rotation": {"angle": 22.5, "axis": "x", "origin": [8, 3.0295, 4.48701]},
			"faces": {
				"north": {"uv": [1.5, 8.5, 2.5, 11], "texture": "#0"},
				"east": {"uv": [9.5, 1, 10.5, 3.5], "texture": "#0"},
				"south": {"uv": [2.5, 9.5, 3.5, 12], "texture": "#0"},
				"west": {"uv": [3.5, 9.5, 4.5, 12], "texture": "#0"},
				"up": {"uv": [9.5, 13, 8.5, 12], "texture": "#0"},
				"down": {"uv": [10.5, 12, 9.5, 13], "texture": "#0"}
			}
		},
		{
			"name": "left_arm",
			"from": [8.96456, 0.0295, 3.48701],
			"to": [10.71456, 5.0295, 5.48701],
			"rotation": {"angle": 22.5, "axis": "x", "origin": [8, 3.0295, 4.48701]},
			"faces": {
				"north": {"uv": [7.5, 9.5, 8.5, 12], "texture": "#0"},
				"east": {"uv": [8.5, 9.5, 9.5, 12], "texture": "#0"},
				"south": {"uv": [9.5, 9.5, 10.5, 12], "texture": "#0"},
				"west": {"uv": [10, 5.5, 11, 8], "texture": "#0"},
				"up": {"uv": [13.5, 2, 12.5, 1], "texture": "#0"},
				"down": {"uv": [13.5, 2, 12.5, 3], "texture": "#0"}
			}
		},
		{
			"name": "leg_leg",
			"from": [9.945, 0.01, 3.73335],
			"to": [11.945, 2.01, 7.73335],
			"rotation": {"angle": -45, "axis": "y", "origin": [10.445, 1.01, 5.53335]},
			"faces": {
				"north": {"uv": [12.5, 3, 13.5, 4], "texture": "#0"},
				"east": {"uv": [11, 5, 13, 6], "texture": "#0"},
				"south": {"uv": [12.5, 4, 13.5, 5], "texture": "#0"},
				"west": {"uv": [11, 6, 13, 7], "texture": "#0"},
				"up": {"uv": [2.5, 13, 1.5, 11], "texture": "#0"},
				"down": {"uv": [12, 7, 11, 9], "texture": "#0"}
			}
		}
	],
	"display": {
		"thirdperson_righthand": {
			"rotation": [71, 43, 0],
			"translation": [0, 0.75, 3.25],
			"scale": [0.86, 0.86, 0.86]
		},
		"thirdperson_lefthand": {
			"rotation": [71, 43, 0],
			"translation": [0, 0.75, 3.25],
			"scale": [0.86, 0.86, 0.86]
		},
		"firstperson_righthand": {
			"rotation": [0, 109, 5],
			"translation": [1.75, 7.5, 0],
			"scale": [0.92, 0.92, 0.92]
		},
		"firstperson_lefthand": {
			"rotation": [0, 109, 5],
			"translation": [1.75, 7.5, 0],
			"scale": [0.92, 0.92, 0.92]
		},
		"ground": {
			"translation": [0, 3.5, 0],
			"scale": [0.65, 0.65, 0.65]
		},
		"gui": {
			"rotation": [25, 151, 0],
			"translation": [1, 2.75, 0],
			"scale": [0.93, 0.93, 0.93]
		},
		"head": {
			"translation": [0, 14.4, 0]
		},
		"fixed": {
			"rotation": [-90, 0, 0],
			"translation": [0, 0, -13.5],
			"scale": [1.7, 1.7, 1.7]
		}
	},
	"groups": [
		{
			"name": "nm_plushie_fox_snow",
			"origin": [8, 8, 8],
			"color": 0,
			"children": [0, 1, 2, 3, 4, 5, 6, 7, 8, 9]
		}
	]
}