{
	"credit": "Made by Nog's Menagerie",
	"texture_size": [32, 32],
	"textures": {
		"0": "item/furnitures/plushies/nm_plushie_mooshroom_texture",
		"particle": "item/furnitures/plushies/nm_plushie_mooshroom_texture"
	},
	"elements": [
		{
			"name": "head",
			"from": [4.5, 0, 0.25],
			"to": [11.5, 6, 6.25],
			"rotation": {"angle": 0, "axis": "y", "origin": [8, 2.0045, 6.85355]},
			"faces": {
				"north": {"uv": [0, 4, 3.5, 7], "texture": "#0"},
				"east": {"uv": [7, 3, 10, 6], "texture": "#0"},
				"south": {"uv": [3.5, 4, 7, 7], "texture": "#0"},
				"west": {"uv": [3.5, 7, 6.5, 10], "texture": "#0"},
				"up": {"uv": [9.5, 3, 6, 0], "texture": "#0"},
				"down": {"uv": [3.5, 7, 0, 10], "texture": "#0"}
			}
		},
		{
			"name": "mushroom",
			"from": [8, 6, 2.25],
			"to": [8, 7, 4.25],
			"rotation": {"angle": -45, "axis": "y", "origin": [8, 7, 3.25]},
			"faces": {
				"north": {"uv": [0, 0, 0, 0.5], "texture": "#0"},
				"east": {"uv": [12.5, 1, 13.5, 1.5], "texture": "#0"},
				"south": {"uv": [0, 0, 0, 0.5], "texture": "#0"},
				"west": {"uv": [12.5, 1.5, 13.5, 2], "texture": "#0"},
				"up": {"uv": [0, 1, 0, 0], "texture": "#0"},
				"down": {"uv": [0, 0, 0, 1], "texture": "#0"}
			}
		},
		{
			"name": "mushroom",
			"from": [8, 6, 2.25],
			"to": [8, 7, 4.25],
			"rotation": {"angle": 45, "axis": "y", "origin": [8, 7, 3.25]},
			"faces": {
				"north": {"uv": [0, 0, 0, 0.5], "texture": "#0"},
				"east": {"uv": [12.5, 9.5, 13.5, 10], "texture": "#0"},
				"south": {"uv": [0, 0, 0, 0.5], "texture": "#0"},
				"west": {"uv": [3.5, 13, 4.5, 13.5], "texture": "#0"},
				"up": {"uv": [0, 1, 0, 0], "texture": "#0"},
				"down": {"uv": [0, 0, 0, 1], "texture": "#0"}
			}
		},
		{
			"name": "mushroom",
			"from": [8, 7, 1.25],
			"to": [8, 9, 5.25],
			"rotation": {"angle": 45, "axis": "y", "origin": [8, 8, 3.25]},
			"faces": {
				"north": {"uv": [0, 0, 0, 1], "texture": "#0"},
				"east": {"uv": [9.5, 2, 11.5, 3], "texture": "#0"},
				"south": {"uv": [0, 0, 0, 1], "texture": "#0"},
				"west": {"uv": [3, 10, 5, 11], "texture": "#0"},
				"up": {"uv": [0, 2, 0, 0], "texture": "#0"},
				"down": {"uv": [0, 0, 0, 2], "texture": "#0"}
			}
		},
		{
			"name": "mushroom",
			"from": [8, 7, 1.25],
			"to": [8, 9, 5.25],
			"rotation": {"angle": -45, "axis": "y", "origin": [8, 8, 3.25]},
			"faces": {
				"north": {"uv": [0, 0, 0, 1], "texture": "#0"},
				"east": {"uv": [10, 3, 12, 4], "texture": "#0"},
				"south": {"uv": [0, 0, 0, 1], "texture": "#0"},
				"west": {"uv": [10, 4, 12, 5], "texture": "#0"},
				"up": {"uv": [0, 2, 0, 0], "texture": "#0"},
				"down": {"uv": [0, 0, 0, 2], "texture": "#0"}
			}
		},
		{
			"name": "mushroom",
			"from": [8, 5, 9.25],
			"to": [8, 7, 13.25],
			"rotation": {"angle": -45, "axis": "y", "origin": [8, 6, 11.25]},
			"faces": {
				"north": {"uv": [0, 0, 0, 1], "texture": "#0"},
				"east": {"uv": [5, 10, 7, 11], "texture": "#0"},
				"south": {"uv": [0, 0, 0, 1], "texture": "#0"},
				"west": {"uv": [10, 5, 12, 6], "texture": "#0"},
				"up": {"uv": [0, 2, 0, 0], "texture": "#0"},
				"down": {"uv": [0, 0, 0, 2], "texture": "#0"}
			}
		},
		{
			"name": "mushroom",
			"from": [8, 4, 10.25],
			"to": [8, 5, 12.25],
			"rotation": {"angle": -45, "axis": "y", "origin": [8, 5, 11.25]},
			"faces": {
				"north": {"uv": [0, 0, 0, 0.5], "texture": "#0"},
				"east": {"uv": [4.5, 13, 5.5, 13.5], "texture": "#0"},
				"south": {"uv": [0, 0, 0, 0.5], "texture": "#0"},
				"west": {"uv": [13, 5, 14, 5.5], "texture": "#0"},
				"up": {"uv": [0, 1, 0, 0], "texture": "#0"},
				"down": {"uv": [0, 0, 0, 1], "texture": "#0"}
			}
		},
		{
			"name": "mushroom",
			"from": [8, 4, 10.25],
			"to": [8, 5, 12.25],
			"rotation": {"angle": 45, "axis": "y", "origin": [8, 5, 11.25]},
			"faces": {
				"north": {"uv": [0, 0, 0, 0.5], "texture": "#0"},
				"east": {"uv": [13, 5.5, 14, 6], "texture": "#0"},
				"south": {"uv": [0, 0, 0, 0.5], "texture": "#0"},
				"west": {"uv": [13, 6, 14, 6.5], "texture": "#0"},
				"up": {"uv": [0, 1, 0, 0], "texture": "#0"},
				"down": {"uv": [0, 0, 0, 1], "texture": "#0"}
			}
		},
		{
			"name": "mushroom",
			"from": [8, 5, 9.25],
			"to": [8, 7, 13.25],
			"rotation": {"angle": 45, "axis": "y", "origin": [8, 6, 11.25]},
			"faces": {
				"north": {"uv": [0, 0, 0, 1], "texture": "#0"},
				"east": {"uv": [7, 10, 9, 11], "texture": "#0"},
				"south": {"uv": [0, 0, 0, 1], "texture": "#0"},
				"west": {"uv": [9, 10, 11, 11], "texture": "#0"},
				"up": {"uv": [0, 2, 0, 0], "texture": "#0"},
				"down": {"uv": [0, 0, 0, 2], "texture": "#0"}
			}
		},
		{
			"name": "horn_right",
			"from": [11.5, 4, 2.25],
			"to": [12.5, 7, 3.25],
			"rotation": {"angle": 0, "axis": "y", "origin": [8, 2.0045, 6.85355]},
			"faces": {
				"north": {"uv": [12.5, 8, 13, 9.5], "texture": "#0"},
				"east": {"uv": [0, 13, 0.5, 14.5], "texture": "#0"},
				"south": {"uv": [0.5, 13, 1, 14.5], "texture": "#0"},
				"west": {"uv": [1, 13, 1.5, 14.5], "texture": "#0"},
				"up": {"uv": [7, 7.5, 6.5, 7], "texture": "#0"},
				"down": {"uv": [7, 7.5, 6.5, 8], "texture": "#0"}
			}
		},
		{
			"name": "horn_left",
			"from": [3.5, 4, 2.25],
			"to": [4.5, 7, 3.25],
			"rotation": {"angle": 0, "axis": "y", "origin": [8, 2.0045, 6.85355]},
			"faces": {
				"north": {"uv": [1.5, 13, 2, 14.5], "texture": "#0"},
				"east": {"uv": [2, 13, 2.5, 14.5], "texture": "#0"},
				"south": {"uv": [2.5, 13, 3, 14.5], "texture": "#0"},
				"west": {"uv": [3, 13, 3.5, 14.5], "texture": "#0"},
				"up": {"uv": [6, 13.5, 5.5, 13], "texture": "#0"},
				"down": {"uv": [13.5, 6.5, 13, 7], "texture": "#0"}
			}
		},
		{
			"name": "torso",
			"from": [5, 0, 6.25],
			"to": [11, 4, 14.25],
			"rotation": {"angle": 0, "axis": "y", "origin": [8, 2.0045, 6.85355]},
			"faces": {
				"north": {"uv": [9.5, 0, 12.5, 2], "texture": "#0"},
				"east": {"uv": [7, 6, 11, 8], "texture": "#0"},
				"south": {"uv": [0, 10, 3, 12], "texture": "#0"},
				"west": {"uv": [6.5, 8, 10.5, 10], "texture": "#0"},
				"up": {"uv": [3, 4, 0, 0], "texture": "#0"},
				"down": {"uv": [6, 0, 3, 4], "texture": "#0"}
			}
		},
		{
			"name": "tail",
			"from": [7, 7.9385, 11.34049],
			"to": [9, 7.9385, 14.34049],
			"rotation": {"angle": 45, "axis": "x", "origin": [8, 2.0045, 6.85355]},
			"faces": {
				"north": {"uv": [0, 0, 1, 0], "texture": "#0"},
				"east": {"uv": [0, 0, 1.5, 0], "texture": "#0"},
				"south": {"uv": [0, 0, 1, 0], "texture": "#0"},
				"west": {"uv": [0, 0, 1.5, 0], "texture": "#0"},
				"up": {"uv": [7, 13.5, 6, 12], "texture": "#0"},
				"down": {"uv": [8, 12, 7, 13.5], "texture": "#0"}
			}
		},
		{
			"name": "right_leg",
			"from": [10.41282, 0.009, 12.74603],
			"to": [14.41282, 2.009, 14.74603],
			"rotation": {"angle": -22.5, "axis": "y", "origin": [11.66282, 1.009, 13.74603]},
			"faces": {
				"north": {"uv": [10.5, 8, 12.5, 9], "texture": "#0"},
				"east": {"uv": [6, 3, 7, 4], "texture": "#0"},
				"south": {"uv": [10.5, 9, 12.5, 10], "texture": "#0"},
				"west": {"uv": [12, 5, 13, 6], "texture": "#0"},
				"up": {"uv": [5, 12, 3, 11], "texture": "#0"},
				"down": {"uv": [7, 11, 5, 12], "texture": "#0"}
			}
		},
		{
			"name": "right_arm",
			"from": [10.54645, 0.009, 6.43436],
			"to": [14.54645, 2.009, 8.43436],
			"rotation": {"angle": 22.5, "axis": "y", "origin": [8, 2.0045, 6.85355]},
			"faces": {
				"north": {"uv": [11, 6, 13, 7], "texture": "#0"},
				"east": {"uv": [8, 12, 9, 13], "texture": "#0"},
				"south": {"uv": [7, 11, 9, 12], "texture": "#0"},
				"west": {"uv": [9, 12, 10, 13], "texture": "#0"},
				"up": {"uv": [13, 8, 11, 7], "texture": "#0"},
				"down": {"uv": [11, 11, 9, 12], "texture": "#0"}
			}
		},
		{
			"name": "left_leg",
			"from": [1.58718, 0.009, 12.74603],
			"to": [5.58718, 2.009, 14.74603],
			"rotation": {"angle": 22.5, "axis": "y", "origin": [4.33718, 1.009, 13.74603]},
			"faces": {
				"north": {"uv": [11, 10, 13, 11], "texture": "#0"},
				"east": {"uv": [10, 12, 11, 13], "texture": "#0"},
				"south": {"uv": [11, 11, 13, 12], "texture": "#0"},
				"west": {"uv": [11, 12, 12, 13], "texture": "#0"},
				"up": {"uv": [13.5, 3, 11.5, 2], "texture": "#0"},
				"down": {"uv": [2, 12, 0, 13], "texture": "#0"}
			}
		},
		{
			"name": "left_arm",
			"from": [1.45355, 0.009, 6.43436],
			"to": [5.45355, 2.009, 8.43436],
			"rotation": {"angle": -22.5, "axis": "y", "origin": [8, 2.0045, 6.85355]},
			"faces": {
				"north": {"uv": [2, 12, 4, 13], "texture": "#0"},
				"east": {"uv": [12, 12, 13, 13], "texture": "#0"},
				"south": {"uv": [12, 3, 14, 4], "texture": "#0"},
				"west": {"uv": [12.5, 0, 13.5, 1], "texture": "#0"},
				"up": {"uv": [6, 13, 4, 12], "texture": "#0"},
				"down": {"uv": [14, 4, 12, 5], "texture": "#0"}
			}
		}
	],
	"display": {
		"thirdperson_righthand": {
			"rotation": [71, 43, 0],
			"translation": [0, 0.75, 3.25],
			"scale": [0.86, 0.86, 0.86]
		},
		"thirdperson_lefthand": {
			"rotation": [71, 43, 0],
			"translation": [0, 0.75, 3.25],
			"scale": [0.86, 0.86, 0.86]
		},
		"firstperson_righthand": {
			"rotation": [0, 109, 5],
			"translation": [2, 9.75, 0],
			"scale": [0.92, 0.92, 0.92]
		},
		"firstperson_lefthand": {
			"rotation": [0, 109, 5],
			"translation": [2, 9.75, 0],
			"scale": [0.92, 0.92, 0.92]
		},
		"ground": {
			"translation": [0, 3.5, 0],
			"scale": [0.65, 0.65, 0.65]
		},
		"gui": {
			"rotation": [25, 151, 0],
			"translation": [-0.75, 4.75, 0],
			"scale": [0.93, 0.93, 0.93]
		},
		"head": {
			"translation": [0, 14.4, 0]
		},
		"fixed": {
			"rotation": [-90, 0, 0],
			"translation": [0, 0, -13.5],
			"scale": [1.7, 1.7, 1.7]
		}
	},
	"groups": [
		{
			"name": "nm_plushie_mooshroom",
			"origin": [8, 8, 8],
			"color": 0,
			"children": [0, 1, 2, 3, 4, 5, 6, 7, 8, 9, 10, 11, 12, 13, 14, 15, 16]
		}
	]
}