{"credit":"Made by Nog's Menagerie","texture_size":[64,64],"textures":{"0":"item/furnitures/plushies/nm_plushie_skeleton_horse-shiny_texture","particle":"item/furnitures/plushies/nm_plushie_skeleton_horse-shiny_texture"},"elements":[{"from":[6.5,2.06453,6.41582],"to":[9.5,6.06453,6.41582],"rotation":{"angle":-22.5,"axis":"x","origin":[8,6.06453,4.41582]},"faces":{"north":{"uv":[5.25,6.25,6,7.25],"texture":"#0"},"east":{"uv":[0,0,0,1],"texture":"#0"},"south":{"uv":[6.75,4,7.5,5],"texture":"#0"},"west":{"uv":[0,0,0,1],"texture":"#0"},"up":{"uv":[0.75,0,0,0],"texture":"#0"},"down":{"uv":[0.75,0,0,0],"texture":"#0"}}},{"from":[6.5,2.06453,2.41582],"to":[6.5,6.06453,6.41582],"rotation":{"angle":-22.5,"axis":"x","origin":[8,6.06453,4.41582]},"faces":{"north":{"uv":[0,0,0,1],"texture":"#0"},"east":{"uv":[1.25,6.25,2.25,7.25],"texture":"#0"},"south":{"uv":[0,0,0,1],"texture":"#0"},"west":{"uv":[2.25,6.25,3.25,7.25],"texture":"#0"},"up":{"uv":[0,1,0,0],"texture":"#0"},"down":{"uv":[0,0,0,1],"texture":"#0"}}},{"from":[9.5,2.06453,2.41582],"to":[9.5,6.06453,6.41582],"rotation":{"angle":-22.5,"axis":"x","origin":[8,6.06453,4.41582]},"faces":{"north":{"uv":[0,0,0,1],"texture":"#0"},"east":{"uv":[3.25,6.25,4.25,7.25],"texture":"#0"},"south":{"uv":[0,0,0,1],"texture":"#0"},"west":{"uv":[4.25,6.25,5.25,7.25],"texture":"#0"},"up":{"uv":[0,1,0,0],"texture":"#0"},"down":{"uv":[0,0,0,1],"texture":"#0"}}},{"from":[6.5,2.06453,2.41582],"to":[9.5,6.06453,2.41582],"rotation":{"angle":-22.5,"axis":"x","origin":[8,6.06453,4.41582]},"faces":{"north":{"uv":[6,7,6.75,8],"texture":"#0"},"east":{"uv":[0,0,0,1],"texture":"#0"},"south":{"uv":[6.75,7,7.5,8],"texture":"#0"},"west":{"uv":[0,0,0,1],"texture":"#0"},"up":{"uv":[0.75,0,0,0],"texture":"#0"},"down":{"uv":[0.75,0,0,0],"texture":"#0"}}},{"from":[5,5.01,4.001],"to":[11,5.01,14.001],"rotation":{"angle":0,"axis":"y","origin":[8,2.0145,5.60455]},"faces":{"north":{"uv":[0,0,1.5,0],"texture":"#0"},"east":{"uv":[0,0,2.5,0],"texture":"#0"},"south":{"uv":[0,0,1.5,0],"texture":"#0"},"west":{"uv":[0,0,2.5,0],"texture":"#0"},"up":{"uv":[1.5,2.5,0,0],"texture":"#0"},"down":{"uv":[3,0,1.5,2.5],"texture":"#0"}}},{"from":[5,0.01,4],"to":[11,0.01,14],"rotation":{"angle":0,"axis":"y","origin":[8,2.0045,5.60355]},"faces":{"north":{"uv":[0,0,1.5,0],"texture":"#0"},"east":{"uv":[0,0,2.5,0],"texture":"#0"},"south":{"uv":[0,0,1.5,0],"texture":"#0"},"west":{"uv":[0,0,2.5,0],"texture":"#0"},"up":{"uv":[1.5,5,0,2.5],"texture":"#0"},"down":{"uv":[3,2.5,1.5,5],"texture":"#0"}}},{"from":[5,0.011,14],"to":[11,5.011,14],"rotation":{"angle":0,"axis":"y","origin":[8,1.9155,5.60355]},"faces":{"north":{"uv":[0,5,1.5,6.25],"texture":"#0"},"east":{"uv":[0,0,0,1.25],"texture":"#0"},"south":{"uv":[1.5,5,3,6.25],"texture":"#0"},"west":{"uv":[0,0,0,1.25],"texture":"#0"},"up":{"uv":[1.5,0,0,0],"texture":"#0"},"down":{"uv":[1.5,0,0,0],"texture":"#0"}}},{"from":[5,0.011,4],"to":[11,5.011,4],"rotation":{"angle":0,"axis":"y","origin":[8,1.9155,5.60355]},"faces":{"north":{"uv":[3,5,4.5,6.25],"texture":"#0"},"east":{"uv":[0,0,0,1.25],"texture":"#0"},"south":{"uv":[4.5,5,6,6.25],"texture":"#0"},"west":{"uv":[0,0,0,1.25],"texture":"#0"},"up":{"uv":[1.5,0,0,0],"texture":"#0"},"down":{"uv":[1.5,0,0,0],"texture":"#0"}}},{"from":[11,0.011,4],"to":[11,5.011,14],"rotation":{"angle":0,"axis":"y","origin":[8,1.9155,5.60355]},"faces":{"north":{"uv":[0,0,0,1.25],"texture":"#0"},"east":{"uv":[3,0,5.5,1.25],"texture":"#0"},"south":{"uv":[0,0,0,1.25],"texture":"#0"},"west":{"uv":[3,1.25,5.5,2.5],"texture":"#0"},"up":{"uv":[0,2.5,0,0],"texture":"#0"},"down":{"uv":[0,0,0,2.5],"texture":"#0"}}},{"from":[5,0.011,4],"to":[5,5.011,14],"rotation":{"angle":0,"axis":"y","origin":[8,1.9155,5.60355]},"faces":{"north":{"uv":[0,0,0,1.25],"texture":"#0"},"east":{"uv":[3,2.5,5.5,3.75],"texture":"#0"},"south":{"uv":[0,0,0,1.25],"texture":"#0"},"west":{"uv":[3,3.75,5.5,5],"texture":"#0"},"up":{"uv":[0,2.5,0,0],"texture":"#0"},"down":{"uv":[0,0,0,2.5],"texture":"#0"}}},{"from":[10.41282,0.009,11.99603],"to":[15.41282,0.009,13.99603],"rotation":{"angle":-22.5,"axis":"y","origin":[10.66282,1.009,12.99603]},"faces":{"north":{"uv":[0,0,1.25,0],"texture":"#0"},"east":{"uv":[0,0,0.5,0],"texture":"#0"},"south":{"uv":[0,0,1.25,0],"texture":"#0"},"west":{"uv":[0,0,0.5,0],"texture":"#0"},"up":{"uv":[5.75,7.75,4.5,7.25],"texture":"#0"},"down":{"uv":[8.5,5,7.25,5.5],"texture":"#0"}}},{"from":[10.41282,0.009,11.99603],"to":[15.41282,2.009,11.99603],"rotation":{"angle":-22.5,"axis":"y","origin":[10.66282,1.009,12.99603]},"faces":{"north":{"uv":[7.25,5.5,8.5,6],"texture":"#0"},"east":{"uv":[0,0,0,0.5],"texture":"#0"},"south":{"uv":[7.25,6,8.5,6.5],"texture":"#0"},"west":{"uv":[0,0,0,0.5],"texture":"#0"},"up":{"uv":[1.25,0,0,0],"texture":"#0"},"down":{"uv":[1.25,0,0,0],"texture":"#0"}}},{"from":[10.41282,0.009,13.99603],"to":[15.41282,2.009,13.99603],"rotation":{"angle":-22.5,"axis":"y","origin":[10.66282,1.009,12.99603]},"faces":{"north":{"uv":[7.25,6.5,8.5,7],"texture":"#0"},"east":{"uv":[0,0,0,0.5],"texture":"#0"},"south":{"uv":[7.5,4,8.75,4.5],"texture":"#0"},"west":{"uv":[0,0,0,0.5],"texture":"#0"},"up":{"uv":[1.25,0,0,0],"texture":"#0"},"down":{"uv":[1.25,0,0,0],"texture":"#0"}}},{"from":[15.41282,0.009,11.99603],"to":[15.41282,2.009,13.99603],"rotation":{"angle":-22.5,"axis":"y","origin":[10.66282,1.009,12.99603]},"faces":{"north":{"uv":[0,0,0,0.5],"texture":"#0"},"east":{"uv":[3,8.75,3.5,9.25],"texture":"#0"},"south":{"uv":[0,0,0,0.5],"texture":"#0"},"west":{"uv":[3.5,8.75,4,9.25],"texture":"#0"},"up":{"uv":[0,0.5,0,0],"texture":"#0"},"down":{"uv":[0,0,0,0.5],"texture":"#0"}}},{"from":[10.41282,2.009,11.99603],"to":[15.41282,2.009,13.99603],"rotation":{"angle":-22.5,"axis":"y","origin":[10.66282,1.009,12.99603]},"faces":{"north":{"uv":[0,0,1.25,0],"texture":"#0"},"east":{"uv":[0,0,0.5,0],"texture":"#0"},"south":{"uv":[0,0,1.25,0],"texture":"#0"},"west":{"uv":[0,0,0.5,0],"texture":"#0"},"up":{"uv":[8.75,5,7.5,4.5],"texture":"#0"},"down":{"uv":[8.75,7,7.5,7.5],"texture":"#0"}}},{"from":[10.79645,0.009,7.43436],"to":[15.79645,2.009,7.43436],"rotation":{"angle":22.5,"axis":"y","origin":[7,2.0045,5.85355]},"faces":{"north":{"uv":[7.5,7.5,8.75,8],"texture":"#0"},"east":{"uv":[0,0,0,0.5],"texture":"#0"},"south":{"uv":[7.75,0,9,0.5],"texture":"#0"},"west":{"uv":[0,0,0,0.5],"texture":"#0"},"up":{"uv":[1.25,0,0,0],"texture":"#0"},"down":{"uv":[1.25,0,0,0],"texture":"#0"}}},{"from":[10.79645,2.009,5.43436],"to":[15.79645,2.009,7.43436],"rotation":{"angle":22.5,"axis":"y","origin":[7,2.0045,5.85355]},"faces":{"north":{"uv":[0,0,1.25,0],"texture":"#0"},"east":{"uv":[0,0,0.5,0],"texture":"#0"},"south":{"uv":[0,0,1.25,0],"texture":"#0"},"west":{"uv":[0,0,0.5,0],"texture":"#0"},"up":{"uv":[9,1,7.75,0.5],"texture":"#0"},"down":{"uv":[9,1,7.75,1.5],"texture":"#0"}}},{"from":[10.79645,0.009,5.43436],"to":[15.79645,0.009,7.43436],"rotation":{"angle":22.5,"axis":"y","origin":[7,2.0045,5.85355]},"faces":{"north":{"uv":[0,0,1.25,0],"texture":"#0"},"east":{"uv":[0,0,0.5,0],"texture":"#0"},"south":{"uv":[0,0,1.25,0],"texture":"#0"},"west":{"uv":[0,0,0.5,0],"texture":"#0"},"up":{"uv":[9,2,7.75,1.5],"texture":"#0"},"down":{"uv":[9,2,7.75,2.5],"texture":"#0"}}},{"from":[15.79645,0.009,5.43436],"to":[15.79645,2.009,7.43436],"rotation":{"angle":22.5,"axis":"y","origin":[7,2.0045,5.85355]},"faces":{"north":{"uv":[0,0,0,0.5],"texture":"#0"},"east":{"uv":[4,8.75,4.5,9.25],"texture":"#0"},"south":{"uv":[0,0,0,0.5],"texture":"#0"},"west":{"uv":[8.75,4,9.25,4.5],"texture":"#0"},"up":{"uv":[0,0.5,0,0],"texture":"#0"},"down":{"uv":[0,0,0,0.5],"texture":"#0"}}},{"from":[10.79645,0.009,5.43436],"to":[15.79645,2.009,5.43436],"rotation":{"angle":22.5,"axis":"y","origin":[7,2.0045,5.85355]},"faces":{"north":{"uv":[7.75,2.5,9,3],"texture":"#0"},"east":{"uv":[0,0,0,0.5],"texture":"#0"},"south":{"uv":[7.75,3,9,3.5],"texture":"#0"},"west":{"uv":[0,0,0,0.5],"texture":"#0"},"up":{"uv":[1.25,0,0,0],"texture":"#0"},"down":{"uv":[1.25,0,0,0],"texture":"#0"}}},{"from":[0.58718,0.009,11.99603],"to":[0.58718,2.009,13.99603],"rotation":{"angle":22.5,"axis":"y","origin":[5.33718,1.009,12.99603]},"faces":{"north":{"uv":[0,0,0,0.5],"texture":"#0"},"east":{"uv":[4.5,8.75,5,9.25],"texture":"#0"},"south":{"uv":[0,0,0,0.5],"texture":"#0"},"west":{"uv":[8.75,4.5,9.25,5],"texture":"#0"},"up":{"uv":[0,0.5,0,0],"texture":"#0"},"down":{"uv":[0,0,0,0.5],"texture":"#0"}}},{"from":[0.58718,0.009,11.99603],"to":[5.58718,2.009,11.99603],"rotation":{"angle":22.5,"axis":"y","origin":[5.33718,1.009,12.99603]},"faces":{"north":{"uv":[7.75,3.5,9,4],"texture":"#0"},"east":{"uv":[0,0,0,0.5],"texture":"#0"},"south":{"uv":[4.5,7.75,5.75,8.25],"texture":"#0"},"west":{"uv":[0,0,0,0.5],"texture":"#0"},"up":{"uv":[1.25,0,0,0],"texture":"#0"},"down":{"uv":[1.25,0,0,0],"texture":"#0"}}},{"from":[0.58718,2.009,11.99603],"to":[5.58718,2.009,13.99603],"rotation":{"angle":22.5,"axis":"y","origin":[5.33718,1.009,12.99603]},"faces":{"north":{"uv":[0,0,1.25,0],"texture":"#0"},"east":{"uv":[0,0,0.5,0],"texture":"#0"},"south":{"uv":[0,0,1.25,0],"texture":"#0"},"west":{"uv":[0,0,0.5,0],"texture":"#0"},"up":{"uv":[7,8.5,5.75,8],"texture":"#0"},"down":{"uv":[8.25,8,7,8.5],"texture":"#0"}}},{"from":[0.58718,0.009,13.99603],"to":[5.58718,2.009,13.99603],"rotation":{"angle":22.5,"axis":"y","origin":[5.33718,1.009,12.99603]},"faces":{"north":{"uv":[0,8.25,1.25,8.75],"texture":"#0"},"east":{"uv":[0,0,0,0.5],"texture":"#0"},"south":{"uv":[1.25,8.25,2.5,8.75],"texture":"#0"},"west":{"uv":[0,0,0,0.5],"texture":"#0"},"up":{"uv":[1.25,0,0,0],"texture":"#0"},"down":{"uv":[1.25,0,0,0],"texture":"#0"}}},{"from":[0.58718,0.009,11.99603],"to":[5.58718,0.009,13.99603],"rotation":{"angle":22.5,"axis":"y","origin":[5.33718,1.009,12.99603]},"faces":{"north":{"uv":[0,0,1.25,0],"texture":"#0"},"east":{"uv":[0,0,0.5,0],"texture":"#0"},"south":{"uv":[0,0,1.25,0],"texture":"#0"},"west":{"uv":[0,0,0.5,0],"texture":"#0"},"up":{"uv":[3.75,8.75,2.5,8.25],"texture":"#0"},"down":{"uv":[5,8.25,3.75,8.75],"texture":"#0"}}},{"from":[0.20355,2.009,5.43436],"to":[5.20355,2.009,7.43436],"rotation":{"angle":-22.5,"axis":"y","origin":[9,2.0045,5.85355]},"faces":{"north":{"uv":[0,0,1.25,0],"texture":"#0"},"east":{"uv":[0,0,0.5,0],"texture":"#0"},"south":{"uv":[0,0,1.25,0],"texture":"#0"},"west":{"uv":[0,0,0.5,0],"texture":"#0"},"up":{"uv":[9.5,8.5,8.25,8],"texture":"#0"},"down":{"uv":[6.25,8.5,5,9],"texture":"#0"}}},{"from":[0.20355,0.009,7.43436],"to":[5.20355,2.009,7.43436],"rotation":{"angle":-22.5,"axis":"y","origin":[9,2.0045,5.85355]},"faces":{"north":{"uv":[8.5,5,9.75,5.5],"texture":"#0"},"east":{"uv":[0,0,0,0.5],"texture":"#0"},"south":{"uv":[8.5,5.5,9.75,6],"texture":"#0"},"west":{"uv":[0,0,0,0.5],"texture":"#0"},"up":{"uv":[1.25,0,0,0],"texture":"#0"},"down":{"uv":[1.25,0,0,0],"texture":"#0"}}},{"from":[0.20355,0.009,5.43436],"to":[0.20355,2.009,7.43436],"rotation":{"angle":-22.5,"axis":"y","origin":[9,2.0045,5.85355]},"faces":{"north":{"uv":[0,0,0,0.5],"texture":"#0"},"east":{"uv":[8.75,7,9.25,7.5],"texture":"#0"},"south":{"uv":[0,0,0,0.5],"texture":"#0"},"west":{"uv":[8.75,7.5,9.25,8],"texture":"#0"},"up":{"uv":[0,0.5,0,0],"texture":"#0"},"down":{"uv":[0,0,0,0.5],"texture":"#0"}}},{"from":[0.20355,0.009,5.43436],"to":[5.20355,2.009,5.43436],"rotation":{"angle":-22.5,"axis":"y","origin":[9,2.0045,5.85355]},"faces":{"north":{"uv":[8.5,6,9.75,6.5],"texture":"#0"},"east":{"uv":[0,0,0,0.5],"texture":"#0"},"south":{"uv":[6.25,8.5,7.5,9],"texture":"#0"},"west":{"uv":[0,0,0,0.5],"texture":"#0"},"up":{"uv":[1.25,0,0,0],"texture":"#0"},"down":{"uv":[1.25,0,0,0],"texture":"#0"}}},{"from":[0.20355,0.009,5.43436],"to":[5.20355,0.009,7.43436],"rotation":{"angle":-22.5,"axis":"y","origin":[9,2.0045,5.85355]},"faces":{"north":{"uv":[0,0,1.25,0],"texture":"#0"},"east":{"uv":[0,0,0.5,0],"texture":"#0"},"south":{"uv":[0,0,1.25,0],"texture":"#0"},"west":{"uv":[0,0,0.5,0],"texture":"#0"},"up":{"uv":[9.75,7,8.5,6.5],"texture":"#0"},"down":{"uv":[8.75,8.5,7.5,9],"texture":"#0"}}},{"from":[5.5,6.06453,2.41582],"to":[10.5,6.06453,6.41582],"rotation":{"angle":-22.5,"axis":"x","origin":[8,6.06453,4.41582]},"faces":{"north":{"uv":[0,0,1.25,0],"texture":"#0"},"east":{"uv":[0,0,1,0],"texture":"#0"},"south":{"uv":[0,0,1.25,0],"texture":"#0"},"west":{"uv":[0,0,1,0],"texture":"#0"},"up":{"uv":[6.75,1,5.5,0],"texture":"#0"},"down":{"uv":[6.75,1,5.5,2],"texture":"#0"}}},{"from":[9.5,6.06453,-0.58418],"to":[9.5,10.06453,2.41582],"rotation":{"angle":-22.5,"axis":"x","origin":[8,6.06453,4.41582]},"faces":{"north":{"uv":[0,0,0,1],"texture":"#0"},"east":{"uv":[0,7.25,0.75,8.25],"texture":"#0"},"south":{"uv":[0,0,0,1],"texture":"#0"},"west":{"uv":[0.75,7.25,1.5,8.25],"texture":"#0"},"up":{"uv":[0,0.75,0,0],"texture":"#0"},"down":{"uv":[0,0,0,0.75],"texture":"#0"}}},{"from":[5.5,10.06453,2.41582],"to":[10.5,10.06453,6.41582],"rotation":{"angle":-22.5,"axis":"x","origin":[8,6.06453,4.41582]},"faces":{"north":{"uv":[0,0,1.25,0],"texture":"#0"},"east":{"uv":[0,0,1,0],"texture":"#0"},"south":{"uv":[0,0,1.25,0],"texture":"#0"},"west":{"uv":[0,0,1,0],"texture":"#0"},"up":{"uv":[7.25,7,6,6],"texture":"#0"},"down":{"uv":[1.25,6.25,0,7.25],"texture":"#0"}}},{"from":[5.5,6.06453,6.41582],"to":[10.5,10.06453,6.41582],"rotation":{"angle":-22.5,"axis":"x","origin":[8,6.06453,4.41582]},"faces":{"north":{"uv":[5.5,2,6.75,3],"texture":"#0"},"east":{"uv":[0,0,0,1],"texture":"#0"},"south":{"uv":[5.5,3,6.75,4],"texture":"#0"},"west":{"uv":[0,0,0,1],"texture":"#0"},"up":{"uv":[1.25,0,0,0],"texture":"#0"},"down":{"uv":[1.25,0,0,0],"texture":"#0"}}},{"from":[10.5,6.06453,2.41582],"to":[10.5,10.06453,6.41582],"rotation":{"angle":-22.5,"axis":"x","origin":[8,6.06453,4.41582]},"faces":{"north":{"uv":[0,0,0,1],"texture":"#0"},"east":{"uv":[6.75,0,7.75,1],"texture":"#0"},"south":{"uv":[0,0,0,1],"texture":"#0"},"west":{"uv":[6.75,1,7.75,2],"texture":"#0"},"up":{"uv":[0,1,0,0],"texture":"#0"},"down":{"uv":[0,0,0,1],"texture":"#0"}}},{"from":[5.5,6.06453,2.41582],"to":[5.5,10.06453,6.41582],"rotation":{"angle":-22.5,"axis":"x","origin":[8,6.06453,4.41582]},"faces":{"north":{"uv":[0,0,0,1],"texture":"#0"},"east":{"uv":[6.75,2,7.75,3],"texture":"#0"},"south":{"uv":[0,0,0,1],"texture":"#0"},"west":{"uv":[6.75,3,7.75,4],"texture":"#0"},"up":{"uv":[0,1,0,0],"texture":"#0"},"down":{"uv":[0,0,0,1],"texture":"#0"}}},{"from":[5.5,6.06453,2.41582],"to":[10.5,10.06453,2.41582],"rotation":{"angle":-22.5,"axis":"x","origin":[8,6.06453,4.41582]},"faces":{"north":{"uv":[5.5,4,6.75,5],"texture":"#0"},"east":{"uv":[0,0,0,1],"texture":"#0"},"south":{"uv":[6,5,7.25,6],"texture":"#0"},"west":{"uv":[0,0,0,1],"texture":"#0"},"up":{"uv":[1.25,0,0,0],"texture":"#0"},"down":{"uv":[1.25,0,0,0],"texture":"#0"}}},{"from":[6.5,6.06453,-0.58418],"to":[6.5,10.06453,2.41582],"rotation":{"angle":-22.5,"axis":"x","origin":[8,6.06453,4.41582]},"faces":{"north":{"uv":[0,0,0,1],"texture":"#0"},"east":{"uv":[3,7.25,3.75,8.25],"texture":"#0"},"south":{"uv":[0,0,0,1],"texture":"#0"},"west":{"uv":[3.75,7.25,4.5,8.25],"texture":"#0"},"up":{"uv":[0,0.75,0,0],"texture":"#0"},"down":{"uv":[0,0,0,0.75],"texture":"#0"}}},{"from":[6.5,10.06453,-0.58418],"to":[9.5,10.06453,2.41582],"rotation":{"angle":-22.5,"axis":"x","origin":[8,6.06453,4.41582]},"faces":{"north":{"uv":[0,0,0.75,0],"texture":"#0"},"east":{"uv":[0,0,0.75,0],"texture":"#0"},"south":{"uv":[0,0,0.75,0],"texture":"#0"},"west":{"uv":[0,0,0.75,0],"texture":"#0"},"up":{"uv":[0.75,9.5,0,8.75],"texture":"#0"},"down":{"uv":[1.5,8.75,0.75,9.5],"texture":"#0"}}},{"from":[6.5,6.06453,-0.58418],"to":[9.5,10.06453,-0.58418],"rotation":{"angle":-22.5,"axis":"x","origin":[8,6.06453,4.41582]},"faces":{"north":{"uv":[1.5,7.25,2.25,8.25],"texture":"#0"},"east":{"uv":[0,0,0,1],"texture":"#0"},"south":{"uv":[2.25,7.25,3,8.25],"texture":"#0"},"west":{"uv":[0,0,0,1],"texture":"#0"},"up":{"uv":[0.75,0,0,0],"texture":"#0"},"down":{"uv":[0.75,0,0,0],"texture":"#0"}}},{"from":[6.5,6.06453,-0.58418],"to":[9.5,6.06453,2.41582],"rotation":{"angle":-22.5,"axis":"x","origin":[8,6.06453,4.41582]},"faces":{"north":{"uv":[0,0,0.75,0],"texture":"#0"},"east":{"uv":[0,0,0.75,0],"texture":"#0"},"south":{"uv":[0,0,0.75,0],"texture":"#0"},"west":{"uv":[0,0,0.75,0],"texture":"#0"},"up":{"uv":[2.25,9.5,1.5,8.75],"texture":"#0"},"down":{"uv":[3,8.75,2.25,9.5],"texture":"#0"}}}],"display":{"thirdperson_righthand":{"rotation":[71,43,0],"translation":[0,0.75,2.25],"scale":[0.71,0.71,0.71]},"thirdperson_lefthand":{"rotation":[71,43,0],"translation":[0,0.75,2.25],"scale":[0.71,0.71,0.71]},"firstperson_righthand":{"rotation":[0,109,5],"translation":[3.25,6.25,0],"scale":[0.8,0.8,0.8]},"firstperson_lefthand":{"rotation":[0,109,5],"translation":[3.25,6.25,0],"scale":[0.8,0.8,0.8]},"ground":{"translation":[0,3.5,0],"scale":[0.65,0.65,0.65]},"gui":{"rotation":[25,151,0],"translation":[0,3.5,0],"scale":[0.8,0.8,0.8]},"head":{"translation":[0,14.4,0]},"fixed":{"rotation":[-90,0,0],"translation":[0,0,-13.6],"scale":[1.7,1.7,1.7]}},"groups":[{"name":"nm_plushie_skeleton_horse","origin":[8,8,8],"color":0,"children":[0,1,2,3,4,5,6,7,8,9,10,11,12,13,14,15,16,17,18,19,20,21,22,23,24,25,26,27,28,29,{"name":"group","origin":[8,6.06453,4.41582],"color":0,"children":[30,31,32,33,34,35,36,37,38,39,40]}]}]}