{
	"credit": "Made by Nog's Menagerie",
	"texture_size": [32, 32],
	"textures": {
		"0": "item/furnitures/plushies/nm_plushie_rabbit_texture",
		"particle": "item/furnitures/plushies/nm_plushie_rabbit_texture"
	},
	"elements": [
		{
			"name": "torso",
			"from": [6, 1.65538, 4.98254],
			"to": [10, 4.65538, 10.98254],
			"rotation": {"angle": 45, "axis": "x", "origin": [8.5, 3.15538, 8.48254]},
			"faces": {
				"north": {"uv": [6.5, 0, 8.5, 1.5], "texture": "#0"},
				"east": {"uv": [5, 2, 8, 3.5], "texture": "#0"},
				"south": {"uv": [2.5, 6.5, 4.5, 8], "texture": "#0"},
				"west": {"uv": [2.5, 5, 5.5, 6.5], "texture": "#0"},
				"up": {"uv": [2, 3, 0, 0], "texture": "#0"},
				"down": {"uv": [4, 0, 2, 3], "texture": "#0"}
			}
		},
		{
			"name": "torso",
			"from": [7, 1.49472, 9.95741],
			"to": [9, 3.49472, 11.95741],
			"rotation": {"angle": 0, "axis": "y", "origin": [8, 2.09472, 10.95741]},
			"faces": {
				"north": {"uv": [4, 2, 5, 3], "texture": "#0"},
				"east": {"uv": [4.5, 6.5, 5.5, 7.5], "texture": "#0"},
				"south": {"uv": [3, 8, 4, 9], "texture": "#0"},
				"west": {"uv": [7.5, 8, 8.5, 9], "texture": "#0"},
				"up": {"uv": [1, 9.5, 0, 8.5], "texture": "#0"},
				"down": {"uv": [9.5, 0, 8.5, 1], "texture": "#0"}
			}
		},
		{
			"name": "head",
			"from": [5.5, 3.84341, 2.77886],
			"to": [10.5, 7.84341, 6.77886],
			"rotation": {"angle": -22.5, "axis": "x", "origin": [8, 7.17552, 4.18419]},
			"faces": {
				"north": {"uv": [0, 3, 2.5, 5], "texture": "#0"},
				"east": {"uv": [5.5, 3.5, 7.5, 5.5], "texture": "#0"},
				"south": {"uv": [2.5, 3, 5, 5], "texture": "#0"},
				"west": {"uv": [5.5, 5.5, 7.5, 7.5], "texture": "#0"},
				"up": {"uv": [6.5, 2, 4, 0], "texture": "#0"},
				"down": {"uv": [2.5, 5, 0, 7], "texture": "#0"}
			}
		},
		{
			"name": "head",
			"from": [7.5, 4.84341, 2.02886],
			"to": [8.5, 5.84341, 3.02886],
			"rotation": {"angle": -22.5, "axis": "x", "origin": [8, 7.17552, 4.18419]},
			"faces": {
				"north": {"uv": [2, 7, 2.5, 7.5], "texture": "#0"},
				"east": {"uv": [7.5, 1.5, 8, 2], "texture": "#0"},
				"south": {"uv": [2, 7.5, 2.5, 8], "texture": "#0"},
				"west": {"uv": [8.5, 1, 9, 1.5], "texture": "#0"},
				"up": {"uv": [10, 7.5, 9.5, 7], "texture": "#0"},
				"down": {"uv": [10, 7.5, 9.5, 8], "texture": "#0"}
			}
		},
		{
			"name": "head",
			"from": [8.5, 7.84341, 4.77886],
			"to": [10.5, 10.84341, 5.77886],
			"rotation": {"angle": -22.5, "axis": "x", "origin": [8, 7.17552, 4.18419]},
			"faces": {
				"north": {"uv": [6.5, 7.5, 7.5, 9], "texture": "#0"},
				"east": {"uv": [5, 3.5, 5.5, 5], "texture": "#0"},
				"south": {"uv": [7.5, 6.5, 8.5, 8], "texture": "#0"},
				"west": {"uv": [9.5, 1, 10, 2.5], "texture": "#0"},
				"up": {"uv": [7.5, 2, 6.5, 1.5], "texture": "#0"},
				"down": {"uv": [10.5, 2.5, 9.5, 3], "texture": "#0"}
			}
		},
		{
			"name": "head",
			"from": [5.5, 7.84341, 4.77886],
			"to": [7.5, 10.84341, 5.77886],
			"rotation": {"angle": -22.5, "axis": "x", "origin": [8, 7.17552, 4.18419]},
			"faces": {
				"north": {"uv": [8, 1.5, 9, 3], "texture": "#0"},
				"east": {"uv": [2, 9.5, 2.5, 11], "texture": "#0"},
				"south": {"uv": [2, 8, 3, 9.5], "texture": "#0"},
				"west": {"uv": [2.5, 9.5, 3, 11], "texture": "#0"},
				"up": {"uv": [6.5, 10, 5.5, 9.5], "texture": "#0"},
				"down": {"uv": [10.5, 6.5, 9.5, 7], "texture": "#0"}
			}
		},
		{
			"name": "left_arm",
			"from": [9.21456, 0.04958, 4.89291],
			"to": [10.46456, 4.04958, 6.14291],
			"rotation": {"angle": 22.5, "axis": "x", "origin": [9.83956, 2.54958, 5.26791]},
			"faces": {
				"north": {"uv": [4, 8, 4.5, 10], "texture": "#0"},
				"east": {"uv": [1, 8.5, 1.5, 10.5], "texture": "#0"},
				"south": {"uv": [1.5, 8.5, 2, 10.5], "texture": "#0"},
				"west": {"uv": [8.5, 6.5, 9, 8.5], "texture": "#0"},
				"up": {"uv": [10, 8.5, 9.5, 8], "texture": "#0"},
				"down": {"uv": [10, 8.5, 9.5, 9], "texture": "#0"}
			}
		},
		{
			"name": "left_arm",
			"from": [5.53544, 0.04958, 4.89291],
			"to": [6.78544, 4.04958, 6.14291],
			"rotation": {"angle": 22.5, "axis": "x", "origin": [6.16044, 2.54958, 5.26791]},
			"faces": {
				"north": {"uv": [8.5, 8.5, 9, 10.5], "texture": "#0"},
				"east": {"uv": [9, 1, 9.5, 3], "texture": "#0"},
				"south": {"uv": [3, 9, 3.5, 11], "texture": "#0"},
				"west": {"uv": [3.5, 9, 4, 11], "texture": "#0"},
				"up": {"uv": [10, 9.5, 9.5, 9], "texture": "#0"},
				"down": {"uv": [10, 9.5, 9.5, 10], "texture": "#0"}
			}
		},
		{
			"name": "right_leg",
			"from": [9.97, 0.01, 6.23335],
			"to": [10.97, 1.01, 10.23335],
			"rotation": {"angle": 0, "axis": "y", "origin": [10.97, 1.01, 6.03335]},
			"faces": {
				"north": {"uv": [10, 1, 10.5, 1.5], "texture": "#0"},
				"east": {"uv": [8, 3, 10, 3.5], "texture": "#0"},
				"south": {"uv": [10, 1.5, 10.5, 2], "texture": "#0"},
				"west": {"uv": [4.5, 9, 6.5, 9.5], "texture": "#0"},
				"up": {"uv": [7, 11, 6.5, 9], "texture": "#0"},
				"down": {"uv": [9.5, 6.5, 9, 8.5], "texture": "#0"}
			}
		},
		{
			"name": "right_leg",
			"from": [9.995, 1.16119, 6.95962],
			"to": [10.945, 4.16119, 10.95962],
			"rotation": {"angle": 22.5, "axis": "x", "origin": [10.97, 3.16119, 8.95962]},
			"faces": {
				"north": {"uv": [9.5, 3.5, 10, 5], "texture": "#0"},
				"east": {"uv": [0, 7, 2, 8.5], "texture": "#0"},
				"south": {"uv": [4.5, 9.5, 5, 11], "texture": "#0"},
				"west": {"uv": [7.5, 3.5, 9.5, 5], "texture": "#0"},
				"up": {"uv": [7.5, 11, 7, 9], "texture": "#0"},
				"down": {"uv": [8, 9, 7.5, 11], "texture": "#0"}
			}
		},
		{
			"name": "left_leg",
			"from": [5.055, 1.16119, 6.95962],
			"to": [6.005, 4.16119, 10.95962],
			"rotation": {"angle": 22.5, "axis": "x", "origin": [5.03, 3.16119, 8.95962]},
			"faces": {
				"north": {"uv": [5, 9.5, 5.5, 11], "texture": "#0"},
				"east": {"uv": [4.5, 7.5, 6.5, 9], "texture": "#0"},
				"south": {"uv": [9.5, 5, 10, 6.5], "texture": "#0"},
				"west": {"uv": [7.5, 5, 9.5, 6.5], "texture": "#0"},
				"up": {"uv": [8.5, 11, 8, 9], "texture": "#0"},
				"down": {"uv": [9.5, 8.5, 9, 10.5], "texture": "#0"}
			}
		},
		{
			"name": "left_leg",
			"from": [5.03, 0.01, 6.23335],
			"to": [6.03, 1.01, 10.23335],
			"rotation": {"angle": 0, "axis": "y", "origin": [5.03, 1.01, 6.03335]},
			"faces": {
				"north": {"uv": [10, 2, 10.5, 2.5], "texture": "#0"},
				"east": {"uv": [9.5, 0, 11.5, 0.5], "texture": "#0"},
				"south": {"uv": [10, 3, 10.5, 3.5], "texture": "#0"},
				"west": {"uv": [9.5, 0.5, 11.5, 1], "texture": "#0"},
				"up": {"uv": [0.5, 11.5, 0, 9.5], "texture": "#0"},
				"down": {"uv": [1, 9.5, 0.5, 11.5], "texture": "#0"}
			}
		}
	],
	"display": {
		"thirdperson_righthand": {
			"rotation": [71, 43, 0],
			"translation": [0, 0.75, 2.25],
			"scale": [0.7, 0.7, 0.7]
		},
		"thirdperson_lefthand": {
			"rotation": [71, 43, 0],
			"translation": [0, 0.75, 2.25],
			"scale": [0.7, 0.7, 0.7]
		},
		"firstperson_righthand": {
			"rotation": [0, 109, 5],
			"translation": [3, 7.25, 0],
			"scale": [0.92, 0.92, 0.92]
		},
		"firstperson_lefthand": {
			"rotation": [0, 109, 5],
			"translation": [3, 7.25, 0],
			"scale": [0.92, 0.92, 0.92]
		},
		"ground": {
			"translation": [0, 3.5, 0],
			"scale": [0.65, 0.65, 0.65]
		},
		"gui": {
			"rotation": [25, 151, 0],
			"translation": [0.75, 3.25, 0],
			"scale": [0.9, 0.9, 0.9]
		},
		"head": {
			"translation": [0, 14.4, 0]
		},
		"fixed": {
			"rotation": [-90, 0, 0],
			"translation": [0, 0, -13.5],
			"scale": [1.7, 1.7, 1.7]
		}
	},
	"groups": [
		{
			"name": "nm_plushie_rabbit",
			"origin": [8, 8, 8],
			"color": 0,
			"children": [0, 1, 2, 3, 4, 5, 6, 7, 8, 9, 10, 11]
		}
	]
}