{"credit":"Made by Nog's Menagerie","textures":{"0":"item/furnitures/plushies/nm_plushie_parrot-shiny_texture","particle":"item/furnitures/plushies/nm_plushie_parrot-shiny_texture"},"elements":[{"from":[6.5,0,5.75],"to":[9.5,5,8.75],"rotation":{"angle":0,"axis":"y","origin":[8,2.0045,7.35355]},"faces":{"north":{"uv":[0,0,3,5],"texture":"#0"},"east":{"uv":[3,0,6,5],"texture":"#0"},"south":{"uv":[0,5,3,10],"texture":"#0"},"west":{"uv":[3,5,6,10],"texture":"#0"},"up":{"uv":[9,3,6,0],"texture":"#0"},"down":{"uv":[9,3,6,6],"texture":"#0"}}},{"from":[6.75,3.79554,4.59762],"to":[9.25,6.79554,7.59762],"rotation":{"angle":-22.5,"axis":"x","origin":[8,5.22859,4.93779]},"faces":{"north":{"uv":[6,6,9,9],"texture":"#0"},"east":{"uv":[9,0,12,3],"texture":"#0"},"south":{"uv":[9,3,12,6],"texture":"#0"},"west":{"uv":[6,9,9,12],"texture":"#0"},"up":{"uv":[12,9,9,6],"texture":"#0"},"down":{"uv":[12,9,9,12],"texture":"#0"}}},{"from":[6.75,5.79554,3.59762],"to":[9.25,6.79554,4.59762],"rotation":{"angle":-22.5,"axis":"x","origin":[8,5.22859,4.93779]},"faces":{"north":{"uv":[10,12,13,13],"texture":"#0"},"east":{"uv":[6,14,7,15],"texture":"#0"},"south":{"uv":[12,10,15,11],"texture":"#0"},"west":{"uv":[13,14,14,15],"texture":"#0"},"up":{"uv":[15,12,12,11],"texture":"#0"},"down":{"uv":[16,6,13,7],"texture":"#0"}}},{"from":[7.5,3.79554,3.59762],"to":[8.5,5.79554,4.59762],"rotation":{"angle":-22.5,"axis":"x","origin":[8,5.22859,4.93779]},"faces":{"north":{"uv":[4,10,5,12],"texture":"#0"},"east":{"uv":[5,10,6,12],"texture":"#0"},"south":{"uv":[10,13,11,15],"texture":"#0"},"west":{"uv":[11,13,12,15],"texture":"#0"},"up":{"uv":[15,14,14,13],"texture":"#0"},"down":{"uv":[15,14,14,15],"texture":"#0"}}},{"from":[6.225,0.01,3.75],"to":[7.225,1.01,3.75],"rotation":{"angle":22.5,"axis":"y","origin":[8,0.01,4.75]},"faces":{"north":{"uv":[15,4,16,5],"texture":"#0"},"east":{"uv":[0,0,0,1],"texture":"#0"},"south":{"uv":[15,5,16,6],"texture":"#0"},"west":{"uv":[0,0,0,1],"texture":"#0"},"up":{"uv":[1,0,0,0],"texture":"#0"},"down":{"uv":[1,0,0,0],"texture":"#0"}}},{"from":[6.225,0.01,3.75],"to":[7.225,0.01,5.75],"rotation":{"angle":22.5,"axis":"y","origin":[8,0.01,4.75]},"faces":{"north":{"uv":[0,0,1,0],"texture":"#0"},"east":{"uv":[0,0,2,0],"texture":"#0"},"south":{"uv":[0,0,1,0],"texture":"#0"},"west":{"uv":[0,0,2,0],"texture":"#0"},"up":{"uv":[13,15,12,13],"texture":"#0"},"down":{"uv":[14,12,13,14],"texture":"#0"}}},{"from":[5.75,1.86104,6.32193],"to":[6.5,3.86104,10.32193],"rotation":{"angle":45,"axis":"x","origin":[8,2.61104,7.82193]},"faces":{"north":{"uv":[0,14,1,16],"texture":"#0"},"east":{"uv":[0,10,4,12],"texture":"#0"},"south":{"uv":[1,14,2,16],"texture":"#0"},"west":{"uv":[0,12,4,14],"texture":"#0"},"up":{"uv":[13,10,12,6],"texture":"#0"},"down":{"uv":[8,12,7,16],"texture":"#0"}}},{"from":[9.5,1.86104,6.32193],"to":[10.25,3.86104,10.32193],"rotation":{"angle":45,"axis":"x","origin":[8,2.61104,7.82193]},"faces":{"north":{"uv":[2,14,3,16],"texture":"#0"},"east":{"uv":[12,0,16,2],"texture":"#0"},"south":{"uv":[3,14,4,16],"texture":"#0"},"west":{"uv":[12,2,16,4],"texture":"#0"},"up":{"uv":[9,16,8,12],"texture":"#0"},"down":{"uv":[10,12,9,16],"texture":"#0"}}},{"from":[8.775,0.01,3.75],"to":[9.775,0.01,5.75],"rotation":{"angle":-22.5,"axis":"y","origin":[8,0.01,4.75]},"faces":{"north":{"uv":[0,0,1,0],"texture":"#0"},"east":{"uv":[0,0,2,0],"texture":"#0"},"south":{"uv":[0,0,1,0],"texture":"#0"},"west":{"uv":[0,0,2,0],"texture":"#0"},"up":{"uv":[5,16,4,14],"texture":"#0"},"down":{"uv":[6,14,5,16],"texture":"#0"}}},{"from":[8.775,0.01,3.75],"to":[9.775,1.01,3.75],"rotation":{"angle":-22.5,"axis":"y","origin":[8,0.01,4.75]},"faces":{"north":{"uv":[6,15,7,16],"texture":"#0"},"east":{"uv":[0,0,0,1],"texture":"#0"},"south":{"uv":[15,9,16,10],"texture":"#0"},"west":{"uv":[0,0,0,1],"texture":"#0"},"up":{"uv":[1,0,0,0],"texture":"#0"},"down":{"uv":[1,0,0,0],"texture":"#0"}}},{"from":[6.5,0,8.75],"to":[9.5,1,10.75],"rotation":{"angle":0,"axis":"y","origin":[8.5,0.5,9.75]},"faces":{"north":{"uv":[13,7,16,8],"texture":"#0"},"east":{"uv":[13,9,15,10],"texture":"#0"},"south":{"uv":[13,8,16,9],"texture":"#0"},"west":{"uv":[14,12,16,13],"texture":"#0"},"up":{"uv":[7,14,4,12],"texture":"#0"},"down":{"uv":[15,4,12,6],"texture":"#0"}}}],"display":{"thirdperson_righthand":{"rotation":[62,14,0],"translation":[0,1.75,3.75],"scale":[0.86,0.86,0.86]},"thirdperson_lefthand":{"rotation":[62,14,0],"translation":[0,1.75,3.75],"scale":[0.86,0.86,0.86]},"firstperson_righthand":{"rotation":[0,109,5],"translation":[2.25,7.75,0],"scale":[0.92,0.92,0.92]},"firstperson_lefthand":{"rotation":[0,109,5],"translation":[2.25,7.75,0],"scale":[0.92,0.92,0.92]},"ground":{"translation":[0,3.5,0],"scale":[0.65,0.65,0.65]},"gui":{"rotation":[25,151,0],"translation":[0.75,4,0],"scale":[0.93,0.93,0.93]},"head":{"translation":[0,14.4,0]},"fixed":{"rotation":[-90,0,0],"translation":[0,0,-13.75],"scale":[1.7,1.7,1.7]}},"groups":[{"name":"nm_plushie_parrot","origin":[8,8,8],"color":0,"children":[0,1,2,3,4,5,6,7,8,9,10]}]}