{
	"credit": "Made by Nog's Menagerie",
	"texture_size": [64, 64],
	"textures": {
		"0": "item/furnitures/plushies/nm_plushie_iron_golem_texture",
		"particle": "item/furnitures/plushies/nm_plushie_iron_golem_texture"
	},
	"elements": [
		{
			"name": "torso",
			"from": [2.5, 5, 8],
			"to": [13.5, 13, 14],
			"rotation": {"angle": 0, "axis": "y", "origin": [8, 1.0045, 11.85355]},
			"faces": {
				"north": {"uv": [0, 0, 2.75, 2], "texture": "#0"},
				"east": {"uv": [5.5, 0, 7, 2], "texture": "#0"},
				"south": {"uv": [0, 2, 2.75, 4], "texture": "#0"},
				"west": {"uv": [0, 6, 1.5, 8], "texture": "#0"},
				"up": {"uv": [5.5, 1.5, 2.75, 0], "texture": "#0"},
				"down": {"uv": [5.5, 1.5, 2.75, 3], "texture": "#0"}
			}
		},
		{
			"name": "torso",
			"from": [4, 0, 9],
			"to": [12, 5, 13],
			"rotation": {"angle": 0, "axis": "y", "origin": [8, 2.0045, 11.85355]},
			"faces": {
				"north": {"uv": [6.25, 2, 8.25, 3.25], "texture": "#0"},
				"east": {"uv": [9, 0, 10, 1.25], "texture": "#0"},
				"south": {"uv": [6.25, 3.25, 8.25, 4.5], "texture": "#0"},
				"west": {"uv": [9, 5.5, 10, 6.75], "texture": "#0"},
				"up": {"uv": [9, 1, 7, 0], "texture": "#0"},
				"down": {"uv": [9, 1, 7, 2], "texture": "#0"}
			}
		},
		{
			"name": "head",
			"from": [4.5, 11.85, 8.85],
			"to": [11.5, 19.85, 15.85],
			"rotation": {"angle": -22.5, "axis": "x", "origin": [8, 6.5, 11.25]},
			"faces": {
				"north": {"uv": [2.75, 3, 4.5, 5], "texture": "#0"},
				"east": {"uv": [0, 4, 1.75, 6], "texture": "#0"},
				"south": {"uv": [4.5, 3, 6.25, 5], "texture": "#0"},
				"west": {"uv": [1.75, 5, 3.5, 7], "texture": "#0"},
				"up": {"uv": [5.25, 6.75, 3.5, 5], "texture": "#0"},
				"down": {"uv": [7, 5, 5.25, 6.75], "texture": "#0"}
			}
		},
		{
			"name": "head",
			"from": [7, 10.85, 6.85],
			"to": [9, 14.85, 8.85],
			"rotation": {"angle": -22.5, "axis": "x", "origin": [8, 6.5, 11.25]},
			"faces": {
				"north": {"uv": [3, 7, 3.5, 8], "texture": "#0"},
				"east": {"uv": [1, 8, 1.5, 9], "texture": "#0"},
				"south": {"uv": [3, 8, 3.5, 9], "texture": "#0"},
				"west": {"uv": [1, 9, 1.5, 10], "texture": "#0"},
				"up": {"uv": [6.75, 5, 6.25, 4.5], "texture": "#0"},
				"down": {"uv": [7.25, 4.5, 6.75, 5], "texture": "#0"}
			}
		},
		{
			"name": "right_arm",
			"from": [12.94583, 1.2547, 9.5],
			"to": [15.94583, 13.2547, 12.5],
			"rotation": {"angle": 22.5, "axis": "z", "origin": [17.19583, 9.1047, 12.25]},
			"faces": {
				"north": {"uv": [3.5, 6.75, 4.25, 9.75], "texture": "#0"},
				"east": {"uv": [4.25, 6.75, 5, 9.75], "texture": "#0"},
				"south": {"uv": [5, 6.75, 5.75, 9.75], "texture": "#0"},
				"west": {"uv": [5.75, 6.75, 6.5, 9.75], "texture": "#0"},
				"up": {"uv": [6.25, 2.75, 5.5, 2], "texture": "#0"},
				"down": {"uv": [9.75, 1.25, 9, 2], "texture": "#0"}
			}
		},
		{
			"name": "left_arm",
			"from": [0.05417, 1.2547, 9.5],
			"to": [3.05417, 13.2547, 12.5],
			"rotation": {"angle": -22.5, "axis": "z", "origin": [-1.19583, 9.1047, 12.25]},
			"faces": {
				"north": {"uv": [6.5, 6.75, 7.25, 9.75], "texture": "#0"},
				"east": {"uv": [1.5, 7, 2.25, 10], "texture": "#0"},
				"south": {"uv": [2.25, 7, 3, 10], "texture": "#0"},
				"west": {"uv": [7.25, 4.5, 8, 7.5], "texture": "#0"},
				"up": {"uv": [10.5, 2, 9.75, 1.25], "texture": "#0"},
				"down": {"uv": [3.75, 9.75, 3, 10.5], "texture": "#0"}
			}
		},
		{
			"name": "right_leg",
			"from": [8.825, 0.01, 2.5],
			"to": [12.825, 4.01, 10.5],
			"rotation": {"angle": -22.5, "axis": "y", "origin": [8, 0.01, 9.25]},
			"faces": {
				"north": {"uv": [1.75, 4, 2.75, 5], "texture": "#0"},
				"east": {"uv": [7.25, 7.5, 9.25, 8.5], "texture": "#0"},
				"south": {"uv": [9.25, 6.75, 10.25, 7.75], "texture": "#0"},
				"west": {"uv": [8, 4.5, 10, 5.5], "texture": "#0"},
				"up": {"uv": [1, 10, 0, 8], "texture": "#0"},
				"down": {"uv": [9, 5.5, 8, 7.5], "texture": "#0"}
			}
		},
		{
			"name": "left_leg",
			"from": [3.175, 0.01, 2.5],
			"to": [7.175, 4.01, 10.5],
			"rotation": {"angle": 22.5, "axis": "y", "origin": [8, 0.01, 9.25]},
			"faces": {
				"north": {"uv": [9.25, 7.75, 10.25, 8.75], "texture": "#0"},
				"east": {"uv": [8.25, 2, 10.25, 3], "texture": "#0"},
				"south": {"uv": [9.25, 8.75, 10.25, 9.75], "texture": "#0"},
				"west": {"uv": [8.25, 3, 10.25, 4], "texture": "#0"},
				"up": {"uv": [8.25, 10.5, 7.25, 8.5], "texture": "#0"},
				"down": {"uv": [9.25, 8.5, 8.25, 10.5], "texture": "#0"}
			}
		}
	],
	"display": {
		"thirdperson_righthand": {
			"rotation": [34, 11, 0],
			"translation": [-0.5, -0.25, -1],
			"scale": [0.45, 0.45, 0.45]
		},
		"thirdperson_lefthand": {
			"rotation": [34, 11, 0],
			"translation": [-0.5, -0.25, -1],
			"scale": [0.45, 0.45, 0.45]
		},
		"firstperson_righthand": {
			"rotation": [0, 109, 5],
			"translation": [1.75, 2.75, 0],
			"scale": [0.52, 0.52, 0.52]
		},
		"firstperson_lefthand": {
			"rotation": [0, 109, 5],
			"translation": [1.75, 2.75, 0],
			"scale": [0.52, 0.52, 0.52]
		},
		"ground": {
			"translation": [0, 0.75, -1],
			"scale": [0.49, 0.49, 0.49]
		},
		"gui": {
			"rotation": [25, 151, 0],
			"translation": [-0.5, -0.75, 0],
			"scale": [0.59, 0.59, 0.59]
		},
		"head": {
			"translation": [0, 14.4, 0]
		},
		"fixed": {
			"rotation": [-90, 0, 0],
			"translation": [0, -1, -16],
			"scale": [2, 2, 2]
		}
	},
	"groups": [
		{
			"name": "nm_plushie_iron_golem",
			"origin": [8, 8, 8],
			"color": 0,
			"children": [
				0,
				1,
				{
					"name": "group",
					"origin": [8, 7.5, 11.25],
					"color": 0,
					"children": [2, 3]
				},
				4,
				5,
				6,
				7
			]
		}
	]
}