{
	"credit": "Made by ManningDesign",
	"textures": {
		"2": "custom:thanksgiving/bs_harvest_floral_crown_texture",
		"3": "custom:thanksgiving/bs_harvest_butterfly_wings_texture",
		"particle": "custom:thanksgiving/bs_harvest_butterfly_wings_texture"
	},
	"elements": [
		{
			"from": [3.5, 2.5, 0.25],
			"to": [3.5, 8.5, 10.25],
			"faces": {
				"north": {"uv": [0, 0, 0, 3], "texture": "#2"},
				"east": {"uv": [5, 0, 10, 3], "texture": "#2"},
				"south": {"uv": [0, 0, 0, 3], "texture": "#2"},
				"west": {"uv": [10, 0, 5, 3], "texture": "#2"},
				"up": {"uv": [0, 5, 0, 0], "texture": "#2"},
				"down": {"uv": [0, 0, 0, 5], "texture": "#2"}
			}
		},
		{
			"from": [12.5, 2.5, 0.25],
			"to": [12.5, 8.5, 10.25],
			"faces": {
				"north": {"uv": [0, 0, 0, 3], "texture": "#2"},
				"east": {"uv": [5, 0, 10, 3], "texture": "#2"},
				"south": {"uv": [0, 0, 0, 3], "texture": "#2"},
				"west": {"uv": [10, 0, 5, 3], "texture": "#2"},
				"up": {"uv": [0, 5, 0, 0], "texture": "#2"},
				"down": {"uv": [0, 0, 0, 5], "texture": "#2"}
			}
		},
		{
			"from": [12.75, 3, 1.25],
			"to": [12.75, 9, 11.25],
			"faces": {
				"north": {"uv": [0, 0, 0, 3], "texture": "#2"},
				"east": {"uv": [11, 3, 16, 6], "texture": "#2"},
				"south": {"uv": [0, 0, 0, 3], "texture": "#2"},
				"west": {"uv": [16, 3, 11, 6], "texture": "#2"},
				"up": {"uv": [0, 5, 0, 0], "texture": "#2"},
				"down": {"uv": [0, 0, 0, 5], "texture": "#2"}
			}
		},
		{
			"from": [3.25, 3, 1.25],
			"to": [3.25, 9, 11.25],
			"rotation": {"angle": 0, "axis": "y", "origin": [16, 0, 0]},
			"faces": {
				"north": {"uv": [0, 0, 0, 3], "texture": "#2"},
				"east": {"uv": [11, 3, 16, 6], "texture": "#2"},
				"south": {"uv": [0, 0, 0, 3], "texture": "#2"},
				"west": {"uv": [16, 3, 11, 6], "texture": "#2"},
				"up": {"uv": [0, 5, 0, 0], "texture": "#2"},
				"down": {"uv": [0, 0, 0, 5], "texture": "#2"}
			}
		},
		{
			"from": [12.25, 2, -0.5],
			"to": [12.25, 8, 9.5],
			"faces": {
				"north": {"uv": [0, 0, 0, 3], "texture": "#2"},
				"east": {"uv": [0, 0, 5, 3], "texture": "#2"},
				"south": {"uv": [0, 0, 0, 3], "texture": "#2"},
				"west": {"uv": [5, 0, 0, 3], "texture": "#2"},
				"up": {"uv": [0, 5, 0, 0], "texture": "#2"},
				"down": {"uv": [0, 0, 0, 5], "texture": "#2"}
			}
		},
		{
			"from": [3.75, 2, -0.5],
			"to": [3.75, 8, 9.5],
			"rotation": {"angle": 0, "axis": "y", "origin": [16, 0, 0]},
			"faces": {
				"north": {"uv": [0, 0, 0, 3], "texture": "#2"},
				"east": {"uv": [0, 0, 5, 3], "texture": "#2"},
				"south": {"uv": [0, 0, 0, 3], "texture": "#2"},
				"west": {"uv": [5, 0, 0, 3], "texture": "#2"},
				"up": {"uv": [0, 5, 0, 0], "texture": "#2"},
				"down": {"uv": [0, 0, 0, 5], "texture": "#2"}
			}
		},
		{
			"from": [2.5, 2.5, 10.25],
			"to": [13.5, 6.5, 10.25],
			"faces": {
				"north": {"uv": [11, 6, 5.5, 8], "texture": "#2"},
				"east": {"uv": [0, 0, 0, 2], "texture": "#2"},
				"south": {"uv": [5.5, 6, 11, 8], "texture": "#2"},
				"west": {"uv": [0, 0, 0, 2], "texture": "#2"},
				"up": {"uv": [5.5, 0, 0, 0], "texture": "#2"},
				"down": {"uv": [5.5, 0, 0, 0], "texture": "#2"}
			}
		},
		{
			"from": [2.25, 1.75, 10],
			"to": [13.25, 6.75, 10],
			"faces": {
				"north": {"uv": [11, 11.5, 5.5, 14], "texture": "#2"},
				"east": {"uv": [0, 0, 0, 2], "texture": "#2"},
				"south": {"uv": [5.5, 11.5, 11, 14], "texture": "#2"},
				"west": {"uv": [0, 0, 0, 2], "texture": "#2"},
				"up": {"uv": [5.5, 0, 0, 0], "texture": "#2"},
				"down": {"uv": [5.5, 0, 0, 0], "texture": "#2"}
			}
		},
		{
			"from": [2.5, 4.5, 1.25],
			"to": [13.5, 8.5, 1.25],
			"faces": {
				"north": {"uv": [0, 8, 5.5, 10], "texture": "#2"},
				"east": {"uv": [0, 0, 0, 2], "texture": "#2"},
				"south": {"uv": [5.5, 8, 0, 10], "texture": "#2"},
				"west": {"uv": [0, 0, 0, 2], "texture": "#2"},
				"up": {"uv": [5.5, 0, 0, 0], "texture": "#2"},
				"down": {"uv": [5.5, 0, 0, 0], "texture": "#2"}
			}
		},
		{
			"from": [2.5, 4.75, 1],
			"to": [13.5, 8.75, 1],
			"faces": {
				"north": {"uv": [10.5, 9.5, 16, 11.5], "texture": "#2"},
				"east": {"uv": [0, 0, 0, 2], "texture": "#2"},
				"south": {"uv": [16, 9.5, 10.5, 11.5], "texture": "#2"},
				"west": {"uv": [0, 0, 0, 2], "texture": "#2"},
				"up": {"uv": [5.5, 0, 0, 0], "texture": "#2"},
				"down": {"uv": [5.5, 0, 0, 0], "texture": "#2"}
			}
		},
		{
			"from": [2.5, 3.75, 10.5],
			"to": [13.5, 7.75, 10.5],
			"rotation": {"angle": 0, "axis": "y", "origin": [16, 0, 0]},
			"faces": {
				"north": {"uv": [16, 9.5, 10.5, 11.5], "texture": "#2"},
				"east": {"uv": [0, 0, 0, 2], "texture": "#2"},
				"south": {"uv": [10.5, 9.5, 16, 11.5], "texture": "#2"},
				"west": {"uv": [0, 0, 0, 2], "texture": "#2"},
				"up": {"uv": [0, 0, 5.5, 0], "texture": "#2"},
				"down": {"uv": [0, 0, 5.5, 0], "texture": "#2"}
			}
		},
		{
			"from": [3, 4.25, 1.75],
			"to": [14, 8.25, 1.75],
			"faces": {
				"north": {"uv": [0, 12, 5.5, 14], "texture": "#2"},
				"east": {"uv": [0, 0, 0, 2], "texture": "#2"},
				"south": {"uv": [5.5, 12, 0, 14], "texture": "#2"},
				"west": {"uv": [0, 0, 0, 2], "texture": "#2"},
				"up": {"uv": [5.5, 0, 0, 0], "texture": "#2"},
				"down": {"uv": [5.5, 0, 0, 0], "texture": "#2"}
			}
		},
		{
			"from": [0.69645, 9.14645, 1],
			"to": [3.69645, 9.14645, 5],
			"rotation": {"angle": 45, "axis": "z", "origin": [0.69645, 8.14645, 3]},
			"faces": {
				"north": {"uv": [0, 0, 3, 0], "texture": "#3"},
				"east": {"uv": [0, 0, 4, 0], "texture": "#3"},
				"south": {"uv": [0, 0, 3, 0], "texture": "#3"},
				"west": {"uv": [0, 0, 4, 0], "texture": "#3"},
				"up": {"uv": [3, 4, 0, 0], "texture": "#3"},
				"down": {"uv": [3, 0, 0, 4], "texture": "#3"}
			}
		},
		{
			"from": [0.05, 8, 1],
			"to": [3.05, 8, 5],
			"rotation": {"angle": -45, "axis": "z", "origin": [1.05, 8.5, 5]},
			"faces": {
				"north": {"uv": [0, 0, 3, 0], "texture": "#3"},
				"east": {"uv": [0, 0, 4, 0], "texture": "#3"},
				"south": {"uv": [0, 0, 3, 0], "texture": "#3"},
				"west": {"uv": [0, 0, 4, 0], "texture": "#3"},
				"up": {"uv": [3, 8, 0, 4], "texture": "#3"},
				"down": {"uv": [3, 4, 0, 8], "texture": "#3"}
			}
		},
		{
			"from": [0, 8.79734, -0.38128],
			"to": [0, 11.79734, 1.61872],
			"rotation": {"angle": -22.5, "axis": "x", "origin": [0, 10.12234, 0.19372]},
			"faces": {
				"north": {"uv": [0, 0, 0, 1.5], "rotation": 180, "texture": "#2"},
				"east": {"uv": [7.5, 15, 9, 16], "rotation": 270, "texture": "#2"},
				"south": {"uv": [0, 0, 0, 1.5], "texture": "#2"},
				"west": {"uv": [9, 15, 7.5, 16], "rotation": 90, "texture": "#2"},
				"up": {"uv": [0, 0, 0, 1], "rotation": 180, "texture": "#2"},
				"down": {"uv": [0, 0, 0, 1], "texture": "#2"}
			}
		},
		{
			"from": [-1, 8.79734, -0.38128],
			"to": [-1, 11.79734, 1.61872],
			"rotation": {"angle": -22.5, "axis": "x", "origin": [0, 10.12234, 0.19372]},
			"faces": {
				"north": {"uv": [0, 0, 0, 1.5], "rotation": 180, "texture": "#2"},
				"east": {"uv": [7.5, 15, 9, 16], "rotation": 270, "texture": "#2"},
				"south": {"uv": [0, 0, 0, 1.5], "texture": "#2"},
				"west": {"uv": [9, 15, 7.5, 16], "rotation": 90, "texture": "#2"},
				"up": {"uv": [0, 0, 0, 1], "rotation": 180, "texture": "#2"},
				"down": {"uv": [0, 0, 0, 1], "texture": "#2"}
			}
		},
		{
			"from": [-4.05, 8, 1],
			"to": [-1.05, 8, 5],
			"rotation": {"angle": 45, "axis": "z", "origin": [-2.05, 8.5, 5]},
			"faces": {
				"north": {"uv": [0, 0, 3, 0], "texture": "#3"},
				"east": {"uv": [0, 0, 4, 0], "texture": "#3"},
				"south": {"uv": [0, 0, 3, 0], "texture": "#3"},
				"west": {"uv": [0, 0, 4, 0], "texture": "#3"},
				"up": {"uv": [0, 8, 3, 4], "texture": "#3"},
				"down": {"uv": [0, 4, 3, 8], "texture": "#3"}
			}
		},
		{
			"from": [-4.69645, 9.14645, 1],
			"to": [-1.69645, 9.14645, 5],
			"rotation": {"angle": -45, "axis": "z", "origin": [-1.69645, 8.14645, 3]},
			"faces": {
				"north": {"uv": [0, 0, 3, 0], "texture": "#3"},
				"east": {"uv": [0, 0, 4, 0], "texture": "#3"},
				"south": {"uv": [0, 0, 3, 0], "texture": "#3"},
				"west": {"uv": [0, 0, 4, 0], "texture": "#3"},
				"up": {"uv": [0, 4, 3, 0], "texture": "#3"},
				"down": {"uv": [0, 0, 3, 4], "texture": "#3"}
			}
		},
		{
			"from": [-1, 8, 1],
			"to": [0, 9, 5],
			"rotation": {"angle": 22.5, "axis": "x", "origin": [-0.5, 8.5, 3]},
			"faces": {
				"north": {"uv": [4, 15.5, 4.5, 16], "texture": "#2"},
				"east": {"uv": [5.5, 15, 7.5, 15.5], "texture": "#2"},
				"south": {"uv": [4, 15, 4.5, 15.5], "texture": "#2"},
				"west": {"uv": [5.5, 15.5, 7.5, 16], "texture": "#2"},
				"up": {"uv": [4.5, 14, 5, 16], "texture": "#2"},
				"down": {"uv": [5, 14, 5.5, 16], "texture": "#2"}
			}
		},
		{
			"from": [15.5, 7.29734, 4.61872],
			"to": [15.5, 10.29734, 6.61872],
			"rotation": {"angle": -22.5, "axis": "x", "origin": [16.5, 8.62234, 5.19372]},
			"faces": {
				"north": {"uv": [0, 0, 0, 1.5], "rotation": 180, "texture": "#2"},
				"east": {"uv": [7.5, 15, 9, 16], "rotation": 270, "texture": "#2"},
				"south": {"uv": [0, 0, 0, 1.5], "texture": "#2"},
				"west": {"uv": [9, 15, 7.5, 16], "rotation": 90, "texture": "#2"},
				"up": {"uv": [0, 0, 0, 1], "rotation": 180, "texture": "#2"},
				"down": {"uv": [0, 0, 0, 1], "texture": "#2"}
			}
		},
		{
			"from": [16.5, 7.29734, 4.61872],
			"to": [16.5, 10.29734, 6.61872],
			"rotation": {"angle": -22.5, "axis": "x", "origin": [16.5, 8.62234, 5.19372]},
			"faces": {
				"north": {"uv": [0, 0, 0, 1.5], "rotation": 180, "texture": "#2"},
				"east": {"uv": [7.5, 15, 9, 16], "rotation": 270, "texture": "#2"},
				"south": {"uv": [0, 0, 0, 1.5], "texture": "#2"},
				"west": {"uv": [9, 15, 7.5, 16], "rotation": 90, "texture": "#2"},
				"up": {"uv": [0, 0, 0, 1], "rotation": 180, "texture": "#2"},
				"down": {"uv": [0, 0, 0, 1], "texture": "#2"}
			}
		},
		{
			"from": [15.5, 6.5, 6],
			"to": [16.5, 7.5, 10],
			"rotation": {"angle": 22.5, "axis": "x", "origin": [16, 7, 8]},
			"faces": {
				"north": {"uv": [4, 15.5, 4.5, 16], "texture": "#2"},
				"east": {"uv": [5.5, 15, 7.5, 15.5], "texture": "#2"},
				"south": {"uv": [4, 15, 4.5, 15.5], "texture": "#2"},
				"west": {"uv": [5.5, 15.5, 7.5, 16], "texture": "#2"},
				"up": {"uv": [4.5, 14, 5, 16], "texture": "#2"},
				"down": {"uv": [5, 14, 5.5, 16], "texture": "#2"}
			}
		},
		{
			"from": [11.80355, 7.64645, 6],
			"to": [14.80355, 7.64645, 10],
			"rotation": {"angle": -45, "axis": "z", "origin": [14.80355, 6.64645, 8]},
			"faces": {
				"north": {"uv": [0, 0, 3, 0], "texture": "#3"},
				"east": {"uv": [0, 0, 4, 0], "texture": "#3"},
				"south": {"uv": [0, 0, 3, 0], "texture": "#3"},
				"west": {"uv": [0, 0, 4, 0], "texture": "#3"},
				"up": {"uv": [3, 4, 6, 8], "texture": "#3"},
				"down": {"uv": [3, 4, 6, 8], "texture": "#3"}
			}
		},
		{
			"from": [12.45, 6.5, 6],
			"to": [15.45, 6.5, 10],
			"rotation": {"angle": 45, "axis": "z", "origin": [14.45, 7, 10]},
			"faces": {
				"north": {"uv": [0, 0, 3, 0], "texture": "#3"},
				"east": {"uv": [0, 0, 4, 0], "texture": "#3"},
				"south": {"uv": [0, 0, 3, 0], "texture": "#3"},
				"west": {"uv": [0, 0, 4, 0], "texture": "#3"},
				"up": {"uv": [3, 0, 6, 4], "texture": "#3"},
				"down": {"uv": [3, 0, 6, 4], "texture": "#3"}
			}
		},
		{
			"from": [17.19645, 7.64645, 6],
			"to": [20.19645, 7.64645, 10],
			"rotation": {"angle": 45, "axis": "z", "origin": [17.19645, 6.64645, 8]},
			"faces": {
				"north": {"uv": [3, 0, 6, 0], "texture": "#3"},
				"east": {"uv": [3, 0, 7, 0], "texture": "#3"},
				"south": {"uv": [3, 0, 6, 0], "texture": "#3"},
				"west": {"uv": [3, 0, 7, 0], "texture": "#3"},
				"up": {"uv": [6, 4, 3, 8], "texture": "#3"},
				"down": {"uv": [6, 4, 3, 8], "texture": "#3"}
			}
		},
		{
			"from": [16.55, 6.5, 6],
			"to": [19.55, 6.5, 10],
			"rotation": {"angle": -45, "axis": "z", "origin": [17.55, 7, 10]},
			"faces": {
				"north": {"uv": [3, 0, 6, 0], "texture": "#3"},
				"east": {"uv": [3, 0, 7, 0], "texture": "#3"},
				"south": {"uv": [3, 0, 6, 0], "texture": "#3"},
				"west": {"uv": [3, 0, 7, 0], "texture": "#3"},
				"up": {"uv": [6, 0, 3, 4], "texture": "#3"},
				"down": {"uv": [6, 0, 3, 4], "texture": "#3"}
			}
		}
	],
	"display": {
		"thirdperson_righthand": {
			"rotation": [64, 0, 0],
			"translation": [0, 2.25, 1],
			"scale": [0.57, 0.57, 0.57]
		},
		"thirdperson_lefthand": {
			"rotation": [64, 0, 0],
			"translation": [0, 2.25, 1],
			"scale": [0.57, 0.57, 0.57]
		},
		"firstperson_righthand": {
			"rotation": [-23, 121, 17],
			"translation": [0.75, 3.5, 0],
			"scale": [0.54, 0.54, 0.54]
		},
		"firstperson_lefthand": {
			"rotation": [-23, 121, 17],
			"translation": [0.75, 3.5, 0],
			"scale": [0.54, 0.54, 0.54]
		},
		"ground": {
			"translation": [0, 0.75, 1.25],
			"scale": [0.43, 0.43, 0.43]
		},
		"gui": {
			"rotation": [-8, 150, 11],
			"translation": [1, 1, 0],
			"scale": [0.8, 0.8, 0.8]
		},
		"head": {
			"translation": [0, 5.75, 3.5],
			"scale": [1.65, 1.65, 1.65]
		},
		"fixed": {
			"rotation": [-90, 0, 0],
			"translation": [0, 3.5, -12],
			"scale": [2.01, 2.01, 2.01]
		}
	}
}