{"texture_size":[32,32],"textures":{"0":"item/blossom/blossom_fishing_rod","particle":"item/blossom/blossom_fishing_rod"},"elements":[{"from":[7.5,-1.5,7.5],"to":[8.5,6.5,8.5],"rotation":{"angle":0,"axis":"y","origin":[8,2.5,8]},"faces":{"north":{"uv":[3.75,3.25,4.25,7.25],"texture":"#0"},"east":{"uv":[3.25,3.25,3.75,7.25],"texture":"#0"},"south":{"uv":[3.75,3.25,3.25,7.25],"texture":"#0"},"west":{"uv":[4.25,3.25,3.75,7.25],"texture":"#0"},"up":{"uv":[1.5,1.5,1.75,1.75],"texture":"#0"},"down":{"uv":[1.5,1.5,1.75,1.75],"texture":"#0"}}},{"from":[7,-2.73744,5.76256],"to":[9,-0.73744,7.76256],"rotation":{"angle":-45,"axis":"x","origin":[8.25,-0.5,8]},"faces":{"north":{"uv":[8.75,0,9.75,1],"texture":"#0"},"east":{"uv":[0,0,1,1],"texture":"#0"},"south":{"uv":[7.75,0,8.75,1],"texture":"#0"},"west":{"uv":[0,0,1,1],"texture":"#0"},"up":{"uv":[8.75,0,9.75,1],"texture":"#0"},"down":{"uv":[7.75,1,8.75,0],"texture":"#0"}}},{"from":[6.75,7.23561,5.51247],"to":[9.25,10.23561,8.51247],"rotation":{"angle":-45,"axis":"x","origin":[8.25,6.9375,8]},"faces":{"north":{"uv":[5,1.5,6.25,0],"rotation":180,"texture":"#0"},"east":{"uv":[7.75,0,6.25,1.5],"texture":"#0"},"south":{"uv":[5,1.5,6.25,0],"rotation":180,"texture":"#0"},"west":{"uv":[6.25,0,7.75,1.5],"texture":"#0"},"up":{"uv":[5,1.5,6.25,0],"rotation":180,"texture":"#0"},"down":{"uv":[5,1.5,6.25,0],"rotation":180,"texture":"#0"}}},{"from":[6.5,6.5,6.5],"to":[9.5,8.5,9.5],"rotation":{"angle":0,"axis":"z","origin":[8,7.5,8]},"faces":{"north":{"uv":[3.5,10,5,11],"texture":"#0"},"east":{"uv":[2,10,3.5,11],"texture":"#0"},"south":{"uv":[2,11,3.5,12],"texture":"#0"},"west":{"uv":[3.5,10,2,11],"texture":"#0"},"up":{"uv":[5,10,6.5,11.5],"texture":"#0"},"down":{"uv":[5,10,6.5,11.5],"texture":"#0"}}},{"from":[7.5,7.75,9.75],"to":[8.5,13.75,10.75],"rotation":{"angle":22.5,"axis":"x","origin":[8,11.75,9.75]},"faces":{"north":{"uv":[12.75,0,13.25,3],"texture":"#0"},"east":{"uv":[9.75,0,10.25,3],"texture":"#0"},"south":{"uv":[11.25,0,11.75,3],"texture":"#0"},"west":{"uv":[9.75,0,10.25,3],"texture":"#0"},"up":{"uv":[10.75,0,11.25,0.5],"rotation":270,"texture":"#0"},"down":{"uv":[10.75,0,11.25,0.5],"rotation":270,"texture":"#0"}}},{"from":[7.5,13.21508,10.43925],"to":[8.5,21.21508,11.43925],"rotation":{"angle":0,"axis":"x","origin":[8,17.21508,10.43925]},"faces":{"north":{"uv":[13.25,0,13.75,4],"texture":"#0"},"east":{"uv":[10.25,0,10.75,4],"texture":"#0"},"south":{"uv":[11.75,0,12.25,4],"texture":"#0"},"west":{"uv":[10.25,0,10.75,4],"texture":"#0"},"up":{"uv":[10.75,0,11.25,0.5],"rotation":270,"texture":"#0"},"down":{"uv":[10.75,0,11.25,0.5],"rotation":270,"texture":"#0"}}},{"from":[7.5,20.52791,8.98463],"to":[8.5,24.52791,9.98463],"rotation":{"angle":-22.5,"axis":"x","origin":[8,24.52791,8.98463]},"faces":{"north":{"uv":[13.75,0,14.25,2],"texture":"#0"},"east":{"uv":[10.75,0,11.25,2],"texture":"#0"},"south":{"uv":[12.25,0,12.75,2],"texture":"#0"},"west":{"uv":[10.75,0,11.25,2],"texture":"#0"},"up":{"uv":[10.75,0,11.25,0.5],"rotation":270,"texture":"#0"},"down":{"uv":[10.75,0,11.25,0.5],"rotation":270,"texture":"#0"}}},{"from":[7.25,-1.625,7.25],"to":[8.75,0.375,8.75],"rotation":{"angle":0,"axis":"y","origin":[8,-0.125,8]},"faces":{"north":{"uv":[0,1,0.75,2],"texture":"#0"},"east":{"uv":[0.75,1,0,2],"texture":"#0"},"south":{"uv":[0,1,0.75,2],"texture":"#0"},"west":{"uv":[0.75,1,0,2],"texture":"#0"},"up":{"uv":[1.5,1.5,1.75,1.75],"texture":"#0"},"down":{"uv":[1.5,1.5,1.75,1.75],"texture":"#0"}}},{"from":[7.25,4.5,7.25],"to":[8.75,6.5,8.75],"rotation":{"angle":0,"axis":"y","origin":[8,6,8]},"faces":{"north":{"uv":[8.5,1,7.75,2],"texture":"#0"},"east":{"uv":[7.75,1,8.5,2],"texture":"#0"},"south":{"uv":[8.5,1,7.75,2],"texture":"#0"},"west":{"uv":[7.75,1,8.5,2],"texture":"#0"},"up":{"uv":[1.5,1.5,1.75,1.75],"texture":"#0"},"down":{"uv":[1.5,1.5,1.75,1.75],"texture":"#0"}}},{"from":[8,7.75,8.75],"to":[8.02,14,9.25],"rotation":{"angle":22.5,"axis":"x","origin":[7.5,11.75,8.25]},"faces":{"north":{"uv":[0.125,15.875,0,16],"rotation":90,"texture":"#0"},"east":{"uv":[14.25,0,14.5,3.125],"texture":"#0"},"south":{"uv":[0.125,15.875,0,16],"rotation":90,"texture":"#0"},"west":{"uv":[14.25,0,14.5,3.125],"texture":"#0"},"up":{"uv":[0.125,15.875,0,16],"rotation":90,"texture":"#0"},"down":{"uv":[0.125,15.875,0,16],"rotation":90,"texture":"#0"}}},{"from":[8,13.44605,9.53492],"to":[8.02,20.94605,10.03492],"rotation":{"angle":0,"axis":"x","origin":[7.5,17.19605,9.03492]},"faces":{"north":{"uv":[0.125,15.875,0,16],"rotation":90,"texture":"#0"},"east":{"uv":[14.5,0,14.75,3.75],"texture":"#0"},"south":{"uv":[0.125,15.875,0,16],"rotation":90,"texture":"#0"},"west":{"uv":[14.5,0,14.75,3.75],"texture":"#0"},"up":{"uv":[0.125,15.875,0,16],"rotation":90,"texture":"#0"},"down":{"uv":[0.125,15.875,0,16],"rotation":90,"texture":"#0"}}},{"from":[8,20.25888,8.0803],"to":[8.02,23.25888,9.0803],"rotation":{"angle":-22.5,"axis":"x","origin":[7.5,24.25888,7.5803]},"faces":{"north":{"uv":[0.125,15.875,0,16],"rotation":90,"texture":"#0"},"east":{"uv":[14.75,0,15.25,1.5],"texture":"#0"},"south":{"uv":[0.125,15.875,0,16],"rotation":90,"texture":"#0"},"west":{"uv":[15.25,0,14.75,1.5],"texture":"#0"},"up":{"uv":[0.125,15.875,0,16],"rotation":90,"texture":"#0"},"down":{"uv":[0.125,15.875,0,16],"rotation":90,"texture":"#0"}}},{"from":[7,13,9.75],"to":[9,14,11.75],"rotation":{"angle":22.5,"axis":"x","origin":[8,13.5,10.75]},"faces":{"north":{"uv":[7.75,2.25,8.75,2.75],"texture":"#0"},"east":{"uv":[7.75,2.25,8.75,2.75],"texture":"#0"},"south":{"uv":[7.75,2.25,8.75,2.75],"texture":"#0"},"west":{"uv":[7.75,2.25,8.75,2.75],"texture":"#0"},"up":{"uv":[1.5,1.5,1.75,1.75],"texture":"#0"},"down":{"uv":[1.5,1.5,1.75,1.75],"texture":"#0"}}},{"from":[7,20.75,9.75],"to":[9,21.75,11.75],"rotation":{"angle":-22.5,"axis":"x","origin":[8,21.25,10.75]},"faces":{"north":{"uv":[7.75,2.25,8.75,2.75],"texture":"#0"},"east":{"uv":[7.75,2.25,8.75,2.75],"texture":"#0"},"south":{"uv":[7.75,2.25,8.75,2.75],"texture":"#0"},"west":{"uv":[7.75,2.25,8.75,2.75],"texture":"#0"},"up":{"uv":[1.5,1.5,1.75,1.75],"texture":"#0"},"down":{"uv":[1.5,1.5,1.75,1.75],"texture":"#0"}}},{"from":[6.32984,6.25,2.826],"to":[6.34984,8.75,6.326],"rotation":{"angle":22.5,"axis":"y","origin":[5.75,7.5,6]},"faces":{"north":{"uv":[0,16,0.125,15.875],"texture":"#0"},"east":{"uv":[3.25,1.5,4.5,3.25],"rotation":90,"texture":"#0"},"south":{"uv":[0,16,0.125,15.875],"texture":"#0"},"west":{"uv":[3.25,3.25,4.5,1.5],"rotation":90,"texture":"#0"},"up":{"uv":[0.125,15.875,0,16],"rotation":90,"texture":"#0"},"down":{"uv":[0.125,15.875,0,16],"rotation":270,"texture":"#0"}}},{"from":[6.32984,7.174,4.75],"to":[6.34984,10.674,7.25],"rotation":{"angle":22.5,"axis":"z","origin":[5.75,7.5,6]},"faces":{"north":{"uv":[0,16,0.125,15.875],"texture":"#0"},"east":{"uv":[4.5,1.5,3.25,3.25],"texture":"#0"},"south":{"uv":[0,16,0.125,15.875],"texture":"#0"},"west":{"uv":[3.25,1.5,4.5,3.25],"texture":"#0"},"up":{"uv":[0.125,15.875,0,16],"rotation":90,"texture":"#0"},"down":{"uv":[0.125,15.875,0,16],"rotation":270,"texture":"#0"}}},{"from":[6.32984,4.326,4.75],"to":[6.34984,7.826,7.25],"rotation":{"angle":-22.5,"axis":"z","origin":[5.75,7.5,6]},"faces":{"north":{"uv":[0,16,0.125,15.875],"texture":"#0"},"east":{"uv":[5.75,3.25,4.5,1.5],"texture":"#0"},"south":{"uv":[0,16,0.125,15.875],"texture":"#0"},"west":{"uv":[4.5,3.25,5.75,1.5],"texture":"#0"},"up":{"uv":[0.125,15.875,0,16],"rotation":90,"texture":"#0"},"down":{"uv":[0.125,15.875,0,16],"rotation":270,"texture":"#0"}}},{"from":[6.32984,6.25,5.674],"to":[6.34984,8.75,9.174],"rotation":{"angle":-22.5,"axis":"y","origin":[5.75,7.5,6]},"faces":{"north":{"uv":[0,16,0.125,15.875],"texture":"#0"},"east":{"uv":[4.5,3.25,5.75,1.5],"rotation":90,"texture":"#0"},"south":{"uv":[0,16,0.125,15.875],"texture":"#0"},"west":{"uv":[4.5,1.5,5.75,3.25],"rotation":90,"texture":"#0"},"up":{"uv":[0.125,15.875,0,16],"rotation":90,"texture":"#0"},"down":{"uv":[0.125,15.875,0,16],"rotation":270,"texture":"#0"}}},{"from":[9.65016,6.25,2.826],"to":[9.67016,8.75,6.326],"rotation":{"angle":-22.5,"axis":"y","origin":[10.25,7.5,6]},"faces":{"north":{"uv":[0.125,16,0,15.875],"texture":"#0"},"east":{"uv":[3.25,1.5,4.5,3.25],"rotation":90,"texture":"#0"},"south":{"uv":[0.125,16,0,15.875],"texture":"#0"},"west":{"uv":[3.25,3.25,4.5,1.5],"rotation":90,"texture":"#0"},"up":{"uv":[0.125,16,0,15.875],"rotation":90,"texture":"#0"},"down":{"uv":[0.125,16,0,15.875],"rotation":270,"texture":"#0"}}},{"from":[9.65016,7.174,4.75],"to":[9.67016,10.674,7.25],"rotation":{"angle":-22.5,"axis":"z","origin":[10.25,7.5,6]},"faces":{"north":{"uv":[0.125,16,0,15.875],"texture":"#0"},"east":{"uv":[4.5,1.5,3.25,3.25],"texture":"#0"},"south":{"uv":[0.125,16,0,15.875],"texture":"#0"},"west":{"uv":[3.25,1.5,4.5,3.25],"texture":"#0"},"up":{"uv":[0.125,16,0,15.875],"rotation":90,"texture":"#0"},"down":{"uv":[0.125,16,0,15.875],"rotation":270,"texture":"#0"}}},{"from":[9.65016,4.326,4.75],"to":[9.67016,7.826,7.25],"rotation":{"angle":22.5,"axis":"z","origin":[10.25,7.5,6]},"faces":{"north":{"uv":[0.125,16,0,15.875],"texture":"#0"},"east":{"uv":[5.75,3.25,4.5,1.5],"texture":"#0"},"south":{"uv":[0.125,16,0,15.875],"texture":"#0"},"west":{"uv":[4.5,3.25,5.75,1.5],"texture":"#0"},"up":{"uv":[0.125,16,0,15.875],"rotation":90,"texture":"#0"},"down":{"uv":[0.125,16,0,15.875],"rotation":270,"texture":"#0"}}},{"from":[9.65016,6.25,5.674],"to":[9.67016,8.75,9.174],"rotation":{"angle":22.5,"axis":"y","origin":[10.25,7.5,6]},"faces":{"north":{"uv":[0.125,16,0,15.875],"texture":"#0"},"east":{"uv":[4.5,3.25,5.75,1.5],"rotation":90,"texture":"#0"},"south":{"uv":[0.125,16,0,15.875],"texture":"#0"},"west":{"uv":[4.5,1.5,5.75,3.25],"rotation":90,"texture":"#0"},"up":{"uv":[0.125,16,0,15.875],"rotation":90,"texture":"#0"},"down":{"uv":[0.125,16,0,15.875],"rotation":270,"texture":"#0"}}},{"from":[7.99,8.75,9.25],"to":[8.01,10.25,13.75],"rotation":{"angle":45,"axis":"x","origin":[8,9.5,11.5]},"faces":{"north":{"uv":[0.125,16,0,15.875],"texture":"#0"},"east":{"uv":[1,2.5,3.25,3.25],"texture":"#0"},"south":{"uv":[0.125,16,0,15.875],"texture":"#0"},"west":{"uv":[3.25,2.5,1,3.25],"texture":"#0"},"up":{"uv":[0.125,16,0,15.875],"rotation":90,"texture":"#0"},"down":{"uv":[0.125,16,0,15.875],"rotation":270,"texture":"#0"}}},{"from":[7.99,-1.25,3.75],"to":[8.01,7.75,6.25],"rotation":{"angle":22.5,"axis":"x","origin":[8,3.25,5]},"faces":{"north":{"uv":[0,16,0.125,15.875],"texture":"#0"},"east":{"uv":[2.75,3.25,1.5,7.75],"texture":"#0"},"south":{"uv":[0,16,0.125,15.875],"texture":"#0"},"west":{"uv":[1.5,3.25,2.75,7.75],"texture":"#0"},"up":{"uv":[0,16,0.125,15.875],"rotation":90,"texture":"#0"},"down":{"uv":[0,16,0.125,15.875],"rotation":270,"texture":"#0"}}},{"from":[7.99,10.09096,12.48463],"to":[8.01,19.09096,14.98463],"rotation":{"angle":-22.5,"axis":"x","origin":[8,12.75,11.25]},"faces":{"north":{"uv":[0,16,0.125,15.875],"texture":"#0"},"east":{"uv":[1.5,3.25,2.75,7.75],"texture":"#0"},"south":{"uv":[0,16,0.125,15.875],"texture":"#0"},"west":{"uv":[2.75,3.25,1.5,7.75],"texture":"#0"},"up":{"uv":[0.125,15.875,0,16],"rotation":90,"texture":"#0"},"down":{"uv":[0.125,15.875,0,16],"rotation":270,"texture":"#0"}}},{"from":[7.99,11.29486,5.80865],"to":[8.01,12.79486,10.30865],"rotation":{"angle":-22.5,"axis":"x","origin":[8,12.5,5]},"faces":{"north":{"uv":[0.125,15.875,0,16],"texture":"#0"},"east":{"uv":[1,3.25,3.25,2.5],"texture":"#0"},"south":{"uv":[0.125,15.875,0,16],"texture":"#0"},"west":{"uv":[3.25,3.25,1,2.5],"texture":"#0"},"up":{"uv":[0,16,0.125,15.875],"rotation":270,"texture":"#0"},"down":{"uv":[0,16,0.125,15.875],"rotation":90,"texture":"#0"}}},{"from":[7,24,7],"to":[9,26,9.5],"rotation":{"angle":22.5,"axis":"x","origin":[8,25,8]},"faces":{"north":{"uv":[7.75,4.25,8.75,5.25],"texture":"#0"},"east":{"uv":[9.75,4,10.75,5.25],"rotation":90,"texture":"#0"},"south":{"uv":[8.75,4.25,9.75,5.25],"texture":"#0"},"west":{"uv":[9.75,5.25,10.75,4],"rotation":90,"texture":"#0"},"up":{"uv":[10.75,4,11.75,5.25],"texture":"#0"},"down":{"uv":[11.75,4,12.75,5.25],"texture":"#0"}}},{"from":[8,24.1875,4],"to":[8.02,26.6875,7],"rotation":{"angle":22.5,"axis":"x","origin":[8,25.4375,5.5]},"faces":{"north":{"uv":[0.125,15.875,0,16],"rotation":90,"texture":"#0"},"east":{"uv":[11.25,5.25,12.75,6.5],"texture":"#0"},"south":{"uv":[0.125,15.875,0,16],"rotation":90,"texture":"#0"},"west":{"uv":[12.75,5.25,11.25,6.5],"texture":"#0"},"up":{"uv":[0.125,15.875,0,16],"rotation":90,"texture":"#0"},"down":{"uv":[0.125,15.875,0,16],"rotation":90,"texture":"#0"}}}],"gui_light":"front","display":{"thirdperson_righthand":{"translation":[0,2.5,2],"scale":[0.9,0.9,0.9]},"thirdperson_lefthand":{"translation":[0,2.5,2],"scale":[0.9,0.9,0.9]},"firstperson_righthand":{"rotation":[-30,0,0],"translation":[1.75,2,0.75],"scale":[0.8,0.8,0.8]},"firstperson_lefthand":{"rotation":[-30,0,0],"translation":[1.75,2,0.75],"scale":[0.8,0.8,0.8]},"ground":{"rotation":[-45,0,0],"translation":[0,4,0],"scale":[0.7,0.7,0.7]},"gui":{"rotation":[118,55,-108],"translation":[-1,-1.5,0],"scale":[0.5,0.5,0.5]},"fixed":{"rotation":[0,-90,0],"translation":[0,0,-1.5]}},"groups":[{"name":"group","origin":[8,24.52791,8.98463],"color":0,"children":[0,1,2,3,4,5,6]},{"name":"group","origin":[8,6,8],"color":0,"children":[7,8,9,10,11,12,13]},{"name":"group","origin":[8,8,8],"color":0,"children":[{"name":"group","origin":[6,8,8.50924],"color":0,"children":[14,15,16,17]},{"name":"group","origin":[6,8,8.50924],"color":0,"children":[18,19,20,21]}]},{"name":"group","origin":[4.07612,8.61732,8],"color":0,"children":[22,23,24,25]},{"name":"group","origin":[8,25.4375,5.5],"color":0,"children":[26,27]}],"mcmodels":"7389d07b5c739909d011763eb957f9db"}