{
	"credit": "Made with Blockbench",
	"texture_size": [64, 64],
	"textures": {
		"2": "item/furnitures/comfy_furniture_v1/center_flower_vase",
		"particle": "item/furnitures/comfy_furniture_v1/center_flower_vase"
	},
	"elements": [
		{
			"from": [5, 0, 5],
			"to": [11, 7, 11],
			"faces": {
				"north": {"uv": [0, 6.5, 1.5, 8.25], "texture": "#2", "tintindex": 0},
				"east": {"uv": [6.5, 0, 8, 1.75], "texture": "#2", "tintindex": 0},
				"south": {"uv": [1.5, 6.5, 3, 8.25], "texture": "#2", "tintindex": 0},
				"west": {"uv": [6.5, 1.75, 8, 3.5], "texture": "#2", "tintindex": 0},
				"up": {"uv": [4.5, 8, 3, 6.5], "texture": "#2", "tintindex": 0},
				"down": {"uv": [8, 3.5, 6.5, 5], "texture": "#2", "tintindex": 0}
			}
		},
		{
			"from": [6.5, 12, 6.5],
			"to": [9.5, 13, 9.5],
			"faces": {
				"north": {"uv": [7, 6, 7.75, 6.25], "texture": "#2", "tintindex": 0},
				"east": {"uv": [6.75, 7, 7.5, 7.25], "texture": "#2", "tintindex": 0},
				"south": {"uv": [6, 7.25, 6.75, 7.5], "texture": "#2", "tintindex": 0},
				"west": {"uv": [6.75, 7.25, 7.5, 7.5], "texture": "#2", "tintindex": 0},
				"up": {"uv": [6.75, 7.25, 6, 6.5], "texture": "#2", "tintindex": 0},
				"down": {"uv": [7.5, 6.25, 6.75, 7], "texture": "#2", "tintindex": 0}
			}
		},
		{
			"from": [1.5, 9, 8],
			"to": [14.5, 22, 8],
			"rotation": {"angle": -45, "axis": "y", "origin": [8, 15.5, 8]},
			"faces": {
				"north": {"uv": [0, 0, 3.25, 3.25], "texture": "#2"},
				"east": {"uv": [0, 0, 0, 3.25], "texture": "#2"},
				"south": {"uv": [0, 3.25, 3.25, 6.5], "texture": "#2"},
				"west": {"uv": [0, 0, 0, 3.25], "texture": "#2"},
				"up": {"uv": [3.25, 0, 0, 0], "texture": "#2"},
				"down": {"uv": [3.25, 0, 0, 0], "texture": "#2"}
			}
		},
		{
			"from": [8, 9, 1.5],
			"to": [8, 22, 14.5],
			"rotation": {"angle": -45, "axis": "y", "origin": [8, 15.5, 8]},
			"faces": {
				"north": {"uv": [0, 0, 0, 3.25], "texture": "#2"},
				"east": {"uv": [3.25, 0, 6.5, 3.25], "texture": "#2"},
				"south": {"uv": [0, 0, 0, 3.25], "texture": "#2"},
				"west": {"uv": [3.25, 3.25, 6.5, 6.5], "texture": "#2"},
				"up": {"uv": [0, 3.25, 0, 0], "texture": "#2"},
				"down": {"uv": [0, 0, 0, 3.25], "texture": "#2"}
			}
		},
		{
			"from": [7, 7, 7],
			"to": [9, 12, 9],
			"faces": {
				"north": {"uv": [4.5, 6.5, 5, 7.75], "texture": "#2", "tintindex": 0},
				"east": {"uv": [5, 6.5, 5.5, 7.75], "texture": "#2", "tintindex": 0},
				"south": {"uv": [6.5, 5, 7, 6.25], "texture": "#2", "tintindex": 0},
				"west": {"uv": [5.5, 6.5, 6, 7.75], "texture": "#2", "tintindex": 0},
				"up": {"uv": [7.5, 5.5, 7, 5], "texture": "#2", "tintindex": 0},
				"down": {"uv": [7.5, 5.5, 7, 6], "texture": "#2", "tintindex": 0}
			}
		}
	],
	"display": {
		"thirdperson_righthand": {
			"rotation": [75, 45, 0],
			"translation": [0, 2.5, 0],
			"scale": [0.375, 0.375, 0.375]
		},
		"thirdperson_lefthand": {
			"rotation": [75, 45, 0],
			"translation": [0, 2.5, 0],
			"scale": [0.375, 0.375, 0.375]
		},
		"firstperson_righthand": {
			"rotation": [0, 45, 0],
			"scale": [0.4, 0.4, 0.4]
		},
		"firstperson_lefthand": {
			"rotation": [0, 225, 0],
			"scale": [0.4, 0.4, 0.4]
		},
		"ground": {
			"translation": [0, 3, 0],
			"scale": [0.25, 0.25, 0.25]
		},
		"gui": {
			"rotation": [30, 225, 0],
			"scale": [0.625, 0.625, 0.625]
		},
		"fixed": {
			"rotation": [-90, 0, 0],
			"translation": [0, 0, -15],
			"scale": [2, 2, 2]
		}
	}
}