{
	"credit": "Made with Blockbench",
	"texture_size": [64, 64],
	"textures": {
		"1": "item/furnitures/comfy_furniture_v1/comfy_armchair"
	},
	"elements": [
		{
			"from": [0, 1, 1],
			"to": [3, 11, 13],
			"faces": {
				"north": {"uv": [11.25, 11.75, 12, 14.25], "texture": "#1"},
				"east": {"uv": [6, 6.5, 9, 9], "texture": "#1"},
				"south": {"uv": [2.25, 12, 3, 14.5], "texture": "#1"},
				"west": {"uv": [7, 0, 10, 2.5], "texture": "#1"},
				"up": {"uv": [2.25, 13.5, 1.5, 10.5], "texture": "#1"},
				"down": {"uv": [11.75, 0, 11, 3], "texture": "#1"}
			}
		},
		{
			"from": [13, 1, 1],
			"to": [16, 11, 13],
			"rotation": {"angle": 0, "axis": "y", "origin": [16, 0, 0]},
			"faces": {
				"north": {"uv": [7.25, 11.25, 8, 13.75], "texture": "#1"},
				"east": {"uv": [0, 5, 3, 7.5], "texture": "#1"},
				"south": {"uv": [10.5, 11.75, 11.25, 14.25], "texture": "#1"},
				"west": {"uv": [3, 6.5, 6, 9], "texture": "#1"},
				"up": {"uv": [0.75, 13.5, 0, 10.5], "texture": "#1"},
				"down": {"uv": [1.5, 10.5, 0.75, 13.5], "texture": "#1"}
			}
		},
		{
			"from": [0, 0, 1],
			"to": [3, 1, 4],
			"faces": {
				"north": {"uv": [7, 6.25, 7.75, 6.5], "texture": "#1"},
				"east": {"uv": [7.75, 6.25, 8.5, 6.5], "texture": "#1"},
				"south": {"uv": [13.25, 5.25, 14, 5.5], "texture": "#1"},
				"west": {"uv": [13.25, 5.5, 14, 5.75], "texture": "#1"},
				"up": {"uv": [3.75, 5.75, 3, 5], "texture": "#1"},
				"down": {"uv": [3.75, 5.75, 3, 6.5], "texture": "#1"}
			}
		},
		{
			"from": [0, 0, 13],
			"to": [3, 1, 16],
			"faces": {
				"north": {"uv": [13.25, 5.75, 14, 6], "texture": "#1"},
				"east": {"uv": [13.25, 6, 14, 6.25], "texture": "#1"},
				"south": {"uv": [0, 13.5, 0.75, 13.75], "texture": "#1"},
				"west": {"uv": [0.75, 13.5, 1.5, 13.75], "texture": "#1"},
				"up": {"uv": [7.75, 6.25, 7, 5.5], "texture": "#1"},
				"down": {"uv": [8.5, 5.5, 7.75, 6.25], "texture": "#1"}
			}
		},
		{
			"from": [13, 0, 13],
			"to": [16, 1, 16],
			"faces": {
				"north": {"uv": [13.5, 9.75, 14.25, 10], "texture": "#1"},
				"east": {"uv": [13.5, 10, 14.25, 10.25], "texture": "#1"},
				"south": {"uv": [13.5, 10.25, 14.25, 10.5], "texture": "#1"},
				"west": {"uv": [13.5, 10.5, 14.25, 10.75], "texture": "#1"},
				"up": {"uv": [12.75, 13.5, 12, 12.75], "texture": "#1"},
				"down": {"uv": [13.5, 12.75, 12.75, 13.5], "texture": "#1"}
			}
		},
		{
			"from": [13, 0, 1],
			"to": [16, 1, 4],
			"faces": {
				"north": {"uv": [1.5, 13.5, 2.25, 13.75], "texture": "#1"},
				"east": {"uv": [4.5, 13.5, 5.25, 13.75], "texture": "#1"},
				"south": {"uv": [5.25, 13.5, 6, 13.75], "texture": "#1"},
				"west": {"uv": [6, 13.5, 6.75, 13.75], "texture": "#1"},
				"up": {"uv": [5.25, 12.75, 4.5, 12], "texture": "#1"},
				"down": {"uv": [5.25, 12.75, 4.5, 13.5], "texture": "#1"}
			}
		},
		{
			"from": [3, 1, 1],
			"to": [13, 4, 13],
			"faces": {
				"north": {"uv": [11.75, 1.5, 14.25, 2.25], "texture": "#1"},
				"east": {"uv": [11, 3, 14, 3.75], "texture": "#1"},
				"south": {"uv": [11.75, 2.25, 14.25, 3], "texture": "#1"},
				"west": {"uv": [2.25, 11.25, 5.25, 12], "texture": "#1"},
				"up": {"uv": [9.5, 5.5, 7, 2.5], "texture": "#1"},
				"down": {"uv": [2.5, 7.5, 0, 10.5], "texture": "#1"}
			}
		},
		{
			"from": [2, 3, 0],
			"to": [14, 7, 13],
			"faces": {
				"north": {"uv": [10, 7.75, 13, 8.75], "texture": "#1", "tintindex": 0},
				"east": {"uv": [9.5, 4.25, 12.75, 5.25], "texture": "#1", "tintindex": 0},
				"south": {"uv": [10, 8.75, 13, 9.75], "texture": "#1"},
				"west": {"uv": [10, 5.25, 13.25, 6.25], "texture": "#1", "tintindex": 0},
				"up": {"uv": [7, 3.25, 4, 0], "texture": "#1", "tintindex": 0},
				"down": {"uv": [7, 3.25, 4, 6.5], "texture": "#1", "tintindex": 0}
			}
		},
		{
			"from": [2, 6, 11],
			"to": [14, 15, 15],
			"faces": {
				"north": {"uv": [2.5, 9, 5.5, 11.25], "texture": "#1", "tintindex": 0},
				"east": {"uv": [5.25, 11.25, 6.25, 13.5], "texture": "#1", "tintindex": 0},
				"south": {"uv": [5.5, 9, 8.5, 11.25], "texture": "#1", "tintindex": 0},
				"west": {"uv": [6.25, 11.25, 7.25, 13.5], "texture": "#1", "tintindex": 0},
				"up": {"uv": [13.5, 10.75, 10.5, 9.75], "texture": "#1", "tintindex": 0},
				"down": {"uv": [13.5, 10.75, 10.5, 11.75], "texture": "#1"}
			}
		},
		{
			"from": [-0.5, 11, 0],
			"to": [3.5, 13, 17],
			"faces": {
				"north": {"uv": [13, 7.75, 14, 8.25], "texture": "#1", "tintindex": 0},
				"east": {"uv": [11, 3.75, 15.25, 4.25], "texture": "#1", "tintindex": 0},
				"south": {"uv": [13, 8.25, 14, 8.75], "texture": "#1", "tintindex": 0},
				"west": {"uv": [11.75, 0, 16, 0.5], "texture": "#1", "tintindex": 0},
				"up": {"uv": [10, 9.75, 9, 5.5], "texture": "#1", "tintindex": 0},
				"down": {"uv": [9.5, 9.75, 8.5, 14], "texture": "#1", "tintindex": 0}
			}
		},
		{
			"from": [12.5, 11, 0],
			"to": [16.5, 13, 17],
			"rotation": {"angle": 0, "axis": "y", "origin": [16, 0, 0]},
			"faces": {
				"north": {"uv": [13, 8.75, 14, 9.25], "texture": "#1", "tintindex": 0},
				"east": {"uv": [11.75, 0.5, 16, 1], "texture": "#1", "tintindex": 0},
				"south": {"uv": [13, 9.25, 14, 9.75], "texture": "#1", "tintindex": 0},
				"west": {"uv": [11.75, 1, 16, 1.5], "texture": "#1", "tintindex": 0},
				"up": {"uv": [10.5, 14, 9.5, 9.75], "texture": "#1", "tintindex": 0},
				"down": {"uv": [11, 0, 10, 4.25], "texture": "#1", "tintindex": 0}
			}
		},
		{
			"from": [3.5, 11, 15],
			"to": [12.5, 13, 17],
			"faces": {
				"north": {"uv": [12, 11.75, 14.25, 12.25], "texture": "#1"},
				"east": {"uv": [2.5, 7.5, 3, 8], "texture": "#1"},
				"south": {"uv": [12, 12.25, 14.25, 12.75], "texture": "#1", "tintindex": 0},
				"west": {"uv": [2.5, 8, 3, 8.5], "texture": "#1"},
				"up": {"uv": [15, 4.75, 12.75, 4.25], "texture": "#1", "tintindex": 0},
				"down": {"uv": [15, 4.75, 12.75, 5.25], "texture": "#1", "tintindex": 0}
			}
		},
		{
			"from": [0, 1, 13],
			"to": [16, 11, 16],
			"faces": {
				"north": {"uv": [0, 0, 4, 2.5], "texture": "#1"},
				"east": {"uv": [3, 12, 3.75, 14.5], "texture": "#1"},
				"south": {"uv": [0, 2.5, 4, 5], "texture": "#1"},
				"west": {"uv": [3.75, 12, 4.5, 14.5], "texture": "#1"},
				"up": {"uv": [14, 7, 10, 6.25], "texture": "#1"},
				"down": {"uv": [14, 7, 10, 7.75], "texture": "#1"}
			}
		}
	],
	"display": {
		"thirdperson_righthand": {
			"rotation": [75, 45, 0],
			"translation": [0, 2.5, 0],
			"scale": [0.375, 0.375, 0.375]
		},
		"thirdperson_lefthand": {
			"rotation": [75, 45, 0],
			"translation": [0, 2.5, 0],
			"scale": [0.375, 0.375, 0.375]
		},
		"firstperson_righthand": {
			"rotation": [158.12, 59.03, -149.7],
			"translation": [0, 2.5, 0],
			"scale": [0.375, 0.375, 0.375]
		},
		"firstperson_lefthand": {
			"rotation": [158.12, 59.03, -149.7],
			"translation": [0, 2.5, 0],
			"scale": [0.375, 0.375, 0.375]
		},
		"ground": {
			"translation": [0, 3, 0],
			"scale": [0.25, 0.25, 0.25]
		},
		"gui": {
			"rotation": [30, 225, 0],
			"scale": [0.625, 0.625, 0.625]
		},
		"fixed": {
			"rotation": [-90, 0, 0],
			"translation": [0, 0, -15],
			"scale": [2, 2, 2]
		}
	}
}