{
	"credit": "Made with Blockbench",
	"texture_size": [64, 64],
	"textures": {
		"1": "item/furnitures/comfy_furniture_v1/comfy_dinner_chair"
	},
	"elements": [
		{
			"from": [2, 0, 2],
			"to": [4, 5, 4],
			"faces": {
				"north": {"uv": [4.5, 10.25, 5, 11.5], "texture": "#1"},
				"east": {"uv": [5, 10.25, 5.5, 11.5], "texture": "#1"},
				"south": {"uv": [5.5, 10.25, 6, 11.5], "texture": "#1"},
				"west": {"uv": [6, 10.25, 6.5, 11.5], "texture": "#1"},
				"up": {"uv": [11, 6, 10.5, 5.5], "texture": "#1"},
				"down": {"uv": [11, 6, 10.5, 6.5], "texture": "#1"}
			}
		},
		{
			"from": [2, 0, 12],
			"to": [4, 5, 14],
			"rotation": {"angle": 0, "axis": "y", "origin": [0, 0, 16]},
			"faces": {
				"north": {"uv": [6.5, 10.25, 7, 11.5], "texture": "#1"},
				"east": {"uv": [10.5, 8, 11, 9.25], "texture": "#1"},
				"south": {"uv": [10.5, 9.25, 11, 10.5], "texture": "#1"},
				"west": {"uv": [10.5, 10.5, 11, 11.75], "texture": "#1"},
				"up": {"uv": [11.5, 6, 11, 5.5], "texture": "#1"},
				"down": {"uv": [11.5, 6, 11, 6.5], "texture": "#1"}
			}
		},
		{
			"from": [12, 0, 12],
			"to": [14, 5, 14],
			"rotation": {"angle": 0, "axis": "y", "origin": [16, 0, 16]},
			"faces": {
				"north": {"uv": [2.5, 10.75, 3, 12], "texture": "#1"},
				"east": {"uv": [3, 10.75, 3.5, 12], "texture": "#1"},
				"south": {"uv": [3.5, 10.75, 4, 12], "texture": "#1"},
				"west": {"uv": [11, 8, 11.5, 9.25], "texture": "#1"},
				"up": {"uv": [11.5, 10.75, 11, 10.25], "texture": "#1"},
				"down": {"uv": [11.5, 10.75, 11, 11.25], "texture": "#1"}
			}
		},
		{
			"from": [12, 0, 2],
			"to": [14, 5, 4],
			"rotation": {"angle": 0, "axis": "y", "origin": [16, 0, 0]},
			"faces": {
				"north": {"uv": [0.5, 10.75, 1, 12], "texture": "#1"},
				"east": {"uv": [1, 10.75, 1.5, 12], "texture": "#1"},
				"south": {"uv": [1.5, 10.75, 2, 12], "texture": "#1"},
				"west": {"uv": [2, 10.75, 2.5, 12], "texture": "#1"},
				"up": {"uv": [11.5, 9.75, 11, 9.25], "texture": "#1"},
				"down": {"uv": [11.5, 9.75, 11, 10.25], "texture": "#1"}
			}
		},
		{
			"from": [2, 5, 2],
			"to": [14, 6, 14],
			"faces": {
				"north": {"uv": [10.5, 4.5, 13.5, 4.75], "texture": "#1"},
				"east": {"uv": [10.5, 4.75, 13.5, 5], "texture": "#1"},
				"south": {"uv": [10.5, 5, 13.5, 5.25], "texture": "#1"},
				"west": {"uv": [10.5, 5.25, 13.5, 5.5], "texture": "#1"},
				"up": {"uv": [10, 9.5, 7, 6.5], "texture": "#1"},
				"down": {"uv": [10, 9.5, 7, 12.5], "texture": "#1"}
			}
		},
		{
			"from": [1, 7, 1],
			"to": [15, 9, 14],
			"faces": {
				"north": {"uv": [10.5, 0.5, 14, 1], "texture": "#1", "tintindex": 0},
				"east": {"uv": [10.5, 1.5, 13.75, 2], "texture": "#1", "tintindex": 0},
				"south": {"uv": [10.5, 1, 14, 1.5], "texture": "#1"},
				"west": {"uv": [10.5, 2, 13.75, 2.5], "texture": "#1", "tintindex": 0},
				"up": {"uv": [3.5, 10.25, 0, 7], "texture": "#1", "tintindex": 0},
				"down": {"uv": [10.5, 0, 7, 3.25], "texture": "#1", "tintindex": 0}
			}
		},
		{
			"from": [1, 6, 1],
			"to": [15, 7, 14],
			"faces": {
				"north": {"uv": [10.5, 3.5, 14, 3.75], "texture": "#1"},
				"east": {"uv": [10.5, 4, 13.75, 4.25], "texture": "#1"},
				"south": {"uv": [10.5, 3.75, 14, 4], "texture": "#1"},
				"west": {"uv": [10.5, 4.25, 13.75, 4.5], "texture": "#1"},
				"up": {"uv": [10.5, 6.5, 7, 3.25], "texture": "#1"},
				"down": {"uv": [7, 7, 3.5, 10.25], "texture": "#1"}
			}
		},
		{
			"from": [1, 9, 12],
			"to": [15, 23, 14],
			"faces": {
				"north": {"uv": [0, 0, 3.5, 3.5], "texture": "#1", "tintindex": 0},
				"east": {"uv": [10, 8, 10.5, 11.5], "texture": "#1", "tintindex": 0},
				"south": {"uv": [0, 3.5, 3.5, 7], "texture": "#1", "tintindex": 0},
				"west": {"uv": [0, 10.25, 0.5, 13.75], "texture": "#1", "tintindex": 0},
				"up": {"uv": [4, 10.75, 0.5, 10.25], "texture": "#1", "tintindex": 0},
				"down": {"uv": [14, 0, 10.5, 0.5], "texture": "#1", "tintindex": 0}
			}
		},
		{
			"from": [1, 9, 14],
			"to": [15, 23, 15],
			"faces": {
				"north": {"uv": [3.5, 0, 7, 3.5], "texture": "#1"},
				"east": {"uv": [4, 10.25, 4.25, 13.75], "texture": "#1"},
				"south": {"uv": [3.5, 3.5, 7, 7], "texture": "#1"},
				"west": {"uv": [4.25, 10.25, 4.5, 13.75], "texture": "#1"},
				"up": {"uv": [14, 3.25, 10.5, 3], "texture": "#1"},
				"down": {"uv": [14, 3.25, 10.5, 3.5], "texture": "#1"}
			}
		},
		{
			"from": [1, 6, 14],
			"to": [15, 9, 15],
			"faces": {
				"north": {"uv": [10, 6.5, 13.5, 7.25], "texture": "#1"},
				"east": {"uv": [11, 11.25, 11.25, 12], "texture": "#1"},
				"south": {"uv": [10, 7.25, 13.5, 8], "texture": "#1"},
				"west": {"uv": [11.25, 11.25, 11.5, 12], "texture": "#1"},
				"up": {"uv": [14, 2.75, 10.5, 2.5], "texture": "#1"},
				"down": {"uv": [14, 2.75, 10.5, 3], "texture": "#1"}
			}
		}
	],
	"display": {
		"thirdperson_righthand": {
			"rotation": [75, 45, 0],
			"translation": [0, 2.5, 0],
			"scale": [0.375, 0.375, 0.375]
		},
		"thirdperson_lefthand": {
			"rotation": [75, 45, 0],
			"translation": [0, 2.5, 0],
			"scale": [0.375, 0.375, 0.375]
		},
		"firstperson_righthand": {
			"rotation": [0, 45, 0],
			"scale": [0.4, 0.4, 0.4]
		},
		"firstperson_lefthand": {
			"rotation": [0, 225, 0],
			"scale": [0.4, 0.4, 0.4]
		},
		"ground": {
			"translation": [0, 3, 0],
			"scale": [0.25, 0.25, 0.25]
		},
		"gui": {
			"rotation": [30, 225, 0],
			"translation": [0, -1.5, 0],
			"scale": [0.5, 0.5, 0.5]
		},
		"fixed": {
			"rotation": [-90, 0, 0],
			"translation": [0, 0, -15],
			"scale": [2, 2, 2]
		}
	}
}