{"credit":"Pologony Creation Co.,Ltd.","textures":{"3":"item/easter25/shield","4":"item/easter25/animated/sword_animated","5":"item/easter25/tools","7":"item/easter25/bunny_egg","particle":"item/easter25/animated/sword_animated"},"elements":[{"from":[5.43352,0.49099,8.81648],"to":[7.18352,0.99099,10.56648],"rotation":{"angle":45,"axis":"y","origin":[8,8,8]},"faces":{"north":{"uv":[1.6,13.6,2.3,13.8],"texture":"#5"},"east":{"uv":[13.2,8.8,13.9,9],"texture":"#5"},"south":{"uv":[9.6,13.2,10.3,13.4],"texture":"#5"},"west":{"uv":[12.4,13.2,13.1,13.4],"texture":"#5"},"up":{"uv":[9.5,9.5,8.8,8.8],"rotation":90,"texture":"#5"},"down":{"uv":[9.9,1.6,9.2,2.3],"rotation":270,"texture":"#5"}}},{"from":[5.43352,5.99099,8.81648],"to":[7.18352,6.49099,10.56648],"rotation":{"angle":45,"axis":"y","origin":[8,8,8]},"faces":{"north":{"uv":[1.6,13.6,2.3,13.8],"texture":"#5"},"east":{"uv":[13.2,8.8,13.9,9],"texture":"#5"},"south":{"uv":[9.6,13.2,10.3,13.4],"texture":"#5"},"west":{"uv":[12.4,13.2,13.1,13.4],"texture":"#5"},"up":{"uv":[9.5,9.5,8.8,8.8],"rotation":90,"texture":"#5"},"down":{"uv":[9.9,1.6,9.2,2.3],"rotation":270,"texture":"#5"}}},{"from":[7.9084,10.65911,6.3416],"to":[9.6584,11.15911,8.0916],"rotation":{"angle":45,"axis":"y","origin":[8,8,8]},"faces":{"north":{"uv":[4,13.6,4.7,13.8],"texture":"#5"},"east":{"uv":[13.6,1.6,14.3,1.8],"texture":"#5"},"south":{"uv":[13.6,2.4,14.3,2.6],"texture":"#5"},"west":{"uv":[2.8,13.6,3.5,13.8],"texture":"#5"},"up":{"uv":[9.9,3.5,9.2,2.8],"rotation":90,"texture":"#5"},"down":{"uv":[5.5,9.2,4.8,9.9],"rotation":270,"texture":"#5"}}},{"from":[5.55853,1.74099,8.94147],"to":[7.05853,2.24099,10.44147],"rotation":{"angle":45,"axis":"y","origin":[8,8,8]},"faces":{"north":{"uv":[13.6,12,14.2,12.2],"texture":"#5"},"east":{"uv":[7.2,13.6,7.8,13.8],"texture":"#5"},"south":{"uv":[13.6,7.2,14.2,7.4],"texture":"#5"},"west":{"uv":[13.6,11.2,14.2,11.4],"texture":"#5"},"up":{"uv":[10.6,7.8,10,7.2],"rotation":90,"texture":"#5"},"down":{"uv":[9,10,8.4,10.6],"rotation":270,"texture":"#5"}}},{"from":[5.80853,2.24099,9.19147],"to":[6.80853,4.74099,10.19147],"rotation":{"angle":45,"axis":"y","origin":[8,8,8]},"faces":{"north":{"uv":[3.6,9.6,4,10.6],"texture":"#5"},"east":{"uv":[1.2,9.6,1.6,10.6],"texture":"#5"},"south":{"uv":[2,9.6,2.4,10.6],"texture":"#5"},"west":{"uv":[2.8,9.6,3.2,10.6],"texture":"#5"},"up":{"uv":[8.4,4.4,8,4],"rotation":90,"texture":"#5"},"down":{"uv":[10,12.4,9.6,12.8],"rotation":270,"texture":"#5"}}},{"from":[5.55853,4.74099,8.94147],"to":[7.05853,5.24099,10.44147],"rotation":{"angle":45,"axis":"y","origin":[8,8,8]},"faces":{"north":{"uv":[14,0.8,14.6,1],"texture":"#5"},"east":{"uv":[13.6,12.8,14.2,13],"texture":"#5"},"south":{"uv":[13.6,13.6,14.2,13.8],"texture":"#5"},"west":{"uv":[14,0,14.6,0.2],"texture":"#5"},"up":{"uv":[10.6,9,10,8.4],"rotation":90,"texture":"#5"},"down":{"uv":[10.2,10,9.6,10.6],"rotation":270,"texture":"#5"}}},{"from":[5.68352,0.99099,9.06648],"to":[6.93352,1.74099,10.31648],"rotation":{"angle":45,"axis":"y","origin":[8,8,8]},"faces":{"north":{"uv":[12.8,6.4,13.3,6.7],"texture":"#5"},"east":{"uv":[4.8,12.8,5.3,13.1],"texture":"#5"},"south":{"uv":[12.8,4.8,13.3,5.1],"texture":"#5"},"west":{"uv":[12.8,5.6,13.3,5.9],"texture":"#5"}}},{"from":[5.68352,5.24099,9.06648],"to":[6.93352,5.99099,10.31648],"rotation":{"angle":45,"axis":"y","origin":[8,8,8]},"faces":{"north":{"uv":[13.2,4,13.7,4.3],"texture":"#5"},"east":{"uv":[12.8,9.6,13.3,9.9],"texture":"#5"},"south":{"uv":[12.8,10.4,13.3,10.7],"texture":"#5"},"west":{"uv":[13.2,3.2,13.7,3.5],"texture":"#5"}}},{"from":[13.01678,1.48322,9.64211],"to":[14.51678,2.98322,11.14211],"rotation":{"angle":-45,"axis":"z","origin":[8,8,8]},"faces":{"north":{"uv":[4.4,10.4,5,11],"texture":"#5"},"east":{"uv":[0,10.4,0.6,11],"texture":"#5"},"south":{"uv":[10.4,1.6,11,2.2],"texture":"#5"},"west":{"uv":[10.4,2.8,11,3.4],"texture":"#5"},"up":{"uv":[11.4,4.6,10.8,4],"rotation":90,"texture":"#5"},"down":{"uv":[6.2,10.8,5.6,11.4],"rotation":270,"texture":"#5"}}},{"from":[6.4666,11.15911,6.4666],"to":[7.9666,12.40911,7.9666],"rotation":{"angle":-45,"axis":"y","origin":[8,8,8]},"faces":{"north":{"uv":[4.4,11.6,5,12.1],"texture":"#5"},"east":{"uv":[11.6,0,12.2,0.5],"texture":"#5"},"south":{"uv":[11.6,1.2,12.2,1.7],"texture":"#5"},"west":{"uv":[11.6,2.4,12.2,2.9],"texture":"#5"},"down":{"uv":[11.4,9.6,10.8,10.2],"rotation":270,"texture":"#5"}}},{"from":[6.2166,12.40911,6.2166],"to":[8.2166,12.90911,8.2166],"rotation":{"angle":-45,"axis":"y","origin":[8,8,8]},"faces":{"north":{"uv":[12.8,0.8,13.6,1],"texture":"#5"},"east":{"uv":[12.4,11.6,13.2,11.8],"texture":"#5"},"south":{"uv":[12.4,12.4,13.2,12.6],"texture":"#5"},"west":{"uv":[12.8,0,13.6,0.2],"texture":"#5"},"up":{"uv":[5.6,8.8,4.8,8],"rotation":90,"texture":"#5"},"down":{"uv":[6.8,8,6,8.8],"rotation":270,"texture":"#5"}}},{"from":[8.875,10.69122,6.14211],"to":[9.375,12.94122,7.64211],"rotation":{"angle":0,"axis":"y","origin":[8,8,8]},"faces":{"north":{"uv":[8.8,12.4,9,13.3],"texture":"#5"},"east":{"uv":[8.8,5.6,9.4,6.5],"texture":"#5"},"south":{"uv":[12.4,8,12.6,8.9],"texture":"#5"},"west":{"uv":[8.8,7.2,9.4,8.1],"texture":"#5"},"up":{"uv":[14.6,5,14,4.8],"rotation":90,"texture":"#5"},"down":{"uv":[5.8,14,5.2,14.2],"rotation":270,"texture":"#5"}}},{"from":[9.375,10.94122,6.39211],"to":[10.625,11.69122,7.39211],"rotation":{"angle":0,"axis":"y","origin":[8,8,8]},"faces":{"north":{"uv":[13.2,8,13.7,8.3],"texture":"#5"},"south":{"uv":[6,13.2,6.5,13.5],"texture":"#5"},"down":{"uv":[8.4,12.4,8,12.9],"rotation":270,"texture":"#5"}}},{"from":[9.375,11.69122,6.14211],"to":[10.625,12.94122,7.64211],"rotation":{"angle":0,"axis":"y","origin":[8,8,8]},"faces":{"north":{"uv":[2.8,12.4,3.3,12.9],"texture":"#5"},"south":{"uv":[1.6,12.4,2.1,12.9],"texture":"#5"},"up":{"uv":[12.2,5.7,11.6,5.2],"rotation":90,"texture":"#5"},"down":{"uv":[12.6,3.6,12,4.1],"rotation":270,"texture":"#5"}}},{"from":[8.52307,11.25908,6.01711],"to":[9.52307,14.00908,7.76711],"rotation":{"angle":-22.5,"axis":"z","origin":[8,8,8]},"faces":{"north":{"uv":[6.8,9.2,7.2,10.3],"texture":"#5"},"east":{"uv":[0,4.4,0.7,5.5],"texture":"#5"},"south":{"uv":[6,9.2,6.4,10.3],"texture":"#5"},"west":{"uv":[1.2,4.4,1.9,5.5],"texture":"#5"},"up":{"uv":[12.3,6.8,11.6,6.4],"rotation":90,"texture":"#5"},"down":{"uv":[6.3,12,5.6,12.4],"rotation":270,"texture":"#5"}}},{"from":[10.5,11.01723,9.45043],"to":[13,12.01723,10.45043],"rotation":{"angle":-45,"axis":"x","origin":[8,8,8]},"faces":{"north":{"uv":[10,0.8,11,1.2],"texture":"#5"},"south":{"uv":[10,0,11,0.4],"texture":"#5"},"up":{"uv":[8,10.6,7.6,9.6],"rotation":90,"texture":"#5"},"down":{"uv":[10.4,4,10,5],"rotation":270,"texture":"#5"}}},{"from":[8.02138,13.48904,6.14211],"to":[9.52138,14.98904,7.64211],"rotation":{"angle":-45,"axis":"z","origin":[8,8,8]},"faces":{"north":{"uv":[6.8,11.2,7.4,11.8],"texture":"#5"},"east":{"uv":[10.8,10.8,11.4,11.4],"texture":"#5"},"south":{"uv":[1.2,11.2,1.8,11.8],"texture":"#5"},"west":{"uv":[2.4,11.2,3,11.8],"texture":"#5"},"down":{"uv":[11.8,7.2,11.2,7.8],"rotation":270,"texture":"#5"}}},{"from":[7.02138,14.98904,6.14211],"to":[9.52138,15.98904,7.64211],"rotation":{"angle":-45,"axis":"z","origin":[8,8,8]},"faces":{"north":{"uv":[10,6.4,11,6.8],"texture":"#5"},"east":{"uv":[6.8,12.4,7.4,12.8],"texture":"#5"},"south":{"uv":[10,5.6,11,6],"texture":"#5"},"west":{"uv":[12.4,7.2,13,7.6],"texture":"#5"},"up":{"uv":[9.4,1,8.8,0],"rotation":90,"texture":"#5"},"down":{"uv":[9.4,4,8.8,5],"rotation":270,"texture":"#5"}}},{"from":[6.47862,14.98904,6.14211],"to":[8.97862,15.98904,7.64211],"rotation":{"angle":45,"axis":"z","origin":[8,8,8]},"faces":{"north":{"uv":[11,6.4,10,6.8],"texture":"#5"},"east":{"uv":[13,7.2,12.4,7.6],"texture":"#5"},"south":{"uv":[11,5.6,10,6],"texture":"#5"},"west":{"uv":[7.4,12.4,6.8,12.8],"texture":"#5"},"up":{"uv":[9.4,0,8.8,1],"rotation":90,"texture":"#5"},"down":{"uv":[9.4,5,8.8,4],"rotation":270,"texture":"#5"}}},{"from":[6.47862,13.48904,6.14211],"to":[7.97862,14.98904,7.64211],"rotation":{"angle":45,"axis":"z","origin":[8,8,8]},"faces":{"north":{"uv":[7.4,11.2,6.8,11.8],"texture":"#5"},"east":{"uv":[3,11.2,2.4,11.8],"texture":"#5"},"south":{"uv":[1.8,11.2,1.2,11.8],"texture":"#5"},"west":{"uv":[11.4,10.8,10.8,11.4],"texture":"#5"},"down":{"uv":[11.8,7.8,11.2,7.2],"rotation":270,"texture":"#5"}}},{"from":[3,11.01723,9.45043],"to":[5.5,12.01723,10.45043],"rotation":{"angle":-45,"axis":"x","origin":[8,8,8]},"faces":{"north":{"uv":[11,0.8,10,1.2],"texture":"#5"},"south":{"uv":[11,0,10,0.4],"texture":"#5"},"up":{"uv":[8,9.6,7.6,10.6],"rotation":90,"texture":"#5"},"down":{"uv":[10.4,5,10,4],"rotation":270,"texture":"#5"}}},{"from":[6.47693,11.25908,6.01711],"to":[7.47693,14.00908,7.76711],"rotation":{"angle":22.5,"axis":"z","origin":[8,8,8]},"faces":{"north":{"uv":[7.2,9.2,6.8,10.3],"texture":"#5"},"east":{"uv":[1.9,4.4,1.2,5.5],"texture":"#5"},"south":{"uv":[6.4,9.2,6,10.3],"texture":"#5"},"west":{"uv":[0.7,4.4,0,5.5],"texture":"#5"},"up":{"uv":[12.3,6.4,11.6,6.8],"rotation":90,"texture":"#5"},"down":{"uv":[6.3,12.4,5.6,12],"rotation":270,"texture":"#5"}}},{"from":[5.375,11.69122,6.14211],"to":[6.625,12.94122,7.64211],"rotation":{"angle":0,"axis":"y","origin":[8,8,8]},"faces":{"north":{"uv":[3.3,12.4,2.8,12.9],"texture":"#5"},"south":{"uv":[2.1,12.4,1.6,12.9],"texture":"#5"},"up":{"uv":[12.2,5.2,11.6,5.7],"rotation":90,"texture":"#5"},"down":{"uv":[12.6,4.1,12,3.6],"rotation":270,"texture":"#5"}}},{"from":[5.375,10.94122,6.39211],"to":[6.625,11.69122,7.39211],"rotation":{"angle":0,"axis":"y","origin":[8,8,8]},"faces":{"north":{"uv":[13.7,8,13.2,8.3],"texture":"#5"},"south":{"uv":[6.5,13.2,6,13.5],"texture":"#5"},"down":{"uv":[8.4,12.9,8,12.4],"rotation":270,"texture":"#5"}}},{"from":[6.625,10.69122,6.14211],"to":[7.125,12.94122,7.64211],"rotation":{"angle":0,"axis":"y","origin":[8,8,8]},"faces":{"north":{"uv":[9,12.4,8.8,13.3],"texture":"#5"},"east":{"uv":[9.4,7.2,8.8,8.1],"texture":"#5"},"south":{"uv":[12.6,8,12.4,8.9],"texture":"#5"},"west":{"uv":[9.4,5.6,8.8,6.5],"texture":"#5"},"up":{"uv":[14.6,4.8,14,5],"rotation":90,"texture":"#5"},"down":{"uv":[5.8,14.2,5.2,14],"rotation":270,"texture":"#5"}}},{"from":[11.27581,-0.70959,9.88961],"to":[12.27581,1.29041,10.89461],"rotation":{"angle":-22.5,"axis":"z","origin":[8,8,8]},"faces":{"north":{"uv":[0,11.6,0.4,12.4],"texture":"#5"},"east":{"uv":[9.2,11.2,9.6,12],"texture":"#5"},"south":{"uv":[10,11.2,10.4,12],"texture":"#5"},"up":{"uv":[13.2,2.8,12.8,2.4],"rotation":90,"texture":"#5"},"down":{"uv":[4.4,12.8,4,13.2],"rotation":270,"texture":"#5"}}},{"from":[3.72419,-0.70959,9.89211],"to":[4.72419,1.29041,10.89211],"rotation":{"angle":22.5,"axis":"z","origin":[8,8,8]},"faces":{"north":{"uv":[3.6,11.2,4,12],"texture":"#5"},"south":{"uv":[6,2.4,6.4,3.2],"texture":"#5"},"west":{"uv":[6.8,4.8,7.2,5.6],"texture":"#5"},"up":{"uv":[0.4,13.2,0,12.8],"rotation":90,"texture":"#5"},"down":{"uv":[13.2,1.6,12.8,2],"rotation":270,"texture":"#5"}}},{"from":[1.80907,10.69093,6.64211],"to":[5.30907,14.19093,7.14211],"rotation":{"angle":-45,"axis":"z","origin":[8,8,8]},"faces":{"north":{"uv":[5.6,6,7,7.4],"texture":"#5"},"east":{"uv":[12,9.6,12.2,11],"texture":"#5"},"south":{"uv":[3.6,6,5,7.4],"texture":"#5"},"west":{"uv":[10.8,12,11,13.4],"texture":"#5"},"up":{"uv":[11.8,13.4,11.6,12],"rotation":90,"texture":"#5"},"down":{"uv":[1,12.4,0.8,13.8],"rotation":270,"texture":"#5"}}},{"from":[1.48322,1.48322,6.64211],"to":[2.98322,2.98322,9.64211],"rotation":{"angle":45,"axis":"z","origin":[8,8,8]},"faces":{"north":{"uv":[8.6,11.2,8,11.8],"rotation":270,"texture":"#5"},"east":{"uv":[8,2.4,8.6,3.6],"rotation":270,"texture":"#5"},"west":{"uv":[1.2,8,1.8,9.2],"rotation":90,"texture":"#5"},"up":{"uv":[2.4,8,3,9.2],"rotation":180,"texture":"#5"},"down":{"uv":[3.6,8,4.2,9.2],"texture":"#5"}}},{"from":[6.64008,6.64008,9.64211],"to":[8.14008,8.14008,11.14211],"rotation":{"angle":45,"axis":"z","origin":[8,8,8]},"faces":{"north":{"uv":[4.4,11,5,10.4],"texture":"#5"},"east":{"uv":[0,11,0.6,10.4],"texture":"#5"},"south":{"uv":[10.4,2.2,11,1.6],"texture":"#5"},"west":{"uv":[10.4,3.4,11,2.8],"texture":"#5"},"up":{"uv":[6.2,11.4,5.6,10.8],"rotation":90,"texture":"#5"},"down":{"uv":[11.4,4,10.8,4.6],"rotation":270,"texture":"#5"}}},{"from":[7.82476,6.37802,9.88961],"to":[8.82476,8.37802,10.89461],"rotation":{"angle":22.5,"axis":"z","origin":[8,8,8]},"faces":{"north":{"uv":[0,12.4,0.4,11.6],"texture":"#5"},"east":{"uv":[9.2,12,9.6,11.2],"texture":"#5"},"south":{"uv":[10,12,10.4,11.2],"texture":"#5"},"up":{"uv":[4.4,13.2,4,12.8],"rotation":90,"texture":"#5"},"down":{"uv":[13.2,2.4,12.8,2.8],"rotation":270,"texture":"#5"}}},{"from":[7.17524,6.37802,9.89211],"to":[8.17524,8.37802,10.89211],"rotation":{"angle":-22.5,"axis":"z","origin":[8,8,8]},"faces":{"north":{"uv":[3.6,12,4,11.2],"texture":"#5"},"south":{"uv":[6,3.2,6.4,2.4],"texture":"#5"},"west":{"uv":[6.8,5.6,7.2,4.8],"texture":"#5"},"up":{"uv":[13.2,2,12.8,1.6],"rotation":90,"texture":"#5"},"down":{"uv":[0.4,12.8,0,13.2],"rotation":270,"texture":"#5"}}},{"from":[7.85992,6.64008,6.64211],"to":[9.35992,8.14008,9.64211],"rotation":{"angle":-45,"axis":"z","origin":[8,8,8]},"faces":{"north":{"uv":[8,11.2,8.6,11.8],"rotation":270,"texture":"#5"},"east":{"uv":[8.6,2.4,8,3.6],"rotation":270,"texture":"#5"},"west":{"uv":[1.8,8,1.2,9.2],"rotation":90,"texture":"#5"},"up":{"uv":[4.2,8,3.6,9.2],"rotation":180,"texture":"#5"},"down":{"uv":[3,8,2.4,9.2],"texture":"#5"}}},{"from":[9.27487,14.94267,5.93985],"to":[9.52487,16.44267,6.68985],"rotation":{"angle":22.5,"axis":"y","origin":[8,8,8]},"faces":{"north":{"uv":[12,10,12.16667,11],"texture":"#7"},"east":{"uv":[6,12,6.5,13],"texture":"#7"},"south":{"uv":[10,12,10.16667,13],"texture":"#7"},"west":{"uv":[7.33333,12,7.83333,13],"texture":"#7"},"up":{"uv":[13.16667,3.5,12.66667,3.33333],"rotation":90,"texture":"#7"},"down":{"uv":[4.5,12.66667,4,12.83333],"rotation":270,"texture":"#7"}}},{"from":[9.27487,16.44267,5.93985],"to":[9.52487,16.69267,6.43985],"rotation":{"angle":22.5,"axis":"y","origin":[8,8,8]},"faces":{"north":{"uv":[12.66667,13.33333,12.83333,13.5],"texture":"#7"},"east":{"uv":[12.66667,12,13,12.16667],"texture":"#7"},"south":{"uv":[13.33333,10,13.5,10.16667],"texture":"#7"},"west":{"uv":[0,13.33333,0.33333,13.5],"texture":"#7"},"up":{"uv":[1.66667,13.5,1.33333,13.33333],"rotation":90,"texture":"#7"}}},{"from":[6.47513,16.44267,5.93985],"to":[6.72513,16.69267,6.43985],"rotation":{"angle":-22.5,"axis":"y","origin":[8,8,8]},"faces":{"north":{"uv":[14,1.33333,14.16667,1.5],"texture":"#7"},"east":{"uv":[2.66667,13.33333,3,13.5],"texture":"#7"},"south":{"uv":[14,0,14.16667,0.16667],"texture":"#7"},"west":{"uv":[13.33333,7.33333,13.66667,7.5],"texture":"#7"},"up":{"uv":[13.66667,8.83333,13.33333,8.66667],"rotation":90,"texture":"#7"}}},{"from":[6.47513,14.94267,5.93985],"to":[6.72513,16.44267,6.68985],"rotation":{"angle":-22.5,"axis":"y","origin":[8,8,8]},"faces":{"north":{"uv":[12.66667,0,12.83333,1],"texture":"#7"},"east":{"uv":[12,8,12.5,9],"texture":"#7"},"south":{"uv":[11.33333,12,11.5,13],"texture":"#7"},"west":{"uv":[8.66667,12,9.16667,13],"texture":"#7"},"up":{"uv":[13.16667,4.83333,12.66667,4.66667],"rotation":90,"texture":"#7"},"down":{"uv":[13.16667,6,12.66667,6.16667],"rotation":270,"texture":"#7"}}},{"from":[7.125,13.42046,7.53991],"to":[8.875,15.42046,9.28991],"rotation":{"angle":-22.5,"axis":"x","origin":[8,8,8]},"faces":{"north":{"uv":[4,2,5.16667,3.33333],"texture":"#7"},"east":{"uv":[0,4,1.16667,5.33333],"texture":"#7"},"south":{"uv":[4,0,5.16667,1.33333],"texture":"#7"},"west":{"uv":[2,4,3.16667,5.33333],"texture":"#7"},"up":{"uv":[5.16667,5.16667,4,4],"rotation":90,"texture":"#7"},"down":{"uv":[1.16667,6,0,7.16667],"rotation":270,"texture":"#7"}}},{"from":[6.875,13.42046,7.28991],"to":[9.125,14.67046,8.53991],"rotation":{"angle":-22.5,"axis":"x","origin":[8,8,8]},"faces":{"north":{"uv":[2,6,3.5,6.83333],"texture":"#7"},"east":{"uv":[2,10,2.83333,10.83333],"texture":"#7"},"south":{"uv":[6,0,7.5,0.83333],"texture":"#7"},"west":{"uv":[10,2,10.83333,2.83333],"texture":"#7"},"up":{"uv":[6.83333,3.5,6,2],"rotation":90,"texture":"#7"},"down":{"uv":[5.5,6,4.66667,7.5],"rotation":270,"texture":"#7"}}},{"from":[7.41408,14.09889,5.26711],"to":[8.66408,15.09889,6.51711],"rotation":{"angle":22.5,"axis":"z","origin":[8,8,8]},"faces":{"north":{"uv":[12,2,12.83333,2.66667],"texture":"#7"},"east":{"uv":[8,10.66667,8.83333,11.33333],"texture":"#7"},"south":{"uv":[0,12,0.83333,12.66667],"texture":"#7"},"west":{"uv":[2,12,2.83333,12.66667],"texture":"#7"},"up":{"uv":[11.5,0.83333,10.66667,0],"rotation":90,"texture":"#7"},"down":{"uv":[4.83333,10.66667,4,11.5],"rotation":270,"texture":"#7"}}},{"from":[7.28908,12.84889,5.14211],"to":[8.78908,14.09889,6.64211],"rotation":{"angle":22.5,"axis":"z","origin":[8,8,8]},"faces":{"north":{"uv":[0,10,1,10.83333],"texture":"#7"},"east":{"uv":[6,8.66667,7,9.5],"texture":"#7"},"south":{"uv":[8.66667,6,9.66667,6.83333],"texture":"#7"},"west":{"uv":[8,8.66667,9,9.5],"texture":"#7"},"up":{"uv":[1,9,0,8],"rotation":90,"texture":"#7"},"down":{"uv":[3,8,2,9],"rotation":270,"texture":"#7"}}},{"from":[7.33592,14.09889,5.26711],"to":[8.58592,15.09889,6.51711],"rotation":{"angle":-22.5,"axis":"z","origin":[8,8,8]},"faces":{"north":{"uv":[10.66667,6.66667,11.5,7.33333],"texture":"#7"},"east":{"uv":[10.66667,4,11.5,4.66667],"texture":"#7"},"south":{"uv":[10.66667,5.33333,11.5,6],"texture":"#7"},"west":{"uv":[6,10.66667,6.83333,11.33333],"texture":"#7"},"up":{"uv":[10.83333,8.83333,10,8],"rotation":90,"texture":"#7"},"down":{"uv":[10.83333,10,10,10.83333],"rotation":270,"texture":"#7"}}},{"from":[7.21092,12.84889,5.14211],"to":[8.71092,14.09889,6.64211],"rotation":{"angle":-22.5,"axis":"z","origin":[8,8,8]},"faces":{"north":{"uv":[8.66667,4,9.66667,4.83333],"texture":"#7"},"east":{"uv":[8,2,9,2.83333],"texture":"#7"},"south":{"uv":[8.66667,0,9.66667,0.83333],"texture":"#7"},"west":{"uv":[4,8.66667,5,9.5],"texture":"#7"},"up":{"uv":[7.66667,5.66667,6.66667,4.66667],"rotation":90,"texture":"#7"},"down":{"uv":[7.66667,6.66667,6.66667,7.66667],"rotation":270,"texture":"#7"}}},{"from":[5.5,12.49725,8.56478],"to":[10.5,17.49725,8.59478],"rotation":{"angle":-22.5,"axis":"x","origin":[8,8,8]},"faces":{"north":{"uv":[0,0,3.33333,3.33333],"texture":"#7"},"south":{"uv":[3.33333,0,0,3.33333],"texture":"#7"}}},{"from":[0.78514,-7.5,5.95687],"to":[3.78514,11.5,5.98687],"rotation":{"angle":45,"axis":"y","origin":[3.56017,2,6.5]},"faces":{"north":{"uv":[2.4,0,0,15.2],"texture":"#4"},"south":{"uv":[0,0,2.4,15.2],"texture":"#4"}}},{"from":[3.33519,-7.5,5.95687],"to":[6.33519,11.5,5.98687],"rotation":{"angle":0,"axis":"y","origin":[3.56017,2,6.5]},"faces":{"north":{"uv":[4.8,0,2.4,15.2],"texture":"#4"},"south":{"uv":[2.4,0,4.8,15.2],"texture":"#4"}}},{"from":[9.66481,-7.5,5.95687],"to":[12.66481,11.5,5.98687],"rotation":{"angle":0,"axis":"y","origin":[12.43983,2,6.5]},"faces":{"north":{"uv":[2.4,0,4.8,15.2],"texture":"#4"},"south":{"uv":[4.8,0,2.4,15.2],"texture":"#4"}}},{"from":[12.21486,-7.5,5.95687],"to":[15.21486,11.5,5.98687],"rotation":{"angle":-45,"axis":"y","origin":[12.43983,2,6.5]},"faces":{"north":{"uv":[0,0,2.4,15.2],"texture":"#4"},"south":{"uv":[2.4,0,0,15.2],"texture":"#4"}}},{"from":[7.26797,-6.05878,6.23272],"to":[10.26797,10.94122,6.73272],"rotation":{"angle":-22.5,"axis":"y","origin":[8,8,8]},"faces":{"north":{"uv":[6.4,0,7.6,6.8],"texture":"#3"},"east":{"uv":[7.2,7.2,7.4,14],"texture":"#3"},"south":{"uv":[4.8,0,6,6.8],"texture":"#3"},"west":{"uv":[0,8,0.2,14.8],"texture":"#3"},"up":{"uv":[8.2,2.8,8,1.6],"rotation":90,"texture":"#3"},"down":{"uv":[8.2,3.2,8,4.4],"rotation":270,"texture":"#3"}}},{"from":[5.73203,-6.05878,6.23272],"to":[8.73203,10.94122,6.73272],"rotation":{"angle":22.5,"axis":"y","origin":[8,8,8]},"faces":{"north":{"uv":[3.2,0,4.4,6.8],"texture":"#3"},"east":{"uv":[5.6,7.2,5.8,14],"texture":"#3"},"south":{"uv":[1.6,0,2.8,6.8],"texture":"#3"},"west":{"uv":[6.4,7.2,6.6,14],"texture":"#3"},"up":{"uv":[8.2,1.2,8,0],"rotation":90,"texture":"#3"},"down":{"uv":[1,8,0.8,9.2],"rotation":270,"texture":"#3"}}},{"from":[10.26797,-7.05878,6.48272],"to":[13.26797,11.94122,6.51272],"rotation":{"angle":-22.5,"axis":"y","origin":[8,8,8]},"faces":{"north":{"uv":[0,0,1.2,7.6],"texture":"#3"},"south":{"uv":[1.2,0,0,7.6],"texture":"#3"}}},{"from":[2.73203,-7.05878,6.48272],"to":[5.73203,11.94122,6.51272],"rotation":{"angle":22.5,"axis":"y","origin":[8,8,8]},"faces":{"north":{"uv":[1.2,0,0,7.6],"texture":"#3"},"south":{"uv":[0,0,1.2,7.6],"texture":"#3"}}},{"from":[9.76797,-3.05878,5.98272],"to":[11.26797,7.94122,6.98272],"rotation":{"angle":-22.5,"axis":"y","origin":[8,8,8]},"faces":{"north":{"uv":[2.8,7.2,3.4,11.6],"texture":"#3"},"east":{"uv":[4,7.2,4.4,11.6],"texture":"#3"},"south":{"uv":[1.6,7.2,2.2,11.6],"texture":"#3"},"west":{"uv":[4.8,7.2,5.2,11.6],"texture":"#3"},"up":{"uv":[8.4,5.4,8,4.8],"rotation":90,"texture":"#3"},"down":{"uv":[8.4,6,8,6.6],"rotation":270,"texture":"#3"}}},{"from":[4.73203,-3.05878,5.98272],"to":[6.23203,7.94122,6.98272],"rotation":{"angle":22.5,"axis":"y","origin":[8,8,8]},"faces":{"north":{"uv":[3.4,7.2,2.8,11.6],"texture":"#3"},"east":{"uv":[5.2,7.2,4.8,11.6],"texture":"#3"},"south":{"uv":[2.2,7.2,1.6,11.6],"texture":"#3"},"west":{"uv":[4.4,7.2,4,11.6],"texture":"#3"},"up":{"uv":[8.4,4.8,8,5.4],"rotation":90,"texture":"#3"},"down":{"uv":[8.4,6.6,8,6],"rotation":270,"texture":"#3"}}}],"gui_light":"front","display":{"thirdperson_righthand":{"rotation":[30,-30,0],"translation":[0.75,3.25,0.75]},"thirdperson_lefthand":{"rotation":[30,-30,0],"translation":[0.75,3.25,0.75]},"firstperson_righthand":{"translation":[-9.03,4,3.5],"scale":[0.7,0.7,0.7]},"firstperson_lefthand":{"translation":[-9.04,4,3.5],"scale":[0.7,0.7,0.7]},"ground":{"rotation":[45,0,0],"translation":[0,5,0],"scale":[0.7,0.7,0.7]},"gui":{"rotation":[0,180,-45],"translation":[-2,2,0],"scale":[0.9,0.9,0.9]},"fixed":{"translation":[0,9,-4.25],"scale":[2,2,2]}},"groups":[{"name":"shield","origin":[6.89211,5.24099,8],"color":0,"children":[0,1,2,3,4,5,6,7,8,9,10,11,12,13,14,15,16,17,18,19,20,21,22,23,24,25,26,27,28,29,30,31,32,{"name":"bunny_egg","origin":[5.76711,3.65349,8],"color":0,"children":[33,34,35,36,37,38,39,40,41,42,43]},{"name":"animated","origin":[8.04016,7.49099,8],"color":0,"children":[44,45,46,47]},48,49,50,51,52,53]}],"mcmodels":"02e6f30cf459061631ae4d8dfb969c2d"}