{
	"credit": "Pologony Creation Co.,Ltd.",
	"texture_size": [28, 28],
	"textures": {
		"2": "item/easter25/wings",
		"3": "item/easter25/animated/animated_5",
		"5": "item/easter25/tools",
		"7": "item/easter25/bunny_egg",
		"particle": "item/easter25/wings"
	},
	"elements": [
		{
			"from": [7.125, 4.92072, 7.125],
			"to": [8.875, 5.42072, 8.875],
			"rotation": {"angle": 45, "axis": "y", "origin": [8, 8, 8]},
			"faces": {
				"north": {"uv": [4, 13.6, 4.7, 13.8], "texture": "#5"},
				"east": {"uv": [13.6, 1.6, 14.3, 1.8], "texture": "#5"},
				"south": {"uv": [13.6, 2.4, 14.3, 2.6], "texture": "#5"},
				"west": {"uv": [2.8, 13.6, 3.5, 13.8], "texture": "#5"},
				"up": {"uv": [9.9, 3.5, 9.2, 2.8], "rotation": 90, "texture": "#5"},
				"down": {"uv": [5.5, 9.2, 4.8, 9.9], "rotation": 270, "texture": "#5"}
			}
		},
		{
			"from": [7.25, 5.42072, 7.25],
			"to": [8.75, 6.67072, 8.75],
			"rotation": {"angle": -45, "axis": "y", "origin": [8, 8, 8]},
			"faces": {
				"north": {"uv": [4.4, 11.6, 5, 12.1], "texture": "#5"},
				"east": {"uv": [11.6, 0, 12.2, 0.5], "texture": "#5"},
				"south": {"uv": [11.6, 1.2, 12.2, 1.7], "texture": "#5"},
				"west": {"uv": [11.6, 2.4, 12.2, 2.9], "texture": "#5"},
				"down": {"uv": [11.4, 9.6, 10.8, 10.2], "rotation": 270, "texture": "#5"}
			}
		},
		{
			"from": [7, 6.67072, 7],
			"to": [9, 7.17072, 9],
			"rotation": {"angle": -45, "axis": "y", "origin": [8, 8, 8]},
			"faces": {
				"north": {"uv": [12.8, 0.8, 13.6, 1], "texture": "#5"},
				"east": {"uv": [12.4, 11.6, 13.2, 11.8], "texture": "#5"},
				"south": {"uv": [12.4, 12.4, 13.2, 12.6], "texture": "#5"},
				"west": {"uv": [12.8, 0, 13.6, 0.2], "texture": "#5"},
				"up": {"uv": [5.6, 8.8, 4.8, 8], "rotation": 90, "texture": "#5"},
				"down": {"uv": [6.8, 8, 6, 8.8], "rotation": 270, "texture": "#5"}
			}
		},
		{
			"from": [8.875, 4.95283, 7.25],
			"to": [9.375, 7.20283, 8.75],
			"rotation": {"angle": 0, "axis": "y", "origin": [8, 8, 8]},
			"faces": {
				"north": {"uv": [8.8, 12.4, 9, 13.3], "texture": "#5"},
				"east": {"uv": [8.8, 5.6, 9.4, 6.5], "texture": "#5"},
				"south": {"uv": [12.4, 8, 12.6, 8.9], "texture": "#5"},
				"west": {"uv": [8.8, 7.2, 9.4, 8.1], "texture": "#5"},
				"up": {"uv": [14.6, 5, 14, 4.8], "rotation": 90, "texture": "#5"},
				"down": {"uv": [5.8, 14, 5.2, 14.2], "rotation": 270, "texture": "#5"}
			}
		},
		{
			"from": [9.375, 5.20283, 7.5],
			"to": [10.625, 5.95283, 8.5],
			"rotation": {"angle": 0, "axis": "y", "origin": [8, 8, 8]},
			"faces": {
				"north": {"uv": [13.2, 8, 13.7, 8.3], "texture": "#5"},
				"south": {"uv": [6, 13.2, 6.5, 13.5], "texture": "#5"},
				"down": {"uv": [8.4, 12.4, 8, 12.9], "rotation": 270, "texture": "#5"}
			}
		},
		{
			"from": [9.375, 5.95283, 7.25],
			"to": [10.625, 7.20283, 8.75],
			"rotation": {"angle": 0, "axis": "y", "origin": [8, 8, 8]},
			"faces": {
				"north": {"uv": [2.8, 12.4, 3.3, 12.9], "texture": "#5"},
				"south": {"uv": [1.6, 12.4, 2.1, 12.9], "texture": "#5"},
				"up": {"uv": [12.2, 5.7, 11.6, 5.2], "rotation": 90, "texture": "#5"},
				"down": {"uv": [12.6, 3.6, 12, 4.1], "rotation": 270, "texture": "#5"}
			}
		},
		{
			"from": [10.71906, 5.9575, 7.125],
			"to": [11.71906, 8.7075, 8.875],
			"rotation": {"angle": -22.5, "axis": "z", "origin": [8, 8, 8]},
			"faces": {
				"north": {"uv": [6.8, 9.2, 7.2, 10.3], "texture": "#5"},
				"east": {"uv": [0, 4.4, 0.7, 5.5], "texture": "#5"},
				"south": {"uv": [6, 9.2, 6.4, 10.3], "texture": "#5"},
				"west": {"uv": [1.2, 4.4, 1.9, 5.5], "texture": "#5"},
				"up": {"uv": [12.3, 6.8, 11.6, 6.4], "rotation": 90, "texture": "#5"},
				"down": {"uv": [6.3, 12, 5.6, 12.4], "rotation": 270, "texture": "#5"}
			}
		},
		{
			"from": [10.5, 6.17617, 6.17617],
			"to": [13, 7.17617, 7.17617],
			"rotation": {"angle": -45, "axis": "x", "origin": [8, 8, 8]},
			"faces": {
				"north": {"uv": [10, 0.8, 11, 1.2], "texture": "#5"},
				"south": {"uv": [10, 0, 11, 0.4], "texture": "#5"},
				"up": {"uv": [8, 10.6, 7.6, 9.6], "rotation": 90, "texture": "#5"},
				"down": {"uv": [10.4, 4, 10, 5], "rotation": 270, "texture": "#5"}
			}
		},
		{
			"from": [12.07903, 9.43138, 7.25],
			"to": [13.57903, 10.93138, 8.75],
			"rotation": {"angle": -45, "axis": "z", "origin": [8, 8, 8]},
			"faces": {
				"north": {"uv": [6.8, 11.2, 7.4, 11.8], "texture": "#5"},
				"east": {"uv": [10.8, 10.8, 11.4, 11.4], "texture": "#5"},
				"south": {"uv": [1.2, 11.2, 1.8, 11.8], "texture": "#5"},
				"west": {"uv": [2.4, 11.2, 3, 11.8], "texture": "#5"},
				"down": {"uv": [11.8, 7.2, 11.2, 7.8], "rotation": 270, "texture": "#5"}
			}
		},
		{
			"from": [11.07903, 10.93138, 7.25],
			"to": [13.57903, 11.93138, 8.75],
			"rotation": {"angle": -45, "axis": "z", "origin": [8, 8, 8]},
			"faces": {
				"north": {"uv": [10, 6.4, 11, 6.8], "texture": "#5"},
				"east": {"uv": [6.8, 12.4, 7.4, 12.8], "texture": "#5"},
				"south": {"uv": [10, 5.6, 11, 6], "texture": "#5"},
				"west": {"uv": [12.4, 7.2, 13, 7.6], "texture": "#5"},
				"up": {"uv": [9.4, 1, 8.8, 0], "rotation": 90, "texture": "#5"},
				"down": {"uv": [9.4, 4, 8.8, 5], "rotation": 270, "texture": "#5"}
			}
		},
		{
			"from": [2.42097, 10.93138, 7.25],
			"to": [4.92097, 11.93138, 8.75],
			"rotation": {"angle": 45, "axis": "z", "origin": [8, 8, 8]},
			"faces": {
				"north": {"uv": [11, 6.4, 10, 6.8], "texture": "#5"},
				"east": {"uv": [13, 7.2, 12.4, 7.6], "texture": "#5"},
				"south": {"uv": [11, 5.6, 10, 6], "texture": "#5"},
				"west": {"uv": [7.4, 12.4, 6.8, 12.8], "texture": "#5"},
				"up": {"uv": [9.4, 0, 8.8, 1], "rotation": 90, "texture": "#5"},
				"down": {"uv": [9.4, 5, 8.8, 4], "rotation": 270, "texture": "#5"}
			}
		},
		{
			"from": [2.42097, 9.43138, 7.25],
			"to": [3.92097, 10.93138, 8.75],
			"rotation": {"angle": 45, "axis": "z", "origin": [8, 8, 8]},
			"faces": {
				"north": {"uv": [7.4, 11.2, 6.8, 11.8], "texture": "#5"},
				"east": {"uv": [3, 11.2, 2.4, 11.8], "texture": "#5"},
				"south": {"uv": [1.8, 11.2, 1.2, 11.8], "texture": "#5"},
				"west": {"uv": [11.4, 10.8, 10.8, 11.4], "texture": "#5"},
				"down": {"uv": [11.8, 7.8, 11.2, 7.2], "rotation": 270, "texture": "#5"}
			}
		},
		{
			"from": [3, 6.17617, 6.17617],
			"to": [5.5, 7.17617, 7.17617],
			"rotation": {"angle": -45, "axis": "x", "origin": [8, 8, 8]},
			"faces": {
				"north": {"uv": [11, 0.8, 10, 1.2], "texture": "#5"},
				"south": {"uv": [11, 0, 10, 0.4], "texture": "#5"},
				"up": {"uv": [8, 9.6, 7.6, 10.6], "rotation": 90, "texture": "#5"},
				"down": {"uv": [10.4, 5, 10, 4], "rotation": 270, "texture": "#5"}
			}
		},
		{
			"from": [4.28094, 5.9575, 7.125],
			"to": [5.28094, 8.7075, 8.875],
			"rotation": {"angle": 22.5, "axis": "z", "origin": [8, 8, 8]},
			"faces": {
				"north": {"uv": [7.2, 9.2, 6.8, 10.3], "texture": "#5"},
				"east": {"uv": [1.9, 4.4, 1.2, 5.5], "texture": "#5"},
				"south": {"uv": [6.4, 9.2, 6, 10.3], "texture": "#5"},
				"west": {"uv": [0.7, 4.4, 0, 5.5], "texture": "#5"},
				"up": {"uv": [12.3, 6.4, 11.6, 6.8], "rotation": 90, "texture": "#5"},
				"down": {"uv": [6.3, 12.4, 5.6, 12], "rotation": 270, "texture": "#5"}
			}
		},
		{
			"from": [5.375, 5.95283, 7.25],
			"to": [6.625, 7.20283, 8.75],
			"rotation": {"angle": 0, "axis": "y", "origin": [8, 8, 8]},
			"faces": {
				"north": {"uv": [3.3, 12.4, 2.8, 12.9], "texture": "#5"},
				"south": {"uv": [2.1, 12.4, 1.6, 12.9], "texture": "#5"},
				"up": {"uv": [12.2, 5.2, 11.6, 5.7], "rotation": 90, "texture": "#5"},
				"down": {"uv": [12.6, 4.1, 12, 3.6], "rotation": 270, "texture": "#5"}
			}
		},
		{
			"from": [5.375, 5.20283, 7.5],
			"to": [6.625, 5.95283, 8.5],
			"rotation": {"angle": 0, "axis": "y", "origin": [8, 8, 8]},
			"faces": {
				"north": {"uv": [13.7, 8, 13.2, 8.3], "texture": "#5"},
				"south": {"uv": [6.5, 13.2, 6, 13.5], "texture": "#5"},
				"down": {"uv": [8.4, 12.9, 8, 12.4], "rotation": 270, "texture": "#5"}
			}
		},
		{
			"from": [6.625, 4.95283, 7.25],
			"to": [7.125, 7.20283, 8.75],
			"rotation": {"angle": 0, "axis": "y", "origin": [8, 8, 8]},
			"faces": {
				"north": {"uv": [9, 12.4, 8.8, 13.3], "texture": "#5"},
				"east": {"uv": [9.4, 7.2, 8.8, 8.1], "texture": "#5"},
				"south": {"uv": [12.6, 8, 12.4, 8.9], "texture": "#5"},
				"west": {"uv": [9.4, 5.6, 8.8, 6.5], "texture": "#5"},
				"up": {"uv": [14.6, 4.8, 14, 5], "rotation": 90, "texture": "#5"},
				"down": {"uv": [5.8, 14.2, 5.2, 14], "rotation": 270, "texture": "#5"}
			}
		},
		{
			"from": [5.86672, 6.63328, 7.75],
			"to": [9.36672, 10.13328, 8.25],
			"rotation": {"angle": -45, "axis": "z", "origin": [8, 8, 8]},
			"faces": {
				"north": {"uv": [5.6, 6, 7, 7.4], "texture": "#5"},
				"east": {"uv": [12, 9.6, 12.2, 11], "texture": "#5"},
				"south": {"uv": [3.6, 6, 5, 7.4], "texture": "#5"},
				"west": {"uv": [10.8, 12, 11, 13.4], "texture": "#5"},
				"up": {"uv": [11.8, 13.4, 11.6, 12], "rotation": 90, "texture": "#5"},
				"down": {"uv": [1, 12.4, 0.8, 13.8], "rotation": 270, "texture": "#5"}
			}
		},
		{
			"from": [8.8509, 9.20428, 6.96341],
			"to": [9.1009, 10.70428, 7.71341],
			"rotation": {"angle": 22.5, "axis": "y", "origin": [8, 8, 8]},
			"faces": {
				"north": {"uv": [12, 10, 12.16667, 11], "texture": "#7"},
				"east": {"uv": [6, 12, 6.5, 13], "texture": "#7"},
				"south": {"uv": [10, 12, 10.16667, 13], "texture": "#7"},
				"west": {"uv": [7.33333, 12, 7.83333, 13], "texture": "#7"},
				"up": {"uv": [13.16667, 3.5, 12.66667, 3.33333], "rotation": 90, "texture": "#7"},
				"down": {"uv": [4.5, 12.66667, 4, 12.83333], "rotation": 270, "texture": "#7"}
			}
		},
		{
			"from": [8.8509, 10.70428, 6.96341],
			"to": [9.1009, 10.95428, 7.46341],
			"rotation": {"angle": 22.5, "axis": "y", "origin": [8, 8, 8]},
			"faces": {
				"north": {"uv": [12.66667, 13.33333, 12.83333, 13.5], "texture": "#7"},
				"east": {"uv": [12.66667, 12, 13, 12.16667], "texture": "#7"},
				"south": {"uv": [13.33333, 10, 13.5, 10.16667], "texture": "#7"},
				"west": {"uv": [0, 13.33333, 0.33333, 13.5], "texture": "#7"},
				"up": {"uv": [1.66667, 13.5, 1.33333, 13.33333], "rotation": 90, "texture": "#7"}
			}
		},
		{
			"from": [6.8991, 10.70428, 6.96341],
			"to": [7.1491, 10.95428, 7.46341],
			"rotation": {"angle": -22.5, "axis": "y", "origin": [8, 8, 8]},
			"faces": {
				"north": {"uv": [14, 1.33333, 14.16667, 1.5], "texture": "#7"},
				"east": {"uv": [2.66667, 13.33333, 3, 13.5], "texture": "#7"},
				"south": {"uv": [14, 0, 14.16667, 0.16667], "texture": "#7"},
				"west": {"uv": [13.33333, 7.33333, 13.66667, 7.5], "texture": "#7"},
				"up": {"uv": [13.66667, 8.83333, 13.33333, 8.66667], "rotation": 90, "texture": "#7"}
			}
		},
		{
			"from": [6.8991, 9.20428, 6.96341],
			"to": [7.1491, 10.70428, 7.71341],
			"rotation": {"angle": -22.5, "axis": "y", "origin": [8, 8, 8]},
			"faces": {
				"north": {"uv": [12.66667, 0, 12.83333, 1], "texture": "#7"},
				"east": {"uv": [12, 8, 12.5, 9], "texture": "#7"},
				"south": {"uv": [11.33333, 12, 11.5, 13], "texture": "#7"},
				"west": {"uv": [8.66667, 12, 9.16667, 13], "texture": "#7"},
				"up": {"uv": [13.16667, 4.83333, 12.66667, 4.66667], "rotation": 90, "texture": "#7"},
				"down": {"uv": [13.16667, 6, 12.66667, 6.16667], "rotation": 270, "texture": "#7"}
			}
		},
		{
			"from": [7.125, 7.6949, 6.36748],
			"to": [8.875, 9.6949, 8.11748],
			"rotation": {"angle": -22.5, "axis": "x", "origin": [8, 8, 8]},
			"faces": {
				"north": {"uv": [4, 2, 5.16667, 3.33333], "texture": "#7"},
				"east": {"uv": [0, 4, 1.16667, 5.33333], "texture": "#7"},
				"south": {"uv": [4, 0, 5.16667, 1.33333], "texture": "#7"},
				"west": {"uv": [2, 4, 3.16667, 5.33333], "texture": "#7"},
				"up": {"uv": [5.16667, 5.16667, 4, 4], "rotation": 90, "texture": "#7"},
				"down": {"uv": [1.16667, 6, 0, 7.16667], "rotation": 270, "texture": "#7"}
			}
		},
		{
			"from": [6.875, 7.6949, 6.11748],
			"to": [9.125, 8.9449, 7.36748],
			"rotation": {"angle": -22.5, "axis": "x", "origin": [8, 8, 8]},
			"faces": {
				"north": {"uv": [2, 6, 3.5, 6.83333], "texture": "#7"},
				"east": {"uv": [2, 10, 2.83333, 10.83333], "texture": "#7"},
				"south": {"uv": [6, 0, 7.5, 0.83333], "texture": "#7"},
				"west": {"uv": [10, 2, 10.83333, 2.83333], "texture": "#7"},
				"up": {"uv": [6.83333, 3.5, 6, 2], "rotation": 90, "texture": "#7"},
				"down": {"uv": [5.5, 6, 4.66667, 7.5], "rotation": 270, "texture": "#7"}
			}
		},
		{
			"from": [5.2181, 8.79731, 6.375],
			"to": [6.4681, 9.79731, 7.625],
			"rotation": {"angle": 22.5, "axis": "z", "origin": [8, 8, 8]},
			"faces": {
				"north": {"uv": [12, 2, 12.83333, 2.66667], "texture": "#7"},
				"east": {"uv": [8, 10.66667, 8.83333, 11.33333], "texture": "#7"},
				"south": {"uv": [0, 12, 0.83333, 12.66667], "texture": "#7"},
				"west": {"uv": [2, 12, 2.83333, 12.66667], "texture": "#7"},
				"up": {"uv": [11.5, 0.83333, 10.66667, 0], "rotation": 90, "texture": "#7"},
				"down": {"uv": [4.83333, 10.66667, 4, 11.5], "rotation": 270, "texture": "#7"}
			}
		},
		{
			"from": [5.0931, 7.54731, 6.25],
			"to": [6.5931, 8.79731, 7.75],
			"rotation": {"angle": 22.5, "axis": "z", "origin": [8, 8, 8]},
			"faces": {
				"north": {"uv": [0, 10, 1, 10.83333], "texture": "#7"},
				"east": {"uv": [6, 8.66667, 7, 9.5], "texture": "#7"},
				"south": {"uv": [8.66667, 6, 9.66667, 6.83333], "texture": "#7"},
				"west": {"uv": [8, 8.66667, 9, 9.5], "texture": "#7"},
				"up": {"uv": [1, 9, 0, 8], "rotation": 90, "texture": "#7"},
				"down": {"uv": [3, 8, 2, 9], "rotation": 270, "texture": "#7"}
			}
		},
		{
			"from": [9.5319, 8.79731, 6.375],
			"to": [10.7819, 9.79731, 7.625],
			"rotation": {"angle": -22.5, "axis": "z", "origin": [8, 8, 8]},
			"faces": {
				"north": {"uv": [10.66667, 6.66667, 11.5, 7.33333], "texture": "#7"},
				"east": {"uv": [10.66667, 4, 11.5, 4.66667], "texture": "#7"},
				"south": {"uv": [10.66667, 5.33333, 11.5, 6], "texture": "#7"},
				"west": {"uv": [6, 10.66667, 6.83333, 11.33333], "texture": "#7"},
				"up": {"uv": [10.83333, 8.83333, 10, 8], "rotation": 90, "texture": "#7"},
				"down": {"uv": [10.83333, 10, 10, 10.83333], "rotation": 270, "texture": "#7"}
			}
		},
		{
			"from": [9.4069, 7.54731, 6.25],
			"to": [10.9069, 8.79731, 7.75],
			"rotation": {"angle": -22.5, "axis": "z", "origin": [8, 8, 8]},
			"faces": {
				"north": {"uv": [8.66667, 4, 9.66667, 4.83333], "texture": "#7"},
				"east": {"uv": [8, 2, 9, 2.83333], "texture": "#7"},
				"south": {"uv": [8.66667, 0, 9.66667, 0.83333], "texture": "#7"},
				"west": {"uv": [4, 8.66667, 5, 9.5], "texture": "#7"},
				"up": {"uv": [7.66667, 5.66667, 6.66667, 4.66667], "rotation": 90, "texture": "#7"},
				"down": {"uv": [7.66667, 6.66667, 6.66667, 7.66667], "rotation": 270, "texture": "#7"}
			}
		},
		{
			"from": [5.5, 6.7717, 7.39235],
			"to": [10.5, 11.7717, 7.42235],
			"rotation": {"angle": -22.5, "axis": "x", "origin": [8, 8, 8]},
			"faces": {
				"north": {"uv": [0, 0, 3.33333, 3.33333], "texture": "#7"},
				"south": {"uv": [3.33333, 0, 0, 3.33333], "texture": "#7"}
			}
		},
		{
			"from": [6.8991, 9.20428, 8.28659],
			"to": [7.1491, 10.70428, 9.03659],
			"rotation": {"angle": 22.5, "axis": "y", "origin": [8, 8, 8]},
			"faces": {
				"north": {"uv": [10, 12, 10.16667, 13], "texture": "#7"},
				"east": {"uv": [7.33333, 12, 7.83333, 13], "texture": "#7"},
				"south": {"uv": [12, 10, 12.16667, 11], "texture": "#7"},
				"west": {"uv": [6, 12, 6.5, 13], "texture": "#7"},
				"up": {"uv": [12.66667, 3.33333, 13.16667, 3.5], "rotation": 90, "texture": "#7"},
				"down": {"uv": [4, 12.83333, 4.5, 12.66667], "rotation": 270, "texture": "#7"}
			}
		},
		{
			"from": [6.8991, 10.70428, 8.53659],
			"to": [7.1491, 10.95428, 9.03659],
			"rotation": {"angle": 22.5, "axis": "y", "origin": [8, 8, 8]},
			"faces": {
				"north": {"uv": [13.33333, 10, 13.5, 10.16667], "texture": "#7"},
				"east": {"uv": [0, 13.33333, 0.33333, 13.5], "texture": "#7"},
				"south": {"uv": [12.66667, 13.33333, 12.83333, 13.5], "texture": "#7"},
				"west": {"uv": [12.66667, 12, 13, 12.16667], "texture": "#7"},
				"up": {"uv": [1.33333, 13.33333, 1.66667, 13.5], "rotation": 90, "texture": "#7"}
			}
		},
		{
			"from": [8.8509, 10.70428, 8.53659],
			"to": [9.1009, 10.95428, 9.03659],
			"rotation": {"angle": -22.5, "axis": "y", "origin": [8, 8, 8]},
			"faces": {
				"north": {"uv": [14, 0, 14.16667, 0.16667], "texture": "#7"},
				"east": {"uv": [13.33333, 7.33333, 13.66667, 7.5], "texture": "#7"},
				"south": {"uv": [14, 1.33333, 14.16667, 1.5], "texture": "#7"},
				"west": {"uv": [2.66667, 13.33333, 3, 13.5], "texture": "#7"},
				"up": {"uv": [13.33333, 8.66667, 13.66667, 8.83333], "rotation": 90, "texture": "#7"}
			}
		},
		{
			"from": [8.8509, 9.20428, 8.28659],
			"to": [9.1009, 10.70428, 9.03659],
			"rotation": {"angle": -22.5, "axis": "y", "origin": [8, 8, 8]},
			"faces": {
				"north": {"uv": [11.33333, 12, 11.5, 13], "texture": "#7"},
				"east": {"uv": [8.66667, 12, 9.16667, 13], "texture": "#7"},
				"south": {"uv": [12.66667, 0, 12.83333, 1], "texture": "#7"},
				"west": {"uv": [12, 8, 12.5, 9], "texture": "#7"},
				"up": {"uv": [12.66667, 4.66667, 13.16667, 4.83333], "rotation": 90, "texture": "#7"},
				"down": {"uv": [12.66667, 6.16667, 13.16667, 6], "rotation": 270, "texture": "#7"}
			}
		},
		{
			"from": [7.125, 7.6949, 7.88252],
			"to": [8.875, 9.6949, 9.63252],
			"rotation": {"angle": 22.5, "axis": "x", "origin": [8, 8, 8]},
			"faces": {
				"north": {"uv": [4, 0, 5.16667, 1.33333], "texture": "#7"},
				"east": {"uv": [2, 4, 3.16667, 5.33333], "texture": "#7"},
				"south": {"uv": [4, 2, 5.16667, 3.33333], "texture": "#7"},
				"west": {"uv": [0, 4, 1.16667, 5.33333], "texture": "#7"},
				"up": {"uv": [4, 4, 5.16667, 5.16667], "rotation": 90, "texture": "#7"},
				"down": {"uv": [0, 7.16667, 1.16667, 6], "rotation": 270, "texture": "#7"}
			}
		},
		{
			"from": [6.875, 7.6949, 8.63252],
			"to": [9.125, 8.9449, 9.88252],
			"rotation": {"angle": 22.5, "axis": "x", "origin": [8, 8, 8]},
			"faces": {
				"north": {"uv": [6, 0, 7.5, 0.83333], "texture": "#7"},
				"east": {"uv": [10, 2, 10.83333, 2.83333], "texture": "#7"},
				"south": {"uv": [2, 6, 3.5, 6.83333], "texture": "#7"},
				"west": {"uv": [2, 10, 2.83333, 10.83333], "texture": "#7"},
				"up": {"uv": [6, 2, 6.83333, 3.5], "rotation": 90, "texture": "#7"},
				"down": {"uv": [4.66667, 7.5, 5.5, 6], "rotation": 270, "texture": "#7"}
			}
		},
		{
			"from": [9.5319, 8.79731, 8.375],
			"to": [10.7819, 9.79731, 9.625],
			"rotation": {"angle": -22.5, "axis": "z", "origin": [8, 8, 8]},
			"faces": {
				"north": {"uv": [0, 12, 0.83333, 12.66667], "texture": "#7"},
				"east": {"uv": [2, 12, 2.83333, 12.66667], "texture": "#7"},
				"south": {"uv": [12, 2, 12.83333, 2.66667], "texture": "#7"},
				"west": {"uv": [8, 10.66667, 8.83333, 11.33333], "texture": "#7"},
				"up": {"uv": [10.66667, 0, 11.5, 0.83333], "rotation": 90, "texture": "#7"},
				"down": {"uv": [4, 11.5, 4.83333, 10.66667], "rotation": 270, "texture": "#7"}
			}
		},
		{
			"from": [9.4069, 7.54731, 8.25],
			"to": [10.9069, 8.79731, 9.75],
			"rotation": {"angle": -22.5, "axis": "z", "origin": [8, 8, 8]},
			"faces": {
				"north": {"uv": [8.66667, 6, 9.66667, 6.83333], "texture": "#7"},
				"east": {"uv": [8, 8.66667, 9, 9.5], "texture": "#7"},
				"south": {"uv": [0, 10, 1, 10.83333], "texture": "#7"},
				"west": {"uv": [6, 8.66667, 7, 9.5], "texture": "#7"},
				"up": {"uv": [0, 8, 1, 9], "rotation": 90, "texture": "#7"},
				"down": {"uv": [2, 9, 3, 8], "rotation": 270, "texture": "#7"}
			}
		},
		{
			"from": [5.2181, 8.79731, 8.375],
			"to": [6.4681, 9.79731, 9.625],
			"rotation": {"angle": 22.5, "axis": "z", "origin": [8, 8, 8]},
			"faces": {
				"north": {"uv": [10.66667, 5.33333, 11.5, 6], "texture": "#7"},
				"east": {"uv": [6, 10.66667, 6.83333, 11.33333], "texture": "#7"},
				"south": {"uv": [10.66667, 6.66667, 11.5, 7.33333], "texture": "#7"},
				"west": {"uv": [10.66667, 4, 11.5, 4.66667], "texture": "#7"},
				"up": {"uv": [10, 8, 10.83333, 8.83333], "rotation": 90, "texture": "#7"},
				"down": {"uv": [10, 10.83333, 10.83333, 10], "rotation": 270, "texture": "#7"}
			}
		},
		{
			"from": [5.0931, 7.54731, 8.25],
			"to": [6.5931, 8.79731, 9.75],
			"rotation": {"angle": 22.5, "axis": "z", "origin": [8, 8, 8]},
			"faces": {
				"north": {"uv": [8.66667, 0, 9.66667, 0.83333], "texture": "#7"},
				"east": {"uv": [4, 8.66667, 5, 9.5], "texture": "#7"},
				"south": {"uv": [8.66667, 4, 9.66667, 4.83333], "texture": "#7"},
				"west": {"uv": [8, 2, 9, 2.83333], "texture": "#7"},
				"up": {"uv": [6.66667, 4.66667, 7.66667, 5.66667], "rotation": 90, "texture": "#7"},
				"down": {"uv": [6.66667, 7.66667, 7.66667, 6.66667], "rotation": 270, "texture": "#7"}
			}
		},
		{
			"from": [5.5, 6.7717, 8.57765],
			"to": [10.5, 11.7717, 8.60765],
			"rotation": {"angle": 22.5, "axis": "x", "origin": [8, 8, 8]},
			"faces": {
				"north": {"uv": [3.33333, 0, 0, 3.33333], "texture": "#7"},
				"south": {"uv": [0, 0, 3.33333, 3.33333], "texture": "#7"}
			}
		},
		{
			"from": [15.22879, -4.25, 7.88064],
			"to": [20.22879, 20.75, 7.91064],
			"rotation": {"angle": 0, "axis": "y", "origin": [14.22879, 3.75, 7.88064]},
			"faces": {
				"north": {"uv": [6.85714, 0, 9.71429, 14.28571], "texture": "#3"},
				"south": {"uv": [9.71429, 0, 6.85714, 14.28571], "texture": "#3"}
			}
		},
		{
			"from": [20.22879, -4.25, 7.88064],
			"to": [26.22879, 20.75, 7.91064],
			"rotation": {"angle": -22.5, "axis": "y", "origin": [20.22879, 3.75, 7.88064]},
			"faces": {
				"north": {"uv": [3.42857, 0, 6.85714, 14.28571], "texture": "#3"},
				"south": {"uv": [6.85714, 0, 3.42857, 14.28571], "texture": "#3"}
			}
		},
		{
			"from": [24.89338, -4.25, 12.29807],
			"to": [30.89338, 20.75, 12.32807],
			"rotation": {"angle": -45, "axis": "y", "origin": [27.89338, 8.25, 12.29807]},
			"faces": {
				"north": {"uv": [0, 0, 3.42857, 14.28571], "texture": "#3"},
				"south": {"uv": [3.42857, 0, 0, 14.28571], "texture": "#3"}
			}
		},
		{
			"from": [-4.22879, -4.25, 7.88064],
			"to": [0.77121, 20.75, 7.91064],
			"rotation": {"angle": 0, "axis": "y", "origin": [1.77121, 3.75, 7.88064]},
			"faces": {
				"north": {"uv": [9.71429, 0, 6.85714, 14.28571], "texture": "#3"},
				"south": {"uv": [6.85714, 0, 9.71429, 14.28571], "texture": "#3"}
			}
		},
		{
			"from": [-10.22879, -4.25, 7.88064],
			"to": [-4.22879, 20.75, 7.91064],
			"rotation": {"angle": 22.5, "axis": "y", "origin": [-4.22879, 3.75, 7.88064]},
			"faces": {
				"north": {"uv": [6.85714, 0, 3.42857, 14.28571], "texture": "#3"},
				"south": {"uv": [3.42857, 0, 6.85714, 14.28571], "texture": "#3"}
			}
		},
		{
			"from": [-14.89338, -4.25, 12.29807],
			"to": [-8.89338, 20.75, 12.32807],
			"rotation": {"angle": 45, "axis": "y", "origin": [-11.89338, 8.25, 12.29807]},
			"faces": {
				"north": {"uv": [3.42857, 0, 0, 14.28571], "texture": "#3"},
				"south": {"uv": [0, 0, 3.42857, 14.28571], "texture": "#3"}
			}
		},
		{
			"from": [-1.22879, -4.25, 9.88064],
			"to": [3.77121, 20.75, 9.91064],
			"rotation": {"angle": 22.5, "axis": "y", "origin": [3.77121, 3.75, 9.88064]},
			"faces": {
				"north": {"uv": [9.71429, 0, 6.85714, 14.28571], "texture": "#3"},
				"south": {"uv": [6.85714, 0, 9.71429, 14.28571], "texture": "#3"}
			}
		},
		{
			"from": [1.85779, -4.25, 14.50004],
			"to": [1.88779, 20.75, 20.50004],
			"rotation": {"angle": -45, "axis": "y", "origin": [3.77121, 3.75, 9.88064]},
			"faces": {
				"east": {"uv": [3.42857, 0, 6.85714, 14.28571], "texture": "#3"},
				"west": {"uv": [6.85714, 0, 3.42857, 14.28571], "texture": "#3"}
			}
		},
		{
			"from": [-2.06041, -4.25, 18.95945],
			"to": [-2.03041, 20.75, 24.95945],
			"rotation": {"angle": -22.5, "axis": "y", "origin": [3.77121, 3.75, 9.88064]},
			"faces": {
				"east": {"uv": [0, 0, 3.42857, 14.28571], "texture": "#3"},
				"west": {"uv": [3.42857, 0, 0, 14.28571], "texture": "#3"}
			}
		},
		{
			"from": [12.22879, -4.25, 9.88064],
			"to": [17.22879, 20.75, 9.91064],
			"rotation": {"angle": -22.5, "axis": "y", "origin": [12.22879, 3.75, 9.88064]},
			"faces": {
				"north": {"uv": [6.85714, 0, 9.71429, 14.28571], "texture": "#3"},
				"south": {"uv": [9.71429, 0, 6.85714, 14.28571], "texture": "#3"}
			}
		},
		{
			"from": [14.11221, -4.25, 14.50004],
			"to": [14.14221, 20.75, 20.50004],
			"rotation": {"angle": 45, "axis": "y", "origin": [12.22879, 3.75, 9.88064]},
			"faces": {
				"east": {"uv": [3.42857, 0, 6.85714, 14.28571], "texture": "#3"},
				"west": {"uv": [6.85714, 0, 3.42857, 14.28571], "texture": "#3"}
			}
		},
		{
			"from": [18.03041, -4.25, 18.95945],
			"to": [18.06041, 20.75, 24.95945],
			"rotation": {"angle": 22.5, "axis": "y", "origin": [12.22879, 3.75, 9.88064]},
			"faces": {
				"east": {"uv": [0, 0, 3.42857, 14.28571], "texture": "#3"},
				"west": {"uv": [3.42857, 0, 0, 14.28571], "texture": "#3"}
			}
		},
		{
			"from": [15.22879, -4.25, 8.88064],
			"to": [20.22879, 20.75, 8.91064],
			"rotation": {"angle": 0, "axis": "y", "origin": [14.22879, 3.75, 8.88064]},
			"faces": {
				"north": {"uv": [6.85714, 0, 9.71429, 14.28571], "texture": "#2"},
				"south": {"uv": [9.71429, 0, 6.85714, 14.28571], "texture": "#2"}
			}
		},
		{
			"from": [12.43057, -4.25, 7.92622],
			"to": [15.43057, 20.75, 7.95622],
			"rotation": {"angle": -22.5, "axis": "y", "origin": [12.93057, 8.25, 7.92622]},
			"faces": {
				"north": {"uv": [9.71429, 0, 11.42857, 14.28571], "texture": "#2"},
				"south": {"uv": [11.42857, 0, 9.71429, 14.28571], "texture": "#2"}
			}
		},
		{
			"from": [9.03902, -4.25, 8.80204],
			"to": [12.03902, 20.75, 8.83204],
			"rotation": {"angle": -45, "axis": "y", "origin": [13.53902, 8.25, 8.80204]},
			"faces": {
				"north": {"uv": [11.42857, 0, 13.14286, 14.28571], "texture": "#2"},
				"south": {"uv": [13.14286, 0, 11.42857, 14.28571], "texture": "#2"}
			}
		},
		{
			"from": [20.22879, -4.25, 8.88064],
			"to": [26.22879, 20.75, 8.91064],
			"rotation": {"angle": -22.5, "axis": "y", "origin": [20.22879, 3.75, 8.88064]},
			"faces": {
				"north": {"uv": [3.42857, 0, 6.85714, 14.28571], "texture": "#2"},
				"south": {"uv": [6.85714, 0, 3.42857, 14.28571], "texture": "#2"}
			}
		},
		{
			"from": [24.89338, -4.25, 13.29807],
			"to": [30.89338, 20.75, 13.32807],
			"rotation": {"angle": -45, "axis": "y", "origin": [27.89338, 8.25, 13.29807]},
			"faces": {
				"north": {"uv": [0, 0, 3.42857, 14.28571], "texture": "#2"},
				"south": {"uv": [3.42857, 0, 0, 14.28571], "texture": "#2"}
			}
		},
		{
			"from": [-4.22879, -4.25, 8.88064],
			"to": [0.77121, 20.75, 8.91064],
			"rotation": {"angle": 0, "axis": "y", "origin": [1.77121, 3.75, 8.88064]},
			"faces": {
				"north": {"uv": [9.71429, 0, 6.85714, 14.28571], "texture": "#2"},
				"south": {"uv": [6.85714, 0, 9.71429, 14.28571], "texture": "#2"}
			}
		},
		{
			"from": [-10.22879, -4.25, 8.88064],
			"to": [-4.22879, 20.75, 8.91064],
			"rotation": {"angle": 22.5, "axis": "y", "origin": [-4.22879, 3.75, 8.88064]},
			"faces": {
				"north": {"uv": [6.85714, 0, 3.42857, 14.28571], "texture": "#2"},
				"south": {"uv": [3.42857, 0, 6.85714, 14.28571], "texture": "#2"}
			}
		},
		{
			"from": [-14.89338, -4.25, 13.29807],
			"to": [-8.89338, 20.75, 13.32807],
			"rotation": {"angle": 45, "axis": "y", "origin": [-11.89338, 8.25, 13.29807]},
			"faces": {
				"north": {"uv": [3.42857, 0, 0, 14.28571], "texture": "#2"},
				"south": {"uv": [0, 0, 3.42857, 14.28571], "texture": "#2"}
			}
		},
		{
			"from": [0.56943, -4.25, 7.92622],
			"to": [3.56943, 20.75, 7.95622],
			"rotation": {"angle": 22.5, "axis": "y", "origin": [3.06943, 8.25, 7.92622]},
			"faces": {
				"north": {"uv": [11.42857, 0, 9.71429, 14.28571], "texture": "#2"},
				"south": {"uv": [9.71429, 0, 11.42857, 14.28571], "texture": "#2"}
			}
		},
		{
			"from": [3.96098, -4.25, 8.80204],
			"to": [6.96098, 20.75, 8.83204],
			"rotation": {"angle": 45, "axis": "y", "origin": [2.46098, 8.25, 8.80204]},
			"faces": {
				"north": {"uv": [13.14286, 0, 11.42857, 14.28571], "texture": "#2"},
				"south": {"uv": [11.42857, 0, 13.14286, 14.28571], "texture": "#2"}
			}
		}
	],
	"gui_light": "front",
	"display": {
		"thirdperson_righthand": {
			"rotation": [0, 180, 0],
			"translation": [0, 1, 1],
			"scale": [0.5, 0.5, 0.5]
		},
		"thirdperson_lefthand": {
			"rotation": [67, 0, 0],
			"translation": [-5.5, -7.75, 10.25]
		},
		"firstperson_righthand": {
			"rotation": [-12, 180, 0],
			"translation": [1.25, 3, 2],
			"scale": [0.44, 0.44, 0.44]
		},
		"firstperson_lefthand": {
			"rotation": [-12, 180, 0],
			"translation": [1.25, 3, 2],
			"scale": [0, 0, 0]
		},
		"ground": {
			"rotation": [-45, 0, 0],
			"translation": [0, 5, 0],
			"scale": [0.7, 0.7, 0.7]
		},
		"gui": {
			"rotation": [0, 180, 0],
			"translation": [0, -0.25, 0],
			"scale": [0.45, 0.45, 0.45]
		},
		"head": {
			"translation": [0, -80, 7.5],
			"scale": [1.6, 1.6, 1.6]
		},
		"fixed": {
			"rotation": [0, 180, 0],
			"translation": [0, 0, -4],
			"scale": [2, 2, 2]
		}
	},
	"groups": [
		{
			"name": "wings",
			"origin": [8, 4.17072, 8],
			"color": 0,
			"children": [
				0,
				1,
				2,
				3,
				4,
				5,
				6,
				7,
				8,
				9,
				10,
				11,
				12,
				13,
				14,
				15,
				16,
				17,
				{
					"name": "bunny_egg",
					"origin": [6.875, 2.58322, 8],
					"color": 0,
					"children": [18, 19, 20, 21, 22, 23, 24, 25, 26, 27, 28, 29, 30, 31, 32, 33, 34, 35, 36, 37, 38, 39]
				},
				{
					"name": "animated",
					"origin": [9.14805, 6.42072, 8],
					"color": 0,
					"children": [40, 41, 42, 43, 44, 45, 46, 47, 48, 49, 50, 51]
				},
				52,
				53,
				54,
				55,
				56,
				57,
				58,
				59,
				60,
				61
			]
		}
	],
	"mcmodels": "02e6f30cf459061631ae4d8dfb969c2d"
}