{
	"credit": "Made with Blockbench",
	"texture_size": [64, 64],
	"textures": {
		"1": "item/subnautic/anchor_pickaxe1",
		"particle": "item/subnautic/anchor_pickaxe1"
	},
	"elements": [
		{
			"from": [8, 1, 8],
			"to": [10, 20, 10],
			"rotation": {"angle": 0, "axis": "y", "origin": [8, 9.07574, 9]},
			"faces": {
				"north": {"uv": [0, 5.25, 0.5, 10], "texture": "#1"},
				"east": {"uv": [0, 5.25, 0.5, 10], "texture": "#1"},
				"south": {"uv": [0, 5.25, 0.5, 10], "texture": "#1"},
				"west": {"uv": [0, 5.25, 0.5, 10], "texture": "#1"},
				"up": {"uv": [8.75, 5.5, 8.25, 5], "texture": "#1"},
				"down": {"uv": [8.75, 5.75, 8.25, 6.25], "texture": "#1"}
			}
		},
		{
			"from": [6.998, 15.50546, 15.42973],
			"to": [11.002, 19.50946, 19.43373],
			"rotation": {"angle": -45, "axis": "x", "origin": [8, 9.07574, 9]},
			"faces": {
				"north": {"uv": [3.25, 5.25, 4.25, 6.25], "texture": "#1"},
				"east": {"uv": [4.5, 5.25, 5.5, 6.25], "texture": "#1"},
				"south": {"uv": [5.5, 0, 6.5, 1], "texture": "#1"},
				"west": {"uv": [5.5, 1.25, 6.5, 2.25], "texture": "#1"},
				"up": {"uv": [6.5, 3.5, 5.5, 2.5], "texture": "#1"},
				"down": {"uv": [6.5, 3.75, 5.5, 4.75], "texture": "#1"}
			}
		},
		{
			"from": [7.996, 6.82626, 15.90052],
			"to": [10.004, 8.83426, 17.90852],
			"rotation": {"angle": -45, "axis": "x", "origin": [8, 9.07574, 9]},
			"faces": {
				"north": {"uv": [8.25, 6.5, 8.75, 7], "texture": "#1"},
				"east": {"uv": [8.5, 3.25, 9, 3.75], "texture": "#1"},
				"south": {"uv": [8.5, 4, 9, 4.5], "texture": "#1"},
				"west": {"uv": [4.25, 8.5, 4.75, 9], "texture": "#1"},
				"up": {"uv": [5.5, 9, 5, 8.5], "texture": "#1"},
				"down": {"uv": [6.25, 8.5, 5.75, 9], "texture": "#1"}
			}
		},
		{
			"from": [7.996, 6.82626, 0.09148],
			"to": [10.004, 8.83426, 2.09948],
			"rotation": {"angle": 45, "axis": "x", "origin": [8, 9.07574, 9]},
			"faces": {
				"north": {"uv": [6.5, 8.5, 7, 9], "texture": "#1"},
				"east": {"uv": [7.25, 8.5, 7.75, 9], "texture": "#1"},
				"south": {"uv": [8.5, 7.25, 9, 7.75], "texture": "#1"},
				"west": {"uv": [8, 8.5, 8.5, 9], "texture": "#1"},
				"up": {"uv": [9.25, 3, 8.75, 2.5], "texture": "#1"},
				"down": {"uv": [9.25, 8, 8.75, 8.5], "texture": "#1"}
			}
		},
		{
			"from": [8, 11.50746, 17.43173],
			"to": [10, 15.50746, 19.43173],
			"rotation": {"angle": -45, "axis": "x", "origin": [8, 9.07574, 9]},
			"faces": {
				"north": {"uv": [0.75, 7, 1.25, 8], "texture": "#1"},
				"east": {"uv": [1.5, 7, 2, 8], "texture": "#1"},
				"south": {"uv": [2.25, 7, 2.75, 8], "texture": "#1"},
				"west": {"uv": [4.75, 7.25, 5.25, 8.25], "texture": "#1"},
				"up": {"uv": [9.25, 9.25, 8.75, 8.75], "texture": "#1"},
				"down": {"uv": [9.5, 0, 9, 0.5], "texture": "#1"}
			}
		},
		{
			"from": [7.998, 11.31241, 15.70508],
			"to": [10.002, 15.31641, 17.70908],
			"rotation": {"angle": -22.5, "axis": "x", "origin": [8, 9.07574, 9]},
			"faces": {
				"north": {"uv": [5.5, 7.25, 6, 8.25], "texture": "#1"},
				"east": {"uv": [6.25, 7.25, 6.75, 8.25], "texture": "#1"},
				"south": {"uv": [7, 7.25, 7.5, 8.25], "texture": "#1"},
				"west": {"uv": [7.5, 0, 8, 1], "texture": "#1"},
				"up": {"uv": [9.5, 1.25, 9, 0.75], "texture": "#1"},
				"down": {"uv": [9.5, 1.5, 9, 2], "texture": "#1"}
			}
		},
		{
			"from": [7.998, 11.31241, 0.29092],
			"to": [10.002, 15.31641, 2.29492],
			"rotation": {"angle": 22.5, "axis": "x", "origin": [8, 9.07574, 9]},
			"faces": {
				"north": {"uv": [7.5, 1.25, 8, 2.25], "texture": "#1"},
				"east": {"uv": [7.5, 5, 8, 6], "texture": "#1"},
				"south": {"uv": [7.75, 7.25, 8.25, 8.25], "texture": "#1"},
				"west": {"uv": [8.25, 0, 8.75, 1], "texture": "#1"},
				"up": {"uv": [3.5, 9.5, 3, 9], "texture": "#1"},
				"down": {"uv": [9.5, 4.75, 9, 5.25], "texture": "#1"}
			}
		},
		{
			"from": [8, 11.50746, -1.43173],
			"to": [10, 15.50746, 0.56827],
			"rotation": {"angle": 45, "axis": "x", "origin": [8, 9.07574, 9]},
			"faces": {
				"north": {"uv": [0.75, 8.25, 1.25, 9.25], "texture": "#1"},
				"east": {"uv": [8.25, 1.25, 8.75, 2.25], "texture": "#1"},
				"south": {"uv": [1.5, 8.25, 2, 9.25], "texture": "#1"},
				"west": {"uv": [2.25, 8.25, 2.75, 9.25], "texture": "#1"},
				"up": {"uv": [9.5, 6, 9, 5.5], "texture": "#1"},
				"down": {"uv": [9.5, 6.25, 9, 6.75], "texture": "#1"}
			}
		},
		{
			"from": [7.998, 2.64201, 13.42973],
			"to": [10.002, 4.64601, 19.43373],
			"rotation": {"angle": 45, "axis": "x", "origin": [8, 9.07574, 9]},
			"faces": {
				"north": {"uv": [9.25, 3.25, 9.75, 3.75], "texture": "#1"},
				"east": {"uv": [5.75, 5, 7.25, 5.5], "texture": "#1"},
				"south": {"uv": [3.75, 9.25, 4.25, 9.75], "texture": "#1"},
				"west": {"uv": [5.75, 5.75, 7.25, 6.25], "texture": "#1"},
				"up": {"uv": [3.75, 8, 3.25, 6.5], "texture": "#1"},
				"down": {"uv": [4.5, 6.5, 4, 8], "texture": "#1"}
			}
		},
		{
			"from": [7.998, -1.36365, 13.42407],
			"to": [10.002, 0.64035, 19.42807],
			"rotation": {"angle": 45, "axis": "x", "origin": [8, 9.07008, 8.99434]},
			"faces": {
				"north": {"uv": [9.25, 4, 9.75, 4.5], "texture": "#1"},
				"east": {"uv": [4.75, 6.5, 6.25, 7], "texture": "#1"},
				"south": {"uv": [4.5, 9.25, 5, 9.75], "texture": "#1"},
				"west": {"uv": [6.5, 6.5, 8, 7], "texture": "#1"},
				"up": {"uv": [7.25, 1.5, 6.75, 0], "texture": "#1"},
				"down": {"uv": [7.25, 1.75, 6.75, 3.25], "texture": "#1"}
			}
		},
		{
			"from": [7.998, 0.63918, 13.4269],
			"to": [10.002, 2.64318, 15.4309],
			"rotation": {"angle": 45, "axis": "x", "origin": [8, 9.07291, 8.99717]},
			"faces": {
				"north": {"uv": [5.25, 9.25, 5.75, 9.75], "texture": "#1"},
				"east": {"uv": [6, 9.25, 6.5, 9.75], "texture": "#1"},
				"south": {"uv": [6.75, 9.25, 7.25, 9.75], "texture": "#1"},
				"west": {"uv": [9.25, 7, 9.75, 7.5], "texture": "#1"},
				"up": {"uv": [8, 9.75, 7.5, 9.25], "texture": "#1"},
				"down": {"uv": [1.25, 9.5, 0.75, 10], "texture": "#1"}
			}
		},
		{
			"from": [7.998, 0.64201, 17.42973],
			"to": [10.002, 2.64601, 19.43373],
			"rotation": {"angle": 45, "axis": "x", "origin": [8, 9.07574, 9]},
			"faces": {
				"north": {"uv": [1.5, 9.5, 2, 10], "texture": "#1"},
				"east": {"uv": [2.25, 9.5, 2.75, 10], "texture": "#1"},
				"south": {"uv": [9.5, 2.25, 10, 2.75], "texture": "#1"},
				"west": {"uv": [9.5, 7.75, 10, 8.25], "texture": "#1"},
				"up": {"uv": [8.75, 10, 8.25, 9.5], "texture": "#1"},
				"down": {"uv": [10, 8.5, 9.5, 9], "texture": "#1"}
			}
		},
		{
			"from": [6.998, 3.398, 5.998],
			"to": [11.002, 5.402, 12.002],
			"rotation": {"angle": 0, "axis": "y", "origin": [8, 9.07574, 9]},
			"faces": {
				"north": {"uv": [7.5, 2.5, 8.5, 3], "texture": "#1"},
				"east": {"uv": [6.75, 3.5, 8.25, 4], "texture": "#1"},
				"south": {"uv": [3, 8.25, 4, 8.75], "texture": "#1"},
				"west": {"uv": [6.75, 4.25, 8.25, 4.75], "texture": "#1"},
				"up": {"uv": [1.75, 6.75, 0.75, 5.25], "texture": "#1"},
				"down": {"uv": [3, 5.25, 2, 6.75], "texture": "#1"}
			}
		},
		{
			"from": [8.625, -0.05, 5.25],
			"to": [8.625, 19.95, 15.25],
			"rotation": {"angle": 0, "axis": "y", "origin": [7.625, 9.07574, 9.625]},
			"faces": {
				"north": {"uv": [9, 9.5, 9, 14.5], "texture": "#1"},
				"east": {"uv": [0, 0, 2.5, 5], "texture": "#1"},
				"south": {"uv": [9.25, 9.5, 9.25, 14.5], "texture": "#1"},
				"west": {"uv": [2.75, 0, 5.25, 5], "texture": "#1"},
				"up": {"uv": [9.5, 11.75, 9.5, 9.25], "texture": "#1"},
				"down": {"uv": [3, 9.75, 3, 12.25], "texture": "#1"}
			}
		}
	],
	"gui_light": "front",
	"display": {
		"thirdperson_righthand": {
			"translation": [0, 2.5, 0],
			"scale": [0.8, 0.8, 0.8]
		},
		"thirdperson_lefthand": {
			"translation": [0, 2.5, 0],
			"scale": [0.8, 0.8, 0.8]
		},
		"firstperson_righthand": {
			"translation": [5, -3.25, -5.75]
		},
		"firstperson_lefthand": {
			"translation": [5, -3.25, -5.75]
		},
		"ground": {
			"rotation": [-45, 0, 0],
			"translation": [0, 9.25, -2.25],
			"scale": [0.7, 0.7, 0.7]
		},
		"gui": {
			"rotation": [90, -135, 90],
			"translation": [-0.5, -1, 1.5],
			"scale": [0.61, 0.61, 0.61]
		},
		"head": {
			"rotation": [90, -38, -90],
			"translation": [-0.75, -12.5, 5]
		},
		"fixed": {
			"rotation": [-90, 45, 90],
			"translation": [0, -1.5, 0.75],
			"scale": [0.78, 0.78, 0.78]
		}
	},
	"groups": [
		{
			"name": "group",
			"origin": [5, 15, 6],
			"color": 0,
			"children": [0, 1, 2, 3, 4, 5, 6, 7, 8, 9, 10, 11, 12, 13]
		}
	]
}