{
	"credit": "Made with Blockbench",
	"texture_size": [64, 64],
	"textures": {
		"3": "item/subnautic/ang_rod"
	},
	"elements": [
		{
			"from": [6, -3.95, 14.78839],
			"to": [10, 0.05, 18.78839],
			"rotation": {"angle": 45, "axis": "x", "origin": [8, 6.875, 8.08839]},
			"faces": {
				"north": {"uv": [1, 3.75, 2, 4.75], "texture": "#3"},
				"east": {"uv": [0, 3.75, 1, 4.75], "texture": "#3"},
				"south": {"uv": [3, 3.75, 4, 4.75], "texture": "#3"},
				"west": {"uv": [2, 3.75, 3, 4.75], "texture": "#3"},
				"up": {"uv": [2, 3.75, 1, 2.75], "texture": "#3"},
				"down": {"uv": [3, 2.75, 2, 3.75], "texture": "#3"}
			}
		},
		{
			"from": [8.49, -0.135, 13.99],
			"to": [9.51, 2.885, 17.01],
			"rotation": {"angle": 45, "axis": "x", "origin": [10.5, 8.875, 8]},
			"faces": {
				"north": {"uv": [4.75, 7, 5, 7.75], "texture": "#3"},
				"east": {"uv": [4, 7.75, 4.75, 8.5], "texture": "#3"},
				"south": {"uv": [4.75, 7, 5, 7.75], "texture": "#3"},
				"west": {"uv": [4.75, 7.75, 4, 8.5], "texture": "#3"},
				"up": {"uv": [5, 7.75, 4.75, 7], "texture": "#3"},
				"down": {"uv": [5, 7, 4.75, 7.75], "texture": "#3"}
			}
		},
		{
			"from": [6.49, -0.135, 13.99],
			"to": [7.51, 2.885, 17.01],
			"rotation": {"angle": 45, "axis": "x", "origin": [8.5, 8.875, 8]},
			"faces": {
				"north": {"uv": [4.75, 7.75, 5, 8.5], "texture": "#3"},
				"east": {"uv": [4, 7.75, 4.75, 8.5], "texture": "#3"},
				"south": {"uv": [5.75, 7.75, 6, 8.5], "texture": "#3"},
				"west": {"uv": [5, 7.75, 5.75, 8.5], "texture": "#3"},
				"up": {"uv": [5, 7.75, 4.75, 7], "texture": "#3"},
				"down": {"uv": [5.25, 7, 5, 7.75], "texture": "#3"}
			}
		},
		{
			"from": [7.49, -12.135, 13.99],
			"to": [8.51, -9.115, 17.01],
			"rotation": {"angle": 45, "axis": "x", "origin": [9.5, -3.125, 8]},
			"faces": {
				"north": {"uv": [4.75, 7.75, 5, 8.5], "texture": "#3"},
				"east": {"uv": [4, 7.75, 4.75, 8.5], "texture": "#3"},
				"south": {"uv": [5.75, 7.75, 6, 8.5], "texture": "#3"},
				"west": {"uv": [5, 7.75, 5.75, 8.5], "texture": "#3"},
				"up": {"uv": [5, 7.75, 4.75, 7], "texture": "#3"},
				"down": {"uv": [5.25, 7, 5, 7.75], "texture": "#3"}
			}
		},
		{
			"from": [6.999, -10.97061, 6.999],
			"to": [9.001, 0.03139, 9.001],
			"rotation": {"angle": 0, "axis": "y", "origin": [8.5, 1.53039, 7.5]},
			"faces": {
				"north": {"uv": [0.5, 5.5, 1, 8.25], "texture": "#3"},
				"east": {"uv": [0, 5.5, 0.5, 8.25], "texture": "#3"},
				"south": {"uv": [1.5, 5.5, 2, 8.25], "texture": "#3"},
				"west": {"uv": [1, 5.5, 1.5, 8.25], "texture": "#3"},
				"up": {"uv": [1, 5.5, 0.5, 5], "texture": "#3"},
				"down": {"uv": [1.5, 5, 1, 5.5], "texture": "#3"}
			}
		},
		{
			"from": [6.49, -9.97961, 6.49],
			"to": [9.51, -8.95961, 9.51],
			"rotation": {"angle": 0, "axis": "y", "origin": [8, 1.53039, 7]},
			"faces": {
				"north": {"uv": [7.25, 3.25, 8, 3.5], "texture": "#3"},
				"east": {"uv": [6.5, 3.25, 7.25, 3.5], "texture": "#3"},
				"south": {"uv": [8.75, 3.25, 9.5, 3.5], "texture": "#3"},
				"west": {"uv": [8, 3.25, 8.75, 3.5], "texture": "#3"},
				"up": {"uv": [8, 3.25, 7.25, 2.5], "texture": "#3"},
				"down": {"uv": [8.75, 2.5, 8, 3.25], "texture": "#3"}
			}
		},
		{
			"from": [6.49, -11.97961, 6.49],
			"to": [9.51, -10.95961, 9.51],
			"rotation": {"angle": 0, "axis": "y", "origin": [8, 1.53039, 7]},
			"faces": {
				"north": {"uv": [7, 5.75, 7.75, 6], "texture": "#3"},
				"east": {"uv": [6.25, 5.75, 7, 6], "texture": "#3"},
				"south": {"uv": [8.5, 5.75, 9.25, 6], "texture": "#3"},
				"west": {"uv": [7.75, 5.75, 8.5, 6], "texture": "#3"},
				"up": {"uv": [7.75, 5.75, 7, 5], "texture": "#3"},
				"down": {"uv": [8.5, 5, 7.75, 5.75], "texture": "#3"}
			}
		},
		{
			"from": [7.999, -0.71376, 8.27936],
			"to": [8.001, 6.28824, 11.28136],
			"rotation": {"angle": -22.5, "axis": "x", "origin": [8, 1.31224, 7.03036]},
			"faces": {
				"north": {"uv": [3, 7.25, 3, 9], "texture": "#3"},
				"east": {"uv": [2.25, 7.25, 3, 9], "texture": "#3"},
				"south": {"uv": [3.75, 7.25, 3.75, 9], "texture": "#3"},
				"west": {"uv": [2.75, 7.25, 3.5, 9], "texture": "#3"},
				"up": {"uv": [3, 7.25, 3, 6.5], "texture": "#3"},
				"down": {"uv": [3, 6.5, 3, 7.25], "texture": "#3"}
			}
		},
		{
			"from": [6.99, 1.50374, 7.11675],
			"to": [8.99, 8.50374, 9.11675],
			"rotation": {"angle": -22.5, "axis": "x", "origin": [7.49, 0.50374, 12.74175]},
			"faces": {
				"north": {"uv": [7, 0.5, 7.5, 2.25], "texture": "#3"},
				"east": {"uv": [6.5, 0.5, 7, 2.25], "texture": "#3"},
				"south": {"uv": [8, 0.5, 8.5, 2.25], "texture": "#3"},
				"west": {"uv": [7.5, 0.5, 8, 2.25], "texture": "#3"},
				"up": {"uv": [7.5, 0.5, 7, 0], "texture": "#3"},
				"down": {"uv": [8, 0, 7.5, 0.5], "texture": "#3"}
			}
		},
		{
			"from": [7.5765, 3.70274, 5.36575],
			"to": [8.5785, 3.70474, 7.36775],
			"rotation": {"angle": -22.5, "axis": "x", "origin": [7.3525, 0.50374, 12.74175]},
			"faces": {
				"north": {"uv": [0.5, 1.25, 0.75, 1.25], "texture": "#3"},
				"east": {"uv": [0, 1.25, 0.5, 1.25], "texture": "#3"},
				"south": {"uv": [1.25, 1.25, 1.5, 1.25], "texture": "#3"},
				"west": {"uv": [0.75, 1.25, 1.25, 1.25], "texture": "#3"},
				"up": {"uv": [0.75, 1.25, 0.5, 0.75], "texture": "#3"},
				"down": {"uv": [1, 0.75, 0.75, 1.25], "texture": "#3"}
			}
		},
		{
			"from": [7.5765, 6.70274, 5.36575],
			"to": [8.5785, 6.70474, 7.36775],
			"rotation": {"angle": -22.5, "axis": "x", "origin": [7.3525, 0.50374, 12.74175]},
			"faces": {
				"north": {"uv": [0.5, 0.5, 0.75, 0.5], "texture": "#3"},
				"east": {"uv": [0, 0.5, 0.5, 0.5], "texture": "#3"},
				"south": {"uv": [1.25, 0.5, 1.5, 0.5], "texture": "#3"},
				"west": {"uv": [0.75, 0.5, 1.25, 0.5], "texture": "#3"},
				"up": {"uv": [0.75, 0.5, 0.5, 0], "texture": "#3"},
				"down": {"uv": [1, 0, 0.75, 0.5], "texture": "#3"}
			}
		},
		{
			"from": [7.5765, 4.28894, 1.73801],
			"to": [8.5785, 6.29094, 1.74001],
			"rotation": {"angle": 22.5, "axis": "x", "origin": [8.0775, 5.63994, 3.71401]},
			"faces": {
				"north": {"uv": [0, 2.75, 0.25, 3.25], "texture": "#3"},
				"east": {"uv": [0, 2.75, 0, 3.25], "texture": "#3"},
				"south": {"uv": [0.25, 2.75, 0.5, 3.25], "texture": "#3"},
				"west": {"uv": [0.25, 2.75, 0.25, 3.25], "texture": "#3"},
				"up": {"uv": [0.25, 2.75, 0, 2.75], "texture": "#3"},
				"down": {"uv": [0.5, 2.75, 0.25, 2.75], "texture": "#3"}
			}
		},
		{
			"from": [7.5765, 5.84444, -0.61723],
			"to": [8.5785, 7.84644, -0.61523],
			"rotation": {"angle": 0, "axis": "y", "origin": [8.0775, 7.22044, -1.01623]},
			"faces": {
				"north": {"uv": [2, 0.75, 2.25, 1.25], "texture": "#3"},
				"east": {"uv": [2, 0.75, 2, 1.25], "texture": "#3"},
				"south": {"uv": [2.25, 0.75, 2.5, 1.25], "texture": "#3"},
				"west": {"uv": [2.25, 0.75, 2.25, 1.25], "texture": "#3"},
				"up": {"uv": [2.25, 0.75, 2, 0.75], "texture": "#3"},
				"down": {"uv": [2.5, 0.75, 2.25, 0.75], "texture": "#3"}
			}
		},
		{
			"from": [7.5, 7.23843, -2.6328],
			"to": [8.5, 8.23843, 1.3672],
			"rotation": {"angle": 22.5, "axis": "x", "origin": [8, 7.68843, 0.8672]},
			"faces": {
				"north": {"uv": [7.75, 7.25, 8, 7.5], "texture": "#3"},
				"east": {"uv": [6.75, 7.25, 7.75, 7.5], "texture": "#3"},
				"south": {"uv": [9, 7.25, 9.25, 7.5], "texture": "#3"},
				"west": {"uv": [8, 7.25, 9, 7.5], "texture": "#3"},
				"up": {"uv": [8, 7.25, 7.75, 6.25], "texture": "#3"},
				"down": {"uv": [8.25, 6.25, 8, 7.25], "texture": "#3"}
			}
		},
		{
			"from": [8.1115, 5.2763, -1.85017],
			"to": [8.1135, 6.2783, 4.15183],
			"rotation": {"angle": 22.5, "axis": "x", "origin": [8.1125, 5.7773, 1.77583]},
			"faces": {
				"north": {"uv": [6, 6.5, 6, 6.75], "texture": "#3"},
				"east": {"uv": [4.5, 6.5, 6, 6.75], "texture": "#3"},
				"south": {"uv": [7.5, 6.5, 7.5, 6.75], "texture": "#3"},
				"west": {"uv": [6, 6.5, 7.5, 6.75], "texture": "#3"},
				"up": {"uv": [6, 6.5, 6, 5], "texture": "#3"},
				"down": {"uv": [6, 5, 6, 6.5], "texture": "#3"}
			}
		},
		{
			"from": [8.1365, -2.12226, 6.3418],
			"to": [8.1385, 7.87974, 7.3438],
			"rotation": {"angle": -22.5, "axis": "x", "origin": [6.6125, -1.12126, 11.9678]},
			"faces": {
				"north": {"uv": [6.5, 7.75, 6.5, 10.25], "texture": "#3"},
				"east": {"uv": [6.25, 7.75, 6.5, 10.25], "texture": "#3"},
				"south": {"uv": [6.75, 7.75, 6.75, 10.25], "texture": "#3"},
				"west": {"uv": [6.5, 7.75, 6.75, 10.25], "texture": "#3"},
				"up": {"uv": [6.5, 7.75, 6.5, 7.5], "texture": "#3"},
				"down": {"uv": [6.5, 7.5, 6.5, 7.75], "texture": "#3"}
			}
		},
		{
			"from": [7.5, 4.93001, 2.85736],
			"to": [8.5, 6.93001, 7.85736],
			"rotation": {"angle": 22.5, "axis": "x", "origin": [8, 10.55501, 6.03236]},
			"faces": {
				"north": {"uv": [5.75, 4.25, 6, 4.75], "texture": "#3"},
				"east": {"uv": [4.5, 4.25, 5.75, 4.75], "texture": "#3"},
				"south": {"uv": [7.25, 4.25, 7.5, 4.75], "texture": "#3"},
				"west": {"uv": [6, 4.25, 7.25, 4.75], "texture": "#3"},
				"up": {"uv": [6, 4.25, 5.75, 3], "texture": "#3"},
				"down": {"uv": [6.25, 3, 6, 4.25], "texture": "#3"}
			}
		},
		{
			"from": [8.249, -8.001, 8.749],
			"to": [8.251, -1.999, 13.751],
			"rotation": {"angle": 22.5, "axis": "x", "origin": [8.25, -5, 11.25]},
			"faces": {
				"north": {"uv": [5, 1.25, 5, 2.75], "texture": "#3"},
				"east": {"uv": [3.75, 1.25, 5, 2.75], "texture": "#3"},
				"south": {"uv": [6.25, 1.25, 6.25, 2.75], "texture": "#3"},
				"west": {"uv": [5, 1.25, 6.25, 2.75], "texture": "#3"},
				"up": {"uv": [5, 1.25, 5, 0], "texture": "#3"},
				"down": {"uv": [5, 0, 5, 1.25], "texture": "#3"}
			}
		}
	],
	"gui_light": "front",
	"display": {
		"thirdperson_righthand": {
			"rotation": [31, 0, 0],
			"translation": [0, 9, 7],
			"scale": [0.82, 0.82, 0.82]
		},
		"thirdperson_lefthand": {
			"rotation": [31, 0, 0],
			"translation": [0, 9, 7],
			"scale": [0.82, 0.82, 0.82]
		},
		"firstperson_righthand": {
			"rotation": [18, 12, 1],
			"translation": [2.75, 8.25, 1.75],
			"scale": [0.8, 0.8, 0.8]
		},
		"firstperson_lefthand": {
			"rotation": [18, 12, 1],
			"translation": [2.75, 8.25, 1.75],
			"scale": [0.8, 0.8, 0.8]
		},
		"ground": {
			"rotation": [-14, 0, 0],
			"translation": [0, 16.5, 0],
			"scale": [0.75, 0.75, 0.75]
		},
		"gui": {
			"rotation": [90, -108, 90],
			"translation": [0.25, 8, -0.25],
			"scale": [0.69, 0.69, 0.69]
		},
		"head": {
			"rotation": [-90, -55, -88],
			"translation": [8, -2.25, 4.25],
			"scale": [1.3, 1.3, 1.3]
		},
		"fixed": {
			"rotation": [-90, 72, 90],
			"translation": [-0.25, 9.25, -0.25],
			"scale": [0.82, 0.82, 0.82]
		}
	},
	"groups": [
		{
			"name": "group",
			"origin": [8, 3, 8.5],
			"color": 0,
			"children": [0, 1, 2, 3, 4, 5, 6, 7, 8, 9, 10, 11, 12, 13, 14, 15, 16, 17]
		}
	]
}