{
	"credit": "Made with Blockbench",
	"texture_size": [64, 64],
	"textures": {
		"2": "item/subnautic/clam_shield"
	},
	"elements": [
		{
			"from": [6.998, 5.998, 6.998],
			"to": [8.002, 18.002, 9.002],
			"rotation": {"angle": 0, "axis": "y", "origin": [7, 0, 7]},
			"faces": {
				"north": {"uv": [6.5, 0, 6.75, 3], "texture": "#2"},
				"east": {"uv": [5.75, 0, 6.25, 3], "texture": "#2"},
				"south": {"uv": [6, 6.5, 6.25, 9.5], "texture": "#2"},
				"west": {"uv": [6, 3.25, 6.5, 6.25], "texture": "#2"},
				"up": {"uv": [8, 2.5, 7.75, 2], "texture": "#2"},
				"down": {"uv": [0.75, 8, 0.5, 8.5], "texture": "#2"}
			}
		},
		{
			"from": [6.999, 5.499, 4.249],
			"to": [8.001, 17.501, 6.251],
			"rotation": {"angle": -22.5, "axis": "x", "origin": [7.5, 11.5, 5.25]},
			"faces": {
				"north": {"uv": [6.5, 0, 6.75, 3], "texture": "#2"},
				"east": {"uv": [5.75, 0, 6.25, 3], "texture": "#2"},
				"south": {"uv": [6, 6.5, 6.25, 9.5], "texture": "#2"},
				"west": {"uv": [6, 3.25, 6.5, 6.25], "texture": "#2"},
				"up": {"uv": [8, 2.5, 7.75, 2], "texture": "#2"},
				"down": {"uv": [0.75, 8, 0.5, 8.5], "texture": "#2"}
			}
		},
		{
			"from": [7.001, 4.249, 2.249],
			"to": [8.003, 16.251, 4.251],
			"rotation": {"angle": -45, "axis": "x", "origin": [7.502, 10.25, 3.25]},
			"faces": {
				"north": {"uv": [6.5, 0, 6.75, 3], "texture": "#2"},
				"east": {"uv": [5.75, 0, 6.25, 3], "texture": "#2"},
				"south": {"uv": [6, 6.5, 6.25, 9.5], "texture": "#2"},
				"west": {"uv": [6, 3.25, 6.5, 6.25], "texture": "#2"},
				"up": {"uv": [8, 2.5, 7.75, 2], "texture": "#2"},
				"down": {"uv": [0.75, 8, 0.5, 8.5], "texture": "#2"}
			}
		},
		{
			"from": [4.998, 11.998, 7.498],
			"to": [7.002, 13.002, 8.502],
			"rotation": {"angle": 0, "axis": "y", "origin": [6, -2, 7.5]},
			"faces": {
				"north": {"uv": [1, 8, 1.5, 8.25], "texture": "#2"},
				"east": {"uv": [7.25, 6, 7.5, 6.25], "texture": "#2"},
				"south": {"uv": [8, 1.25, 8.5, 1.5], "texture": "#2"},
				"west": {"uv": [4, 8, 4.25, 8.25], "texture": "#2"},
				"up": {"uv": [2.25, 8.25, 1.75, 8], "texture": "#2"},
				"down": {"uv": [3, 8, 2.5, 8.25], "texture": "#2"}
			}
		},
		{
			"from": [4.998, 8.998, 7.498],
			"to": [7.002, 10.002, 8.502],
			"rotation": {"angle": 0, "axis": "y", "origin": [6, -5, 7.5]},
			"faces": {
				"north": {"uv": [8, 2.75, 8.5, 3], "texture": "#2"},
				"east": {"uv": [8, 4.25, 8.25, 4.5], "texture": "#2"},
				"south": {"uv": [3.25, 8, 3.75, 8.25], "texture": "#2"},
				"west": {"uv": [4.5, 8, 4.75, 8.25], "texture": "#2"},
				"up": {"uv": [8.5, 3.5, 8, 3.25], "texture": "#2"},
				"down": {"uv": [8.5, 3.75, 8, 4], "texture": "#2"}
			}
		},
		{
			"from": [3.998, 8.998, 7.498],
			"to": [5.002, 13.002, 8.502],
			"rotation": {"angle": 0, "axis": "y", "origin": [4, -2, 7.5]},
			"faces": {
				"north": {"uv": [7.75, 6, 8, 7], "texture": "#2"},
				"east": {"uv": [7.75, 7.25, 8, 8.25], "texture": "#2"},
				"south": {"uv": [0, 8, 0.25, 9], "texture": "#2"},
				"west": {"uv": [8, 0, 8.25, 1], "texture": "#2"},
				"up": {"uv": [8.25, 5, 8, 4.75], "texture": "#2"},
				"down": {"uv": [5.25, 8, 5, 8.25], "texture": "#2"}
			}
		},
		{
			"from": [7.448, 7.873, 3.998],
			"to": [7.452, 16.877, 12.002],
			"rotation": {"angle": 0, "axis": "y", "origin": [6.45, -1.125, 7]},
			"faces": {
				"north": {"uv": [5.5, 8, 5.5, 10.25], "texture": "#2"},
				"east": {"uv": [3.5, 0, 5.5, 2.25], "texture": "#2"},
				"south": {"uv": [5.75, 8, 5.75, 10.25], "texture": "#2"},
				"west": {"uv": [3.5, 2.5, 5.5, 4.75], "texture": "#2"},
				"up": {"uv": [8.25, 7.25, 8.25, 5.25], "texture": "#2"},
				"down": {"uv": [8.25, 7.5, 8.25, 9.5], "texture": "#2"}
			}
		},
		{
			"from": [7.499, 4.249, 3.249],
			"to": [7.501, 15.251, 7.251],
			"rotation": {"angle": -45, "axis": "x", "origin": [6.5, 10.25, 3.25]},
			"faces": {
				"north": {"uv": [1, 8.5, 1, 11.25], "texture": "#2"},
				"east": {"uv": [3.5, 5, 4.5, 7.75], "texture": "#2"},
				"south": {"uv": [1.25, 8.5, 1.25, 11.25], "texture": "#2"},
				"west": {"uv": [4.75, 5, 5.75, 7.75], "texture": "#2"},
				"up": {"uv": [5.75, 4.25, 5.75, 3.25], "texture": "#2"},
				"down": {"uv": [8.5, 0, 8.5, 1], "texture": "#2"}
			}
		},
		{
			"from": [6.999, 5.499, 9.749],
			"to": [8.001, 17.501, 11.751],
			"rotation": {"angle": 22.5, "axis": "x", "origin": [7.5, 11.5, 10.75]},
			"faces": {
				"north": {"uv": [6.5, 6.5, 6.75, 9.5], "texture": "#2"},
				"east": {"uv": [6, 3.25, 6.5, 6.25], "texture": "#2"},
				"south": {"uv": [6.75, 3.25, 7, 6.25], "texture": "#2"},
				"west": {"uv": [5.75, 0, 6.25, 3], "texture": "#2"},
				"up": {"uv": [0.75, 8.5, 0.5, 8], "texture": "#2"},
				"down": {"uv": [8, 2, 7.75, 2.5], "texture": "#2"}
			}
		},
		{
			"from": [7.499, 4.249, 8.749],
			"to": [7.501, 15.251, 12.751],
			"rotation": {"angle": 45, "axis": "x", "origin": [6.5, 10.25, 12.75]},
			"faces": {
				"north": {"uv": [1.25, 8.5, 1.25, 11.25], "texture": "#2"},
				"east": {"uv": [4.75, 5, 5.75, 7.75], "texture": "#2"},
				"south": {"uv": [1, 8.5, 1, 11.25], "texture": "#2"},
				"west": {"uv": [3.5, 5, 4.5, 7.75], "texture": "#2"},
				"up": {"uv": [1.5, 9.5, 1.5, 8.5], "texture": "#2"},
				"down": {"uv": [1.75, 8.5, 1.75, 9.5], "texture": "#2"}
			}
		},
		{
			"from": [7.001, 4.249, 11.749],
			"to": [8.003, 16.251, 13.751],
			"rotation": {"angle": 45, "axis": "x", "origin": [7.502, 10.25, 12.75]},
			"faces": {
				"north": {"uv": [6.5, 6.5, 6.75, 9.5], "texture": "#2"},
				"east": {"uv": [6, 3.25, 6.5, 6.25], "texture": "#2"},
				"south": {"uv": [6.75, 3.25, 7, 6.25], "texture": "#2"},
				"west": {"uv": [5.75, 0, 6.25, 3], "texture": "#2"},
				"up": {"uv": [0.75, 8.5, 0.5, 8], "texture": "#2"},
				"down": {"uv": [8, 2, 7.75, 2.5], "texture": "#2"}
			}
		},
		{
			"from": [6.001, 4.17613, 4.89009],
			"to": [7.999, 7.17413, 7.88809],
			"rotation": {"angle": 22.5, "axis": "x", "origin": [7, 5.17513, 6.38909]},
			"faces": {
				"north": {"uv": [2, 7, 2.5, 7.75], "texture": "#2"},
				"east": {"uv": [0, 7, 0.75, 7.75], "texture": "#2"},
				"south": {"uv": [7, 2, 7.5, 2.75], "texture": "#2"},
				"west": {"uv": [7, 0, 7.75, 0.75], "texture": "#2"},
				"up": {"uv": [3.25, 7.75, 2.75, 7], "texture": "#2"},
				"down": {"uv": [7.5, 6.5, 7, 7.25], "texture": "#2"}
			}
		},
		{
			"from": [6, 4.17513, 8.11091],
			"to": [8, 7.17513, 11.11091],
			"rotation": {"angle": -22.5, "axis": "x", "origin": [7, 5.17513, 9.61091]},
			"faces": {
				"north": {"uv": [7.25, 3, 7.75, 3.75], "texture": "#2"},
				"east": {"uv": [1, 7, 1.75, 7.75], "texture": "#2"},
				"south": {"uv": [7.25, 4, 7.75, 4.75], "texture": "#2"},
				"west": {"uv": [7, 1, 7.75, 1.75], "texture": "#2"},
				"up": {"uv": [7.75, 5.75, 7.25, 5], "texture": "#2"},
				"down": {"uv": [7.5, 7.5, 7, 8.25], "texture": "#2"}
			}
		}
	],
	"gui_light": "front",
	"display": {
		"thirdperson_righthand": {
			"rotation": [68, 90, 0],
			"translation": [0, 1.25, -3],
			"scale": [1.15, 1.15, 1.15]
		},
		"thirdperson_lefthand": {
			"rotation": [68, -90, 0],
			"translation": [0, 1.25, -2.75],
			"scale": [1.15, 1.15, 1.15]
		},
		"firstperson_righthand": {
			"rotation": [0, 88, 12],
			"translation": [-4.5, -3, -3.25]
		},
		"firstperson_lefthand": {
			"rotation": [0, -88, 12],
			"translation": [-4.5, -3.5, -3.25]
		},
		"ground": {
			"rotation": [-45, 0, 0],
			"translation": [0, 2.75, 1.5],
			"scale": [0.99, 0.99, 0.99]
		},
		"gui": {
			"rotation": [90, -90, 90],
			"translation": [0, -2.5, -1.75],
			"scale": [0.82, 0.82, 0.82]
		},
		"head": {
			"rotation": [90, -38, 90],
			"translation": [2.25, -21, 5.25],
			"scale": [1.3, 1.3, 1.3]
		},
		"fixed": {
			"rotation": [-90, 45, 90],
			"translation": [4.25, -4.25, -1],
			"scale": [1.18, 1.18, 1.18]
		}
	},
	"groups": [
		{
			"name": "group",
			"origin": [7, 5.17513, 9.36091],
			"color": 0,
			"children": [0, 1, 2, 3, 4, 5, 6, 7, 8, 9, 10, 11, 12]
		}
	]
}