{
	"credit": "Made with Blockbench",
	"texture_size": [128, 128],
	"textures": {
		"4": "item/subnautic/fish_bow"
	},
	"elements": [
		{
			"from": [7.749, 2.999, -4.001],
			"to": [7.751, 7.001, 23.001],
			"rotation": {"angle": 0, "axis": "y", "origin": [5.75, 4, 7]},
			"faces": {
				"north": {"uv": [1.125, 5, 1.125, 5.5], "texture": "#4"},
				"east": {"uv": [3.375, 0.5, 0, 1], "texture": "#4"},
				"south": {"uv": [1.25, 5, 1.25, 5.5], "texture": "#4"},
				"west": {"uv": [0, 0.625, 3.375, 1.125], "texture": "#4"},
				"up": {"uv": [1.375, 8.375, 1.375, 5], "texture": "#4"},
				"down": {"uv": [1.5, 5, 1.5, 8.375], "texture": "#4"}
			}
		},
		{
			"from": [7.999, 4.55495, 16.999],
			"to": [8.001, 18.55695, 18.001],
			"rotation": {"angle": -22.5, "axis": "x", "origin": [8, 11.55595, 17.5]},
			"faces": {
				"north": {"uv": [2, 3.25, 2, 6.625], "texture": "#4"},
				"east": {"uv": [2.125, 2.125, 2.25, 5.5], "texture": "#4"},
				"south": {"uv": [1.625, 4.375, 1.625, 7.75], "texture": "#4"},
				"west": {"uv": [2.375, 2.125, 2.5, 5.5], "texture": "#4"},
				"up": {"uv": [0.5, 3.125, 0.5, 3], "texture": "#4"},
				"down": {"uv": [0.625, 3, 0.625, 3.125], "texture": "#4"}
			}
		},
		{
			"from": [7.999, -7.55695, 16.999],
			"to": [8.001, 6.44505, 18.001],
			"rotation": {"angle": 22.5, "axis": "x", "origin": [8, -0.55595, 17.5]},
			"faces": {
				"north": {"uv": [2, 6.625, 2, 3.25], "texture": "#4"},
				"east": {"uv": [2.125, 5.5, 2.25, 2.125], "texture": "#4"},
				"south": {"uv": [1.625, 7.75, 1.625, 4.375], "texture": "#4"},
				"west": {"uv": [2.375, 5.5, 2.5, 2.125], "texture": "#4"},
				"up": {"uv": [0.625, 3.125, 0.625, 3], "texture": "#4"},
				"down": {"uv": [0.5, 3, 0.5, 3.125], "texture": "#4"}
			}
		},
		{
			"from": [6.36154, 7.55595, 5.4],
			"to": [9.36154, 13.55595, 11.4],
			"rotation": {"angle": -45, "axis": "x", "origin": [7.86154, 9.05595, 6.9]},
			"faces": {
				"north": {"uv": [2.625, 1.25, 3, 2], "texture": "#4"},
				"east": {"uv": [0, 1.25, 0.75, 2], "texture": "#4"},
				"south": {"uv": [2.625, 2.125, 3, 2.875], "texture": "#4"},
				"west": {"uv": [0.875, 1.25, 1.625, 2], "texture": "#4"},
				"up": {"uv": [0.375, 3.75, 0, 3], "texture": "#4"},
				"down": {"uv": [3, 3, 2.625, 3.75], "texture": "#4"}
			}
		},
		{
			"from": [8.38361, 15.02317, 7.12538],
			"to": [8.38561, 19.02517, 9.12738],
			"rotation": {"angle": -22.5, "axis": "x", "origin": [8.38461, 16.52417, 8.12638]},
			"faces": {
				"north": {"uv": [3.5, 0, 3.5, 0.5], "texture": "#4"},
				"east": {"uv": [0.5, 4.125, 0.75, 4.625], "texture": "#4"},
				"south": {"uv": [3.5, 0.625, 3.5, 1.125], "texture": "#4"},
				"west": {"uv": [4.125, 0.75, 4.375, 1.25], "texture": "#4"},
				"up": {"uv": [4.5, 1.75, 4.5, 1.5], "texture": "#4"},
				"down": {"uv": [4.5, 1.875, 4.5, 2.125], "texture": "#4"}
			}
		},
		{
			"from": [7, 10.04825, 0.98719],
			"to": [9, 18.04825, 4.98719],
			"rotation": {"angle": 45, "axis": "x", "origin": [6.45724, 4.675, 9.7001]},
			"faces": {
				"north": {"uv": [1, 3.25, 1.25, 4.25], "texture": "#4"},
				"east": {"uv": [0.875, 2.125, 1.375, 3.125], "texture": "#4"},
				"south": {"uv": [1, 3.25, 1.25, 4.25], "texture": "#4"},
				"west": {"uv": [0.875, 2.125, 1.375, 3.125], "texture": "#4"},
				"up": {"uv": [4.375, 1.875, 4.125, 1.375], "texture": "#4"},
				"down": {"uv": [4.375, 2, 4.125, 2.5], "texture": "#4"}
			}
		},
		{
			"from": [7.999, 11.42317, 10.22262],
			"to": [8.001, 13.42517, 14.22462],
			"rotation": {"angle": 0, "axis": "y", "origin": [8, 12.42417, 11.72362]},
			"faces": {
				"north": {"uv": [4.5, 2.25, 4.5, 2.5], "texture": "#4"},
				"east": {"uv": [4.125, 2.625, 4.625, 2.875], "texture": "#4"},
				"south": {"uv": [4.625, 1.5, 4.625, 1.75], "texture": "#4"},
				"west": {"uv": [4.125, 3, 4.625, 3.25], "texture": "#4"},
				"up": {"uv": [4.625, 2.375, 4.625, 1.875], "texture": "#4"},
				"down": {"uv": [2.875, 4.625, 2.875, 5.125], "texture": "#4"}
			}
		},
		{
			"from": [7.88361, 14.83162, 19.45206],
			"to": [7.88561, 16.83362, 23.45406],
			"rotation": {"angle": -22.5, "axis": "x", "origin": [8.31877, 4, 10.0001]},
			"faces": {
				"north": {"uv": [3, 4.625, 3, 4.875], "texture": "#4"},
				"east": {"uv": [4.125, 2.625, 4.625, 2.875], "texture": "#4"},
				"south": {"uv": [3.125, 4.625, 3.125, 4.875], "texture": "#4"},
				"west": {"uv": [4.125, 3, 4.625, 3.25], "texture": "#4"},
				"up": {"uv": [3.25, 5.125, 3.25, 4.625], "texture": "#4"},
				"down": {"uv": [3.375, 4.625, 3.375, 5.125], "texture": "#4"}
			}
		},
		{
			"from": [7.95861, 19.13229, 7.23064],
			"to": [7.96061, 23.13429, 9.23264],
			"rotation": {"angle": 22.5, "axis": "x", "origin": [8.39377, 4.25, 10.0001]},
			"faces": {
				"north": {"uv": [4.625, 3.375, 4.625, 3.875], "texture": "#4"},
				"east": {"uv": [0.5, 4.125, 0.75, 4.625], "texture": "#4"},
				"south": {"uv": [3.5, 4.625, 3.5, 5.125], "texture": "#4"},
				"west": {"uv": [4.25, 3.375, 4.5, 3.875], "texture": "#4"},
				"up": {"uv": [4.375, 4.875, 4.375, 4.625], "texture": "#4"},
				"down": {"uv": [4.5, 4.625, 4.5, 4.875], "texture": "#4"}
			}
		},
		{
			"from": [7, -8.04825, 0.98719],
			"to": [9, -0.04825, 4.98719],
			"rotation": {"angle": -45, "axis": "x", "origin": [6.45724, 5.325, 9.7001]},
			"faces": {
				"north": {"uv": [1.375, 3.25, 1.625, 4.25], "texture": "#4"},
				"east": {"uv": [1.5, 2.125, 2, 3.125], "texture": "#4"},
				"south": {"uv": [1.375, 3.25, 1.625, 4.25], "texture": "#4"},
				"west": {"uv": [1.5, 2.125, 2, 3.125], "texture": "#4"},
				"up": {"uv": [3.875, 4.75, 3.625, 4.25], "texture": "#4"},
				"down": {"uv": [4.25, 4.25, 4, 4.75], "texture": "#4"}
			}
		},
		{
			"from": [6.36154, -3.55595, 5.4],
			"to": [9.36154, 2.44405, 11.4],
			"rotation": {"angle": 45, "axis": "x", "origin": [7.86154, 0.94405, 6.9]},
			"faces": {
				"north": {"uv": [3.125, 1.25, 3.5, 2], "texture": "#4"},
				"east": {"uv": [1.75, 1.25, 2.5, 2], "texture": "#4"},
				"south": {"uv": [3.125, 2.125, 3.5, 2.875], "texture": "#4"},
				"west": {"uv": [0, 2.125, 0.75, 2.875], "texture": "#4"},
				"up": {"uv": [3.5, 3.75, 3.125, 3], "texture": "#4"},
				"down": {"uv": [0.875, 3.25, 0.5, 4], "texture": "#4"}
			}
		},
		{
			"from": [8.38361, -9.02517, 7.12538],
			"to": [8.38561, -5.02317, 9.12738],
			"rotation": {"angle": 22.5, "axis": "x", "origin": [8.38461, -6.52417, 8.12638]},
			"faces": {
				"north": {"uv": [4.625, 4.625, 4.625, 5.125], "texture": "#4"},
				"east": {"uv": [0.875, 4.375, 1.125, 4.875], "texture": "#4"},
				"south": {"uv": [0.5, 4.75, 0.5, 5.25], "texture": "#4"},
				"west": {"uv": [1.25, 4.375, 1.5, 4.875], "texture": "#4"},
				"up": {"uv": [0.625, 5, 0.625, 4.75], "texture": "#4"},
				"down": {"uv": [0.75, 4.75, 0.75, 5], "texture": "#4"}
			}
		},
		{
			"from": [7.95861, -13.13429, 7.23064],
			"to": [7.96061, -9.13229, 9.23264],
			"rotation": {"angle": -22.5, "axis": "x", "origin": [8.39377, 5.75, 10.0001]},
			"faces": {
				"north": {"uv": [4.75, 1.5, 4.75, 2], "texture": "#4"},
				"east": {"uv": [0.875, 4.375, 1.125, 4.875], "texture": "#4"},
				"south": {"uv": [4.75, 2.125, 4.75, 2.625], "texture": "#4"},
				"west": {"uv": [4.375, 4, 4.625, 4.5], "texture": "#4"},
				"up": {"uv": [4.75, 3, 4.75, 2.75], "texture": "#4"},
				"down": {"uv": [4.75, 3.125, 4.75, 3.375], "texture": "#4"}
			}
		},
		{
			"from": [7.88361, -6.83362, 19.45206],
			"to": [7.88561, -4.83162, 23.45406],
			"rotation": {"angle": 22.5, "axis": "x", "origin": [8.31877, 6, 10.0001]},
			"faces": {
				"north": {"uv": [4.75, 3.5, 4.75, 3.75], "texture": "#4"},
				"east": {"uv": [4.5, 0, 5, 0.25], "texture": "#4"},
				"south": {"uv": [4.75, 3.875, 4.75, 4.125], "texture": "#4"},
				"west": {"uv": [4.5, 0.375, 5, 0.625], "texture": "#4"},
				"up": {"uv": [4.75, 4.75, 4.75, 4.25], "texture": "#4"},
				"down": {"uv": [4.875, 0.75, 4.875, 1.25], "texture": "#4"}
			}
		},
		{
			"from": [7.999, -3.42517, 10.22262],
			"to": [8.001, -1.42317, 14.22462],
			"rotation": {"angle": 0, "axis": "y", "origin": [8, -2.42417, 11.72362]},
			"faces": {
				"north": {"uv": [4.875, 1.375, 4.875, 1.625], "texture": "#4"},
				"east": {"uv": [4.5, 0, 5, 0.25], "texture": "#4"},
				"south": {"uv": [4.875, 1.75, 4.875, 2], "texture": "#4"},
				"west": {"uv": [4.5, 0.375, 5, 0.625], "texture": "#4"},
				"up": {"uv": [4.875, 2.625, 4.875, 2.125], "texture": "#4"},
				"down": {"uv": [4.875, 2.75, 4.875, 3.25], "texture": "#4"}
			}
		},
		{
			"from": [6.86154, 2.55595, 6],
			"to": [8.86154, 7.55595, 8],
			"rotation": {"angle": 0, "axis": "y", "origin": [7.81877, 5, 10.0001]},
			"faces": {
				"north": {"uv": [2.875, 3.875, 3.125, 4.5], "texture": "#4"},
				"east": {"uv": [3.25, 3.875, 3.5, 4.5], "texture": "#4"},
				"south": {"uv": [3.875, 3.5, 4.125, 4.125], "texture": "#4"},
				"west": {"uv": [4.125, 0, 4.375, 0.625], "texture": "#4"},
				"up": {"uv": [4.75, 1, 4.5, 0.75], "texture": "#4"},
				"down": {"uv": [4.75, 1.125, 4.5, 1.375], "texture": "#4"}
			}
		}
	],
	"gui_light": "front",
	"display": {
		"thirdperson_righthand": {
			"scale": [0.61, 0.61, 0.61]
		},
		"thirdperson_lefthand": {
			"scale": [0.61, 0.61, 0.61]
		},
		"firstperson_righthand": {
			"rotation": [22, 26, 1],
			"translation": [3.5, 7.5, -5.75],
			"scale": [0.55, 0.55, 0.55]
		},
		"firstperson_lefthand": {
			"rotation": [22, -3, 1],
			"translation": [10, 5.75, -2.25],
			"scale": [0.55, 0.55, 0.55]
		},
		"ground": {
			"rotation": [-45, 0, 0],
			"translation": [0, 5.25, 0],
			"scale": [0.5, 0.5, 0.5]
		},
		"gui": {
			"rotation": [90, -45, -90],
			"translation": [3, 0.5, -0.25],
			"scale": [0.54, 0.54, 0.54]
		},
		"head": {
			"rotation": [90, -38, -90],
			"translation": [5.5, -15.5, 4.25],
			"scale": [0.87, 0.87, 0.87]
		},
		"fixed": {
			"rotation": [90, 45, 90],
			"translation": [-3.75, 1, -0.25],
			"scale": [0.65, 0.65, 0.65]
		}
	},
	"groups": [
		{
			"name": "group",
			"origin": [6.5, -3.12374, 10.44935],
			"color": 0,
			"children": [
				{
					"name": "group",
					"origin": [7.81877, 5, 11.0001],
					"color": 0,
					"children": [
						{
							"name": "group",
							"origin": [7.81877, 5, 11.0001],
							"color": 0,
							"children": [
								{
									"name": "group",
									"origin": [7.8, 11.6903, 18.45671],
									"color": 0,
									"children": [0]
								},
								1,
								2
							]
						}
					]
				},
				{
					"name": "group",
					"origin": [8.39377, 4.25, 10.0001],
					"color": 0,
					"children": [3, 4, 5, 6, 7, 8, 9, 10, 11, 12, 13, 14]
				},
				{
					"name": "group",
					"origin": [8.39377, 4.25, 10.0001],
					"color": 0,
					"children": [15]
				}
			]
		}
	]
}