{
	"credit": "Made with Blockbench",
	"texture_size": [64, 64],
	"textures": {
		"4": "item/subnautic/harpoon_crossbow"
	},
	"elements": [
		{
			"from": [6.875, 6, 0.85754],
			"to": [10.875, 8, 10.85754],
			"rotation": {"angle": 0, "axis": "y", "origin": [8, 6.29653, 7]},
			"faces": {
				"north": {"uv": [6.25, 1, 7.25, 1.5], "texture": "#4"},
				"east": {"uv": [4.25, 3, 6.75, 3.5], "texture": "#4"},
				"south": {"uv": [6.25, 1, 7.25, 1.5], "texture": "#4"},
				"west": {"uv": [4.25, 3, 6.75, 3.5], "texture": "#4"},
				"up": {"uv": [3, 2.5, 2, 0], "texture": "#4"},
				"down": {"uv": [3, 2.75, 2, 5.25], "texture": "#4"}
			}
		},
		{
			"from": [7.873, 7.73037, 10.33599],
			"to": [9.877, 10.73437, 15.33999],
			"rotation": {"angle": 22.5, "axis": "x", "origin": [8, 6.29653, 8]},
			"faces": {
				"north": {"uv": [1.75, 6.5, 2.25, 7.25], "texture": "#4"},
				"east": {"uv": [4.25, 3.75, 5.5, 4.5], "texture": "#4"},
				"south": {"uv": [6.5, 3.75, 7, 4.5], "texture": "#4"},
				"west": {"uv": [4.25, 4.75, 5.5, 5.5], "texture": "#4"},
				"up": {"uv": [1.5, 4.75, 1, 3.5], "texture": "#4"},
				"down": {"uv": [3, 5.5, 2.5, 6.75], "texture": "#4"}
			}
		},
		{
			"from": [7.874, 10.20214, 13.08244],
			"to": [9.876, 13.20414, 18.08444],
			"rotation": {"angle": 45, "axis": "x", "origin": [8, 6.29653, 8]},
			"faces": {
				"north": {"uv": [6.75, 1.75, 7.25, 2.5], "texture": "#4"},
				"east": {"uv": [1, 5.5, 2.25, 6.25], "texture": "#4"},
				"south": {"uv": [4, 6.75, 4.5, 7.5], "texture": "#4"},
				"west": {"uv": [4.25, 3.75, 5.5, 4.5], "texture": "#4"},
				"up": {"uv": [3.75, 6.75, 3.25, 5.5], "texture": "#4"},
				"down": {"uv": [6.25, 3.75, 5.75, 5], "texture": "#4"}
			}
		},
		{
			"from": [8.84617, 4.4378, 2.60754],
			"to": [11.84617, 7.4378, 11.60754],
			"rotation": {"angle": -45, "axis": "z", "origin": [8, 7.04653, 8]},
			"faces": {
				"north": {"uv": [5.75, 2, 6.5, 2.75], "texture": "#4"},
				"east": {"uv": [3.25, 2, 5.5, 2.75], "texture": "#4"},
				"south": {"uv": [4, 5.75, 4.75, 6.5], "texture": "#4"},
				"west": {"uv": [3.25, 2, 5.5, 2.75], "texture": "#4"},
				"up": {"uv": [4, 5.25, 3.25, 3], "texture": "#4"},
				"down": {"uv": [0.75, 3.5, 0, 5.75], "texture": "#4"}
			}
		},
		{
			"from": [9.81584, 2.74326, 1.60754],
			"to": [10.81584, 3.74326, 7.60754],
			"rotation": {"angle": -45, "axis": "z", "origin": [8.5, 6.29653, 8]},
			"faces": {
				"north": {"uv": [4, 7.75, 4.25, 8], "texture": "#4"},
				"east": {"uv": [6.5, 4.75, 8, 5], "texture": "#4"},
				"south": {"uv": [7.75, 4, 8, 4.25], "texture": "#4"},
				"west": {"uv": [6.75, 6.25, 8.25, 6.5], "texture": "#4"},
				"up": {"uv": [5, 8.25, 4.75, 6.75], "texture": "#4"},
				"down": {"uv": [5.5, 6.75, 5.25, 8.25], "texture": "#4"}
			}
		},
		{
			"from": [9.84617, 4.6878, 0.10754],
			"to": [10.84617, 5.6878, 3.10754],
			"rotation": {"angle": -45, "axis": "z", "origin": [8, 6.29653, 8.5]},
			"faces": {
				"north": {"uv": [7.75, 6.75, 8, 7], "texture": "#4"},
				"east": {"uv": [1, 5, 1.75, 5.25], "texture": "#4"},
				"south": {"uv": [7.75, 7.25, 8, 7.5], "texture": "#4"},
				"west": {"uv": [7.5, 2.25, 8.25, 2.5], "texture": "#4"},
				"up": {"uv": [7.5, 8.25, 7.25, 7.5], "texture": "#4"},
				"down": {"uv": [0.25, 7.75, 0, 8.5], "texture": "#4"}
			}
		},
		{
			"from": [7.375, 8, 1.85754],
			"to": [10.375, 10, 4.85754],
			"rotation": {"angle": 0, "axis": "y", "origin": [8, 6.29653, 8]},
			"faces": {
				"north": {"uv": [6.75, 6.75, 7.5, 7.25], "texture": "#4"},
				"east": {"uv": [0, 7, 0.75, 7.5], "texture": "#4"},
				"south": {"uv": [2.5, 7, 3.25, 7.5], "texture": "#4"},
				"west": {"uv": [2.5, 7, 3.25, 7.5], "texture": "#4"},
				"up": {"uv": [5.75, 6.5, 5, 5.75], "texture": "#4"},
				"down": {"uv": [0.75, 6, 0, 6.75], "texture": "#4"}
			}
		},
		{
			"from": [8.375, 8.75, 0.85754],
			"to": [9.375, 9.75, 1.85754],
			"rotation": {"angle": 0, "axis": "y", "origin": [8, 7.04653, 8]},
			"faces": {
				"north": {"uv": [7.75, 7.75, 8, 8], "texture": "#4"},
				"east": {"uv": [8, 0, 8.25, 0.25], "texture": "#4"},
				"south": {"uv": [8, 2.75, 8.25, 3], "texture": "#4"},
				"west": {"uv": [8.25, 0.5, 8.5, 0.75], "texture": "#4"},
				"up": {"uv": [8.5, 1.25, 8.25, 1], "texture": "#4"},
				"down": {"uv": [1.75, 8.25, 1.5, 8.5], "texture": "#4"}
			}
		},
		{
			"from": [8.375, 8.75, 4.85754],
			"to": [9.375, 9.75, 8.85754],
			"rotation": {"angle": 0, "axis": "y", "origin": [8, 7.54653, 8]},
			"faces": {
				"north": {"uv": [8.25, 1.5, 8.5, 1.75], "texture": "#4"},
				"east": {"uv": [7, 5.25, 8, 5.5], "texture": "#4"},
				"south": {"uv": [2, 8.25, 2.25, 8.5], "texture": "#4"},
				"west": {"uv": [7, 5.75, 8, 6], "texture": "#4"},
				"up": {"uv": [3.75, 8, 3.5, 7], "texture": "#4"},
				"down": {"uv": [7.5, 3.5, 7.25, 4.5], "texture": "#4"}
			}
		},
		{
			"from": [7.375, 8, 8.85754],
			"to": [10.375, 10, 11.85754],
			"rotation": {"angle": 0, "axis": "y", "origin": [8, 6.29653, 8]},
			"faces": {
				"north": {"uv": [7, 2.75, 7.75, 3.25], "texture": "#4"},
				"east": {"uv": [2.5, 7, 3.25, 7.5], "texture": "#4"},
				"south": {"uv": [2.5, 7, 3.25, 7.5], "texture": "#4"},
				"west": {"uv": [0, 7, 0.75, 7.5], "texture": "#4"},
				"up": {"uv": [6.75, 6, 6, 5.25], "texture": "#4"},
				"down": {"uv": [7, 0, 6.25, 0.75], "texture": "#4"}
			}
		},
		{
			"from": [7.875, 2, 12.85754],
			"to": [9.875, 6, 14.85754],
			"rotation": {"angle": 0, "axis": "y", "origin": [8, 6.29653, 8]},
			"faces": {
				"north": {"uv": [6, 6.25, 6.5, 7.25], "texture": "#4"},
				"east": {"uv": [1, 6.5, 1.5, 7.5], "texture": "#4"},
				"south": {"uv": [6, 6.25, 6.5, 7.25], "texture": "#4"},
				"west": {"uv": [1, 6.5, 1.5, 7.5], "texture": "#4"},
				"up": {"uv": [7.75, 0.5, 7.25, 0], "texture": "#4"},
				"down": {"uv": [8, 0.75, 7.5, 1.25], "texture": "#4"}
			}
		},
		{
			"from": [7.875, 8.45, 9.85754],
			"to": [9.875, 10.45, 10.85754],
			"rotation": {"angle": 0, "axis": "y", "origin": [8, 5.49653, 8]},
			"faces": {
				"north": {"uv": [7.5, 1.5, 8, 2], "texture": "#4"},
				"east": {"uv": [0.5, 7.75, 0.75, 8.25], "texture": "#4"},
				"south": {"uv": [1.75, 7.5, 2.25, 8], "texture": "#4"},
				"west": {"uv": [1, 7.75, 1.25, 8.25], "texture": "#4"},
				"up": {"uv": [3, 8, 2.5, 7.75], "texture": "#4"},
				"down": {"uv": [8.25, 3.5, 7.75, 3.75], "texture": "#4"}
			}
		},
		{
			"from": [7.875, 8.45, 2.85754],
			"to": [9.875, 10.45, 3.85754],
			"rotation": {"angle": 0, "axis": "y", "origin": [8, 5.49653, 1]},
			"faces": {
				"north": {"uv": [7.5, 1.5, 8, 2], "texture": "#4"},
				"east": {"uv": [0.5, 7.75, 0.75, 8.25], "texture": "#4"},
				"south": {"uv": [1.75, 7.5, 2.25, 8], "texture": "#4"},
				"west": {"uv": [1, 7.75, 1.25, 8.25], "texture": "#4"},
				"up": {"uv": [3, 8, 2.5, 7.75], "texture": "#4"},
				"down": {"uv": [8.25, 3.5, 7.75, 3.75], "texture": "#4"}
			}
		},
		{
			"from": [7.874, 10.449, 3.35654],
			"to": [9.876, 12.451, 3.35854],
			"rotation": {"angle": 0, "axis": "y", "origin": [8, 7.49653, 0.5]},
			"faces": {
				"north": {"uv": [5.75, 7.5, 6.25, 8], "texture": "#4"},
				"east": {"uv": [5.75, 6.75, 5.75, 7.25], "texture": "#4"},
				"south": {"uv": [6.5, 7.5, 7, 8], "texture": "#4"},
				"west": {"uv": [4, 8.25, 4, 8.75], "texture": "#4"},
				"up": {"uv": [8.25, 4.5, 7.75, 4.5], "texture": "#4"},
				"down": {"uv": [8.5, 3.25, 8, 3.25], "texture": "#4"}
			}
		},
		{
			"from": [7.874, 10.449, 10.35654],
			"to": [9.876, 12.451, 10.35854],
			"rotation": {"angle": 0, "axis": "y", "origin": [8, 7.49653, 7.5]},
			"faces": {
				"north": {"uv": [5.75, 7.5, 6.25, 8], "texture": "#4"},
				"east": {"uv": [5.75, 6.75, 5.75, 7.25], "texture": "#4"},
				"south": {"uv": [6.5, 7.5, 7, 8], "texture": "#4"},
				"west": {"uv": [4, 8.25, 4, 8.75], "texture": "#4"},
				"up": {"uv": [8.25, 4.5, 7.75, 4.5], "texture": "#4"},
				"down": {"uv": [8.5, 3.25, 8, 3.25], "texture": "#4"}
			}
		},
		{
			"from": [8.874, 7.949, -1.14346],
			"to": [8.876, 10.951, 9.85854],
			"rotation": {"angle": 0, "axis": "y", "origin": [8, 7.24653, 16]},
			"faces": {
				"north": {"uv": [1.75, 3.5, 1.75, 4.25], "texture": "#4"},
				"east": {"uv": [3.25, 0, 6, 0.75], "texture": "#4"},
				"south": {"uv": [3.25, 7.75, 3.25, 8.5], "texture": "#4"},
				"west": {"uv": [3.25, 1, 6, 1.75], "texture": "#4"},
				"up": {"uv": [4.5, 10.5, 4.5, 7.75], "texture": "#4"},
				"down": {"uv": [2.5, 8.25, 2.5, 11], "texture": "#4"}
			}
		},
		{
			"from": [8.824, 1.999, 0.85654],
			"to": [8.826, 8.001, 7.85854],
			"rotation": {"angle": 0, "axis": "y", "origin": [8, 6.29653, 13]},
			"faces": {
				"north": {"uv": [2.75, 8.25, 2.75, 9.75], "texture": "#4"},
				"east": {"uv": [0, 0, 1.75, 1.5], "texture": "#4"},
				"south": {"uv": [3, 8.25, 3, 9.75], "texture": "#4"},
				"west": {"uv": [0, 1.75, 1.75, 3.25], "texture": "#4"},
				"up": {"uv": [3.5, 10, 3.5, 8.25], "texture": "#4"},
				"down": {"uv": [3.75, 8.25, 3.75, 10], "texture": "#4"}
			}
		}
	],
	"gui_light": "front",
	"display": {
		"thirdperson_righthand": {
			"translation": [0, 4, 1],
			"scale": [0.76, 0.76, 0.76]
		},
		"thirdperson_lefthand": {
			"translation": [0, 4, 1],
			"scale": [0.76, 0.76, 0.76]
		},
		"firstperson_righthand": {
			"translation": [6, 5, -0.75],
			"scale": [0.74, 0.74, 0.74]
		},
		"firstperson_lefthand": {
			"translation": [2.75, 5, -0.75],
			"scale": [0.74, 0.74, 0.74]
		},
		"ground": {
			"rotation": [-45, 0, 0],
			"translation": [0, 9.25, -2.25],
			"scale": [0.7, 0.7, 0.7]
		},
		"gui": {
			"rotation": [90, -135, 90],
			"translation": [1.5, 2.75, 1.5],
			"scale": [0.76, 0.76, 0.76]
		},
		"head": {
			"rotation": [90, -38, -90],
			"translation": [5.25, -17.75, 4.25]
		},
		"fixed": {
			"rotation": [-90, 45, 90],
			"translation": [-3, 1.5, 0.25],
			"scale": [1.08, 1.08, 1.08]
		}
	},
	"groups": [
		{
			"name": "group",
			"origin": [5.14246, 4.25, 6.875],
			"color": 0,
			"children": [0, 1, 2, 3, 4, 5, 6, 7, 8, 9, 10, 11, 12, 13, 14]
		},
		{
			"name": "group",
			"origin": [8, 10.24653, 8],
			"color": 0,
			"children": [15, 16]
		}
	]
}