{
	"credit": "Made with Blockbench",
	"texture_size": [32, 32],
	"textures": {
		"2": "item/subnautic/ice_cream"
	},
	"elements": [
		{
			"from": [6.85, 7.05, 6.85],
			"to": [9.65, 10.05, 9.65],
			"rotation": {"angle": 0, "axis": "y", "origin": [8, 4.59904, 8]},
			"faces": {
				"north": {"uv": [4, 0, 5.5, 1.5], "texture": "#2"},
				"east": {"uv": [4, 1.5, 5.5, 3], "texture": "#2"},
				"south": {"uv": [4, 3, 5.5, 4.5], "texture": "#2"},
				"west": {"uv": [2, 4.5, 3.5, 6], "texture": "#2"},
				"up": {"uv": [5, 6, 3.5, 4.5], "texture": "#2"},
				"down": {"uv": [6.5, 4.5, 5, 6], "texture": "#2"}
			}
		},
		{
			"from": [6.35, 9.55, 6.35],
			"to": [9.15, 12.55, 9.15],
			"rotation": {"angle": 0, "axis": "y", "origin": [8, 4.59904, 8]},
			"faces": {
				"north": {"uv": [0, 5.5, 1.5, 7], "texture": "#2", "tintindex": 0},
				"east": {"uv": [5.5, 0, 7, 1.5], "texture": "#2", "tintindex": 0},
				"south": {"uv": [5.5, 1.5, 7, 3], "texture": "#2", "tintindex": 0},
				"west": {"uv": [5.5, 3, 7, 4.5], "texture": "#2", "tintindex": 0},
				"up": {"uv": [3, 7.5, 1.5, 6], "texture": "#2", "tintindex": 0},
				"down": {"uv": [4.5, 6, 3, 7.5], "texture": "#2", "tintindex": 0}
			}
		},
		{
			"from": [6.6, 4.55, 6.6],
			"to": [9.4, 7.55, 9.4],
			"rotation": {"angle": 0, "axis": "y", "origin": [8, 4.59904, 8]},
			"faces": {
				"north": {"uv": [4.5, 6, 6, 7.5], "texture": "#2", "tintindex": 0},
				"east": {"uv": [6, 6, 7.5, 7.5], "texture": "#2", "tintindex": 0},
				"south": {"uv": [6.5, 4.5, 8, 6], "texture": "#2", "tintindex": 0},
				"west": {"uv": [0, 7, 1.5, 8.5], "texture": "#2", "tintindex": 0},
				"up": {"uv": [8.5, 1.5, 7, 0], "texture": "#2", "tintindex": 0},
				"down": {"uv": [8.5, 1.5, 7, 3], "texture": "#2", "tintindex": 0}
			}
		},
		{
			"from": [6.6, 0, 6.5],
			"to": [9.6, 2, 9.5],
			"faces": {
				"north": {"uv": [3, 7.5, 4.5, 8.5], "texture": "#2"},
				"east": {"uv": [4.5, 7.5, 6, 8.5], "texture": "#2"},
				"south": {"uv": [6, 7.5, 7.5, 8.5], "texture": "#2"},
				"west": {"uv": [7.5, 6, 9, 7], "texture": "#2"},
				"up": {"uv": [8.5, 4.5, 7, 3], "texture": "#2"},
				"down": {"uv": [3, 7.5, 1.5, 9], "texture": "#2"}
			}
		},
		{
			"from": [7, -2, 7],
			"to": [9, 1, 9],
			"faces": {
				"north": {"uv": [7.5, 7, 8.5, 8.5], "texture": "#2"},
				"east": {"uv": [8, 4.5, 9, 6], "texture": "#2"},
				"south": {"uv": [0, 8.5, 1, 10], "texture": "#2"},
				"west": {"uv": [8.5, 0, 9.5, 1.5], "texture": "#2"},
				"up": {"uv": [9.5, 2.5, 8.5, 1.5], "texture": "#2"},
				"down": {"uv": [9.5, 2.5, 8.5, 3.5], "texture": "#2"}
			}
		},
		{
			"from": [6, 2, 6],
			"to": [10, 5, 10],
			"faces": {
				"north": {"uv": [2, 0, 4, 1.5], "texture": "#2"},
				"east": {"uv": [2, 1.5, 4, 3], "texture": "#2"},
				"south": {"uv": [2, 3, 4, 4.5], "texture": "#2"},
				"west": {"uv": [0, 4, 2, 5.5], "texture": "#2"},
				"up": {"uv": [2, 2, 0, 0], "texture": "#2"},
				"down": {"uv": [2, 2, 0, 4], "texture": "#2"}
			}
		}
	],
	"display": {
		"thirdperson_righthand": {
			"rotation": [58.5, 0, 0],
			"translation": [0, 4.75, 7]
		},
		"thirdperson_lefthand": {
			"rotation": [58.5, 0, 0],
			"translation": [0, 4.75, 7]
		},
		"firstperson_righthand": {
			"rotation": [-7, 0, 0],
			"translation": [-1.75, 2.5, 1.75],
			"scale": [1.3, 1.3, 1.3]
		},
		"firstperson_lefthand": {
			"rotation": [-7, 0, 0],
			"translation": [-1.75, 2.5, 1.75],
			"scale": [1.3, 1.3, 1.3]
		},
		"ground": {
			"translation": [0, 3, 0],
			"scale": [0.25, 0.25, 0.25]
		},
		"gui": {
			"rotation": [20, -107, 0],
			"translation": [0, 1.75, 0],
			"scale": [0.7, 0.7, 0.7]
		}
	},
	"groups": [
		{
			"name": "Hibiscus_IcecreamCone",
			"origin": [8, 8, 8],
			"color": 0,
			"children": [0, 1, 2]
		},
		3,
		4,
		5
	]
}