{
	"credit": "Made with Blockbench",
	"texture_size": [64, 64],
	"textures": {
		"0": "item/subnautic/ice_cream_spoon",
		"particle": "item/subnautic/ice_cream_spoon"
	},
	"elements": [
		{
			"from": [3, 12, 4],
			"to": [13, 22, 12],
			"rotation": {"angle": 0, "axis": "y", "origin": [5, 3.5, 11]},
			"faces": {
				"north": {"uv": [2.5, 2.5, 0, 5], "texture": "#0"},
				"east": {"uv": [4.5, 0, 2.5, 2.5], "texture": "#0"},
				"south": {"uv": [2.5, 0, 0, 2.5], "texture": "#0"},
				"west": {"uv": [4.5, 2.5, 2.5, 5], "texture": "#0"},
				"up": {"uv": [7, 2, 4.5, 4], "texture": "#0"},
				"down": {"uv": [7, 4, 4.5, 2], "texture": "#0"}
			}
		},
		{
			"from": [6, 6, 7],
			"to": [10, 12, 11],
			"rotation": {"angle": 0, "axis": "y", "origin": [0, 0, 16]},
			"faces": {
				"north": {"uv": [7, 8, 6, 9.5], "texture": "#0"},
				"east": {"uv": [9, 5.75, 8, 7.25], "texture": "#0"},
				"south": {"uv": [9, 4.25, 8, 5.75], "texture": "#0"},
				"west": {"uv": [8, 8, 7, 9.5], "texture": "#0"},
				"up": {"uv": [8, 3, 7, 4], "texture": "#0"},
				"down": {"uv": [3.75, 9.25, 2.75, 8.25], "texture": "#0"}
			}
		},
		{
			"from": [5, -7, 6],
			"to": [11, 6, 12],
			"rotation": {"angle": 0, "axis": "y", "origin": [0, 0, 16]},
			"faces": {
				"north": {"uv": [3, 5, 1.5, 8.25], "texture": "#0"},
				"east": {"uv": [1.5, 5, 0, 8.25], "texture": "#0"},
				"south": {"uv": [6, 4, 4.5, 7.25], "texture": "#0"},
				"west": {"uv": [4.5, 5, 3, 8.25], "texture": "#0"},
				"up": {"uv": [8.5, 0, 7, 1.5], "texture": "#0"},
				"down": {"uv": [8.5, 3, 7, 1.5], "texture": "#0"}
			}
		},
		{
			"from": [5, 7, 12],
			"to": [11, 12, 14],
			"rotation": {"angle": -45, "axis": "x", "origin": [8, 9.5, 11]},
			"faces": {
				"north": {"uv": [9.5, 3, 8, 4.25], "texture": "#0"},
				"east": {"uv": [4.25, 8.25, 3.75, 9.5], "texture": "#0"},
				"south": {"uv": [6, 7.25, 4.5, 8.5], "texture": "#0"},
				"west": {"uv": [9, 1.75, 8.5, 3], "texture": "#0"},
				"up": {"uv": [10, 0.75, 8.5, 1.25], "texture": "#0"},
				"down": {"uv": [10, 1.75, 8.5, 1.25], "texture": "#0"}
			}
		},
		{
			"from": [4, 13, 12],
			"to": [12, 21, 15],
			"rotation": {"angle": 0, "axis": "y", "origin": [0, 0, 16]},
			"faces": {
				"north": {"uv": [8, 6, 6, 8], "texture": "#0", "tintindex": 0},
				"east": {"uv": [8.75, 7.25, 8, 9.25], "texture": "#0", "tintindex": 0},
				"south": {"uv": [8, 4, 6, 6], "texture": "#0", "tintindex": 0},
				"west": {"uv": [0.75, 8.25, 0, 10.25], "texture": "#0", "tintindex": 0},
				"up": {"uv": [2.75, 8.25, 0.75, 9], "texture": "#0", "tintindex": 0},
				"down": {"uv": [2.75, 9, 0.75, 8.25], "texture": "#0", "tintindex": 0}
			}
		}
	],
	"display": {
		"thirdperson_righthand": {
			"rotation": [75, 45, 0],
			"translation": [0, 2.5, 0],
			"scale": [0.375, 0.375, 0.375]
		},
		"thirdperson_lefthand": {
			"rotation": [75, 45, 0],
			"translation": [0, 2.5, 0],
			"scale": [0.375, 0.375, 0.375]
		},
		"firstperson_righthand": {
			"rotation": [0, 45, 0],
			"scale": [0.4, 0.4, 0.4]
		},
		"firstperson_lefthand": {
			"rotation": [0, 225, 0],
			"scale": [0.4, 0.4, 0.4]
		},
		"ground": {
			"translation": [0, 3, 0],
			"scale": [0.25, 0.25, 0.25]
		},
		"gui": {
			"rotation": [-56.19, -44.01, -77.72],
			"scale": [0.4, 0.4, 0.4]
		},
		"head": {
			"rotation": [16, 0, -26.5],
			"translation": [2.75, -80, 9],
			"scale": [1.6, 1.6, 1.6]
		},
		"fixed": {
			"scale": [0.5, 0.5, 0.5]
		}
	}
}