{
	"credit": "Made with Blockbench",
	"texture_size": [128, 128],
	"textures": {
		"3": "item/subnautic/ocean_chest"
	},
	"elements": [
		{
			"from": [3, 1, 3],
			"to": [13, 10, 13],
			"faces": {
				"north": {"uv": [4.625, 4.625, 5.875, 5.75], "texture": "#3"},
				"east": {"uv": [4.625, 4.625, 5.875, 5.75], "texture": "#3"},
				"south": {"uv": [4.625, 4.625, 5.875, 5.75], "texture": "#3"},
				"west": {"uv": [4.625, 4.625, 5.875, 5.75], "texture": "#3"},
				"up": {"uv": [4.5, 5.5, 3.25, 4.25], "texture": "#3"},
				"down": {"uv": [5.875, 3.25, 4.625, 4.5], "texture": "#3"}
			}
		},
		{
			"from": [2, 0.15, 2],
			"to": [14, 2.15, 14],
			"faces": {
				"north": {"uv": [4.625, 5.875, 6.125, 6.125], "texture": "#3"},
				"east": {"uv": [4.625, 5.875, 6.125, 6.125], "texture": "#3"},
				"south": {"uv": [4.625, 5.875, 6.125, 6.125], "texture": "#3"},
				"west": {"uv": [4.625, 5.875, 6.125, 6.125], "texture": "#3"},
				"up": {"uv": [1.5, 5.75, 0, 4.25], "texture": "#3"},
				"down": {"uv": [5.75, 0, 4.25, 1.5], "texture": "#3"}
			}
		},
		{
			"from": [2, 9.1, 2],
			"to": [14, 11.1, 14],
			"faces": {
				"north": {"uv": [6, 3, 7.5, 3.25], "texture": "#3"},
				"east": {"uv": [6, 3, 7.5, 3.25], "texture": "#3"},
				"south": {"uv": [6, 3, 7.5, 3.25], "texture": "#3"},
				"west": {"uv": [6, 3, 7.5, 3.25], "texture": "#3"},
				"up": {"uv": [3.125, 5.75, 1.625, 4.25], "texture": "#3"},
				"down": {"uv": [5.75, 1.625, 4.25, 3.125], "texture": "#3"}
			}
		},
		{
			"from": [0, 10.85, 0],
			"to": [16, 12.85, 16],
			"faces": {
				"north": {"uv": [5.875, 0, 7.875, 0.25], "texture": "#3"},
				"east": {"uv": [5.875, 0.375, 7.875, 0.625], "texture": "#3"},
				"south": {"uv": [5.875, 0.75, 7.875, 1], "texture": "#3"},
				"west": {"uv": [5.875, 1.125, 7.875, 1.375], "texture": "#3"},
				"up": {"uv": [2, 2, 0, 0], "texture": "#3"},
				"down": {"uv": [2, 2.125, 0, 4.125], "texture": "#3"}
			}
		},
		{
			"from": [-0.001, 17.49875, 2.36004],
			"to": [16.001, 18.50075, 18.36204],
			"rotation": {"angle": 45, "axis": "x", "origin": [8, 18.49975, 10.36104]},
			"faces": {
				"north": {"uv": [6, 4.875, 8, 5], "texture": "#3"},
				"east": {"uv": [6, 5.125, 8, 5.25], "texture": "#3"},
				"south": {"uv": [6, 5.375, 8, 5.5], "texture": "#3"},
				"west": {"uv": [6, 5.625, 8, 5.75], "texture": "#3"},
				"up": {"uv": [4.125, 2, 2.125, 0], "texture": "#3"},
				"down": {"uv": [4.125, 2.125, 2.125, 4.125], "texture": "#3"}
			}
		},
		{
			"from": [13.999, 16.08453, 0.94583],
			"to": [16.001, 18.08653, 16.94783],
			"rotation": {"angle": 45, "axis": "x", "origin": [8, 17.08553, 8.94683]},
			"faces": {
				"north": {"uv": [4.25, 3.25, 4.5, 3.5], "texture": "#3"},
				"east": {"uv": [5.875, 1.5, 7.875, 1.75], "texture": "#3"},
				"south": {"uv": [4.25, 3.625, 4.5, 3.875], "texture": "#3"},
				"west": {"uv": [5.875, 1.875, 7.875, 2.125], "texture": "#3"},
				"up": {"uv": [1.625, 7.875, 1.375, 5.875], "texture": "#3"},
				"down": {"uv": [2, 5.875, 1.75, 7.875], "texture": "#3"}
			}
		},
		{
			"from": [1.999, 16.08453, 0.94583],
			"to": [14.001, 18.08653, 2.94783],
			"rotation": {"angle": 45, "axis": "x", "origin": [1, 17.08553, 8.94683]},
			"faces": {
				"north": {"uv": [6, 3.375, 7.5, 3.625], "texture": "#3"},
				"east": {"uv": [6.875, 6.25, 7.125, 6.5], "texture": "#3"},
				"south": {"uv": [6, 3.75, 7.5, 4], "texture": "#3"},
				"west": {"uv": [6.875, 6.625, 7.125, 6.875], "texture": "#3"},
				"up": {"uv": [7.5, 4.375, 6, 4.125], "texture": "#3"},
				"down": {"uv": [7.5, 4.5, 6, 4.75], "texture": "#3"}
			}
		},
		{
			"from": [6.499, 14.67032, -0.46839],
			"to": [9.501, 16.67232, 1.53361],
			"rotation": {"angle": 45, "axis": "x", "origin": [1.5, 15.67132, 7.53261]},
			"faces": {
				"north": {"uv": [3.875, 6.75, 4.25, 7], "texture": "#3"},
				"east": {"uv": [0, 7, 0.25, 7.25], "texture": "#3"},
				"south": {"uv": [5, 6.875, 5.375, 7.125], "texture": "#3"},
				"west": {"uv": [0.375, 7, 0.625, 7.25], "texture": "#3"},
				"up": {"uv": [5.875, 7.125, 5.5, 6.875], "texture": "#3"},
				"down": {"uv": [7.25, 5.875, 6.875, 6.125], "texture": "#3"}
			}
		},
		{
			"from": [-0.001, 16.08453, 0.94583],
			"to": [2.001, 18.08653, 16.94783],
			"rotation": {"angle": 45, "axis": "x", "origin": [-6, 17.08553, 8.94683]},
			"faces": {
				"north": {"uv": [0.75, 7, 1, 7.25], "texture": "#3"},
				"east": {"uv": [5.875, 2.25, 7.875, 2.5], "texture": "#3"},
				"south": {"uv": [6, 7, 6.25, 7.25], "texture": "#3"},
				"west": {"uv": [5.875, 2.625, 7.875, 2.875], "texture": "#3"},
				"up": {"uv": [2.375, 7.875, 2.125, 5.875], "texture": "#3"},
				"down": {"uv": [2.75, 5.875, 2.5, 7.875], "texture": "#3"}
			}
		},
		{
			"from": [11.999, -0.001, -0.001],
			"to": [16.001, 2.001, 4.001],
			"faces": {
				"north": {"uv": [6.25, 5.875, 6.75, 6.125], "texture": "#3"},
				"east": {"uv": [6.25, 6.25, 6.75, 6.5], "texture": "#3"},
				"south": {"uv": [6.25, 6.625, 6.75, 6.875], "texture": "#3"},
				"west": {"uv": [3.25, 6.75, 3.75, 7], "texture": "#3"},
				"up": {"uv": [5.5, 6.75, 5, 6.25], "texture": "#3"},
				"down": {"uv": [6.125, 6.25, 5.625, 6.75], "texture": "#3"}
			}
		},
		{
			"from": [-0.001, -0.001, -0.001],
			"to": [4.001, 2.001, 4.001],
			"rotation": {"angle": 0, "axis": "y", "origin": [-12, 0, 0]},
			"faces": {
				"north": {"uv": [6.25, 5.875, 6.75, 6.125], "texture": "#3"},
				"east": {"uv": [6.25, 6.25, 6.75, 6.5], "texture": "#3"},
				"south": {"uv": [6.25, 6.625, 6.75, 6.875], "texture": "#3"},
				"west": {"uv": [3.25, 6.75, 3.75, 7], "texture": "#3"},
				"up": {"uv": [5.5, 6.75, 5, 6.25], "texture": "#3"},
				"down": {"uv": [6.125, 6.25, 5.625, 6.75], "texture": "#3"}
			}
		},
		{
			"from": [-0.001, -0.001, 11.999],
			"to": [4.001, 2.001, 16.001],
			"rotation": {"angle": 0, "axis": "y", "origin": [-12, 0, 12]},
			"faces": {
				"north": {"uv": [6.25, 5.875, 6.75, 6.125], "texture": "#3"},
				"east": {"uv": [6.25, 6.25, 6.75, 6.5], "texture": "#3"},
				"south": {"uv": [6.25, 6.625, 6.75, 6.875], "texture": "#3"},
				"west": {"uv": [3.25, 6.75, 3.75, 7], "texture": "#3"},
				"up": {"uv": [5.5, 6.75, 5, 6.25], "texture": "#3"},
				"down": {"uv": [6.125, 6.25, 5.625, 6.75], "texture": "#3"}
			}
		},
		{
			"from": [11.999, -0.001, 11.999],
			"to": [16.001, 2.001, 16.001],
			"rotation": {"angle": 0, "axis": "y", "origin": [0, 0, 12]},
			"faces": {
				"north": {"uv": [6.25, 5.875, 6.75, 6.125], "texture": "#3"},
				"east": {"uv": [6.25, 6.25, 6.75, 6.5], "texture": "#3"},
				"south": {"uv": [6.25, 6.625, 6.75, 6.875], "texture": "#3"},
				"west": {"uv": [3.25, 6.75, 3.75, 7], "texture": "#3"},
				"up": {"uv": [5.5, 6.75, 5, 6.25], "texture": "#3"},
				"down": {"uv": [6.125, 6.25, 5.625, 6.75], "texture": "#3"}
			}
		},
		{
			"from": [13, 0, 1],
			"to": [15, 11, 3],
			"faces": {
				"north": {"uv": [2.875, 5.875, 3.125, 7.25], "texture": "#3"},
				"east": {"uv": [4.625, 6.25, 4.875, 7.625], "texture": "#3"},
				"south": {"uv": [2.875, 5.875, 3.125, 7.25], "texture": "#3"},
				"west": {"uv": [4.625, 6.25, 4.875, 7.625], "texture": "#3"},
				"up": {"uv": [6.625, 7.25, 6.375, 7], "texture": "#3"},
				"down": {"uv": [7, 7, 6.75, 7.25], "texture": "#3"}
			}
		},
		{
			"from": [1, 0, 1],
			"to": [3, 11, 3],
			"rotation": {"angle": 0, "axis": "y", "origin": [2, 5.5, 2]},
			"faces": {
				"north": {"uv": [4.625, 6.25, 4.875, 7.625], "texture": "#3"},
				"east": {"uv": [2.875, 5.875, 3.125, 7.25], "texture": "#3"},
				"south": {"uv": [4.625, 6.25, 4.875, 7.625], "texture": "#3"},
				"west": {"uv": [2.875, 5.875, 3.125, 7.25], "texture": "#3"},
				"up": {"uv": [6.625, 7.25, 6.375, 7], "texture": "#3"},
				"down": {"uv": [7, 7, 6.75, 7.25], "texture": "#3"}
			}
		},
		{
			"from": [13, 0, 13],
			"to": [15, 11, 15],
			"rotation": {"angle": 0, "axis": "y", "origin": [14, 5.5, 14]},
			"faces": {
				"north": {"uv": [4.625, 6.25, 4.875, 7.625], "texture": "#3"},
				"east": {"uv": [2.875, 5.875, 3.125, 7.25], "texture": "#3"},
				"south": {"uv": [4.625, 6.25, 4.875, 7.625], "texture": "#3"},
				"west": {"uv": [2.875, 5.875, 3.125, 7.25], "texture": "#3"},
				"up": {"uv": [6.625, 7.25, 6.375, 7], "texture": "#3"},
				"down": {"uv": [7, 7, 6.75, 7.25], "texture": "#3"}
			}
		},
		{
			"from": [1, 0, 13],
			"to": [3, 11, 15],
			"rotation": {"angle": 0, "axis": "y", "origin": [2, 5.5, 14]},
			"faces": {
				"north": {"uv": [2.875, 5.875, 3.125, 7.25], "texture": "#3"},
				"east": {"uv": [4.625, 6.25, 4.875, 7.625], "texture": "#3"},
				"south": {"uv": [2.875, 5.875, 3.125, 7.25], "texture": "#3"},
				"west": {"uv": [4.625, 6.25, 4.875, 7.625], "texture": "#3"},
				"up": {"uv": [6.625, 7.25, 6.375, 7], "texture": "#3"},
				"down": {"uv": [7, 7, 6.75, 7.25], "texture": "#3"}
			}
		},
		{
			"from": [6, 0, 1.85],
			"to": [16, 8, 1.85],
			"rotation": {"angle": 0, "axis": "y", "origin": [10, 2, 1.85]},
			"faces": {
				"north": {"uv": [3.25, 5.625, 4.5, 6.625], "texture": "#3"},
				"east": {"uv": [4.375, 6.75, 4.375, 7.75], "texture": "#3"},
				"south": {"uv": [0, 5.875, 1.25, 6.875], "texture": "#3"},
				"west": {"uv": [4.5, 6.75, 4.5, 7.75], "texture": "#3"},
				"up": {"uv": [8.375, 7, 7.125, 7], "texture": "#3"},
				"down": {"uv": [8.375, 7.125, 7.125, 7.125], "texture": "#3"}
			}
		},
		{
			"from": [-1, 0, 2.85],
			"to": [9, 8, 2.85],
			"rotation": {"angle": 0, "axis": "y", "origin": [4, 4, 2.85]},
			"faces": {
				"north": {"uv": [4.5, 5.625, 3.25, 6.625], "texture": "#3"},
				"east": {"uv": [4.5, 6.75, 4.5, 7.75], "texture": "#3"},
				"south": {"uv": [1.25, 5.875, 0, 6.875], "texture": "#3"},
				"west": {"uv": [4.375, 6.75, 4.375, 7.75], "texture": "#3"},
				"up": {"uv": [7.125, 7, 8.375, 7], "texture": "#3"},
				"down": {"uv": [7.125, 7.125, 8.375, 7.125], "texture": "#3"}
			}
		},
		{
			"from": [6, 0, 15],
			"to": [16, 8, 15],
			"rotation": {"angle": 0, "axis": "y", "origin": [11, 4, 15]},
			"faces": {
				"north": {"uv": [3.25, 5.625, 4.5, 6.625], "texture": "#3"},
				"east": {"uv": [4.5, 6.75, 4.5, 7.75], "texture": "#3"},
				"south": {"uv": [4.5, 5.625, 3.25, 6.625], "texture": "#3"},
				"west": {"uv": [4.375, 6.75, 4.375, 7.75], "texture": "#3"},
				"up": {"uv": [8.375, 7, 7.125, 7], "rotation": 180, "texture": "#3"},
				"down": {"uv": [8.375, 7.125, 7.125, 7.125], "rotation": 180, "texture": "#3"}
			}
		},
		{
			"from": [-3, 0, 15.6],
			"to": [7, 8, 15.6],
			"rotation": {"angle": 0, "axis": "y", "origin": [2, 4, 15.6]},
			"faces": {
				"north": {"uv": [3.25, 5.625, 4.5, 6.625], "texture": "#3"},
				"east": {"uv": [4.5, 6.75, 4.5, 7.75], "texture": "#3"},
				"south": {"uv": [4.5, 5.625, 3.25, 6.625], "texture": "#3"},
				"west": {"uv": [4.375, 6.75, 4.375, 7.75], "texture": "#3"},
				"up": {"uv": [7.125, 7, 8.375, 7], "texture": "#3"},
				"down": {"uv": [7.125, 7.125, 8.375, 7.125], "texture": "#3"}
			}
		},
		{
			"from": [15, 0, 7],
			"to": [15, 8, 17],
			"rotation": {"angle": 0, "axis": "y", "origin": [15, 4, 12]},
			"faces": {
				"north": {"uv": [4.375, 6.75, 4.375, 7.75], "texture": "#3"},
				"east": {"uv": [3.25, 5.625, 4.5, 6.625], "texture": "#3"},
				"south": {"uv": [4.5, 6.75, 4.5, 7.75], "texture": "#3"},
				"west": {"uv": [4.5, 5.625, 3.25, 6.625], "texture": "#3"},
				"up": {"uv": [8.375, 7, 7.125, 7], "rotation": 270, "texture": "#3"},
				"down": {"uv": [8.375, 7.125, 7.125, 7.125], "rotation": 90, "texture": "#3"}
			}
		},
		{
			"from": [14.4, 0, -2],
			"to": [14.4, 8, 8],
			"rotation": {"angle": 0, "axis": "y", "origin": [14.4, 4, 3]},
			"faces": {
				"north": {"uv": [4.375, 6.75, 4.375, 7.75], "texture": "#3"},
				"east": {"uv": [3.25, 5.625, 4.5, 6.625], "texture": "#3"},
				"south": {"uv": [4.5, 6.75, 4.5, 7.75], "texture": "#3"},
				"west": {"uv": [4.5, 5.625, 3.25, 6.625], "texture": "#3"},
				"up": {"uv": [7.125, 7, 8.375, 7], "rotation": 90, "texture": "#3"},
				"down": {"uv": [7.125, 7.125, 8.375, 7.125], "rotation": 270, "texture": "#3"}
			}
		},
		{
			"from": [1.25, 0, 7],
			"to": [1.25, 8, 17],
			"rotation": {"angle": 0, "axis": "y", "origin": [1.25, 4, 12]},
			"faces": {
				"north": {"uv": [4.375, 6.75, 4.375, 7.75], "texture": "#3"},
				"east": {"uv": [3.25, 5.625, 4.5, 6.625], "texture": "#3"},
				"south": {"uv": [4.5, 6.75, 4.5, 7.75], "texture": "#3"},
				"west": {"uv": [4.5, 5.625, 3.25, 6.625], "texture": "#3"},
				"up": {"uv": [8.375, 7, 7.125, 7], "rotation": 270, "texture": "#3"},
				"down": {"uv": [8.375, 7.125, 7.125, 7.125], "rotation": 90, "texture": "#3"}
			}
		},
		{
			"from": [0.65, 0, -2],
			"to": [0.65, 8, 8],
			"rotation": {"angle": 0, "axis": "y", "origin": [0.65, 4, 3]},
			"faces": {
				"north": {"uv": [4.375, 6.75, 4.375, 7.75], "texture": "#3"},
				"east": {"uv": [3.25, 5.625, 4.5, 6.625], "texture": "#3"},
				"south": {"uv": [4.5, 6.75, 4.5, 7.75], "texture": "#3"},
				"west": {"uv": [4.5, 5.625, 3.25, 6.625], "texture": "#3"},
				"up": {"uv": [7.125, 7, 8.375, 7], "rotation": 90, "texture": "#3"},
				"down": {"uv": [7.125, 7.125, 8.375, 7.125], "rotation": 270, "texture": "#3"}
			}
		}
	],
	"gui_light": "front",
	"display": {
		"thirdperson_righthand": {
			"rotation": [68, 84, 0],
			"translation": [0.25, -0.75, 0.25],
			"scale": [0.3, 0.3, 0.3]
		},
		"thirdperson_lefthand": {
			"rotation": [68, -84, 0],
			"translation": [0.25, -0.25, 0.25],
			"scale": [0.3, 0.3, 0.3]
		},
		"firstperson_righthand": {
			"rotation": [0, 85, 0],
			"translation": [0.75, 0.5, -2.5],
			"scale": [0.5, 0.5, 0.5]
		},
		"firstperson_lefthand": {
			"rotation": [0, -85, 0],
			"translation": [-1.5, -1.5, -2.5],
			"scale": [0.5, 0.5, 0.5]
		},
		"ground": {
			"rotation": [-45, 0, 0],
			"translation": [0, 3.25, 0],
			"scale": [0.5, 0.5, 0.5]
		},
		"gui": {
			"rotation": [15.5, 145, 0],
			"translation": [0.25, -1.5, -1.25],
			"scale": [0.58, 0.58, 0.58]
		},
		"head": {
			"translation": [0.25, 33.5, 0.5],
			"scale": [2, 2, 2]
		},
		"fixed": {
			"translation": [-0.75, -0.25, -1.25],
			"scale": [0.98, 0.98, 0.98]
		}
	},
	"groups": [
		{
			"name": "group",
			"origin": [0, 0, 0],
			"color": 0,
			"children": [
				0,
				1,
				2,
				3,
				4,
				5,
				6,
				7,
				8,
				9,
				10,
				11,
				12,
				13,
				14,
				15,
				16,
				{
					"name": "group",
					"origin": [4, 4, 2.85],
					"color": 0,
					"children": [17, 18]
				},
				{
					"name": "group",
					"origin": [4, 4, 2.85],
					"color": 0,
					"children": [19, 20]
				},
				{
					"name": "group",
					"origin": [4, 4, 2.85],
					"color": 0,
					"children": [21, 22]
				},
				{
					"name": "group",
					"origin": [4, 4, 2.85],
					"color": 0,
					"children": [23, 24]
				}
			]
		}
	]
}