{
	"credit": "Made with Blockbench",
	"texture_size": [64, 64],
	"textures": {
		"1": "item/subnautic/octo_battleaxe",
		"particle": "item/subnautic/octo_battleaxe"
	},
	"elements": [
		{
			"from": [4.62641, -1.2, 7],
			"to": [6.62641, 12.8, 9],
			"rotation": {"angle": 0, "axis": "y", "origin": [6.81321, 9.91201, 8]},
			"faces": {
				"north": {"uv": [3.75, 5.5, 4.25, 9], "texture": "#1"},
				"east": {"uv": [3.75, 5.5, 4.25, 9], "texture": "#1"},
				"south": {"uv": [3.75, 5.5, 4.25, 9], "texture": "#1"},
				"west": {"uv": [3.75, 5.5, 4.25, 9], "texture": "#1"},
				"up": {"uv": [9.5, 4.75, 9, 4.25], "rotation": 180, "texture": "#1"},
				"down": {"uv": [9.5, 7.5, 9, 8], "rotation": 180, "texture": "#1"}
			}
		},
		{
			"from": [4.62641, 14, 4],
			"to": [6.62641, 16, 12],
			"rotation": {"angle": 0, "axis": "y", "origin": [6.81321, 9.91201, 8]},
			"faces": {
				"north": {"uv": [9.25, 5.75, 9.75, 6.25], "texture": "#1"},
				"east": {"uv": [6.25, 6.75, 8.25, 7.25], "texture": "#1"},
				"south": {"uv": [5, 9.25, 5.5, 9.75], "texture": "#1"},
				"west": {"uv": [6.25, 6.75, 8.25, 7.25], "texture": "#1"},
				"up": {"uv": [0.5, 8.75, 0, 6.75], "rotation": 180, "texture": "#1"},
				"down": {"uv": [1.25, 6.75, 0.75, 8.75], "rotation": 180, "texture": "#1"}
			}
		},
		{
			"from": [6.07726, 16.68626, 5],
			"to": [13.07726, 22.68626, 11],
			"rotation": {"angle": 22.5, "axis": "z", "origin": [6.81321, 9.91201, 8]},
			"faces": {
				"north": {"uv": [4.5, 1.75, 6.25, 3.25], "texture": "#1"},
				"east": {"uv": [4.5, 5.25, 6, 6.75], "texture": "#1"},
				"south": {"uv": [4.5, 0, 6.25, 1.5], "texture": "#1"},
				"west": {"uv": [4.5, 5.25, 6, 6.75], "texture": "#1"},
				"up": {"uv": [6.25, 5, 4.5, 3.5], "rotation": 180, "texture": "#1"},
				"down": {"uv": [1.75, 5, 0, 6.5], "rotation": 180, "texture": "#1"}
			}
		},
		{
			"from": [11.24623, 13.45374, 8.5],
			"to": [12.24623, 17.45374, 10.5],
			"rotation": {"angle": 22.5, "axis": "z", "origin": [6.81321, 9.91201, 8]},
			"faces": {
				"north": {"uv": [9.5, 8.25, 9.75, 9.25], "texture": "#1"},
				"east": {"uv": [8.25, 7.5, 8.75, 8.5], "texture": "#1"},
				"south": {"uv": [8, 9.5, 8.25, 10.5], "texture": "#1"},
				"west": {"uv": [8, 5, 8.5, 6], "texture": "#1"},
				"up": {"uv": [5.25, 10.5, 5, 10], "rotation": 180, "texture": "#1"},
				"down": {"uv": [9.75, 10, 9.5, 10.5], "rotation": 180, "texture": "#1"}
			}
		},
		{
			"from": [7.24623, 13.45374, 8.5],
			"to": [11.24623, 14.45374, 10.5],
			"rotation": {"angle": 22.5, "axis": "z", "origin": [6.81321, 9.91201, 8]},
			"faces": {
				"north": {"uv": [9.25, 7, 10.25, 7.25], "texture": "#1"},
				"east": {"uv": [10, 9, 10.5, 9.25], "texture": "#1"},
				"south": {"uv": [9.25, 6.5, 10.25, 6.75], "texture": "#1"},
				"west": {"uv": [2, 5, 2.5, 5.25], "texture": "#1"},
				"up": {"uv": [2.5, 9, 1.5, 8.5], "rotation": 180, "texture": "#1"},
				"down": {"uv": [5.5, 8.5, 4.5, 9], "rotation": 180, "texture": "#1"}
			}
		},
		{
			"from": [8.12641, 12.61689, 11.95336],
			"to": [9.12641, 16.61689, 13.95336],
			"rotation": {"angle": -22.5, "axis": "x", "origin": [6.81321, 9.91201, 8]},
			"faces": {
				"north": {"uv": [9, 9.5, 9.25, 10.5], "texture": "#1"},
				"east": {"uv": [8.5, 6.25, 9, 7.25], "texture": "#1"},
				"south": {"uv": [8.5, 9.5, 8.75, 10.5], "texture": "#1"},
				"west": {"uv": [2.75, 8.5, 3.25, 9.5], "texture": "#1"},
				"up": {"uv": [5.25, 10.5, 5, 10], "rotation": 180, "texture": "#1"},
				"down": {"uv": [10.25, 10, 10, 10.5], "rotation": 180, "texture": "#1"}
			}
		},
		{
			"from": [4.20253, 12.26334, 11.80691],
			"to": [8.20253, 13.26334, 13.80691],
			"rotation": {"angle": -22.5, "axis": "x", "origin": [6.81321, 9.91201, 8]},
			"faces": {
				"north": {"uv": [9.75, 0, 10.75, 0.25], "texture": "#1"},
				"east": {"uv": [0.75, 10.25, 1.25, 10.5], "texture": "#1"},
				"south": {"uv": [9.5, 9.5, 10.5, 9.75], "texture": "#1"},
				"west": {"uv": [0, 10.25, 0.5, 10.5], "texture": "#1"},
				"up": {"uv": [9.75, 5.5, 8.75, 5], "rotation": 180, "texture": "#1"},
				"down": {"uv": [9.25, 8.75, 8.25, 9.25], "rotation": 180, "texture": "#1"}
			}
		},
		{
			"from": [8.12641, 12.61689, 2.04664],
			"to": [9.12641, 16.61689, 4.04664],
			"rotation": {"angle": 22.5, "axis": "x", "origin": [6.81321, 9.91201, 8]},
			"faces": {
				"north": {"uv": [3, 9.75, 3.25, 10.75], "texture": "#1"},
				"east": {"uv": [9, 0, 9.5, 1], "texture": "#1"},
				"south": {"uv": [2.5, 9.75, 2.75, 10.75], "texture": "#1"},
				"west": {"uv": [0, 9, 0.5, 10], "texture": "#1"},
				"up": {"uv": [10.5, 1.5, 10.25, 1], "rotation": 180, "texture": "#1"},
				"down": {"uv": [10.5, 1.75, 10.25, 2.25], "rotation": 180, "texture": "#1"}
			}
		},
		{
			"from": [4.20253, 12.26334, 2.19309],
			"to": [8.20253, 13.26334, 4.19309],
			"rotation": {"angle": 22.5, "axis": "x", "origin": [6.81321, 9.91201, 8]},
			"faces": {
				"north": {"uv": [9.75, 4.25, 10.75, 4.5], "texture": "#1"},
				"east": {"uv": [10.25, 3, 10.75, 3.25], "texture": "#1"},
				"south": {"uv": [9.75, 0.5, 10.75, 0.75], "texture": "#1"},
				"west": {"uv": [10.25, 2.5, 10.75, 2.75], "texture": "#1"},
				"up": {"uv": [10, 1.75, 9, 1.25], "rotation": 180, "texture": "#1"},
				"down": {"uv": [10, 2, 9, 2.5], "rotation": 180, "texture": "#1"}
			}
		},
		{
			"from": [7.24623, 13.45374, 5.5],
			"to": [11.24623, 14.45374, 7.5],
			"rotation": {"angle": 22.5, "axis": "z", "origin": [6.81321, 9.91201, 8]},
			"faces": {
				"north": {"uv": [10, 4.75, 11, 5], "texture": "#1"},
				"east": {"uv": [5.5, 10.25, 6, 10.5], "texture": "#1"},
				"south": {"uv": [9.75, 7.5, 10.75, 7.75], "texture": "#1"},
				"west": {"uv": [10.25, 3.5, 10.75, 3.75], "texture": "#1"},
				"up": {"uv": [10, 3.25, 9, 2.75], "rotation": 180, "texture": "#1"},
				"down": {"uv": [10, 3.5, 9, 4], "rotation": 180, "texture": "#1"}
			}
		},
		{
			"from": [11.24623, 13.45374, 5.5],
			"to": [12.24623, 17.45374, 7.5],
			"rotation": {"angle": 22.5, "axis": "z", "origin": [6.81321, 9.91201, 8]},
			"faces": {
				"north": {"uv": [8, 9.5, 8.25, 10.5], "texture": "#1"},
				"east": {"uv": [5.75, 9, 6.25, 10], "texture": "#1"},
				"south": {"uv": [9.5, 8.25, 9.75, 9.25], "texture": "#1"},
				"west": {"uv": [0.75, 9, 1.25, 10], "texture": "#1"},
				"up": {"uv": [10.5, 1.5, 10.25, 1], "rotation": 180, "texture": "#1"},
				"down": {"uv": [6.5, 10.5, 6.25, 11], "rotation": 180, "texture": "#1"}
			}
		},
		{
			"from": [-2.58148, 17.99139, 5.001],
			"to": [2.41652, 22.98939, 10.999],
			"rotation": {"angle": -22.5, "axis": "z", "origin": [6.81321, 9.91201, 8]},
			"faces": {
				"north": {"uv": [6.5, 3.5, 7.75, 4.75], "texture": "#1"},
				"east": {"uv": [6.25, 5.25, 7.75, 6.5], "texture": "#1"},
				"south": {"uv": [6.5, 3.5, 7.75, 4.75], "texture": "#1"},
				"west": {"uv": [2, 5.5, 3.5, 6.75], "texture": "#1"},
				"up": {"uv": [7.75, 1.5, 6.5, 0], "rotation": 180, "texture": "#1"},
				"down": {"uv": [7.75, 1.75, 6.5, 3.25], "rotation": 180, "texture": "#1"}
			}
		},
		{
			"from": [3.87641, 15.79672, 8.01903],
			"to": [4.87641, 20.79672, 10.01903],
			"rotation": {"angle": 22.5, "axis": "x", "origin": [6.81321, 9.91201, 8]},
			"faces": {
				"north": {"uv": [7, 9, 7.25, 10.25], "texture": "#1"},
				"east": {"uv": [2.25, 7, 2.75, 8.25], "texture": "#1"},
				"south": {"uv": [6.5, 9, 6.75, 10.25], "texture": "#1"},
				"west": {"uv": [1.5, 7, 2, 8.25], "texture": "#1"},
				"up": {"uv": [10.75, 6.75, 10.5, 6.25], "rotation": 180, "texture": "#1"},
				"down": {"uv": [7, 10.5, 6.75, 11], "rotation": 180, "texture": "#1"}
			}
		},
		{
			"from": [3.87541, 19.1119, 12.06256],
			"to": [4.87741, 24.1139, 14.06456],
			"rotation": {"angle": 0, "axis": "y", "origin": [6.81321, 9.91201, 8]},
			"faces": {
				"north": {"uv": [1.5, 9.25, 1.75, 10.5], "texture": "#1"},
				"east": {"uv": [4.5, 7, 5, 8.25], "texture": "#1"},
				"south": {"uv": [7.5, 9, 7.75, 10.25], "texture": "#1"},
				"west": {"uv": [3, 7, 3.5, 8.25], "texture": "#1"},
				"up": {"uv": [7.5, 11, 7.25, 10.5], "rotation": 180, "texture": "#1"},
				"down": {"uv": [10.75, 10, 10.5, 10.5], "rotation": 180, "texture": "#1"}
			}
		},
		{
			"from": [4.37541, 15.1119, 13.06256],
			"to": [4.37741, 25.1139, 19.06456],
			"rotation": {"angle": 0, "axis": "y", "origin": [6.81321, 9.91201, 8]},
			"faces": {
				"north": {"uv": [1.5, 10.75, 1.5, 13.25], "texture": "#1"},
				"east": {"uv": [2.75, 2.75, 4.25, 5.25], "texture": "#1"},
				"south": {"uv": [7.75, 10.5, 7.75, 13], "texture": "#1"},
				"west": {"uv": [2.75, 0, 4.25, 2.5], "texture": "#1"},
				"up": {"uv": [1.75, 12.25, 1.75, 10.75], "rotation": 180, "texture": "#1"},
				"down": {"uv": [2, 10.75, 2, 12.25], "rotation": 180, "texture": "#1"}
			}
		},
		{
			"from": [3.87641, 15.79672, 5.98097],
			"to": [4.87641, 20.79672, 7.98097],
			"rotation": {"angle": -22.5, "axis": "x", "origin": [6.81321, 9.91201, 8]},
			"faces": {
				"north": {"uv": [3.5, 9.25, 3.75, 10.5], "texture": "#1"},
				"east": {"uv": [6, 7.5, 6.5, 8.75], "texture": "#1"},
				"south": {"uv": [2, 9.25, 2.25, 10.5], "texture": "#1"},
				"west": {"uv": [5.25, 7, 5.75, 8.25], "texture": "#1"},
				"up": {"uv": [0.25, 11.25, 0, 10.75], "rotation": 180, "texture": "#1"},
				"down": {"uv": [0.75, 10.75, 0.5, 11.25], "rotation": 180, "texture": "#1"}
			}
		},
		{
			"from": [3.87541, 19.1119, 1.93544],
			"to": [4.87741, 24.1139, 3.93744],
			"rotation": {"angle": 0, "axis": "y", "origin": [6.81321, 9.91201, 8]},
			"faces": {
				"north": {"uv": [4.5, 9.25, 4.75, 10.5], "texture": "#1"},
				"east": {"uv": [7.5, 7.5, 8, 8.75], "texture": "#1"},
				"south": {"uv": [4, 9.25, 4.25, 10.5], "texture": "#1"},
				"west": {"uv": [6.75, 7.5, 7.25, 8.75], "texture": "#1"},
				"up": {"uv": [1.25, 11.25, 1, 10.75], "rotation": 180, "texture": "#1"},
				"down": {"uv": [11, 1, 10.75, 1.5], "rotation": 180, "texture": "#1"}
			}
		},
		{
			"from": [4.37541, 15.1119, -3.06456],
			"to": [4.37741, 25.1139, 2.93744],
			"rotation": {"angle": 0, "axis": "y", "origin": [6.81321, 9.91201, 8]},
			"faces": {
				"north": {"uv": [7.75, 10.5, 7.75, 13], "texture": "#1"},
				"east": {"uv": [2.75, 0, 4.25, 2.5], "texture": "#1"},
				"south": {"uv": [1.5, 10.75, 1.5, 13.25], "texture": "#1"},
				"west": {"uv": [2.75, 2.75, 4.25, 5.25], "texture": "#1"},
				"up": {"uv": [2.25, 12.25, 2.25, 10.75], "rotation": 180, "texture": "#1"},
				"down": {"uv": [3.5, 10.75, 3.5, 12.25], "rotation": 180, "texture": "#1"}
			}
		},
		{
			"from": [4.12541, -0.36561, 15.27562],
			"to": [7.12741, 2.63639, 18.27762],
			"rotation": {"angle": 45, "axis": "x", "origin": [6.81321, 9.91201, 8]},
			"faces": {
				"north": {"uv": [8, 0, 8.75, 0.75], "texture": "#1"},
				"east": {"uv": [8, 0, 8.75, 0.75], "texture": "#1"},
				"south": {"uv": [8, 0, 8.75, 0.75], "texture": "#1"},
				"west": {"uv": [8, 0, 8.75, 0.75], "texture": "#1"},
				"up": {"uv": [8.75, 1.75, 8, 1], "rotation": 180, "texture": "#1"},
				"down": {"uv": [8.75, 2, 8, 2.75], "rotation": 180, "texture": "#1"}
			}
		},
		{
			"from": [4.12641, 13, 6.5],
			"to": [7.12641, 14, 9.5],
			"rotation": {"angle": 0, "axis": "y", "origin": [6.81321, 9.91201, 8]},
			"faces": {
				"north": {"uv": [10, 8, 10.75, 8.25], "texture": "#1"},
				"east": {"uv": [10, 8.5, 10.75, 8.75], "texture": "#1"},
				"south": {"uv": [10, 5.25, 10.75, 5.5], "texture": "#1"},
				"west": {"uv": [10, 5.75, 10.75, 6], "texture": "#1"},
				"up": {"uv": [8.75, 3.75, 8, 3], "rotation": 180, "texture": "#1"},
				"down": {"uv": [8.75, 4, 8, 4.75], "rotation": 180, "texture": "#1"}
			}
		},
		{
			"from": [4.12641, 11.25, 6.5],
			"to": [7.12641, 12.25, 9.5],
			"rotation": {"angle": 0, "axis": "y", "origin": [6.81321, 9.91201, 8]},
			"faces": {
				"north": {"uv": [10, 8, 10.75, 8.25], "texture": "#1"},
				"east": {"uv": [10, 8.5, 10.75, 8.75], "texture": "#1"},
				"south": {"uv": [10, 5.25, 10.75, 5.5], "texture": "#1"},
				"west": {"uv": [10, 5.75, 10.75, 6], "texture": "#1"},
				"up": {"uv": [8.75, 3.75, 8, 3], "rotation": 180, "texture": "#1"},
				"down": {"uv": [8.75, 4, 8, 4.75], "rotation": 180, "texture": "#1"}
			}
		},
		{
			"from": [4.12641, 1, 6.5],
			"to": [7.12641, 2, 9.5],
			"rotation": {"angle": 0, "axis": "y", "origin": [6.81321, 9.91201, 8]},
			"faces": {
				"north": {"uv": [10, 8, 10.75, 8.25], "texture": "#1"},
				"east": {"uv": [10, 8.5, 10.75, 8.75], "texture": "#1"},
				"south": {"uv": [10, 5.25, 10.75, 5.5], "texture": "#1"},
				"west": {"uv": [10, 5.75, 10.75, 6], "texture": "#1"},
				"up": {"uv": [8.75, 3.75, 8, 3], "rotation": 180, "texture": "#1"},
				"down": {"uv": [8.75, 4, 8, 4.75], "rotation": 180, "texture": "#1"}
			}
		},
		{
			"from": [4.12641, -0.75, 6.5],
			"to": [7.12641, 0.25, 9.5],
			"rotation": {"angle": 0, "axis": "y", "origin": [6.81321, 9.91201, 8]},
			"faces": {
				"north": {"uv": [10, 8, 10.75, 8.25], "texture": "#1"},
				"east": {"uv": [10, 8.5, 10.75, 8.75], "texture": "#1"},
				"south": {"uv": [10, 5.25, 10.75, 5.5], "texture": "#1"},
				"west": {"uv": [10, 5.75, 10.75, 6], "texture": "#1"},
				"up": {"uv": [8.75, 3.75, 8, 3], "rotation": 180, "texture": "#1"},
				"down": {"uv": [8.75, 4, 8, 4.75], "rotation": 180, "texture": "#1"}
			}
		},
		{
			"from": [5.62541, 7.949, 7.999],
			"to": [5.62741, 16.951, 18.001],
			"rotation": {"angle": 0, "axis": "y", "origin": [6.81321, 9.91201, 8]},
			"faces": {
				"north": {"uv": [4, 10.75, 4, 13], "texture": "#1"},
				"east": {"uv": [0, 2.5, 2.5, 4.75], "texture": "#1"},
				"south": {"uv": [3.75, 10.75, 3.75, 13], "texture": "#1"},
				"west": {"uv": [2.5, 2.5, 0, 4.75], "texture": "#1"},
				"up": {"uv": [4.25, 13.25, 4.25, 10.75], "rotation": 180, "texture": "#1"},
				"down": {"uv": [4.5, 10.75, 4.5, 13.25], "rotation": 180, "texture": "#1"}
			}
		},
		{
			"from": [5.62541, 7.949, -2.001],
			"to": [5.62741, 16.951, 8.001],
			"rotation": {"angle": 0, "axis": "y", "origin": [6.81321, 9.91201, 8]},
			"faces": {
				"north": {"uv": [3.75, 10.75, 3.75, 13], "texture": "#1"},
				"east": {"uv": [2.5, 2.5, 0, 4.75], "texture": "#1"},
				"south": {"uv": [4, 10.75, 4, 13], "texture": "#1"},
				"west": {"uv": [0, 2.5, 2.5, 4.75], "texture": "#1"},
				"up": {"uv": [4.25, 10.75, 4.25, 13.25], "rotation": 180, "texture": "#1"},
				"down": {"uv": [4.5, 13.25, 4.5, 10.75], "rotation": 180, "texture": "#1"}
			}
		}
	],
	"gui_light": "front",
	"display": {
		"thirdperson_righthand": {
			"rotation": [0, 180, 0],
			"translation": [-2.25, 0.5, 0.5],
			"scale": [0.81, 0.81, 0.81]
		},
		"thirdperson_lefthand": {
			"translation": [-1.75, 1.5, 1],
			"scale": [0.81, 0.81, 0.81]
		},
		"firstperson_righthand": {
			"rotation": [0, 180, 0],
			"translation": [2.75, -2.5, -8.5],
			"scale": [0.92, 0.92, 0.92]
		},
		"firstperson_lefthand": {
			"rotation": [0, 3, 0],
			"translation": [3.75, -2.5, -10.25],
			"scale": [0.92, 0.92, 0.92]
		},
		"ground": {
			"rotation": [-45, 0, 0],
			"translation": [0, 9.25, -2.25],
			"scale": [0.7, 0.7, 0.7]
		},
		"gui": {
			"rotation": [90, -135, 90],
			"translation": [-2.5, -2.5, 1.5],
			"scale": [0.55, 0.55, 0.55]
		},
		"head": {
			"rotation": [90, -38, -90],
			"translation": [-2.5, -12.25, 4.25]
		},
		"fixed": {
			"rotation": [-90, 45, 90],
			"translation": [3, -3, -2.25],
			"scale": [0.67, 0.67, 0.67]
		}
	},
	"groups": [
		{
			"name": "group",
			"origin": [7, -14, 6.5],
			"color": 0,
			"children": [0, 1, 2, 3, 4, 5, 6, 7, 8, 9, 10, 11, 12, 13, 14, 15, 16, 17, 18, 19, 20, 21, 22, 23, 24]
		}
	]
}