{
	"credit": "Made with Blockbench",
	"texture_size": [64, 64],
	"textures": {
		"6": "item/subnautic/sand_shovel1"
	},
	"elements": [
		{
			"from": [6.675, -1.875, 7],
			"to": [8.675, 9.125, 9],
			"rotation": {"angle": 0, "axis": "y", "origin": [8, 5, 8]},
			"faces": {
				"north": {"uv": [0, 2.5, 0.5, 5.25], "texture": "#6"},
				"east": {"uv": [0.75, 2.5, 1.25, 5.25], "texture": "#6"},
				"south": {"uv": [0, 2.5, 0.5, 5.25], "texture": "#6"},
				"west": {"uv": [0.75, 2.5, 1.25, 5.25], "texture": "#6"},
				"up": {"uv": [4.5, 5.5, 5, 6], "texture": "#6"},
				"down": {"uv": [5.25, 6, 5.75, 5.5], "texture": "#6"}
			}
		},
		{
			"from": [6.175, 9.125, 5],
			"to": [9.175, 10.125, 11],
			"rotation": {"angle": 0, "axis": "y", "origin": [8, 5, 8]},
			"faces": {
				"north": {"uv": [6.25, 0, 7, 0.25], "texture": "#6"},
				"east": {"uv": [4.5, 0.5, 6, 0.75], "texture": "#6"},
				"south": {"uv": [6, 3.75, 6.75, 4], "texture": "#6"},
				"west": {"uv": [4.5, 0, 6, 0.25], "texture": "#6"},
				"up": {"uv": [1.5, 2.5, 2.25, 4], "texture": "#6"},
				"down": {"uv": [2.5, 4, 3.25, 2.5], "texture": "#6"}
			}
		},
		{
			"from": [6.675, -2.875, 6.5],
			"to": [8.675, -1.875, 9.5],
			"rotation": {"angle": 0, "axis": "y", "origin": [8, 5, 8]},
			"faces": {
				"north": {"uv": [6.5, 3, 7, 3.25], "texture": "#6"},
				"east": {"uv": [6.25, 4.75, 7, 5], "texture": "#6"},
				"south": {"uv": [6.5, 2.5, 7, 2.75], "texture": "#6"},
				"west": {"uv": [6.25, 0.5, 7, 0.75], "texture": "#6"},
				"up": {"uv": [4.5, 1, 5, 1.75], "texture": "#6"},
				"down": {"uv": [4.75, 2.75, 5.25, 2], "texture": "#6"}
			}
		},
		{
			"from": [6.675, -6.125, 5.5],
			"to": [8.675, -5.125, 10.5],
			"rotation": {"angle": 0, "axis": "y", "origin": [8, 5, 8]},
			"faces": {
				"north": {"uv": [6.5, 5.75, 7, 6], "texture": "#6"},
				"east": {"uv": [5.5, 4.25, 6.75, 4.5], "texture": "#6"},
				"south": {"uv": [6.5, 5.25, 7, 5.5], "texture": "#6"},
				"west": {"uv": [5.5, 4.25, 6.75, 4.5], "texture": "#6"},
				"up": {"uv": [1.5, 4.25, 2, 5.5], "texture": "#6"},
				"down": {"uv": [2.25, 5.5, 2.75, 4.25], "texture": "#6"}
			}
		},
		{
			"from": [6.676, -5.34858, 5.37319],
			"to": [8.674, -2.35058, 6.37119],
			"rotation": {"angle": -22.5, "axis": "x", "origin": [8, 5, 8]},
			"faces": {
				"north": {"uv": [4.75, 4, 5.25, 4.75], "texture": "#6"},
				"east": {"uv": [2, 6.5, 2.25, 7.25], "texture": "#6"},
				"south": {"uv": [4.75, 3, 5.25, 3.75], "texture": "#6"},
				"west": {"uv": [1.5, 6.5, 1.75, 7.25], "texture": "#6"},
				"up": {"uv": [6.5, 6.25, 7, 6.5], "texture": "#6"},
				"down": {"uv": [6, 7, 6.5, 6.75], "texture": "#6"}
			}
		},
		{
			"from": [6.676, -5.34858, 9.62881],
			"to": [8.674, -2.35058, 10.62681],
			"rotation": {"angle": 22.5, "axis": "x", "origin": [8, 5, 8]},
			"faces": {
				"north": {"uv": [3.75, 5, 4.25, 5.75], "texture": "#6"},
				"east": {"uv": [1.5, 6.5, 1.75, 7.25], "texture": "#6"},
				"south": {"uv": [3, 5, 3.5, 5.75], "texture": "#6"},
				"west": {"uv": [2, 6.5, 2.25, 7.25], "texture": "#6"},
				"up": {"uv": [6.75, 6.75, 7.25, 7], "texture": "#6"},
				"down": {"uv": [7, 1.25, 7.5, 1], "texture": "#6"}
			}
		},
		{
			"from": [8.325, 7.83103, 3.16897],
			"to": [9.325, 9.83103, 5.16897],
			"rotation": {"angle": 45, "axis": "x", "origin": [8, 5, 8]},
			"faces": {
				"north": {"uv": [2.5, 6.5, 2.75, 7], "texture": "#6"},
				"east": {"uv": [2.25, 5.75, 2.75, 6.25], "texture": "#6"},
				"south": {"uv": [3, 4.25, 3.25, 4.75], "texture": "#6"},
				"west": {"uv": [1.5, 5.75, 2, 6.25], "texture": "#6"},
				"up": {"uv": [7, 3.5, 7.25, 4], "texture": "#6"},
				"down": {"uv": [0, 7.75, 0.25, 7.25], "texture": "#6"}
			}
		},
		{
			"from": [7.175, 15.125, 5],
			"to": [8.175, 16.125, 11],
			"rotation": {"angle": 0, "axis": "y", "origin": [8, 5, 8]},
			"faces": {
				"north": {"uv": [7, 4.25, 7.25, 4.5], "texture": "#6"},
				"east": {"uv": [5.25, 1, 6.75, 1.25], "texture": "#6"},
				"south": {"uv": [7, 1.5, 7.25, 1.75], "texture": "#6"},
				"west": {"uv": [4.5, 5, 6, 5.25], "texture": "#6"},
				"up": {"uv": [0, 5.5, 0.25, 7], "texture": "#6"},
				"down": {"uv": [0.5, 7, 0.75, 5.5], "texture": "#6"}
			}
		},
		{
			"from": [7.174, 11.124, 5.999],
			"to": [7.176, 15.126, 10.001],
			"rotation": {"angle": 0, "axis": "y", "origin": [8, 5, 8]},
			"faces": {
				"north": {"uv": [3.25, 7.25, 3.25, 8.25], "texture": "#6"},
				"east": {"uv": [3.5, 3.75, 4.5, 4.75], "texture": "#6"},
				"south": {"uv": [3, 7.25, 3, 8.25], "texture": "#6"},
				"west": {"uv": [3.5, 2.5, 4.5, 3.5], "texture": "#6"},
				"up": {"uv": [3.5, 7.25, 3.5, 8.25], "texture": "#6"},
				"down": {"uv": [3.75, 8.25, 3.75, 7.25], "texture": "#6"}
			}
		},
		{
			"from": [7.175, 11.125, 5],
			"to": [8.175, 15.125, 6],
			"rotation": {"angle": 0, "axis": "y", "origin": [8, 5, 8]},
			"faces": {
				"north": {"uv": [3.5, 6, 3.75, 7], "texture": "#6"},
				"east": {"uv": [4, 6, 4.25, 7], "texture": "#6"},
				"south": {"uv": [6, 2.5, 6.25, 3.5], "texture": "#6"},
				"west": {"uv": [3, 6, 3.25, 7], "texture": "#6"},
				"up": {"uv": [7.25, 0, 7.5, 0.25], "texture": "#6"},
				"down": {"uv": [0.5, 7.5, 0.75, 7.25], "texture": "#6"}
			}
		},
		{
			"from": [7.175, 11.125, 10],
			"to": [8.175, 15.125, 11],
			"rotation": {"angle": 0, "axis": "y", "origin": [8, 5, 8]},
			"faces": {
				"north": {"uv": [5, 6.25, 5.25, 7.25], "texture": "#6"},
				"east": {"uv": [5.5, 6.25, 5.75, 7.25], "texture": "#6"},
				"south": {"uv": [6, 5.5, 6.25, 6.5], "texture": "#6"},
				"west": {"uv": [4.5, 6.25, 4.75, 7.25], "texture": "#6"},
				"up": {"uv": [7.25, 0.5, 7.5, 0.75], "texture": "#6"},
				"down": {"uv": [1, 7.5, 1.25, 7.25], "texture": "#6"}
			}
		},
		{
			"from": [7.175, 10.125, 5],
			"to": [8.175, 11.125, 11],
			"rotation": {"angle": 0, "axis": "y", "origin": [8, 5, 8]},
			"faces": {
				"north": {"uv": [2.5, 7.25, 2.75, 7.5], "texture": "#6"},
				"east": {"uv": [5.5, 2, 7, 2.25], "texture": "#6"},
				"south": {"uv": [7.25, 2, 7.5, 2.25], "texture": "#6"},
				"west": {"uv": [5.25, 1.5, 6.75, 1.75], "texture": "#6"},
				"up": {"uv": [1, 5.5, 1.25, 7], "texture": "#6"},
				"down": {"uv": [5.5, 4, 5.75, 2.5], "texture": "#6"}
			}
		},
		{
			"from": [8.224, 2.124, 3.999],
			"to": [8.226, 11.126, 12.001],
			"rotation": {"angle": 0, "axis": "x", "origin": [8, 5, 8]},
			"faces": {
				"north": {"uv": [4.25, 7.25, 4.25, 9.5], "texture": "#6"},
				"east": {"uv": [2.25, 0, 4.25, 2.25], "texture": "#6"},
				"south": {"uv": [4, 7.25, 4, 9.5], "texture": "#6"},
				"west": {"uv": [4.25, 0, 2.25, 2.25], "texture": "#6"},
				"up": {"uv": [6, 7.25, 6, 9.25], "texture": "#6"},
				"down": {"uv": [6.25, 9.25, 6.25, 7.25], "texture": "#6"}
			}
		}
	],
	"gui_light": "front",
	"display": {
		"thirdperson_righthand": {
			"rotation": [0, 180, 0],
			"translation": [0, 4.5, 0],
			"scale": [0.8, 0.8, 0.8]
		},
		"thirdperson_lefthand": {
			"translation": [0, 4.5, 0],
			"scale": [0.8, 0.8, 0.8]
		},
		"firstperson_righthand": {
			"rotation": [0, 180, 0],
			"translation": [3.25, 3.5, -2.75]
		},
		"firstperson_lefthand": {
			"translation": [3.25, 3.5, -2.75]
		},
		"ground": {
			"rotation": [-45, 0, 0],
			"translation": [0, 9.25, -2.25],
			"scale": [0.8, 0.8, 0.8]
		},
		"gui": {
			"rotation": [90, -135, 90],
			"translation": [1.5, 1.5, 1.5],
			"scale": [0.78, 0.78, 0.78]
		},
		"head": {
			"rotation": [90, -38, -90],
			"translation": [3.5, -17.75, 4.25]
		},
		"fixed": {
			"rotation": [90, 137, -90],
			"translation": [-1.75, 1.5, -0.25],
			"scale": [0.88, 0.88, 0.88]
		}
	},
	"groups": [
		{
			"name": "group",
			"origin": [8.825, 21.125, 5.5],
			"color": 0,
			"children": [0, 1, 2, 3, 4, 5, 6, 7, 8, 9, 10, 11, 12]
		}
	]
}