{
	"credit": "Made with Blockbench",
	"texture_size": [64, 64],
	"textures": {
		"2": "item/subnautic/sand_hoe1"
	},
	"elements": [
		{
			"from": [7.425, 0.625, 7.16568],
			"to": [9.425, 11.625, 9.16568],
			"rotation": {"angle": 0, "axis": "y", "origin": [8, 8, 8]},
			"faces": {
				"north": {"uv": [0.5, 4, 0, 6.75], "texture": "#2"},
				"east": {"uv": [0.5, 4, 0, 6.75], "texture": "#2"},
				"south": {"uv": [0.5, 4, 0, 6.75], "texture": "#2"},
				"west": {"uv": [0.5, 4, 0, 6.75], "texture": "#2"},
				"up": {"uv": [5.75, 3, 6.25, 2.5], "texture": "#2"},
				"down": {"uv": [6, 0, 6.5, 0.5], "texture": "#2"}
			}
		},
		{
			"from": [8.049, -2.501, 3.999],
			"to": [8.051, 12.501, 12.001],
			"rotation": {"angle": 0, "axis": "y", "origin": [8, 8, 8]},
			"faces": {
				"north": {"uv": [1.75, 8.25, 1.75, 12], "texture": "#2"},
				"east": {"uv": [4.25, 0, 2.25, 3.75], "texture": "#2"},
				"south": {"uv": [2, 8.25, 2, 12], "texture": "#2"},
				"west": {"uv": [2.25, 0, 4.25, 3.75], "texture": "#2"},
				"up": {"uv": [2.25, 10.25, 2.25, 8.25], "texture": "#2"},
				"down": {"uv": [2.5, 8.25, 2.5, 10.25], "texture": "#2"}
			}
		},
		{
			"from": [7.425, -0.375, 6.66568],
			"to": [9.425, 0.625, 9.66568],
			"rotation": {"angle": 0, "axis": "y", "origin": [8, 8, 8]},
			"faces": {
				"north": {"uv": [1, 7.5, 0.5, 7.75], "texture": "#2"},
				"east": {"uv": [7.75, 1.25, 7, 1.5], "texture": "#2"},
				"south": {"uv": [8, 0.5, 7.5, 0.75], "texture": "#2"},
				"west": {"uv": [6.5, 3.25, 5.75, 3.5], "texture": "#2"},
				"up": {"uv": [4.5, 3.75, 5, 3], "texture": "#2"},
				"down": {"uv": [2.75, 5, 3.25, 5.75], "texture": "#2"}
			}
		},
		{
			"from": [7.425, -3.625, 5.66568],
			"to": [9.425, -2.625, 10.66568],
			"rotation": {"angle": 0, "axis": "y", "origin": [8, 8, 8]},
			"faces": {
				"north": {"uv": [3.25, 7.5, 2.75, 7.75], "texture": "#2"},
				"east": {"uv": [7, 2, 5.75, 2.25], "texture": "#2"},
				"south": {"uv": [8, 3.25, 7.5, 3.5], "texture": "#2"},
				"west": {"uv": [2.5, 5.75, 1.25, 6], "texture": "#2"},
				"up": {"uv": [4.5, 1.25, 5, 0], "texture": "#2"},
				"down": {"uv": [4.5, 1.5, 5, 2.75], "texture": "#2"}
			}
		},
		{
			"from": [7.426, -2.74711, 9.97322],
			"to": [9.424, 0.25089, 10.97122],
			"rotation": {"angle": 22.5, "axis": "x", "origin": [8, 8, 8]},
			"faces": {
				"north": {"uv": [4, 5, 3.5, 5.75], "texture": "#2"},
				"east": {"uv": [6.5, 7, 6.25, 7.75], "texture": "#2"},
				"south": {"uv": [4.75, 5, 4.25, 5.75], "texture": "#2"},
				"west": {"uv": [6, 7, 5.75, 7.75], "texture": "#2"},
				"up": {"uv": [3.5, 7.75, 4, 7.5], "texture": "#2"},
				"down": {"uv": [7.5, 3.75, 8, 4], "texture": "#2"}
			}
		},
		{
			"from": [7.426, -2.87392, 5.33491],
			"to": [9.424, 0.12408, 6.33291],
			"rotation": {"angle": -22.5, "axis": "x", "origin": [8, 8, 8]},
			"faces": {
				"north": {"uv": [5.5, 5, 5, 5.75], "texture": "#2"},
				"east": {"uv": [7.5, 1.75, 7.25, 2.5], "texture": "#2"},
				"south": {"uv": [5.75, 0, 5.25, 0.75], "texture": "#2"},
				"west": {"uv": [7, 7, 6.75, 7.75], "texture": "#2"},
				"up": {"uv": [4.25, 7.75, 4.75, 7.5], "texture": "#2"},
				"down": {"uv": [7.5, 4.25, 8, 4.5], "texture": "#2"}
			}
		},
		{
			"from": [8.075, 10.36033, 10.59463],
			"to": [10.075, 12.36033, 12.59463],
			"rotation": {"angle": -45, "axis": "x", "origin": [8, 8, 8]},
			"faces": {
				"north": {"uv": [2.25, 6.25, 1.75, 6.75], "texture": "#2"},
				"east": {"uv": [6.25, 6.25, 5.75, 6.75], "texture": "#2"},
				"south": {"uv": [6.75, 5.5, 6.25, 6], "texture": "#2"},
				"west": {"uv": [6.75, 4.75, 6.25, 5.25], "texture": "#2"},
				"up": {"uv": [6.5, 3, 7, 2.5], "texture": "#2"},
				"down": {"uv": [6.5, 6.25, 7, 6.75], "texture": "#2"}
			}
		},
		{
			"from": [7.924, 13.624, 6.16468],
			"to": [8.926, 16.626, 10.16668],
			"rotation": {"angle": 0, "axis": "y", "origin": [8, 8, 8]},
			"faces": {
				"north": {"uv": [7.5, 5.75, 7.25, 6.5], "texture": "#2"},
				"east": {"uv": [5, 4, 4, 4.75], "texture": "#2"},
				"south": {"uv": [7.5, 6.75, 7.25, 7.5], "texture": "#2"},
				"west": {"uv": [3.75, 4, 2.75, 4.75], "texture": "#2"},
				"up": {"uv": [0, 8, 0.25, 7], "texture": "#2"},
				"down": {"uv": [7, 0, 7.25, 1], "texture": "#2"}
			}
		},
		{
			"from": [5.925, 17.98857, 6.66212],
			"to": [7.925, 18.98857, 7.66212],
			"rotation": {"angle": 22.5, "axis": "x", "origin": [8, 8, 8]},
			"faces": {
				"north": {"uv": [8, 4.75, 7.5, 5], "texture": "#2"},
				"east": {"uv": [3, 8, 2.75, 8.25], "texture": "#2"},
				"south": {"uv": [5.5, 7.5, 5, 7.75], "texture": "#2"},
				"west": {"uv": [1.5, 7.75, 1.25, 8], "texture": "#2"},
				"up": {"uv": [7.5, 5.5, 8, 5.25], "texture": "#2"},
				"down": {"uv": [7.75, 1.75, 8.25, 2], "texture": "#2"}
			}
		},
		{
			"from": [7.925, 15.625, 7.66568],
			"to": [8.925, 19.625, 8.66568],
			"rotation": {"angle": 0, "axis": "y", "origin": [8, 8, 8]},
			"faces": {
				"north": {"uv": [2, 7, 1.75, 8], "texture": "#2"},
				"east": {"uv": [7.25, 4.5, 7, 5.5], "texture": "#2"},
				"south": {"uv": [7.25, 3.25, 7, 4.25], "texture": "#2"},
				"west": {"uv": [2.5, 7, 2.25, 8], "texture": "#2"},
				"up": {"uv": [3.25, 8.25, 3.5, 8], "texture": "#2"},
				"down": {"uv": [3.75, 8, 4, 8.25], "texture": "#2"}
			}
		},
		{
			"from": [5.925, 18.625, 7.66568],
			"to": [7.925, 19.625, 8.66568],
			"rotation": {"angle": 0, "axis": "y", "origin": [8, 8, 8]},
			"faces": {
				"north": {"uv": [8.25, 2.25, 7.75, 2.5], "texture": "#2"},
				"east": {"uv": [5, 8, 4.75, 8.25], "texture": "#2"},
				"south": {"uv": [8.25, 5.75, 7.75, 6], "texture": "#2"},
				"west": {"uv": [4.5, 8, 4.25, 8.25], "texture": "#2"},
				"up": {"uv": [7.75, 6.5, 8.25, 6.25], "texture": "#2"},
				"down": {"uv": [7.75, 6.75, 8.25, 7], "texture": "#2"}
			}
		},
		{
			"from": [5.925, 17.87922, 8.29259],
			"to": [7.925, 18.87922, 9.29259],
			"rotation": {"angle": -22.5, "axis": "x", "origin": [8, 8, 8]},
			"faces": {
				"north": {"uv": [7.75, 7.75, 7.25, 8], "texture": "#2"},
				"east": {"uv": [6, 8, 5.75, 8.25], "texture": "#2"},
				"south": {"uv": [8.25, 7.25, 7.75, 7.5], "texture": "#2"},
				"west": {"uv": [5.5, 8, 5.25, 8.25], "texture": "#2"},
				"up": {"uv": [0.5, 8.25, 1, 8], "texture": "#2"},
				"down": {"uv": [8, 1, 8.5, 1.25], "texture": "#2"}
			}
		},
		{
			"from": [7.925, 13.98857, 6.66212],
			"to": [8.925, 18.98857, 7.66212],
			"rotation": {"angle": 22.5, "axis": "x", "origin": [8, 8, 8]},
			"faces": {
				"north": {"uv": [6, 4.75, 5.75, 6], "texture": "#2"},
				"east": {"uv": [4, 6, 3.75, 7.25], "texture": "#2"},
				"south": {"uv": [3.5, 6, 3.25, 7.25], "texture": "#2"},
				"west": {"uv": [3, 6, 2.75, 7.25], "texture": "#2"},
				"up": {"uv": [6.25, 8.25, 6.5, 8], "texture": "#2"},
				"down": {"uv": [6.75, 8, 7, 8.25], "texture": "#2"}
			}
		},
		{
			"from": [7.925, 13.87922, 8.29259],
			"to": [8.925, 18.87922, 9.29259],
			"rotation": {"angle": -22.5, "axis": "x", "origin": [8, 8, 8]},
			"faces": {
				"north": {"uv": [4.5, 6, 4.25, 7.25], "texture": "#2"},
				"east": {"uv": [1.5, 6.25, 1.25, 7.5], "texture": "#2"},
				"south": {"uv": [5.5, 6, 5.25, 7.25], "texture": "#2"},
				"west": {"uv": [5, 6, 4.75, 7.25], "texture": "#2"},
				"up": {"uv": [8, 8, 8.25, 7.75], "texture": "#2"},
				"down": {"uv": [0, 8.25, 0.25, 8.5], "texture": "#2"}
			}
		},
		{
			"from": [7.9, 12.625, 5.16568],
			"to": [8.9, 13.625, 11.16568],
			"rotation": {"angle": 0, "axis": "y", "origin": [8, 8, 8]},
			"faces": {
				"north": {"uv": [8.5, 0.5, 8.25, 0.75], "texture": "#2"},
				"east": {"uv": [6.75, 1.5, 5.25, 1.75], "texture": "#2"},
				"south": {"uv": [1.5, 8.25, 1.25, 8.5], "texture": "#2"},
				"west": {"uv": [6.75, 1, 5.25, 1.25], "texture": "#2"},
				"up": {"uv": [5.25, 3.5, 5.5, 2], "texture": "#2"},
				"down": {"uv": [0.75, 5.75, 1, 7.25], "texture": "#2"}
			}
		},
		{
			"from": [6.9, 11.625, 5.16568],
			"to": [9.9, 12.625, 11.16568],
			"rotation": {"angle": 0, "axis": "y", "origin": [8, 8, 8]},
			"faces": {
				"north": {"uv": [8, 2.75, 7.25, 3], "texture": "#2"},
				"east": {"uv": [6.75, 4.25, 5.25, 4.5], "texture": "#2"},
				"south": {"uv": [8.25, 0, 7.5, 0.25], "texture": "#2"},
				"west": {"uv": [6.75, 3.75, 5.25, 4], "texture": "#2"},
				"up": {"uv": [0.75, 5.5, 1.5, 4], "texture": "#2"},
				"down": {"uv": [1.75, 4, 2.5, 5.5], "texture": "#2"}
			}
		}
	],
	"gui_light": "front",
	"display": {
		"thirdperson_righthand": {
			"rotation": [0, -90, 0],
			"translation": [0, 4, 0.75],
			"scale": [0.8, 0.8, 0.8]
		},
		"thirdperson_lefthand": {
			"rotation": [0, 90, 0],
			"translation": [0, 4, 0.75],
			"scale": [0.8, 0.8, 0.8]
		},
		"firstperson_righthand": {
			"rotation": [0, -90, 0],
			"translation": [2.5, 0, -2.5]
		},
		"firstperson_lefthand": {
			"rotation": [0, 90, 0],
			"translation": [6, 0, -5.25]
		},
		"ground": {
			"rotation": [-45, 0, 0],
			"translation": [0, 9.25, -2.25],
			"scale": [0.81, 0.81, 0.81]
		},
		"gui": {
			"rotation": [90, -135, 90],
			"translation": [0.5, -0.25, 1.5],
			"scale": [0.74, 0.74, 0.74]
		},
		"head": {
			"rotation": [90, -38, -90],
			"translation": [0, -14.25, 4.25]
		},
		"fixed": {
			"rotation": [-90, 45, 90],
			"translation": [0.25, -0.25, -0.25],
			"scale": [0.91, 0.91, 0.91]
		}
	},
	"groups": [
		{
			"name": "group",
			"origin": [5.1, 20.625, -4.33432],
			"color": 0,
			"children": [0, 1, 2, 3, 4, 5, 6, 7, 8, 9, 10, 11, 12, 13, 14, 15]
		}
	]
}