{
	"credit": "Made with Blockbench",
	"texture_size": [32, 32],
	"textures": {
		"3": "item/subnautic/scuba_mask"
	},
	"elements": [
		{
			"from": [3.5, 2, 3.5],
			"to": [12.5, 7, 5.5],
			"rotation": {"angle": 0, "axis": "y", "origin": [0, -5, 15.5]},
			"faces": {
				"north": {"uv": [0, 0, 4.5, 2.5], "texture": "#3"},
				"east": {"uv": [3, 6.5, 4, 9], "texture": "#3"},
				"south": {"uv": [0, 2.5, 4.5, 5], "texture": "#3"},
				"west": {"uv": [4, 6.5, 5, 9], "texture": "#3"},
				"up": {"uv": [10, 1, 5.5, 0], "texture": "#3"},
				"down": {"uv": [10, 1, 5.5, 2], "texture": "#3"}
			}
		},
		{
			"from": [3.5, 3, 5.5],
			"to": [3.5, 4, 12.5],
			"rotation": {"angle": 0, "axis": "y", "origin": [0, -5, 15.5]},
			"faces": {
				"north": {"uv": [0, 0, 0, 0.5], "texture": "#3"},
				"east": {"uv": [6.5, 5.5, 10, 6], "texture": "#3"},
				"south": {"uv": [0, 0, 0, 0.5], "texture": "#3"},
				"west": {"uv": [6.5, 6, 10, 6.5], "texture": "#3"},
				"up": {"uv": [0, 3.5, 0, 0], "texture": "#3"},
				"down": {"uv": [0, 0, 0, 3.5], "texture": "#3"}
			}
		},
		{
			"from": [12.5, 3, 5.5],
			"to": [12.5, 4, 12.5],
			"rotation": {"angle": 0, "axis": "y", "origin": [16, -5, 15.5]},
			"faces": {
				"north": {"uv": [0, 0, 0, 0.5], "texture": "#3"},
				"east": {"uv": [10, 6, 6.5, 6.5], "texture": "#3"},
				"south": {"uv": [0, 0, 0, 0.5], "texture": "#3"},
				"west": {"uv": [10, 5.5, 6.5, 6], "texture": "#3"},
				"up": {"uv": [0, 3.5, 0, 0], "texture": "#3"},
				"down": {"uv": [0, 0, 0, 3.5], "texture": "#3"}
			}
		},
		{
			"from": [3.5, 3, 12.5],
			"to": [12.5, 4, 12.5],
			"rotation": {"angle": 0, "axis": "y", "origin": [0, -5, 15.5]},
			"faces": {
				"north": {"uv": [5.5, 5, 10, 5.5], "texture": "#3"},
				"east": {"uv": [0, 0, 0, 0.5], "texture": "#3"},
				"south": {"uv": [5, 6.5, 9.5, 7], "texture": "#3"},
				"west": {"uv": [0, 0, 0, 0.5], "texture": "#3"},
				"up": {"uv": [4.5, 0, 0, 0], "texture": "#3"},
				"down": {"uv": [4.5, 0, 0, 0], "texture": "#3"}
			}
		},
		{
			"from": [2, -1, 2.5],
			"to": [9, 1, 4.5],
			"rotation": {"angle": 0, "axis": "y", "origin": [0, 0, -4.5]},
			"faces": {
				"north": {"uv": [5.5, 2, 9, 3], "texture": "#3", "tintindex": 0},
				"east": {"uv": [5, 8.5, 6, 9.5], "texture": "#3", "tintindex": 0},
				"south": {"uv": [3, 5.5, 6.5, 6.5], "texture": "#3", "tintindex": 0},
				"west": {"uv": [6, 8.5, 7, 9.5], "texture": "#3", "tintindex": 0},
				"up": {"uv": [9, 4, 5.5, 3], "texture": "#3", "tintindex": 0},
				"down": {"uv": [9, 4, 5.5, 5], "texture": "#3", "tintindex": 0}
			}
		},
		{
			"from": [2, 1, 2.5],
			"to": [4, 12, 4.5],
			"rotation": {"angle": 0, "axis": "y", "origin": [0, 0, -4.5]},
			"faces": {
				"north": {"uv": [4.5, 0, 5.5, 5.5], "texture": "#3", "tintindex": 0},
				"east": {"uv": [0, 5, 1, 10.5], "texture": "#3", "tintindex": 0},
				"south": {"uv": [1, 5, 2, 10.5], "texture": "#3", "tintindex": 0},
				"west": {"uv": [2, 5, 3, 10.5], "texture": "#3", "tintindex": 0},
				"up": {"uv": [10, 3, 9, 2], "texture": "#3", "tintindex": 0},
				"down": {"uv": [4, 9, 3, 10], "texture": "#3", "tintindex": 0}
			}
		},
		{
			"from": [7, 2.4, 0.5],
			"to": [9, 5.4, 2.5],
			"rotation": {"angle": 22.5, "axis": "x", "origin": [2, -2.5, 0.5]},
			"faces": {
				"north": {"uv": [5, 7, 6, 8.5], "texture": "#3"},
				"east": {"uv": [6, 7, 7, 8.5], "texture": "#3"},
				"south": {"uv": [7, 7, 8, 8.5], "texture": "#3"},
				"west": {"uv": [8, 7, 9, 8.5], "texture": "#3"},
				"up": {"uv": [8, 9.5, 7, 8.5], "texture": "#3"},
				"down": {"uv": [9, 8.5, 8, 9.5], "texture": "#3"}
			}
		}
	],
	"display": {
		"thirdperson_righthand": {
			"rotation": [61, 0, 0],
			"scale": [0.6, 0.6, 0.6]
		},
		"thirdperson_lefthand": {
			"rotation": [61, 0, 0],
			"scale": [0.6, 0.6, 0.6]
		},
		"ground": {
			"translation": [0, -0.75, 0],
			"scale": [0.6, 0.6, 0.6]
		},
		"gui": {
			"rotation": [32, 127, 0],
			"translation": [0, 3, 0],
			"scale": [0.6, 0.6, 0.6]
		},
		"head": {
			"translation": [0, 6.5, 0],
			"scale": [1.64, 1.64, 1.64]
		},
		"fixed": {
			"rotation": [-90, 0, 0],
			"translation": [0, 0, -13],
			"scale": [2, 2, 2]
		}
	},
	"groups": [
		{
			"name": "diving_mask",
			"origin": [8, 8, 8],
			"color": 0,
			"children": [0, 1, 2, 3, 4, 5]
		},
		6
	]
}