{
	"credit": "Made with Blockbench",
	"texture_size": [64, 64],
	"textures": {
		"3": "item/subnautic/scuba_gear"
	},
	"elements": [
		{
			"from": [9.11313, 0, 6.08239],
			"to": [13.11313, 11, 10.08239],
			"rotation": {"angle": 22.5, "axis": "y", "origin": [11.11313, 5.5, 8.08239]},
			"faces": {
				"north": {"uv": [0, 0, 1, 2.75], "texture": "#3", "tintindex": 0},
				"east": {"uv": [1, 0, 2, 2.75], "texture": "#3", "tintindex": 0},
				"south": {"uv": [2, 0, 3, 2.75], "texture": "#3", "tintindex": 0},
				"west": {"uv": [0, 2.75, 1, 5.5], "texture": "#3", "tintindex": 0},
				"up": {"uv": [5, 6.5, 4, 5.5], "texture": "#3", "tintindex": 0},
				"down": {"uv": [6, 5.5, 5, 6.5], "texture": "#3", "tintindex": 0}
			}
		},
		{
			"from": [9.05313, -0.165, 6.02239],
			"to": [13.17313, 11.165, 10.14239],
			"rotation": {"angle": 22.5, "axis": "y", "origin": [11.11313, 5.5, 8.08239]},
			"faces": {
				"north": {"uv": [1, 2.75, 2, 5.5], "texture": "#3"},
				"east": {"uv": [2, 2.75, 3, 5.5], "texture": "#3"},
				"south": {"uv": [3, 0, 4, 2.75], "texture": "#3"},
				"west": {"uv": [3, 2.75, 4, 5.5], "texture": "#3"},
				"up": {"uv": [7, 1, 6, 0], "texture": "#3"},
				"down": {"uv": [7, 1, 6, 2], "texture": "#3"}
			}
		},
		{
			"from": [10, 11, 7],
			"to": [12, 13, 9],
			"faces": {
				"north": {"uv": [5, 6.5, 5.5, 7], "texture": "#3"},
				"east": {"uv": [5.5, 6.5, 6, 7], "texture": "#3"},
				"south": {"uv": [7, 0, 7.5, 0.5], "texture": "#3"},
				"west": {"uv": [7, 0.5, 7.5, 1], "texture": "#3"},
				"up": {"uv": [7.5, 1.5, 7, 1], "texture": "#3"},
				"down": {"uv": [7.5, 1.5, 7, 2], "texture": "#3"}
			}
		},
		{
			"from": [2.88687, 0, 6.08239],
			"to": [6.88687, 11, 10.08239],
			"rotation": {"angle": -22.5, "axis": "y", "origin": [4.88687, 5.5, 8.08239]},
			"faces": {
				"north": {"uv": [0, 5.5, 1, 8.25], "texture": "#3", "tintindex": 0},
				"east": {"uv": [1, 5.5, 2, 8.25], "texture": "#3", "tintindex": 0},
				"south": {"uv": [2, 5.5, 3, 8.25], "texture": "#3", "tintindex": 0},
				"west": {"uv": [3, 5.5, 4, 8.25], "texture": "#3", "tintindex": 0},
				"up": {"uv": [7, 5, 6, 4], "texture": "#3", "tintindex": 0},
				"down": {"uv": [7, 5, 6, 6], "texture": "#3", "tintindex": 0}
			}
		},
		{
			"from": [2.82687, -0.165, 6.02239],
			"to": [6.94687, 11.165, 10.14239],
			"rotation": {"angle": -22.5, "axis": "y", "origin": [4.88687, 5.5, 8.08239]},
			"faces": {
				"north": {"uv": [4, 0, 5, 2.75], "texture": "#3"},
				"east": {"uv": [4, 2.75, 5, 5.5], "texture": "#3"},
				"south": {"uv": [5, 0, 6, 2.75], "texture": "#3"},
				"west": {"uv": [5, 2.75, 6, 5.5], "texture": "#3"},
				"up": {"uv": [7, 3, 6, 2], "texture": "#3"},
				"down": {"uv": [7, 3, 6, 4], "texture": "#3"}
			}
		},
		{
			"from": [4, 11, 7],
			"to": [6, 13, 9],
			"rotation": {"angle": 0, "axis": "y", "origin": [16, 0, 0]},
			"faces": {
				"north": {"uv": [7, 2.5, 7.5, 3], "texture": "#3"},
				"east": {"uv": [7, 3, 7.5, 3.5], "texture": "#3"},
				"south": {"uv": [7, 3.5, 7.5, 4], "texture": "#3"},
				"west": {"uv": [7, 4, 7.5, 4.5], "texture": "#3"},
				"up": {"uv": [7.5, 5, 7, 4.5], "texture": "#3"},
				"down": {"uv": [5.5, 7, 5, 7.5], "texture": "#3"}
			}
		},
		{
			"from": [6, 11.5, 8],
			"to": [10, 12.5, 8],
			"rotation": {"angle": 0, "axis": "y", "origin": [8.5, 12, 8]},
			"faces": {
				"north": {"uv": [7, 2, 8, 2.25], "texture": "#3"},
				"east": {"uv": [0, 0, 0, 0.25], "texture": "#3"},
				"south": {"uv": [7, 2.25, 8, 2.5], "texture": "#3"},
				"west": {"uv": [0, 0, 0, 0.25], "texture": "#3"},
				"up": {"uv": [1, 0, 0, 0], "texture": "#3"},
				"down": {"uv": [1, 0, 0, 0], "texture": "#3"}
			}
		},
		{
			"from": [6, 5, 8],
			"to": [10, 9.1, 8],
			"rotation": {"angle": 0, "axis": "y", "origin": [8.5, 12, 8]},
			"faces": {
				"north": {"uv": [4, 6.5, 5, 7.5], "texture": "#3"},
				"east": {"uv": [0, 0, 0, 1], "texture": "#3"},
				"south": {"uv": [4, 6.5, 5, 7.5], "texture": "#3"},
				"west": {"uv": [0, 0, 0, 1], "texture": "#3"},
				"up": {"uv": [1, 0, 0, 0], "texture": "#3"},
				"down": {"uv": [1, 0, 0, 0], "texture": "#3"}
			}
		}
	],
	"display": {
		"head": {
			"translation": [0, -80, 7.25],
			"scale": [1.61, 1.61, 1.61]
		}
	}
}