{
	"credit": "Made with Blockbench",
	"texture_size": [64, 64],
	"textures": {
		"7": "item/subnautic/shell_sword"
	},
	"elements": [
		{
			"from": [7.95, 7.65003, 9.63149],
			"to": [7.95, 8.65003, 11.63149],
			"rotation": {"angle": -45, "axis": "x", "origin": [7.95, 8.15003, 10.63149]},
			"faces": {
				"north": {"uv": [7, 1.5, 7, 1.75], "texture": "#7"},
				"east": {"uv": [7.5, 3.5, 8, 3.75], "texture": "#7"},
				"south": {"uv": [7.75, 2.5, 7.75, 2.75], "texture": "#7"},
				"west": {"uv": [7.5, 4, 8, 4.25], "texture": "#7"},
				"up": {"uv": [7.5, 8.25, 7.5, 7.75], "texture": "#7"},
				"down": {"uv": [7.75, 7.75, 7.75, 8.25], "texture": "#7"}
			}
		},
		{
			"from": [7.95, 7.65003, 4.36851],
			"to": [7.95, 8.65003, 6.36851],
			"rotation": {"angle": 45, "axis": "x", "origin": [7.95, 8.15003, 5.36851]},
			"faces": {
				"north": {"uv": [7.75, 3, 7.75, 3.25], "texture": "#7"},
				"east": {"uv": [7.5, 5.75, 8, 6], "texture": "#7"},
				"south": {"uv": [8, 2.5, 8, 2.75], "texture": "#7"},
				"west": {"uv": [7.5, 6.25, 8, 6.5], "texture": "#7"},
				"up": {"uv": [4, 8.5, 4, 8], "texture": "#7"},
				"down": {"uv": [4.25, 8, 4.25, 8.5], "texture": "#7"}
			}
		},
		{
			"from": [6.95, -4, 6.5],
			"to": [8.95, -2, 9.5],
			"rotation": {"angle": 0, "axis": "y", "origin": [6.95, -4, 6.5]},
			"faces": {
				"north": {"uv": [6.25, 1.5, 6.75, 2], "texture": "#7"},
				"east": {"uv": [5.5, 2.5, 6.25, 3], "texture": "#7"},
				"south": {"uv": [4, 6.25, 4.5, 6.75], "texture": "#7"},
				"west": {"uv": [5.5, 3.25, 6.25, 3.75], "texture": "#7"},
				"up": {"uv": [6, 4.75, 5.5, 4], "texture": "#7"},
				"down": {"uv": [6.5, 5, 6, 5.75], "texture": "#7"}
			}
		},
		{
			"from": [6.875, -4.25, 5.75],
			"to": [6.875, -0.25, 10.75],
			"rotation": {"angle": 0, "axis": "y", "origin": [4.875, -3.25, 6.75]},
			"faces": {
				"north": {"uv": [4.5, 8, 4.5, 9], "texture": "#7"},
				"east": {"uv": [2.5, 4, 3.75, 5], "texture": "#7"},
				"south": {"uv": [4.75, 8, 4.75, 9], "texture": "#7"},
				"west": {"uv": [4, 4, 5.25, 5], "texture": "#7"},
				"up": {"uv": [5, 9.25, 5, 8], "texture": "#7"},
				"down": {"uv": [5.25, 8, 5.25, 9.25], "texture": "#7"}
			}
		},
		{
			"from": [9.125, -4.25, 5.75],
			"to": [9.125, -0.25, 10.75],
			"rotation": {"angle": 0, "axis": "y", "origin": [7.125, -3.25, 6.75]},
			"faces": {
				"north": {"uv": [4.5, 8, 4.5, 9], "texture": "#7"},
				"east": {"uv": [2.5, 4, 3.75, 5], "texture": "#7"},
				"south": {"uv": [4.75, 8, 4.75, 9], "texture": "#7"},
				"west": {"uv": [4, 4, 5.25, 5], "texture": "#7"},
				"up": {"uv": [5, 9.25, 5, 8], "texture": "#7"},
				"down": {"uv": [5.25, 8, 5.25, 9.25], "texture": "#7"}
			}
		},
		{
			"from": [5.875, -4.25, 6.25],
			"to": [10.875, -0.25, 6.25],
			"rotation": {"angle": 0, "axis": "y", "origin": [8.375, -2.25, 6.25]},
			"faces": {
				"north": {"uv": [2.5, 4, 3.75, 5], "texture": "#7"},
				"east": {"uv": [4.75, 8, 4.75, 9], "texture": "#7"},
				"south": {"uv": [4, 4, 5.25, 5], "texture": "#7"},
				"west": {"uv": [4.5, 8, 4.5, 9], "texture": "#7"},
				"up": {"uv": [5, 9.25, 5, 8], "texture": "#7"},
				"down": {"uv": [5.25, 8, 5.25, 9.25], "texture": "#7"}
			}
		},
		{
			"from": [5.875, -4.25, 9.75],
			"to": [10.875, -0.25, 9.75],
			"rotation": {"angle": 0, "axis": "y", "origin": [8.375, -2.25, 9.75]},
			"faces": {
				"north": {"uv": [2.5, 4, 3.75, 5], "texture": "#7"},
				"east": {"uv": [4.75, 8, 4.75, 9], "texture": "#7"},
				"south": {"uv": [4, 4, 5.25, 5], "texture": "#7"},
				"west": {"uv": [4.5, 8, 4.5, 9], "texture": "#7"},
				"up": {"uv": [5, 9.25, 5, 8], "texture": "#7"},
				"down": {"uv": [5.25, 8, 5.25, 9.25], "texture": "#7"}
			}
		},
		{
			"from": [6.95, -2, 7],
			"to": [8.95, -1, 9],
			"rotation": {"angle": 0, "axis": "y", "origin": [6.95, -2, 7]},
			"faces": {
				"north": {"uv": [7.5, 6.75, 8, 7], "texture": "#7"},
				"east": {"uv": [7.5, 6.75, 8, 7], "texture": "#7"},
				"south": {"uv": [7.5, 6.75, 8, 7], "texture": "#7"},
				"west": {"uv": [7.5, 6.75, 8, 7], "texture": "#7"},
				"up": {"uv": [6.75, 4.5, 6.25, 4], "texture": "#7"},
				"down": {"uv": [5.25, 6.25, 4.75, 6.75], "texture": "#7"}
			}
		},
		{
			"from": [6.95, -1, 7],
			"to": [8.95, 3, 9],
			"rotation": {"angle": 0, "axis": "y", "origin": [6.95, -1, 7]},
			"faces": {
				"north": {"uv": [5.5, 0, 6, 1], "texture": "#7"},
				"east": {"uv": [5.5, 1.25, 6, 2.25], "texture": "#7"},
				"south": {"uv": [5.5, 0, 6, 1], "texture": "#7"},
				"west": {"uv": [5.5, 1.25, 6, 2.25], "texture": "#7"},
				"up": {"uv": [7, 2.75, 6.5, 2.25], "texture": "#7"},
				"down": {"uv": [7, 3, 6.5, 3.5], "texture": "#7"}
			}
		},
		{
			"from": [6.45, 3, 6.5],
			"to": [9.45, 4, 9.5],
			"rotation": {"angle": 0, "axis": "y", "origin": [7.45, 3, 6.5]},
			"faces": {
				"north": {"uv": [6.5, 6, 7.25, 6.25], "texture": "#7"},
				"east": {"uv": [6.5, 6.5, 7.25, 6.75], "texture": "#7"},
				"south": {"uv": [6.75, 0, 7.5, 0.25], "texture": "#7"},
				"west": {"uv": [6.75, 0.5, 7.5, 0.75], "texture": "#7"},
				"up": {"uv": [4.75, 6, 4, 5.25], "texture": "#7"},
				"down": {"uv": [5.75, 5.25, 5, 6], "texture": "#7"}
			}
		},
		{
			"from": [7.475, 4, 6.5],
			"to": [8.475, 18, 9.5],
			"rotation": {"angle": 0, "axis": "y", "origin": [7.475, 4, 6.5]},
			"faces": {
				"north": {"uv": [4.5, 0, 4.75, 3.5], "texture": "#7"},
				"east": {"uv": [1.5, 4, 2.25, 7.5], "texture": "#7"},
				"south": {"uv": [5, 0, 5.25, 3.5], "texture": "#7"},
				"west": {"uv": [1.5, 4, 2.25, 7.5], "texture": "#7"},
				"up": {"uv": [5.75, 7, 5.5, 6.25], "texture": "#7"},
				"down": {"uv": [2.75, 6.75, 2.5, 7.5], "texture": "#7"}
			}
		},
		{
			"from": [7.949, 3.999, 5.499],
			"to": [7.951, 22.001, 10.501],
			"rotation": {"angle": 0, "axis": "y", "origin": [6.95, 4, 5.5]},
			"faces": {
				"north": {"uv": [6, 8, 6, 12.5], "texture": "#7"},
				"east": {"uv": [0, 4, 1.25, 8.5], "texture": "#7"},
				"south": {"uv": [6.25, 8, 6.25, 12.5], "texture": "#7"},
				"west": {"uv": [0, 4, 1.25, 8.5], "texture": "#7"},
				"up": {"uv": [6.5, 9.25, 6.5, 8], "texture": "#7"},
				"down": {"uv": [6.75, 8, 6.75, 9.25], "texture": "#7"}
			}
		},
		{
			"from": [7.449, 4.249, 8.499],
			"to": [8.451, 5.251, 11.501],
			"rotation": {"angle": -45, "axis": "x", "origin": [7.95, 4.75, 10]},
			"faces": {
				"north": {"uv": [6, 7.5, 6.25, 7.75], "texture": "#7"},
				"east": {"uv": [6.75, 1, 7.5, 1.25], "texture": "#7"},
				"south": {"uv": [7.75, 0.5, 8, 0.75], "texture": "#7"},
				"west": {"uv": [3, 6.75, 3.75, 7], "texture": "#7"},
				"up": {"uv": [7, 5.5, 6.75, 4.75], "texture": "#7"},
				"down": {"uv": [7.25, 3.75, 7, 4.5], "texture": "#7"}
			}
		},
		{
			"from": [7.45, 5.15213, 5.12164],
			"to": [8.45, 8.15213, 6.12164],
			"rotation": {"angle": 22.5, "axis": "x", "origin": [7.95, 6.65213, 5.62164]},
			"faces": {
				"north": {"uv": [4, 7, 4.25, 7.75], "texture": "#7"},
				"east": {"uv": [4.5, 7, 4.75, 7.75], "texture": "#7"},
				"south": {"uv": [5, 7, 5.25, 7.75], "texture": "#7"},
				"west": {"uv": [6.5, 7, 6.75, 7.75], "texture": "#7"},
				"up": {"uv": [8, 1.25, 7.75, 1], "texture": "#7"},
				"down": {"uv": [1.75, 7.75, 1.5, 8], "texture": "#7"}
			}
		},
		{
			"from": [7.45, 5.15213, 9.87836],
			"to": [8.45, 8.15213, 10.87836],
			"rotation": {"angle": -22.5, "axis": "x", "origin": [7.95, 6.65213, 10.37836]},
			"faces": {
				"north": {"uv": [7, 7, 7.25, 7.75], "texture": "#7"},
				"east": {"uv": [7.25, 1.5, 7.5, 2.25], "texture": "#7"},
				"south": {"uv": [7.25, 2.5, 7.5, 3.25], "texture": "#7"},
				"west": {"uv": [3, 7.25, 3.25, 8], "texture": "#7"},
				"up": {"uv": [8, 1.75, 7.75, 1.5], "texture": "#7"},
				"down": {"uv": [2.25, 7.75, 2, 8], "texture": "#7"}
			}
		},
		{
			"from": [7.449, 4.249, 4.499],
			"to": [8.451, 5.251, 7.501],
			"rotation": {"angle": 45, "axis": "x", "origin": [7.95, 4.75, 6]},
			"faces": {
				"north": {"uv": [7.75, 2, 8, 2.25], "texture": "#7"},
				"east": {"uv": [7.25, 4.75, 8, 5], "texture": "#7"},
				"south": {"uv": [2.5, 7.75, 2.75, 8], "texture": "#7"},
				"west": {"uv": [7.25, 5.25, 8, 5.5], "texture": "#7"},
				"up": {"uv": [3.75, 8, 3.5, 7.25], "texture": "#7"},
				"down": {"uv": [5.75, 7.25, 5.5, 8], "texture": "#7"}
			}
		},
		{
			"from": [6.949, 3.249, 7.499],
			"to": [8.951, 8.251, 8.501],
			"rotation": {"angle": 0, "axis": "y", "origin": [8.45, 4.75, 8]},
			"faces": {
				"north": {"uv": [2.5, 5.25, 3, 6.5], "texture": "#7"},
				"east": {"uv": [6, 6, 6.25, 7.25], "texture": "#7"},
				"south": {"uv": [3.25, 5.25, 3.75, 6.5], "texture": "#7"},
				"west": {"uv": [6.25, 0, 6.5, 1.25], "texture": "#7"},
				"up": {"uv": [8, 7.5, 7.5, 7.25], "texture": "#7"},
				"down": {"uv": [8.25, 0, 7.75, 0.25], "texture": "#7"}
			}
		},
		{
			"from": [7.949, -9.501, 3.999],
			"to": [7.951, 5.501, 12.001],
			"rotation": {"angle": 0, "axis": "y", "origin": [7.95, -6.5, 7]},
			"faces": {
				"north": {"uv": [7, 8, 7, 11.75], "texture": "#7"},
				"east": {"uv": [4.25, 0, 2.25, 3.75], "texture": "#7"},
				"south": {"uv": [7.25, 8, 7.25, 11.75], "texture": "#7"},
				"west": {"uv": [2.25, 0, 4.25, 3.75], "texture": "#7"},
				"up": {"uv": [8, 9.75, 8, 7.75], "texture": "#7"},
				"down": {"uv": [8.25, 0.5, 8.25, 2.5], "texture": "#7"}
			}
		}
	],
	"gui_light": "front",
	"display": {
		"thirdperson_righthand": {
			"translation": [0, 4.75, 0]
		},
		"thirdperson_lefthand": {
			"translation": [0, 4.75, 0]
		},
		"firstperson_righthand": {
			"rotation": [0, 22, 0],
			"translation": [6.25, 2.5, -4.5]
		},
		"firstperson_lefthand": {
			"rotation": [0, 22, 0],
			"translation": [6.25, 2.5, -4.5]
		},
		"ground": {
			"rotation": [-45, 0, 0],
			"translation": [0, 9.25, -2.25],
			"scale": [0.7, 0.7, 0.7]
		},
		"gui": {
			"rotation": [90, -135, 90],
			"translation": [0, -0.25, 1.5],
			"scale": [0.74, 0.74, 0.74]
		},
		"head": {
			"rotation": [90, -38, -90],
			"translation": [1.25, -17.25, 4.25]
		},
		"fixed": {
			"rotation": [-90, 45, 90],
			"translation": [-0.5, 0, -0.25],
			"scale": [0.91, 0.91, 0.91]
		}
	},
	"groups": [
		{
			"name": "group",
			"origin": [7.95, -1.5, 9.2],
			"color": 0,
			"children": [
				{
					"name": "group",
					"origin": [8, 8.15003, 5.36851],
					"color": 0,
					"children": [
						0,
						1,
						{
							"name": "group",
							"origin": [7.95, -1.5, 9.2],
							"color": 0,
							"children": [2, 3, 4, 5, 6, 7, 8, 9, 10, 11, 12, 13, 14, 15, 16, 17]
						}
					]
				}
			]
		}
	]
}