{
	"credit": "Made with Blockbench",
	"texture_size": [32, 32],
	"textures": {
		"1": "item/subnautic/surf_glasses"
	},
	"elements": [
		{
			"from": [3.5, 5, 3.2],
			"to": [12.5, 10, 3.2],
			"rotation": {"angle": 22.5, "axis": "x", "origin": [8, 8, 3.5]},
			"faces": {
				"north": {"uv": [0, 0, 4.5, 2.5], "texture": "#1", "tintindex": 0},
				"east": {"uv": [0, 0, 0, 2.5], "texture": "#1", "tintindex": 0},
				"south": {"uv": [0, 0, 4.5, 2.5], "texture": "#1", "tintindex": 0},
				"west": {"uv": [0, 0, 0, 2.5], "texture": "#1", "tintindex": 0},
				"up": {"uv": [4.5, 0, 0, 0], "texture": "#1", "tintindex": 0},
				"down": {"uv": [4.5, 0, 0, 0], "texture": "#1", "tintindex": 0}
			}
		},
		{
			"from": [3.5, 5, 3.2],
			"to": [12.5, 10, 3.2],
			"rotation": {"angle": 22.5, "axis": "x", "origin": [8, 8, 3.5]},
			"faces": {
				"north": {"uv": [4.5, 0, 9, 2.5], "texture": "#1"},
				"east": {"uv": [0, 0, 0, 2.5], "texture": "#1"},
				"south": {"uv": [4.5, 0, 9, 2.5], "texture": "#1"},
				"west": {"uv": [0, 0, 0, 2.5], "texture": "#1"},
				"up": {"uv": [4.5, 0, 0, 0], "texture": "#1"},
				"down": {"uv": [4.5, 0, 0, 0], "texture": "#1"}
			}
		},
		{
			"from": [3.5, 5, 3.2],
			"to": [3.5, 10, 11.2],
			"rotation": {"angle": 22.5, "axis": "x", "origin": [8, 8, 3.5]},
			"faces": {
				"north": {"uv": [0, 0, 0, 2.5], "texture": "#1", "tintindex": 0},
				"east": {"uv": [0, 5, 4, 7.5], "texture": "#1", "tintindex": 0},
				"south": {"uv": [0, 0, 0, 2.5], "texture": "#1", "tintindex": 0},
				"west": {"uv": [4, 5, 8, 7.5], "texture": "#1", "tintindex": 0},
				"up": {"uv": [0, 4, 0, 0], "texture": "#1", "tintindex": 0},
				"down": {"uv": [0, 0, 0, 4], "texture": "#1", "tintindex": 0}
			}
		},
		{
			"from": [12.5, 5, 3.2],
			"to": [12.5, 10, 11.2],
			"rotation": {"angle": 22.5, "axis": "x", "origin": [8, 8, 3.5]},
			"faces": {
				"north": {"uv": [0, 0, 0, 2.5], "texture": "#1", "tintindex": 0},
				"east": {"uv": [0, 7.5, 4, 10], "texture": "#1", "tintindex": 0},
				"south": {"uv": [0, 0, 0, 2.5], "texture": "#1", "tintindex": 0},
				"west": {"uv": [4, 7.5, 8, 10], "texture": "#1", "tintindex": 0},
				"up": {"uv": [0, 4, 0, 0], "texture": "#1", "tintindex": 0},
				"down": {"uv": [0, 0, 0, 4], "texture": "#1", "tintindex": 0}
			}
		}
	],
	"display": {
		"thirdperson_righthand": {
			"rotation": [75, 45, 0],
			"translation": [0, 2.5, 0],
			"scale": [0.375, 0.375, 0.375]
		},
		"thirdperson_lefthand": {
			"rotation": [75, 45, 0],
			"translation": [0, 2.5, 0],
			"scale": [0.375, 0.375, 0.375]
		},
		"firstperson_righthand": {
			"rotation": [0, 45, 0],
			"scale": [0.4, 0.4, 0.4]
		},
		"firstperson_lefthand": {
			"rotation": [0, 225, 0],
			"scale": [0.4, 0.4, 0.4]
		},
		"ground": {
			"translation": [0, 3, 0],
			"scale": [0.25, 0.25, 0.25]
		},
		"gui": {
			"rotation": [30, 225, 0],
			"translation": [-1, 0.75, 0],
			"scale": [0.8, 0.8, 0.8]
		},
		"head": {
			"translation": [0, 6.5, 0],
			"scale": [1.62, 1.62, 1.62]
		},
		"fixed": {
			"scale": [0.5, 0.5, 0.5]
		}
	}
}