{
	"credit": "Made with Blockbench",
	"texture_size": [32, 32],
	"textures": {
		"2": "item/subnautic/surf_waves",
		"particle": "item/subnautic/surf_waves"
	},
	"elements": [
		{
			"from": [7, -11, 0],
			"to": [7, 21, 32],
			"rotation": {"angle": -45, "axis": "y", "origin": [7, 4.5, -0.5]},
			"faces": {
				"north": {"uv": [0, 0, 0, 17], "texture": "#2"},
				"east": {"uv": [16, 0, 0, 16], "texture": "#2"},
				"south": {"uv": [0, 0, 0, 17], "texture": "#2"},
				"west": {"uv": [0, 0, 16, 16], "texture": "#2"},
				"up": {"uv": [0, 16, 0, 0], "texture": "#2"},
				"down": {"uv": [0, 0, 0, 16], "texture": "#2"}
			}
		},
		{
			"from": [9, -11, 0],
			"to": [9, 21, 32],
			"rotation": {"angle": 45, "axis": "y", "origin": [9, 4.5, -0.5]},
			"faces": {
				"north": {"uv": [0, 0, 0, 17], "texture": "#2"},
				"east": {"uv": [16, 0, 0, 16], "texture": "#2"},
				"south": {"uv": [0, 0, 0, 17], "texture": "#2"},
				"west": {"uv": [0, 0, 16, 16], "texture": "#2"},
				"up": {"uv": [0, 16, 0, 0], "texture": "#2"},
				"down": {"uv": [0, 0, 0, 16], "texture": "#2"}
			}
		}
	],
	"display": {
		"thirdperson_righthand": {
			"rotation": [75, 45, 0],
			"translation": [0, 2.5, 0],
			"scale": [0.375, 0.375, 0.375]
		},
		"thirdperson_lefthand": {
			"rotation": [75, 45, 0],
			"translation": [0, 2.5, 0],
			"scale": [0.375, 0.375, 0.375]
		},
		"firstperson_righthand": {
			"rotation": [0, 45, 0],
			"scale": [0.4, 0.4, 0.4]
		},
		"firstperson_lefthand": {
			"rotation": [0, 225, 0],
			"scale": [0.4, 0.4, 0.4]
		},
		"ground": {
			"translation": [0, 3, 0],
			"scale": [0.25, 0.25, 0.25]
		},
		"gui": {
			"rotation": [-158.08, -18.76, 165.13],
			"translation": [0.5, 0, 0],
			"scale": [0.3, 0.3, 0.3]
		},
		"head": {
			"rotation": [2.25, 0, 0],
			"translation": [0, -80, 16],
			"scale": [1.6, 1.6, 1.6]
		},
		"fixed": {
			"scale": [0.5, 0.5, 0.5]
		}
	}
}