{
	"credit": "Made with Blockbench",
	"texture_size": [32, 32],
	"textures": {
		"0": "item/cosmetics/elitewingsv1/tex4",
		"1": "item/cosmetics/elitewingsv1/ani403",
		"2": "item/cosmetics/elitewingsv1/ani402",
		"3": "item/cosmetics/elitewingsv1/ani401",
		"4": "item/cosmetics/elitewingsv1/ani404",
		"particle": "item/cosmetics/elitewingsv1/tex4"
	},
	"elements": [
		{
			"from": [15, -16, 9],
			"to": [26, -1, 9],
			"rotation": {"angle": 0, "axis": "y", "origin": [14, -4, 1]},
			"faces": {
				"north": {"uv": [11, 0.5, 0, 15.5], "texture": "#4"},
				"east": {"uv": [0, 0, 0, 2.5], "texture": "#4"},
				"south": {"uv": [0, 0.5, 11, 15.5], "texture": "#4"},
				"west": {"uv": [0, 0, 0, 2.5], "texture": "#4"},
				"up": {"uv": [0, 0, 2.75, 0], "texture": "#4"},
				"down": {"uv": [0, 0, 2.75, 0], "texture": "#4"}
			}
		},
		{
			"from": [-10.5, -16, 9],
			"to": [0.5, -1, 9],
			"rotation": {"angle": 0, "axis": "y", "origin": [1.5, -4, 1]},
			"faces": {
				"north": {"uv": [0, 0.5, 11, 15.5], "texture": "#4"},
				"east": {"uv": [0, 0, 0, 2.5], "texture": "#4"},
				"south": {"uv": [11, 0.5, 0, 15.5], "texture": "#4"},
				"west": {"uv": [0, 0, 0, 2.5], "texture": "#4"},
				"up": {"uv": [2.75, 0, 0, 0], "texture": "#4"},
				"down": {"uv": [2.75, 0, 0, 0], "texture": "#4"}
			}
		},
		{
			"from": [3.5, -2, 9],
			"to": [9.5, 20, 9],
			"rotation": {"angle": 45, "axis": "y", "origin": [3.5, 9, 9]},
			"faces": {
				"north": {"uv": [0, 0, 1.5, 5.5], "texture": "#0"},
				"east": {"uv": [0, 0, 0, 5.5], "texture": "#0"},
				"south": {"uv": [1.5, 0, 0, 5.5], "texture": "#0"},
				"west": {"uv": [0, 0, 0, 5.5], "texture": "#0"},
				"up": {"uv": [0, 0, 6, 0], "texture": "#0"},
				"down": {"uv": [0, 0, 6, 0], "texture": "#0"}
			}
		},
		{
			"from": [8, -13.5, 6.9],
			"to": [20, 1.5, 6.9],
			"rotation": {"angle": 0, "axis": "y", "origin": [8, -6.5, 6.9]},
			"faces": {
				"north": {"uv": [6, 0, 0, 7.5], "texture": "#1"},
				"east": {"uv": [0, 0, 0, 5.5], "texture": "#1"},
				"south": {"uv": [0, 0, 6, 7.5], "texture": "#1"},
				"west": {"uv": [0, 0, 0, 5.5], "texture": "#1"},
				"up": {"uv": [0, 0, 5.75, 0], "texture": "#1"},
				"down": {"uv": [0, 0, 5.75, 0], "texture": "#1"}
			}
		},
		{
			"from": [8, -14.5, 6.9],
			"to": [20, 1.5, 6.9],
			"rotation": {"angle": -22.5, "axis": "y", "origin": [8, -6.5, 6.9]},
			"faces": {
				"north": {"uv": [14, 0, 8, 7.5], "texture": "#1"},
				"east": {"uv": [0, 0, 0, 5.5], "texture": "#0"},
				"south": {"uv": [8, 0, 14, 7.5], "texture": "#1"},
				"west": {"uv": [0, 0, 0, 5.5], "texture": "#0"},
				"up": {"uv": [0, 0, 5.75, 0], "texture": "#0"},
				"down": {"uv": [0, 0, 5.75, 0], "texture": "#0"}
			}
		},
		{
			"from": [8, -14.5, 6.9],
			"to": [20, 1.5, 6.9],
			"rotation": {"angle": -45, "axis": "y", "origin": [8, -6.5, 6.9]},
			"faces": {
				"north": {"uv": [6, 8, 0, 15.5], "texture": "#1"},
				"east": {"uv": [0, 0, 0, 5.5], "texture": "#0"},
				"south": {"uv": [0, 8, 6, 15.5], "texture": "#1"},
				"west": {"uv": [0, 0, 0, 5.5], "texture": "#0"},
				"up": {"uv": [0, 0, 5.75, 0], "texture": "#0"},
				"down": {"uv": [0, 0, 5.75, 0], "texture": "#0"}
			}
		},
		{
			"from": [-4.5, -14.5, 6.9],
			"to": [7.5, 1.5, 6.9],
			"rotation": {"angle": 45, "axis": "y", "origin": [7.5, -6.5, 6.9]},
			"faces": {
				"north": {"uv": [0, 8, 6, 15.5], "texture": "#1"},
				"east": {"uv": [0, 0, 0, 5.5], "texture": "#0"},
				"south": {"uv": [6, 8, 0, 15.5], "texture": "#1"},
				"west": {"uv": [0, 0, 0, 5.5], "texture": "#0"},
				"up": {"uv": [5.75, 0, 0, 0], "texture": "#0"},
				"down": {"uv": [5.75, 0, 0, 0], "texture": "#0"}
			}
		},
		{
			"from": [-4.5, -14.5, 6.9],
			"to": [7.5, 1.5, 6.9],
			"rotation": {"angle": 22.5, "axis": "y", "origin": [7.5, -6.5, 6.9]},
			"faces": {
				"north": {"uv": [8, 0, 14, 7.5], "texture": "#1"},
				"east": {"uv": [0, 0, 0, 5.5], "texture": "#0"},
				"south": {"uv": [14, 0, 8, 7.5], "texture": "#1"},
				"west": {"uv": [0, 0, 0, 5.5], "texture": "#0"},
				"up": {"uv": [5.75, 0, 0, 0], "texture": "#0"},
				"down": {"uv": [5.75, 0, 0, 0], "texture": "#0"}
			}
		},
		{
			"from": [-4.5, -13.5, 6.9],
			"to": [7.5, 1.5, 6.9],
			"rotation": {"angle": 0, "axis": "y", "origin": [7.5, -6.5, 6.9]},
			"faces": {
				"north": {"uv": [0, 0, 6, 7.5], "texture": "#1"},
				"east": {"uv": [0, 0, 0, 5.5], "texture": "#1"},
				"south": {"uv": [6, 0, 0, 7.5], "texture": "#1"},
				"west": {"uv": [0, 0, 0, 5.5], "texture": "#1"},
				"up": {"uv": [5.75, 0, 0, 0], "texture": "#1"},
				"down": {"uv": [5.75, 0, 0, 0], "texture": "#1"}
			}
		},
		{
			"from": [-12.5, -4, 9],
			"to": [-4.5, 18, 9],
			"rotation": {"angle": 22.5, "axis": "y", "origin": [3.5, 4, 9]},
			"faces": {
				"north": {"uv": [4, 0, 8, 11], "texture": "#2"},
				"east": {"uv": [0, 0, 0, 5.5], "texture": "#2"},
				"south": {"uv": [8, 0, 4, 11], "texture": "#2"},
				"west": {"uv": [0, 0, 0, 5.5], "texture": "#2"},
				"up": {"uv": [0, 0, 6, 0], "texture": "#2"},
				"down": {"uv": [0, 0, 6, 0], "texture": "#2"}
			}
		},
		{
			"from": [6, -2, 9],
			"to": [12, 20, 9],
			"rotation": {"angle": -45, "axis": "y", "origin": [12, 9, 9]},
			"faces": {
				"north": {"uv": [1.5, 0, 0, 5.5], "texture": "#0"},
				"east": {"uv": [0, 0, 0, 5.5], "texture": "#0"},
				"south": {"uv": [0, 0, 1.5, 5.5], "texture": "#0"},
				"west": {"uv": [0, 0, 0, 5.5], "texture": "#0"},
				"up": {"uv": [6, 0, 0, 0], "texture": "#0"},
				"down": {"uv": [6, 0, 0, 0], "texture": "#0"}
			}
		},
		{
			"from": [-4.5, -4, 9],
			"to": [3.5, 18, 9],
			"rotation": {"angle": 22.5, "axis": "y", "origin": [3.5, 4, 9]},
			"faces": {
				"north": {"uv": [4, 0, 8, 11], "texture": "#3"},
				"east": {"uv": [0, 0, 0, 5.5], "texture": "#3"},
				"south": {"uv": [8, 0, 4, 11], "texture": "#3"},
				"west": {"uv": [0, 0, 0, 5.5], "texture": "#3"},
				"up": {"uv": [0, 0, 6, 0], "texture": "#3"},
				"down": {"uv": [0, 0, 6, 0], "texture": "#3"}
			}
		},
		{
			"from": [-4.5, -4, 9],
			"to": [3.5, 18, 9],
			"rotation": {"angle": 0, "axis": "y", "origin": [3.5, 4, 9]},
			"faces": {
				"north": {"uv": [0, 0, 4, 11], "texture": "#3"},
				"east": {"uv": [0, 0, 0, 5.5], "texture": "#3"},
				"south": {"uv": [4, 0, 0, 11], "texture": "#3"},
				"west": {"uv": [0, 0, 0, 5.5], "texture": "#3"},
				"up": {"uv": [0, 0, 6, 0], "texture": "#3"},
				"down": {"uv": [0, 0, 6, 0], "texture": "#3"}
			}
		},
		{
			"from": [-12.5, -4, 9],
			"to": [-4.5, 18, 9],
			"rotation": {"angle": 0, "axis": "y", "origin": [3.5, 4, 9]},
			"faces": {
				"north": {"uv": [0, 0, 4, 11], "texture": "#2"},
				"east": {"uv": [0, 0, 0, 5.5], "texture": "#2"},
				"south": {"uv": [4, 0, 0, 11], "texture": "#2"},
				"west": {"uv": [0, 0, 0, 5.5], "texture": "#2"},
				"up": {"uv": [0, 0, 6, 0], "texture": "#2"},
				"down": {"uv": [0, 0, 6, 0], "texture": "#2"}
			}
		},
		{
			"from": [-12.5, -4, 9],
			"to": [-4.5, 18, 9],
			"rotation": {"angle": 45, "axis": "y", "origin": [3.5, 4, 9]},
			"faces": {
				"north": {"uv": [8, 0, 12, 11], "texture": "#2"},
				"east": {"uv": [0, 0, 0, 5.5], "texture": "#2"},
				"south": {"uv": [12, 0, 8, 11], "texture": "#2"},
				"west": {"uv": [0, 0, 0, 5.5], "texture": "#2"},
				"up": {"uv": [0, 0, 6, 0], "texture": "#2"},
				"down": {"uv": [0, 0, 6, 0], "texture": "#2"}
			}
		},
		{
			"from": [-4.5, -4, 9],
			"to": [3.5, 18, 9],
			"rotation": {"angle": 45, "axis": "y", "origin": [3.5, 4, 9]},
			"faces": {
				"north": {"uv": [8, 0, 12, 11], "texture": "#3"},
				"east": {"uv": [0, 0, 0, 5.5], "texture": "#3"},
				"south": {"uv": [12, 0, 8, 11], "texture": "#3"},
				"west": {"uv": [0, 0, 0, 5.5], "texture": "#3"},
				"up": {"uv": [0, 0, 6, 0], "texture": "#3"},
				"down": {"uv": [0, 0, 6, 0], "texture": "#3"}
			}
		},
		{
			"from": [-1.8818, -4, 14.50718],
			"to": [-1.8818, 18, 22.50718],
			"rotation": {"angle": -22.5, "axis": "y", "origin": [-2.2, 4, 14.25]},
			"faces": {
				"north": {"uv": [0, 0, 0, 5.5], "texture": "#2"},
				"east": {"uv": [16, 0, 12, 11], "texture": "#2"},
				"south": {"uv": [0, 0, 0, 5.5], "texture": "#2"},
				"west": {"uv": [12, 0, 16, 11], "texture": "#2"},
				"up": {"uv": [0, 0, 6, 0], "rotation": 270, "texture": "#2"},
				"down": {"uv": [0, 0, 6, 0], "rotation": 90, "texture": "#2"}
			}
		},
		{
			"from": [20, -4, 9],
			"to": [28, 18, 9],
			"rotation": {"angle": -22.5, "axis": "y", "origin": [12, 4, 9]},
			"faces": {
				"north": {"uv": [8, 0, 4, 11], "texture": "#2"},
				"east": {"uv": [0, 0, 0, 5.5], "texture": "#2"},
				"south": {"uv": [4, 0, 8, 11], "texture": "#2"},
				"west": {"uv": [0, 0, 0, 5.5], "texture": "#2"},
				"up": {"uv": [6, 0, 0, 0], "texture": "#2"},
				"down": {"uv": [6, 0, 0, 0], "texture": "#2"}
			}
		},
		{
			"from": [12, -4, 9],
			"to": [20, 18, 9],
			"rotation": {"angle": -22.5, "axis": "y", "origin": [12, 4, 9]},
			"faces": {
				"north": {"uv": [8, 0, 4, 11], "texture": "#3"},
				"east": {"uv": [0, 0, 0, 5.5], "texture": "#3"},
				"south": {"uv": [4, 0, 8, 11], "texture": "#3"},
				"west": {"uv": [0, 0, 0, 5.5], "texture": "#3"},
				"up": {"uv": [6, 0, 0, 0], "texture": "#3"},
				"down": {"uv": [6, 0, 0, 0], "texture": "#3"}
			}
		},
		{
			"from": [12, -4, 9],
			"to": [20, 18, 9],
			"rotation": {"angle": 0, "axis": "y", "origin": [12, 4, 9]},
			"faces": {
				"north": {"uv": [4, 0, 0, 11], "texture": "#3"},
				"east": {"uv": [0, 0, 0, 5.5], "texture": "#3"},
				"south": {"uv": [0, 0, 4, 11], "texture": "#3"},
				"west": {"uv": [0, 0, 0, 5.5], "texture": "#3"},
				"up": {"uv": [6, 0, 0, 0], "texture": "#3"},
				"down": {"uv": [6, 0, 0, 0], "texture": "#3"}
			}
		},
		{
			"from": [20, -4, 9],
			"to": [28, 18, 9],
			"rotation": {"angle": 0, "axis": "y", "origin": [12, 4, 9]},
			"faces": {
				"north": {"uv": [4, 0, 0, 11], "texture": "#2"},
				"east": {"uv": [0, 0, 0, 5.5], "texture": "#2"},
				"south": {"uv": [0, 0, 4, 11], "texture": "#2"},
				"west": {"uv": [0, 0, 0, 5.5], "texture": "#2"},
				"up": {"uv": [6, 0, 0, 0], "texture": "#2"},
				"down": {"uv": [6, 0, 0, 0], "texture": "#2"}
			}
		},
		{
			"from": [20, -4, 9],
			"to": [28, 18, 9],
			"rotation": {"angle": -45, "axis": "y", "origin": [12, 4, 9]},
			"faces": {
				"north": {"uv": [12, 0, 8, 11], "texture": "#2"},
				"east": {"uv": [0, 0, 0, 5.5], "texture": "#2"},
				"south": {"uv": [8, 0, 12, 11], "texture": "#2"},
				"west": {"uv": [0, 0, 0, 5.5], "texture": "#2"},
				"up": {"uv": [6, 0, 0, 0], "texture": "#2"},
				"down": {"uv": [6, 0, 0, 0], "texture": "#2"}
			}
		},
		{
			"from": [12, -4, 9],
			"to": [20, 18, 9],
			"rotation": {"angle": -45, "axis": "y", "origin": [12, 4, 9]},
			"faces": {
				"north": {"uv": [12, 0, 8, 11], "texture": "#3"},
				"east": {"uv": [0, 0, 0, 5.5], "texture": "#3"},
				"south": {"uv": [8, 0, 12, 11], "texture": "#3"},
				"west": {"uv": [0, 0, 0, 5.5], "texture": "#3"},
				"up": {"uv": [6, 0, 0, 0], "texture": "#3"},
				"down": {"uv": [6, 0, 0, 0], "texture": "#3"}
			}
		},
		{
			"from": [17.3818, -4, 14.50718],
			"to": [17.3818, 18, 22.50718],
			"rotation": {"angle": 22.5, "axis": "y", "origin": [17.7, 4, 14.25]},
			"faces": {
				"north": {"uv": [0, 0, 0, 5.5], "texture": "#2"},
				"east": {"uv": [16, 0, 12, 11], "texture": "#2"},
				"south": {"uv": [0, 0, 0, 5.5], "texture": "#2"},
				"west": {"uv": [12, 0, 16, 11], "texture": "#2"},
				"up": {"uv": [0, 0, 6, 0], "rotation": 270, "texture": "#2"},
				"down": {"uv": [0, 0, 6, 0], "rotation": 90, "texture": "#2"}
			}
		}
	],
	"gui_light": "front",
	"display": {
		"thirdperson_righthand": {
			"rotation": [67.5, 180, 0],
			"translation": [0, 0.75, 1.25],
			"scale": [0.32031, 0.32031, 0.32031]
		},
		"thirdperson_lefthand": {
			"rotation": [68, 0, 0],
			"translation": [-5.25, -9, 12]
		},
		"firstperson_righthand": {
			"translation": [-0.5, -0.25, 2.25],
			"scale": [0.5, 0.5, 0.5]
		},
		"firstperson_lefthand": {
			"rotation": [0, -92, 0],
			"translation": [0.5, 3, 2.25],
			"scale": [0, 0, 0]
		},
		"ground": {
			"rotation": [70, 0, 0],
			"translation": [0, 5, 0],
			"scale": [0.5, 0.5, 0.5]
		},
		"gui": {
			"rotation": [-22.5, 22, 0],
			"translation": [-0.5, 0, 0],
			"scale": [0.42938, 0.42938, 0.42938]
		},
		"head": {
			"rotation": [-2, 0, 0],
			"translation": [0, -79.75, 10.5],
			"scale": [1.6, 1.6, 1.6]
		},
		"fixed": {
			"rotation": [0, 180, 0],
			"translation": [0, 4.75, -4.75],
			"scale": [1.18391, 1.18391, 1.18391]
		}
	},
	"groups": [
		{
			"name": "group",
			"origin": [-3.7, 10, 13.25],
			"color": 0,
			"children": [0, 1, 2, 3, 4, 5, 6, 7, 8, 9, 10, 11, 12, 13, 14, 15, 16, 17, 18, 19, 20, 21, 22, 23]
		}
	]
}