{
	"credit": "Made with Blockbench",
	"texture_size": [64, 64],
	"textures": {
		"1": "item/cosmetics/medieval/knight_hat"
	},
	"elements": [
		{
			"name": "head",
			"from": [3.5, 1, 3.5],
			"to": [12.5, 5, 12.5],
			"shade": false,
			"rotation": {"angle": 0, "axis": "y", "origin": [0, 3, 0]},
			"faces": {
				"north": {"uv": [2.25, 9.75, 4.5, 10.75], "texture": "#1"},
				"east": {"uv": [0, 9.75, 2.25, 10.75], "texture": "#1"},
				"south": {"uv": [6.75, 9.75, 9, 10.75], "texture": "#1"},
				"west": {"uv": [4.5, 9.75, 6.75, 10.75], "texture": "#1"},
				"up": {"uv": [4.5, 9.75, 2.25, 7.5], "texture": "#1"},
				"down": {"uv": [6.75, 7.5, 4.5, 9.75], "texture": "#1"}
			}
		},
		{
			"name": "head",
			"from": [3, 0.5, 3],
			"to": [13, 5.5, 13],
			"shade": false,
			"rotation": {"angle": 0, "axis": "y", "origin": [0, 3, 0]},
			"faces": {
				"north": {"uv": [2.5, 6.25, 5, 7.5], "texture": "#1"},
				"east": {"uv": [0, 6.25, 2.5, 7.5], "texture": "#1"},
				"south": {"uv": [7.5, 6.25, 10, 7.5], "texture": "#1"},
				"west": {"uv": [5, 6.25, 7.5, 7.5], "texture": "#1"},
				"up": {"uv": [5, 6.25, 2.5, 3.75], "texture": "#1"},
				"down": {"uv": [7.5, 3.75, 5, 6.25], "texture": "#1"}
			}
		},
		{
			"name": "head",
			"from": [1, 0, 1],
			"to": [15, 1, 15],
			"shade": false,
			"rotation": {"angle": 0, "axis": "y", "origin": [0, 0.5, 0]},
			"faces": {
				"north": {"uv": [3.5, 3.5, 7, 3.75], "texture": "#1"},
				"east": {"uv": [0, 3.5, 3.5, 3.75], "texture": "#1"},
				"south": {"uv": [10.5, 3.5, 14, 3.75], "texture": "#1"},
				"west": {"uv": [7, 3.5, 10.5, 3.75], "texture": "#1"},
				"up": {"uv": [7, 3.5, 3.5, 0], "texture": "#1"},
				"down": {"uv": [10.5, 0, 7, 3.5], "texture": "#1"}
			}
		}
	],
	"display": {
		"thirdperson_righthand": {
			"translation": [0, 2.75, 0],
			"scale": [0.5, 0.5, 0.5]
		},
		"thirdperson_lefthand": {
			"translation": [0, 2.25, 0],
			"scale": [0.5, 0.5, 0.5]
		},
		"firstperson_righthand": {
			"translation": [6.5, 3.5, 0]
		},
		"firstperson_lefthand": {
			"translation": [7.5, 3.5, 0]
		},
		"ground": {
			"translation": [0, 4.75, 0]
		},
		"gui": {
			"rotation": [10, -35, 0],
			"translation": [0, 4.5, 0],
			"scale": [0.8, 0.8, 0.8]
		},
		"head": {
			"translation": [0, 16, 0],
			"scale": [1.6, 1.6, 1.6]
		},
		"fixed": {
			"translation": [0, 4.5, 0]
		}
	},
	"groups": [
		{
			"name": "head",
			"origin": [0, -5, 0],
			"color": 0,
			"boneType": "",
			"shade": false,
			"children": [0, 1, 2]
		}
	]
}