{
	"credit": "Made with Blockbench",
	"texture_size": [64, 64],
	"textures": {
		"1": "item/cosmetics/medieval/queen_crown"
	},
	"elements": [
		{
			"from": [2, 0, 2],
			"to": [14, 7, 14],
			"rotation": {"angle": 0, "axis": "y", "origin": [0, 3.5, 0]},
			"faces": {
				"north": {"uv": [3, 3, 6, 4.75], "texture": "#1"},
				"east": {"uv": [0, 3, 3, 4.75], "texture": "#1"},
				"south": {"uv": [9, 3, 12, 4.75], "texture": "#1"},
				"west": {"uv": [6, 3, 9, 4.75], "texture": "#1"},
				"up": {"uv": [6, 3, 3, 0], "texture": "#1"},
				"down": {"uv": [9, 0, 6, 3], "texture": "#1"}
			}
		},
		{
			"from": [4, 6, 4],
			"to": [12, 11, 12],
			"rotation": {"angle": 0, "axis": "y", "origin": [0, 8.5, 0]},
			"faces": {
				"north": {"uv": [10, 8.75, 12, 10], "texture": "#1"},
				"east": {"uv": [8, 8.75, 10, 10], "texture": "#1"},
				"south": {"uv": [14, 8.75, 16, 10], "texture": "#1"},
				"west": {"uv": [12, 8.75, 14, 10], "texture": "#1"},
				"up": {"uv": [12, 8.75, 10, 6.75], "texture": "#1"},
				"down": {"uv": [14, 6.75, 12, 8.75], "texture": "#1"}
			}
		},
		{
			"from": [6, 11, 6],
			"to": [10, 14, 10],
			"rotation": {"angle": 0, "axis": "y", "origin": [0, 12.5, 0]},
			"faces": {
				"north": {"uv": [10, 1, 11, 1.75], "texture": "#1"},
				"east": {"uv": [9, 1, 10, 1.75], "texture": "#1"},
				"south": {"uv": [12, 1, 13, 1.75], "texture": "#1"},
				"west": {"uv": [11, 1, 12, 1.75], "texture": "#1"},
				"up": {"uv": [11, 1, 10, 0], "texture": "#1"},
				"down": {"uv": [12, 0, 11, 1], "texture": "#1"}
			}
		},
		{
			"from": [6, 14, 6],
			"to": [10, 17, 10],
			"rotation": {"angle": 0, "axis": "y", "origin": [0, 15.5, 0]},
			"faces": {
				"north": {"uv": [8.5, 5.75, 9.5, 6.5], "texture": "#1"},
				"east": {"uv": [7.5, 5.75, 8.5, 6.5], "texture": "#1"},
				"south": {"uv": [10.5, 5.75, 11.5, 6.5], "texture": "#1"},
				"west": {"uv": [9.5, 5.75, 10.5, 6.5], "texture": "#1"},
				"up": {"uv": [9.5, 5.75, 8.5, 4.75], "texture": "#1"},
				"down": {"uv": [10.5, 4.75, 9.5, 5.75], "texture": "#1"}
			}
		},
		{
			"from": [5.5, 14, 8],
			"to": [9.5, 19, 8],
			"rotation": {"angle": 0, "axis": "y", "origin": [-0.5, 16.5, 0]},
			"faces": {
				"north": {"uv": [0, 1.5, 1, 2.75], "texture": "#1"},
				"east": {"uv": [0, 1.5, 0, 2.75], "texture": "#1"},
				"south": {"uv": [1, 1.5, 2, 2.75], "texture": "#1"},
				"west": {"uv": [1, 1.5, 1, 2.75], "texture": "#1"},
				"up": {"uv": [1, 1.5, 0, 1.5], "texture": "#1"},
				"down": {"uv": [2, 1.5, 1, 1.5], "texture": "#1"}
			}
		},
		{
			"from": [3, 0, 3],
			"to": [13, 6, 13],
			"rotation": {"angle": 0, "axis": "y", "origin": [0, 3, 0]},
			"faces": {
				"north": {"uv": [2.5, 7.25, 5, 8.75], "texture": "#1"},
				"east": {"uv": [0, 7.25, 2.5, 8.75], "texture": "#1"},
				"south": {"uv": [7.5, 7.25, 10, 8.75], "texture": "#1"},
				"west": {"uv": [5, 7.25, 7.5, 8.75], "texture": "#1"},
				"up": {"uv": [5, 7.25, 2.5, 4.75], "texture": "#1"},
				"down": {"uv": [7.5, 4.75, 5, 7.25], "texture": "#1"}
			}
		},
		{
			"from": [5, 5.75, 5],
			"to": [11, 10.75, 11],
			"rotation": {"angle": 0, "axis": "y", "origin": [0, 8.25, 0]},
			"faces": {
				"north": {"uv": [1.5, 10.25, 3, 11.5], "texture": "#1"},
				"east": {"uv": [0, 10.25, 1.5, 11.5], "texture": "#1"},
				"south": {"uv": [4.5, 10.25, 6, 11.5], "texture": "#1"},
				"west": {"uv": [3, 10.25, 4.5, 11.5], "texture": "#1"},
				"up": {"uv": [3, 10.25, 1.5, 8.75], "texture": "#1"},
				"down": {"uv": [4.5, 8.75, 3, 10.25], "texture": "#1"}
			}
		},
		{
			"from": [6.5, 10.75, 6.5],
			"to": [9.5, 13.75, 9.5],
			"rotation": {"angle": 0, "axis": "y", "origin": [0, 12.25, 0]},
			"faces": {
				"north": {"uv": [0.75, 0.75, 1.5, 1.5], "texture": "#1"},
				"east": {"uv": [0, 0.75, 0.75, 1.5], "texture": "#1"},
				"south": {"uv": [2.25, 0.75, 3, 1.5], "texture": "#1"},
				"west": {"uv": [1.5, 0.75, 2.25, 1.5], "texture": "#1"},
				"up": {"uv": [1.5, 0.75, 0.75, 0], "texture": "#1"},
				"down": {"uv": [2.25, 0, 1.5, 0.75], "texture": "#1"}
			}
		}
	],
	"display": {
		"thirdperson_righthand": {
			"translation": [0, 2.25, 0],
			"scale": [0.5, 0.5, 0.5]
		},
		"thirdperson_lefthand": {
			"translation": [0, 2.75, 0],
			"scale": [0.5, 0.5, 0.5]
		},
		"firstperson_righthand": {
			"translation": [2.5, 0, 0]
		},
		"firstperson_lefthand": {
			"translation": [2.75, 0, 0]
		},
		"ground": {
			"translation": [0, 1.5, 0]
		},
		"gui": {
			"rotation": [13, 151, 0],
			"scale": [0.8, 0.8, 0.8]
		},
		"head": {
			"translation": [0, 16, 0],
			"scale": [1.6, 1.6, 1.6]
		}
	},
	"groups": [
		{
			"name": "bone",
			"origin": [0, 2, 0],
			"color": 0,
			"boneType": "",
			"children": [0, 1, 2, 3, 4, 5, 6, 7]
		}
	]
}