{
	"credit": "Made with Blockbench",
	"texture_size": [20, 20],
	"textures": {
		"5": "item/halloween/cape"
	},
	"elements": [
		{
			"from": [7.5, 7.62079, 10.8595],
			"to": [8.5, 9.62079, 11.8595],
			"rotation": {"angle": -45, "axis": "x", "origin": [8, 5.02139, 9.83929]},
			"faces": {
				"north": {"uv": [1.6, 5.6, 2.4, 7.2], "texture": "#5"},
				"east": {"uv": [1.6, 7.2, 2.4, 8.8], "texture": "#5"},
				"south": {"uv": [2.4, 7.2, 3.2, 8.8], "texture": "#5"},
				"west": {"uv": [3.2, 7.2, 4, 8.8], "texture": "#5"},
				"up": {"uv": [7.2, 4, 6.4, 3.2], "texture": "#5"},
				"down": {"uv": [9.6, 6.4, 8.8, 7.2], "texture": "#5"}
			}
		},
		{
			"from": [7.55, 6.39603, 9.81097],
			"to": [8.45, 8.19603, 10.71097],
			"rotation": {"angle": -22.5, "axis": "x", "origin": [8, 5.02139, 9.83929]},
			"faces": {
				"north": {"uv": [8, 4, 8.8, 5.4], "texture": "#5"},
				"east": {"uv": [4.8, 8, 5.6, 9.4], "texture": "#5"},
				"south": {"uv": [5.6, 8, 6.4, 9.4], "texture": "#5"},
				"west": {"uv": [8, 5.6, 8.8, 7], "texture": "#5"},
				"down": {"uv": [10.4, 1.6, 9.6, 2.4], "texture": "#5"}
			}
		},
		{
			"from": [7.5905, 4.98697, 9.29957],
			"to": [8.4095, 6.62497, 10.11857],
			"rotation": {"angle": 0, "axis": "y", "origin": [8, 5.02139, 9.83929]},
			"faces": {
				"north": {"uv": [1.6, 8.8, 2.2, 10.2], "texture": "#5"},
				"east": {"uv": [8.8, 1.6, 9.4, 3], "texture": "#5"},
				"south": {"uv": [2.4, 8.8, 3, 10.2], "texture": "#5"},
				"west": {"uv": [3.2, 8.8, 3.8, 10.2], "texture": "#5"},
				"down": {"uv": [10.2, 11.2, 9.6, 11.8], "texture": "#5"}
			}
		},
		{
			"from": [7.63555, 2.63864, 9.38157],
			"to": [8.36446, 5.09646, 10.11048],
			"rotation": {"angle": 22.5, "axis": "x", "origin": [8, 5.02139, 9.83929]},
			"faces": {
				"north": {"uv": [7.2, 3.2, 7.8, 5.2], "texture": "#5"},
				"east": {"uv": [7.2, 5.6, 7.8, 7.6], "texture": "#5"},
				"south": {"uv": [8, 1.6, 8.6, 3.6], "texture": "#5"},
				"west": {"uv": [4, 8, 4.6, 10], "texture": "#5"},
				"down": {"uv": [11.8, 10.4, 11.2, 11], "texture": "#5"}
			}
		},
		{
			"from": [7.67564, 1.69772, 8.50458],
			"to": [8.32436, 2.99518, 9.15331],
			"rotation": {"angle": 0, "axis": "y", "origin": [8, 5.02139, 9.83929]},
			"faces": {
				"north": {"uv": [9.6, 8.8, 10.2, 9.8], "texture": "#5"},
				"east": {"uv": [0, 10.4, 0.6, 11.4], "texture": "#5"},
				"south": {"uv": [10.4, 0, 11, 1], "texture": "#5"},
				"west": {"uv": [0.8, 10.4, 1.4, 11.4], "texture": "#5"},
				"down": {"uv": [11.8, 11.2, 11.2, 11.8], "texture": "#5"}
			}
		},
		{
			"from": [7.71132, 1.30675, 7.33426],
			"to": [8.28868, 2.46149, 7.91163],
			"rotation": {"angle": -22.5, "axis": "x", "origin": [8, 5.02139, 9.83929]},
			"faces": {
				"north": {"uv": [11.2, 1.6, 11.6, 2.6], "texture": "#5"},
				"east": {"uv": [11.2, 3.2, 11.6, 4.2], "texture": "#5"},
				"south": {"uv": [4, 11.2, 4.4, 12.2], "texture": "#5"},
				"west": {"uv": [11.2, 4.8, 11.6, 5.8], "texture": "#5"},
				"down": {"uv": [13.2, 4, 12.8, 4.4], "texture": "#5"}
			}
		},
		{
			"from": [7.49175, 7.93973, 10.23271],
			"to": [8.50825, 8.95623, 11.24921],
			"rotation": {"angle": -22.5, "axis": "x", "origin": [8, 5.0491, 10.09918]},
			"faces": {
				"north": {"uv": [9.6, 2.4, 10.4, 3.2], "texture": "#5"},
				"east": {"uv": [9.6, 3.2, 10.4, 4], "texture": "#5"},
				"south": {"uv": [9.6, 4, 10.4, 4.8], "texture": "#5"},
				"west": {"uv": [4.8, 9.6, 5.6, 10.4], "texture": "#5"},
				"up": {"uv": [10.4, 5.6, 9.6, 4.8], "texture": "#5"},
				"down": {"uv": [6.4, 9.6, 5.6, 10.4], "texture": "#5"}
			}
		},
		{
			"from": [7.61881, 8.22719, 9.69477],
			"to": [8.38119, 8.98956, 10.45715],
			"rotation": {"angle": 0, "axis": "y", "origin": [8, 5.0491, 10.09918]},
			"faces": {
				"east": {"uv": [0, 12, 0.6, 12.6], "texture": "#5"},
				"south": {"uv": [12, 0, 12.6, 0.6], "texture": "#5"},
				"west": {"uv": [0.8, 12, 1.4, 12.6], "texture": "#5"},
				"up": {"uv": [12.6, 1.4, 12, 0.8], "texture": "#5"},
				"down": {"uv": [2.2, 12, 1.6, 12.6], "texture": "#5"}
			}
		},
		{
			"from": [7.71792, 8.21416, 8.89399],
			"to": [8.28208, 8.77832, 9.45815],
			"rotation": {"angle": 22.5, "axis": "x", "origin": [8, 5.0491, 10.09918]},
			"faces": {
				"east": {"uv": [4.8, 12.8, 5.2, 13.2], "texture": "#5"},
				"south": {"uv": [12.8, 4.8, 13.2, 5.2], "texture": "#5"},
				"west": {"uv": [5.6, 12.8, 6, 13.2], "texture": "#5"},
				"up": {"uv": [13.2, 6, 12.8, 5.6], "texture": "#5"},
				"down": {"uv": [6.8, 12.8, 6.4, 13.2], "texture": "#5"}
			}
		},
		{
			"from": [7.54257, 6.05575, 9.71512],
			"to": [8.45743, 6.9706, 10.62997],
			"rotation": {"angle": 0, "axis": "y", "origin": [8, 5.18161, 9.9442]},
			"faces": {
				"north": {"uv": [9.6, 5.6, 10.4, 6.4], "texture": "#5"},
				"east": {"uv": [6.4, 9.6, 7.2, 10.4], "texture": "#5"},
				"south": {"uv": [9.6, 6.4, 10.4, 7.2], "texture": "#5"},
				"west": {"uv": [7.2, 9.6, 8, 10.4], "texture": "#5"},
				"up": {"uv": [10.4, 8, 9.6, 7.2], "texture": "#5"},
				"down": {"uv": [10.4, 8, 9.6, 8.8], "texture": "#5"}
			}
		},
		{
			"from": [7.65693, 6.3123, 9.91862],
			"to": [8.34307, 6.99844, 10.60476],
			"rotation": {"angle": 22.5, "axis": "x", "origin": [8, 5.18161, 9.9442]},
			"faces": {
				"east": {"uv": [12, 1.6, 12.6, 2.2], "texture": "#5"},
				"south": {"uv": [2.4, 12, 3, 12.6], "texture": "#5"},
				"west": {"uv": [12, 2.4, 12.6, 3], "texture": "#5"},
				"up": {"uv": [3.8, 12.6, 3.2, 12], "texture": "#5"},
				"down": {"uv": [12.6, 3.2, 12, 3.8], "texture": "#5"}
			}
		},
		{
			"from": [7.74613, 4.78402, 11.32432],
			"to": [8.25387, 5.29177, 11.83206],
			"rotation": {"angle": -45, "axis": "x", "origin": [8, 5.18161, 9.9442]},
			"faces": {
				"north": {"uv": [12.8, 6.4, 13.2, 6.8], "texture": "#5"},
				"east": {"uv": [7.2, 12.8, 7.6, 13.2], "texture": "#5"},
				"south": {"uv": [12.8, 7.2, 13.2, 7.6], "texture": "#5"},
				"west": {"uv": [8, 12.8, 8.4, 13.2], "texture": "#5"},
				"down": {"uv": [13.2, 8, 12.8, 8.4], "texture": "#5"}
			}
		},
		{
			"from": [7.58324, 4.2553, 9.79688],
			"to": [8.41677, 5.08883, 10.63041],
			"rotation": {"angle": 22.5, "axis": "x", "origin": [8, 5.2391, 9.86168]},
			"faces": {
				"north": {"uv": [12, 4, 12.6, 4.6], "texture": "#5"},
				"east": {"uv": [4.8, 12, 5.4, 12.6], "texture": "#5"},
				"south": {"uv": [12, 4.8, 12.6, 5.4], "texture": "#5"},
				"west": {"uv": [5.6, 12, 6.2, 12.6], "texture": "#5"},
				"up": {"uv": [12.6, 6.2, 12, 5.6], "texture": "#5"},
				"down": {"uv": [7, 12, 6.4, 12.6], "texture": "#5"}
			}
		},
		{
			"from": [7.68743, 3.82302, 9.30222],
			"to": [8.31257, 4.44817, 9.92736],
			"rotation": {"angle": -45, "axis": "x", "origin": [8, 5.2391, 9.86168]},
			"faces": {
				"north": {"uv": [7.2, 12, 7.8, 12.6], "texture": "#5"},
				"east": {"uv": [12, 7.2, 12.6, 7.8], "texture": "#5"},
				"south": {"uv": [8, 12, 8.6, 12.6], "texture": "#5"},
				"west": {"uv": [12, 8, 12.6, 8.6], "texture": "#5"},
				"down": {"uv": [12.6, 8.8, 12, 9.4], "texture": "#5"}
			}
		},
		{
			"from": [7.7687, 3.51626, 9.96207],
			"to": [8.2313, 3.97887, 10.42468],
			"rotation": {"angle": -22.5, "axis": "x", "origin": [8, 5.2391, 9.86168]},
			"faces": {
				"north": {"uv": [8.8, 12.8, 9.2, 13.2], "texture": "#5"},
				"east": {"uv": [12.8, 8.8, 13.2, 9.2], "texture": "#5"},
				"south": {"uv": [9.6, 12.8, 10, 13.2], "texture": "#5"},
				"west": {"uv": [12.8, 9.6, 13.2, 10], "texture": "#5"},
				"down": {"uv": [10.8, 12.8, 10.4, 13.2], "texture": "#5"}
			}
		},
		{
			"from": [7.62074, 2.15519, 8.75368],
			"to": [8.37926, 2.9137, 9.5122],
			"rotation": {"angle": 45, "axis": "x", "origin": [8, 2.41929, 9.55939]},
			"faces": {
				"north": {"uv": [9.6, 12, 10.2, 12.6], "texture": "#5"},
				"east": {"uv": [12, 9.6, 12.6, 10.2], "texture": "#5"},
				"south": {"uv": [10.4, 12, 11, 12.6], "texture": "#5"},
				"west": {"uv": [12, 10.4, 12.6, 11], "texture": "#5"},
				"up": {"uv": [11.8, 12.6, 11.2, 12], "texture": "#5"},
				"down": {"uv": [12.6, 11.2, 12, 11.8], "texture": "#5"}
			}
		},
		{
			"from": [7.71556, 2.06209, 9.34762],
			"to": [8.28444, 2.63097, 9.91651],
			"rotation": {"angle": -22.5, "axis": "x", "origin": [8, 2.41929, 9.55939]},
			"faces": {
				"north": {"uv": [12.8, 10.4, 13.2, 10.8], "texture": "#5"},
				"east": {"uv": [11.2, 12.8, 11.6, 13.2], "texture": "#5"},
				"south": {"uv": [12.8, 11.2, 13.2, 11.6], "texture": "#5"},
				"west": {"uv": [12, 12.8, 12.4, 13.2], "texture": "#5"},
				"down": {"uv": [13.2, 12, 12.8, 12.4], "texture": "#5"}
			}
		},
		{
			"from": [7.78951, 1.82583, 9.56901],
			"to": [8.21049, 2.2468, 9.98999],
			"rotation": {"angle": 0, "axis": "y", "origin": [8, 2.41929, 9.55939]},
			"faces": {
				"north": {"uv": [12.8, 12.8, 13.2, 13.2], "texture": "#5"},
				"east": {"uv": [0, 13.6, 0.4, 14], "texture": "#5"},
				"south": {"uv": [13.6, 0, 14, 0.4], "texture": "#5"},
				"west": {"uv": [0.8, 13.6, 1.2, 14], "texture": "#5"},
				"down": {"uv": [14, 0.8, 13.6, 1.2], "texture": "#5"}
			}
		},
		{
			"from": [7.775, 5.84229, 8.5],
			"to": [7.805, 8.84229, 11.5],
			"rotation": {"angle": 0, "axis": "y", "origin": [8, -6.15771, -0.25]},
			"faces": {
				"east": {"uv": [2.4, 0, 4.8, 2.4], "texture": "#5"},
				"west": {"uv": [2.4, 2.4, 4.8, 4.8], "texture": "#5"}
			}
		},
		{
			"from": [7.985, 5.19229, 10.475],
			"to": [8.015, 6.19229, 11.225],
			"rotation": {"angle": 0, "axis": "y", "origin": [7.985, -1.10771, 1.675]},
			"faces": {
				"east": {"uv": [10.4, 3.2, 11, 4], "texture": "#5"},
				"west": {"uv": [4, 10.4, 4.6, 11.2], "texture": "#5"}
			}
		},
		{
			"from": [8.2, 2.59229, 8.75],
			"to": [8.23, 4.59229, 10.75],
			"rotation": {"angle": 0, "axis": "y", "origin": [8, -6.15771, -0.25]},
			"faces": {
				"east": {"uv": [4, 4.8, 5.6, 6.4], "texture": "#5"},
				"west": {"uv": [0, 5.6, 1.6, 7.2], "texture": "#5"}
			}
		},
		{
			"from": [4.8474, 6.3866, 11.16001],
			"to": [6.6594, 7.0426, 11.81601],
			"rotation": {"angle": -22.5, "axis": "z", "origin": [3.65658, 7.25056, 11.07239]},
			"faces": {
				"north": {"uv": [8.8, 4.8, 9.4, 6.2], "rotation": 270, "texture": "#5"},
				"east": {"uv": [13.4, 2.2, 12.8, 1.6], "texture": "#5"},
				"south": {"uv": [8.8, 8.8, 9.4, 10.2], "rotation": 90, "texture": "#5"},
				"up": {"uv": [8.8, 3.2, 9.4, 4.6], "rotation": 90, "texture": "#5"},
				"down": {"uv": [8, 8.8, 8.6, 10.2], "rotation": 90, "texture": "#5"}
			}
		},
		{
			"from": [5.1224, 6.3366, 11.48601],
			"to": [7.9344, 7.9926, 11.51601],
			"rotation": {"angle": -22.5, "axis": "z", "origin": [3.65658, 7.25056, 11.07239]},
			"faces": {
				"north": {"uv": [4.8, 1.6, 6.2, 3.8], "rotation": 270, "texture": "#5"},
				"south": {"uv": [2.4, 4.8, 3.8, 7], "rotation": 90, "texture": "#5"}
			}
		},
		{
			"from": [3.04966, 5.86645, 11.10989],
			"to": [4.29966, 7.11645, 11.90989],
			"rotation": {"angle": 0, "axis": "z", "origin": [3.90658, 6.25056, 11.07239]},
			"faces": {
				"north": {"uv": [0, 8.8, 1, 9.8], "rotation": 270, "texture": "#5"},
				"east": {"uv": [3, 11.4, 2.4, 10.4], "texture": "#5"},
				"south": {"uv": [8.8, 0, 9.8, 1], "rotation": 90, "texture": "#5"},
				"west": {"uv": [3.8, 10.4, 3.2, 11.4], "rotation": 180, "texture": "#5"},
				"up": {"uv": [1.6, 10.4, 2.2, 11.4], "rotation": 90, "texture": "#5"},
				"down": {"uv": [10.4, 1.6, 11, 2.6], "rotation": 90, "texture": "#5"}
			}
		},
		{
			"from": [4.21387, 5.95224, 11.10989],
			"to": [4.96387, 6.70224, 11.90989],
			"rotation": {"angle": 0, "axis": "z", "origin": [3.65658, 7.25056, 11.07239]},
			"faces": {
				"north": {"uv": [0, 12.8, 0.6, 13.4], "rotation": 270, "texture": "#5"},
				"east": {"uv": [13.4, 1.4, 12.8, 0.8], "texture": "#5"},
				"south": {"uv": [0.8, 12.8, 1.4, 13.4], "rotation": 90, "texture": "#5"},
				"west": {"uv": [2.2, 12.8, 1.6, 13.4], "rotation": 180, "texture": "#5"},
				"up": {"uv": [12, 12, 12.6, 12.6], "rotation": 90, "texture": "#5"},
				"down": {"uv": [12.8, 0, 13.4, 0.6], "rotation": 90, "texture": "#5"}
			}
		},
		{
			"from": [2.51933, 6.39678, 11.35989],
			"to": [3.76933, 7.64678, 11.65989],
			"rotation": {"angle": 0, "axis": "z", "origin": [3.90658, 6.25056, 11.07239]},
			"faces": {
				"north": {"uv": [6.4, 8, 7.4, 9], "rotation": 270, "texture": "#5"},
				"east": {"uv": [3.4, 13.8, 3.2, 12.8], "texture": "#5"},
				"south": {"uv": [8, 7.2, 9, 8.2], "rotation": 90, "texture": "#5"},
				"west": {"uv": [4.2, 12.8, 4, 13.8], "rotation": 180, "texture": "#5"},
				"up": {"uv": [2.4, 12.8, 2.6, 13.8], "rotation": 90, "texture": "#5"},
				"down": {"uv": [12.8, 2.4, 13, 3.4], "rotation": 90, "texture": "#5"}
			}
		},
		{
			"from": [3.66293, 7.56167, 11.25989],
			"to": [4.16293, 9.06167, 11.75989],
			"rotation": {"angle": 45, "axis": "z", "origin": [3.90658, 6.25056, 11.07239]},
			"faces": {
				"north": {"uv": [8.8, 10.4, 10, 10.8], "rotation": 270, "texture": "#5"},
				"east": {"uv": [10.8, 11.6, 10.4, 10.4], "texture": "#5"},
				"south": {"uv": [10.4, 9.6, 11.6, 10], "rotation": 90, "texture": "#5"},
				"west": {"uv": [11.6, 0, 11.2, 1.2], "rotation": 180, "texture": "#5"},
				"up": {"uv": [10.4, 13.6, 10.8, 14], "rotation": 90, "texture": "#5"},
				"down": {"uv": [13.6, 10.4, 14, 10.8], "rotation": 90, "texture": "#5"}
			}
		},
		{
			"from": [3.88793, 8.31167, 9.75989],
			"to": [3.91793, 9.56167, 11.50989],
			"rotation": {"angle": 45, "axis": "z", "origin": [3.90658, 6.25056, 11.07239]},
			"faces": {
				"east": {"uv": [1.4, 8.2, 0, 7.2], "texture": "#5"},
				"west": {"uv": [8.6, 0, 7.2, 1], "rotation": 180, "texture": "#5"}
			}
		},
		{
			"from": [3.66293, 8.56167, 10.75989],
			"to": [4.16293, 9.06167, 11.25989],
			"rotation": {"angle": 45, "axis": "z", "origin": [3.90658, 6.25056, 11.07239]},
			"faces": {
				"north": {"uv": [8.8, 13.6, 9.2, 14], "rotation": 270, "texture": "#5"},
				"east": {"uv": [10, 14, 9.6, 13.6], "texture": "#5"},
				"west": {"uv": [14, 9.6, 13.6, 10], "rotation": 180, "texture": "#5"},
				"up": {"uv": [13.6, 8, 14, 8.4], "rotation": 90, "texture": "#5"},
				"down": {"uv": [13.6, 8.8, 14, 9.2], "rotation": 90, "texture": "#5"}
			}
		},
		{
			"from": [3.77836, 7.56419, 11.25989],
			"to": [4.27836, 9.06419, 11.75989],
			"rotation": {"angle": 22.5, "axis": "z", "origin": [3.90658, 6.25056, 11.07239]},
			"faces": {
				"north": {"uv": [6.4, 10.4, 7.6, 10.8], "rotation": 270, "texture": "#5"},
				"east": {"uv": [8.4, 11.6, 8, 10.4], "texture": "#5"},
				"south": {"uv": [10.4, 7.2, 11.6, 7.6], "rotation": 90, "texture": "#5"},
				"west": {"uv": [10.8, 8, 10.4, 9.2], "rotation": 180, "texture": "#5"},
				"up": {"uv": [13.6, 7.2, 14, 7.6], "rotation": 90, "texture": "#5"},
				"down": {"uv": [8, 13.6, 8.4, 14], "rotation": 90, "texture": "#5"}
			}
		},
		{
			"from": [3.77836, 8.56419, 10.75989],
			"to": [4.27836, 9.06419, 11.25989],
			"rotation": {"angle": 22.5, "axis": "z", "origin": [3.90658, 6.25056, 11.07239]},
			"faces": {
				"north": {"uv": [13.6, 5.6, 14, 6], "rotation": 270, "texture": "#5"},
				"east": {"uv": [14, 6.8, 13.6, 6.4], "texture": "#5"},
				"west": {"uv": [7.6, 13.6, 7.2, 14], "rotation": 180, "texture": "#5"},
				"up": {"uv": [5.6, 13.6, 6, 14], "rotation": 90, "texture": "#5"},
				"down": {"uv": [6.4, 13.6, 6.8, 14], "rotation": 90, "texture": "#5"}
			}
		},
		{
			"from": [4.00336, 8.31419, 9.75989],
			"to": [4.03336, 9.56419, 11.50989],
			"rotation": {"angle": 22.5, "axis": "z", "origin": [3.90658, 6.25056, 11.07239]},
			"faces": {
				"east": {"uv": [5.4, 7.4, 4, 6.4], "texture": "#5"},
				"west": {"uv": [7, 6.4, 5.6, 7.4], "rotation": 180, "texture": "#5"}
			}
		},
		{
			"from": [1.10003, 5.89585, 11.25989],
			"to": [2.60003, 6.39585, 11.75989],
			"rotation": {"angle": -22.5, "axis": "z", "origin": [3.90658, 6.25056, 11.07239]},
			"faces": {
				"north": {"uv": [4.8, 10.4, 5.2, 11.6], "rotation": 270, "texture": "#5"},
				"east": {"uv": [5.2, 14, 4.8, 13.6], "texture": "#5"},
				"south": {"uv": [10.4, 5.6, 10.8, 6.8], "rotation": 90, "texture": "#5"},
				"west": {"uv": [14, 4.8, 13.6, 5.2], "rotation": 180, "texture": "#5"},
				"up": {"uv": [10.4, 4, 10.8, 5.2], "rotation": 90, "texture": "#5"},
				"down": {"uv": [5.6, 10.4, 6, 11.6], "rotation": 90, "texture": "#5"}
			}
		},
		{
			"from": [1.10003, 5.89585, 10.75989],
			"to": [1.60003, 6.39585, 11.25989],
			"rotation": {"angle": -22.5, "axis": "z", "origin": [3.90658, 6.25056, 11.07239]},
			"faces": {
				"north": {"uv": [13.6, 1.6, 14, 2], "rotation": 270, "texture": "#5"},
				"east": {"uv": [14, 3.6, 13.6, 3.2], "texture": "#5"},
				"west": {"uv": [14, 4, 13.6, 4.4], "rotation": 180, "texture": "#5"},
				"up": {"uv": [1.6, 13.6, 2, 14], "rotation": 90, "texture": "#5"},
				"down": {"uv": [13.6, 2.4, 14, 2.8], "rotation": 90, "texture": "#5"}
			}
		},
		{
			"from": [0.60003, 6.12085, 9.75989],
			"to": [1.85003, 6.15085, 11.50989],
			"rotation": {"angle": -22.5, "axis": "z", "origin": [3.90658, 6.25056, 11.07239]},
			"faces": {
				"up": {"uv": [5.6, 4.8, 7, 5.8], "rotation": 90, "texture": "#5"},
				"down": {"uv": [6.4, 1.6, 7.8, 2.6], "rotation": 90, "texture": "#5"}
			}
		},
		{
			"from": [14.14997, 6.12085, 9.75989],
			"to": [15.39997, 6.15085, 11.50989],
			"rotation": {"angle": 22.5, "axis": "z", "origin": [12.09342, 6.25056, 11.07239]},
			"faces": {
				"up": {"uv": [5.6, 5.8, 7, 4.8], "rotation": 90, "texture": "#5"},
				"down": {"uv": [6.4, 2.6, 7.8, 1.6], "rotation": 90, "texture": "#5"}
			}
		},
		{
			"from": [14.39997, 5.89585, 10.75989],
			"to": [14.89997, 6.39585, 11.25989],
			"rotation": {"angle": 22.5, "axis": "z", "origin": [12.09342, 6.25056, 9.57239]},
			"faces": {
				"north": {"uv": [13.6, 2, 14, 1.6], "rotation": 270, "texture": "#5"},
				"east": {"uv": [13.6, 4, 14, 4.4], "rotation": 180, "texture": "#5"},
				"west": {"uv": [13.6, 3.6, 14, 3.2], "texture": "#5"},
				"up": {"uv": [1.6, 14, 2, 13.6], "rotation": 90, "texture": "#5"},
				"down": {"uv": [13.6, 2.8, 14, 2.4], "rotation": 90, "texture": "#5"}
			}
		},
		{
			"from": [13.39997, 5.89585, 11.25989],
			"to": [14.89997, 6.39585, 11.75989],
			"rotation": {"angle": 22.5, "axis": "z", "origin": [12.09342, 6.25056, 11.07239]},
			"faces": {
				"north": {"uv": [4.8, 11.6, 5.2, 10.4], "rotation": 270, "texture": "#5"},
				"east": {"uv": [13.6, 4.8, 14, 5.2], "rotation": 180, "texture": "#5"},
				"south": {"uv": [10.4, 6.8, 10.8, 5.6], "rotation": 90, "texture": "#5"},
				"west": {"uv": [4.8, 14, 5.2, 13.6], "texture": "#5"},
				"up": {"uv": [10.4, 5.2, 10.8, 4], "rotation": 90, "texture": "#5"},
				"down": {"uv": [5.6, 11.6, 6, 10.4], "rotation": 90, "texture": "#5"}
			}
		},
		{
			"from": [11.96664, 8.31419, 9.75989],
			"to": [11.99664, 9.56419, 11.50989],
			"rotation": {"angle": -22.5, "axis": "z", "origin": [12.09342, 6.25056, 11.07239]},
			"faces": {
				"east": {"uv": [5.6, 6.4, 7, 7.4], "rotation": 180, "texture": "#5"},
				"west": {"uv": [4, 7.4, 5.4, 6.4], "texture": "#5"}
			}
		},
		{
			"from": [11.72164, 8.56419, 10.75989],
			"to": [12.22164, 9.06419, 11.25989],
			"rotation": {"angle": -22.5, "axis": "z", "origin": [12.09342, 6.25056, 11.07239]},
			"faces": {
				"north": {"uv": [13.6, 6, 14, 5.6], "rotation": 270, "texture": "#5"},
				"east": {"uv": [7.2, 13.6, 7.6, 14], "rotation": 180, "texture": "#5"},
				"west": {"uv": [13.6, 6.8, 14, 6.4], "texture": "#5"},
				"up": {"uv": [5.6, 14, 6, 13.6], "rotation": 90, "texture": "#5"},
				"down": {"uv": [6.4, 14, 6.8, 13.6], "rotation": 90, "texture": "#5"}
			}
		},
		{
			"from": [11.72164, 7.56419, 11.25989],
			"to": [12.22164, 9.06419, 11.75989],
			"rotation": {"angle": -22.5, "axis": "z", "origin": [12.09342, 6.25056, 11.07239]},
			"faces": {
				"north": {"uv": [6.4, 10.8, 7.6, 10.4], "rotation": 270, "texture": "#5"},
				"east": {"uv": [10.4, 8, 10.8, 9.2], "rotation": 180, "texture": "#5"},
				"south": {"uv": [10.4, 7.6, 11.6, 7.2], "rotation": 90, "texture": "#5"},
				"west": {"uv": [8, 11.6, 8.4, 10.4], "texture": "#5"},
				"up": {"uv": [13.6, 7.6, 14, 7.2], "rotation": 90, "texture": "#5"},
				"down": {"uv": [8, 14, 8.4, 13.6], "rotation": 90, "texture": "#5"}
			}
		},
		{
			"from": [11.83707, 8.56167, 10.75989],
			"to": [12.33707, 9.06167, 11.25989],
			"rotation": {"angle": -45, "axis": "z", "origin": [12.09342, 6.25056, 11.07239]},
			"faces": {
				"north": {"uv": [8.8, 14, 9.2, 13.6], "rotation": 270, "texture": "#5"},
				"east": {"uv": [13.6, 9.6, 14, 10], "rotation": 180, "texture": "#5"},
				"west": {"uv": [9.6, 14, 10, 13.6], "texture": "#5"},
				"up": {"uv": [13.6, 8.4, 14, 8], "rotation": 90, "texture": "#5"},
				"down": {"uv": [13.6, 9.2, 14, 8.8], "rotation": 90, "texture": "#5"}
			}
		},
		{
			"from": [12.08207, 8.31167, 9.75989],
			"to": [12.11207, 9.56167, 11.50989],
			"rotation": {"angle": -45, "axis": "z", "origin": [12.09342, 6.25056, 11.07239]},
			"faces": {
				"east": {"uv": [7.2, 0, 8.6, 1], "rotation": 180, "texture": "#5"},
				"west": {"uv": [0, 8.2, 1.4, 7.2], "texture": "#5"}
			}
		},
		{
			"from": [11.83707, 7.56167, 11.25989],
			"to": [12.33707, 9.06167, 11.75989],
			"rotation": {"angle": -45, "axis": "z", "origin": [12.09342, 6.25056, 11.07239]},
			"faces": {
				"north": {"uv": [8.8, 10.8, 10, 10.4], "rotation": 270, "texture": "#5"},
				"east": {"uv": [11.2, 0, 11.6, 1.2], "rotation": 180, "texture": "#5"},
				"south": {"uv": [10.4, 10, 11.6, 9.6], "rotation": 90, "texture": "#5"},
				"west": {"uv": [10.4, 11.6, 10.8, 10.4], "texture": "#5"},
				"up": {"uv": [10.4, 14, 10.8, 13.6], "rotation": 90, "texture": "#5"},
				"down": {"uv": [13.6, 10.8, 14, 10.4], "rotation": 90, "texture": "#5"}
			}
		},
		{
			"from": [12.23067, 6.39678, 11.35989],
			"to": [13.48067, 7.64678, 11.65989],
			"rotation": {"angle": 0, "axis": "z", "origin": [12.09342, 6.25056, 9.57239]},
			"faces": {
				"north": {"uv": [6.4, 9, 7.4, 8], "rotation": 270, "texture": "#5"},
				"east": {"uv": [4, 12.8, 4.2, 13.8], "rotation": 180, "texture": "#5"},
				"south": {"uv": [8, 8.2, 9, 7.2], "rotation": 90, "texture": "#5"},
				"west": {"uv": [3.2, 13.8, 3.4, 12.8], "texture": "#5"},
				"up": {"uv": [2.4, 13.8, 2.6, 12.8], "rotation": 90, "texture": "#5"},
				"down": {"uv": [12.8, 3.4, 13, 2.4], "rotation": 90, "texture": "#5"}
			}
		},
		{
			"from": [11.03613, 5.95224, 11.10989],
			"to": [11.78613, 6.70224, 11.90989],
			"rotation": {"angle": 0, "axis": "z", "origin": [12.34342, 7.25056, 11.07239]},
			"faces": {
				"north": {"uv": [0, 13.4, 0.6, 12.8], "rotation": 270, "texture": "#5"},
				"east": {"uv": [1.6, 12.8, 2.2, 13.4], "rotation": 180, "texture": "#5"},
				"south": {"uv": [0.8, 13.4, 1.4, 12.8], "rotation": 90, "texture": "#5"},
				"west": {"uv": [12.8, 1.4, 13.4, 0.8], "texture": "#5"},
				"up": {"uv": [12, 12.6, 12.6, 12], "rotation": 90, "texture": "#5"},
				"down": {"uv": [12.8, 0.6, 13.4, 0], "rotation": 90, "texture": "#5"}
			}
		},
		{
			"from": [11.70034, 5.86645, 11.10989],
			"to": [12.95034, 7.11645, 11.90989],
			"rotation": {"angle": 0, "axis": "z", "origin": [12.09342, 6.25056, 11.07239]},
			"faces": {
				"north": {"uv": [0, 9.8, 1, 8.8], "rotation": 270, "texture": "#5"},
				"east": {"uv": [3.2, 10.4, 3.8, 11.4], "rotation": 180, "texture": "#5"},
				"south": {"uv": [8.8, 1, 9.8, 0], "rotation": 90, "texture": "#5"},
				"west": {"uv": [2.4, 11.4, 3, 10.4], "texture": "#5"},
				"up": {"uv": [1.6, 11.4, 2.2, 10.4], "rotation": 90, "texture": "#5"},
				"down": {"uv": [10.4, 2.6, 11, 1.6], "rotation": 90, "texture": "#5"}
			}
		},
		{
			"from": [8.0656, 6.3366, 11.48601],
			"to": [10.8776, 7.9926, 11.51601],
			"rotation": {"angle": 22.5, "axis": "z", "origin": [12.34342, 7.25056, 11.07239]},
			"faces": {
				"north": {"uv": [4.8, 3.8, 6.2, 1.6], "rotation": 270, "texture": "#5"},
				"south": {"uv": [2.4, 7, 3.8, 4.8], "rotation": 90, "texture": "#5"}
			}
		},
		{
			"from": [9.3406, 6.3866, 11.16001],
			"to": [11.1526, 7.0426, 11.81601],
			"rotation": {"angle": 22.5, "axis": "z", "origin": [12.34342, 7.25056, 11.07239]},
			"faces": {
				"north": {"uv": [8.8, 6.2, 9.4, 4.8], "rotation": 270, "texture": "#5"},
				"south": {"uv": [8.8, 10.2, 9.4, 8.8], "rotation": 90, "texture": "#5"},
				"west": {"uv": [12.8, 2.2, 13.4, 1.6], "texture": "#5"},
				"up": {"uv": [8.8, 4.6, 9.4, 3.2], "rotation": 90, "texture": "#5"},
				"down": {"uv": [8, 10.2, 8.6, 8.8], "rotation": 90, "texture": "#5"}
			}
		},
		{
			"from": [3.75, 7.59229, 6.95],
			"to": [6.75, 7.62229, 7.95],
			"rotation": {"angle": 22.5, "axis": "x", "origin": [5.25, 4.68418, 10.27557]},
			"faces": {
				"up": {"uv": [7.2, 4.8, 4.8, 4], "texture": "#5"},
				"down": {"uv": [7.2, 4, 4.8, 4.8], "texture": "#5"}
			}
		},
		{
			"from": [3.75, 6.07692, 10.45473],
			"to": [6.75, 8.07692, 10.48473],
			"rotation": {"angle": -22.5, "axis": "x", "origin": [5.25, 5.08255, 9.33599]},
			"faces": {
				"north": {"uv": [2.4, 4, 0, 5.6], "texture": "#5"},
				"south": {"uv": [0, 4, 2.4, 5.6], "texture": "#5"}
			}
		},
		{
			"from": [3.75, -1.21608, 8.92171],
			"to": [6.75, 0.78392, 8.95171],
			"rotation": {"angle": -22.5, "axis": "x", "origin": [5.25, 3.78955, 7.80297]},
			"faces": {
				"north": {"uv": [7.2, 0, 4.8, 1.6], "texture": "#5"},
				"south": {"uv": [4.8, 0, 7.2, 1.6], "texture": "#5"}
			}
		},
		{
			"from": [3.75, 1.44083, 9.98676],
			"to": [6.75, 6.44083, 10.01676],
			"rotation": {"angle": 0, "axis": "x", "origin": [5.25, 6.01753, 8.9511]},
			"faces": {
				"north": {"uv": [2.4, 0, 0, 4], "texture": "#5"},
				"south": {"uv": [0, 0, 2.4, 4], "texture": "#5"}
			}
		},
		{
			"from": [9.25, 7.59229, 6.95],
			"to": [12.25, 7.62229, 7.95],
			"rotation": {"angle": 22.5, "axis": "x", "origin": [10.75, 4.68418, 10.27557]},
			"faces": {
				"up": {"uv": [4.8, 4.8, 7.2, 4], "texture": "#5"},
				"down": {"uv": [4.8, 4, 7.2, 4.8], "texture": "#5"}
			}
		},
		{
			"from": [9.25, 6.07692, 10.45473],
			"to": [12.25, 8.07692, 10.48473],
			"rotation": {"angle": -22.5, "axis": "x", "origin": [10.75, 5.08255, 9.33599]},
			"faces": {
				"north": {"uv": [0, 4, 2.4, 5.6], "texture": "#5"},
				"south": {"uv": [2.4, 4, 0, 5.6], "texture": "#5"}
			}
		},
		{
			"from": [9.25, 1.44083, 9.98676],
			"to": [12.25, 6.44083, 10.01676],
			"rotation": {"angle": 0, "axis": "x", "origin": [10.75, 6.01753, 8.9511]},
			"faces": {
				"north": {"uv": [0, 0, 2.4, 4], "texture": "#5"},
				"south": {"uv": [2.4, 0, 0, 4], "texture": "#5"}
			}
		},
		{
			"from": [9.25, -1.21608, 8.92171],
			"to": [12.25, 0.78392, 8.95171],
			"rotation": {"angle": -22.5, "axis": "x", "origin": [10.75, 3.78955, 7.80297]},
			"faces": {
				"north": {"uv": [4.8, 0, 7.2, 1.6], "texture": "#5"},
				"south": {"uv": [7.2, 0, 4.8, 1.6], "texture": "#5"}
			}
		}
	],
	"gui_light": "front",
	"display": {
		"thirdperson_righthand": {
			"rotation": [48, 0, 0],
			"translation": [0, 1.25, -1.5]
		},
		"thirdperson_lefthand": {
			"rotation": [66.5, 0, 0],
			"translation": [-5.5, -5.75, 7.5],
			"scale": [2, 2, 2]
		},
		"firstperson_righthand": {
			"rotation": [-15, 180, 0],
			"translation": [-0.5, 3, 3.5]
		},
		"firstperson_lefthand": {
			"rotation": [-15, 0, 0],
			"translation": [0, 0, 0.75],
			"scale": [0, 0, 0]
		},
		"ground": {
			"rotation": [-45, 0, 0],
			"translation": [0, 4.5, 0]
		},
		"gui": {
			"rotation": [0, 180, 0],
			"translation": [0, 4, 0],
			"scale": [1.33008, 1.33008, 1.33008]
		},
		"head": {
			"translation": [0, -78.25, 1.75],
			"scale": [2.85156, 2.85156, 2.85156]
		},
		"fixed": {
			"rotation": [0, 180, 0],
			"translation": [0, 3.5, -1.75],
			"scale": [3, 3, 3]
		}
	}
}