{
	"credit": "Made with Blockbench",
	"texture_size": [8, 8],
	"textures": {
		"0": "item/halloween/cosmetics/devil_tail",
		"particle": "item/halloween/cosmetics/devil_tail"
	},
	"elements": [
		{
			"from": [7.5, 6.50185, 4.00368],
			"to": [8.5, 7.50185, 6.00368],
			"rotation": {"angle": 45, "axis": "x", "origin": [7.5, 6.50185, 2.00368]},
			"faces": {
				"north": {"uv": [4, 8, 6, 10], "texture": "#0"},
				"east": {"uv": [0, 4, 4, 6], "texture": "#0"},
				"south": {"uv": [8, 4, 10, 6], "texture": "#0"},
				"west": {"uv": [4, 4, 8, 6], "texture": "#0"},
				"up": {"uv": [2, 10, 0, 6], "texture": "#0"},
				"down": {"uv": [8, 0, 6, 4], "texture": "#0"}
			}
		},
		{
			"from": [7.6, 3.0956, 4.59203],
			"to": [8.4, 3.8956, 6.79203],
			"rotation": {"angle": 22.5, "axis": "x", "origin": [8, 2.8956, 6.31703]},
			"faces": {
				"east": {"uv": [2, 6, 6, 8], "texture": "#0"},
				"south": {"uv": [6, 8, 8, 10], "texture": "#0"},
				"west": {"uv": [6, 6, 10, 8], "texture": "#0"},
				"up": {"uv": [10, 4, 8, 0], "texture": "#0"},
				"down": {"uv": [4, 8, 2, 12], "texture": "#0"}
			}
		},
		{
			"from": [7.672, 2.93792, 6.79429],
			"to": [8.328, 3.59392, 8.41829],
			"rotation": {"angle": 0, "axis": "x", "origin": [8, 2.91592, 9.35629]},
			"faces": {
				"east": {"uv": [8, 8, 11, 9], "texture": "#0"},
				"south": {"uv": [14, 4, 15, 5], "texture": "#0"},
				"west": {"uv": [10, 0, 13, 1], "texture": "#0"},
				"up": {"uv": [1, 13, 0, 10], "texture": "#0"},
				"down": {"uv": [11, 2, 10, 5], "texture": "#0"}
			}
		},
		{
			"from": [7.7376, 3.20907, 8.31574],
			"to": [8.2624, 3.73387, 9.61494],
			"rotation": {"angle": -22.5, "axis": "x", "origin": [8, 3.21647, 8.96534]},
			"faces": {
				"east": {"uv": [4, 10, 7, 11], "texture": "#0"},
				"south": {"uv": [6, 14, 7, 15], "texture": "#0"},
				"west": {"uv": [10, 6, 13, 7], "texture": "#0"},
				"up": {"uv": [9, 13, 8, 10], "texture": "#0"},
				"down": {"uv": [11, 10, 10, 13], "texture": "#0"}
			}
		},
		{
			"from": [7.79008, 3.86818, 9.17243],
			"to": [8.20992, 4.28802, 10.21179],
			"rotation": {"angle": -45, "axis": "x", "origin": [8, 4.1031, 9.84211]},
			"faces": {
				"east": {"uv": [2, 12, 4, 13], "texture": "#0"},
				"south": {"uv": [14, 6, 15, 7], "texture": "#0"},
				"west": {"uv": [12, 2, 14, 3], "texture": "#0"},
				"up": {"uv": [5, 14, 4, 12], "texture": "#0"},
				"down": {"uv": [13, 4, 12, 6], "texture": "#0"}
			}
		},
		{
			"from": [7.83626, 4.36146, 10.00286],
			"to": [8.16374, 4.68894, 10.81356],
			"rotation": {"angle": -22.5, "axis": "x", "origin": [8, 4.5002, 10.53321]},
			"faces": {
				"east": {"uv": [6, 12, 8, 13], "texture": "#0"},
				"south": {"uv": [8, 14, 9, 15], "texture": "#0"},
				"west": {"uv": [12, 8, 14, 9], "texture": "#0"},
				"up": {"uv": [13, 12, 12, 10], "texture": "#0"},
				"down": {"uv": [13, 12, 12, 14], "texture": "#0"}
			}
		},
		{
			"from": [7.86574, 4.48575, 10.70252],
			"to": [8.13426, 4.75428, 11.3673],
			"rotation": {"angle": 0, "axis": "x", "origin": [8, 4.59502, 11.13491]},
			"faces": {
				"east": {"uv": [0, 14, 1, 15], "texture": "#0"},
				"south": {"uv": [14, 0, 15, 1], "texture": "#0"},
				"west": {"uv": [2, 14, 3, 15], "texture": "#0"},
				"up": {"uv": [15, 3, 14, 2], "texture": "#0"},
				"down": {"uv": [5, 14, 4, 15], "texture": "#0"}
			}
		},
		{
			"from": [8, 3.84119, 10.27145],
			"to": [8, 5.34119, 12.77145],
			"rotation": {"angle": 0, "axis": "y", "origin": [8, 3.94119, 4.77145]},
			"faces": {
				"north": {"uv": [0, 0, 0, 3], "texture": "#0"},
				"east": {"uv": [0, 0, 5, 3], "texture": "#0"},
				"south": {"uv": [0, 0, 0, 3], "texture": "#0"},
				"west": {"uv": [5, 0, 0, 3], "texture": "#0"},
				"up": {"uv": [0, 5, 0, 0], "texture": "#0"},
				"down": {"uv": [0, 0, 0, 5], "texture": "#0"}
			}
		}
	],
	"gui_light": "front",
	"display": {
		"thirdperson_righthand": {
			"rotation": [-98.75, 0, 180],
			"translation": [0, 4.5, -1.25],
			"scale": [1.33594, 1.33594, 1.33594]
		},
		"thirdperson_lefthand": {
			"rotation": [72, 0, 0],
			"translation": [-5.5, -14, 2.75],
			"scale": [1.74609, 1.74609, 1.74609]
		},
		"firstperson_righthand": {
			"rotation": [59, 180, 0],
			"translation": [-5.25, 7.75, 5.75]
		},
		"firstperson_lefthand": {
			"scale": [0, 0, 0]
		},
		"ground": {
			"translation": [0, 3.75, 0],
			"scale": [1.84766, 1.84766, 1.84766]
		},
		"gui": {
			"rotation": [-90, 135, 90],
			"translation": [6.25, 6.75, 0],
			"scale": [2.5, 2.5, 2.5]
		},
		"head": {
			"translation": [0, -80, 17.75],
			"scale": [3.82031, 3.82031, 3.82031]
		},
		"fixed": {
			"rotation": [0, 180, 0],
			"translation": [0, -2.75, -13.75],
			"scale": [3.61914, 3.61914, 3.61914]
		}
	}
}