{
	"credit": "Made with Blockbench",
	"texture_size": [24, 24],
	"textures": {
		"0": "item/halloween/cosmetics/ghost_backpack",
		"particle": "item/halloween/cosmetics/ghost_backpack"
	},
	"elements": [
		{
			"from": [5, 4, 5],
			"to": [11, 10, 11],
			"rotation": {"angle": 0, "axis": "y", "origin": [7, 1, 7]},
			"faces": {
				"north": {"uv": [0, 0, 4, 4], "texture": "#0"},
				"east": {"uv": [0, 4, 4, 8], "texture": "#0"},
				"south": {"uv": [4, 0, 8, 4], "texture": "#0"},
				"west": {"uv": [4, 4, 8, 8], "texture": "#0"},
				"up": {"uv": [4, 12, 0, 8], "texture": "#0"},
				"down": {"uv": [12, 0, 8, 4], "texture": "#0"}
			}
		},
		{
			"from": [10.25, 5.5, 6.5],
			"to": [14.75, 8.5, 9.5],
			"rotation": {"angle": 0, "axis": "y", "origin": [11.75, 7, 8]},
			"faces": {
				"north": {"uv": [8, 9.33333, 11, 11.33333], "texture": "#0"},
				"east": {"uv": [7.33333, 11.33333, 9.33333, 13.33333], "texture": "#0"},
				"south": {"uv": [13.66667, 4, 10.66667, 6], "texture": "#0"},
				"west": {"uv": [11.33333, 8, 13.33333, 10], "texture": "#0"},
				"up": {"uv": [13.66667, 8, 10.66667, 6], "texture": "#0"},
				"down": {"uv": [7, 11.33333, 4, 13.33333], "texture": "#0"}
			}
		},
		{
			"from": [10.94291, 2.46299, 8],
			"to": [14.69291, 6.46299, 8],
			"rotation": {"angle": 0, "axis": "y", "origin": [12.44291, 4.96299, 8]},
			"faces": {
				"north": {"uv": [8, 4, 10.66667, 6.66667], "texture": "#0"},
				"east": {"uv": [0, 0, 0, 2.66667], "texture": "#0"},
				"south": {"uv": [10.66667, 4, 8, 6.66667], "texture": "#0"},
				"west": {"uv": [0, 0, 0, 2.66667], "texture": "#0"},
				"up": {"uv": [2.66667, 0, 0, 0], "texture": "#0"},
				"down": {"uv": [2.66667, 0, 0, 0], "texture": "#0"}
			}
		},
		{
			"from": [1.25, 5.5, 6.5],
			"to": [5.75, 8.5, 9.5],
			"rotation": {"angle": 0, "axis": "y", "origin": [4.25, 7, 8]},
			"faces": {
				"north": {"uv": [11, 9.33333, 8, 11.33333], "texture": "#0"},
				"east": {"uv": [13.33333, 8, 11.33333, 10], "texture": "#0"},
				"south": {"uv": [10.66667, 4, 13.66667, 6], "texture": "#0"},
				"west": {"uv": [9.33333, 11.33333, 7.33333, 13.33333], "texture": "#0"},
				"up": {"uv": [10.66667, 8, 13.66667, 6], "texture": "#0"},
				"down": {"uv": [4, 11.33333, 7, 13.33333], "texture": "#0"}
			}
		},
		{
			"from": [1.30709, 2.46299, 8],
			"to": [5.05709, 6.46299, 8],
			"rotation": {"angle": 0, "axis": "y", "origin": [3.55709, 4.96299, 8]},
			"faces": {
				"north": {"uv": [10.66667, 4, 8, 6.66667], "texture": "#0"},
				"east": {"uv": [0, 0, 0, 2.66667], "texture": "#0"},
				"south": {"uv": [8, 4, 10.66667, 6.66667], "texture": "#0"},
				"west": {"uv": [0, 0, 0, 2.66667], "texture": "#0"},
				"up": {"uv": [0, 0, 2.66667, 0], "texture": "#0"},
				"down": {"uv": [0, 0, 2.66667, 0], "texture": "#0"}
			}
		},
		{
			"from": [11, -1, 5],
			"to": [11, 4, 11],
			"rotation": {"angle": 0, "axis": "y", "origin": [7, 1, 7]},
			"faces": {
				"north": {"uv": [0, 0, 0, 3.33333], "texture": "#0"},
				"east": {"uv": [4, 8, 8, 11.33333], "texture": "#0"},
				"south": {"uv": [0, 0, 0, 3.33333], "texture": "#0"},
				"west": {"uv": [8, 8, 4, 11.33333], "texture": "#0"},
				"up": {"uv": [0, 4, 0, 0], "texture": "#0"},
				"down": {"uv": [0, 0, 0, 4], "texture": "#0"}
			}
		},
		{
			"from": [5, -1, 5],
			"to": [5, 4, 11],
			"rotation": {"angle": 0, "axis": "y", "origin": [9, 1, 7]},
			"faces": {
				"north": {"uv": [0, 0, 0, 3.33333], "texture": "#0"},
				"east": {"uv": [4, 8, 8, 11.33333], "texture": "#0"},
				"south": {"uv": [0, 0, 0, 3.33333], "texture": "#0"},
				"west": {"uv": [8, 8, 4, 11.33333], "texture": "#0"},
				"up": {"uv": [0, 4, 0, 0], "texture": "#0"},
				"down": {"uv": [0, 0, 0, 4], "texture": "#0"}
			}
		},
		{
			"from": [5, -1, 5],
			"to": [11, 4, 5],
			"rotation": {"angle": 0, "axis": "y", "origin": [8, 1.5, 8]},
			"faces": {
				"north": {"uv": [4, 8, 8, 11.33333], "texture": "#0"},
				"east": {"uv": [0, 0, 0, 3.33333], "texture": "#0"},
				"south": {"uv": [8, 8, 4, 11.33333], "texture": "#0"},
				"west": {"uv": [0, 0, 0, 3.33333], "texture": "#0"},
				"up": {"uv": [0, 4, 0, 0], "rotation": 270, "texture": "#0"},
				"down": {"uv": [0, 0, 0, 4], "rotation": 90, "texture": "#0"}
			}
		},
		{
			"from": [5, -1, 11],
			"to": [11, 4, 11],
			"rotation": {"angle": 0, "axis": "y", "origin": [8, 1.5, 8]},
			"faces": {
				"north": {"uv": [4, 8, 8, 11.33333], "texture": "#0"},
				"east": {"uv": [0, 0, 0, 3.33333], "texture": "#0"},
				"south": {"uv": [8, 8, 4, 11.33333], "texture": "#0"},
				"west": {"uv": [0, 0, 0, 3.33333], "texture": "#0"},
				"up": {"uv": [0, 4, 0, 0], "rotation": 270, "texture": "#0"},
				"down": {"uv": [0, 0, 0, 4], "rotation": 90, "texture": "#0"}
			}
		}
	],
	"gui_light": "front",
	"display": {
		"thirdperson_righthand": {
			"rotation": [63, 0, 0],
			"translation": [0, 2.75, 1.75]
		},
		"thirdperson_lefthand": {
			"rotation": [-112.5, 0, 180],
			"translation": [-5.5, -7.75, 10.5],
			"scale": [1.22266, 1.22266, 1.22266]
		},
		"firstperson_righthand": {
			"rotation": [165.25, 0, -180],
			"translation": [-1.5, 3.75, 0]
		},
		"firstperson_lefthand": {
			"rotation": [165.25, 0, -180],
			"translation": [-1.5, 3.75, 0]
		},
		"ground": {
			"translation": [0, 7, 0]
		},
		"gui": {
			"rotation": [0, 155, 0],
			"translation": [0, 5, 0],
			"scale": [1.22852, 1.22852, 1.22852]
		},
		"head": {
			"rotation": [0, 180, 0],
			"translation": [0, -80, 10],
			"scale": [2.13672, 2.12, 2.13672]
		},
		"fixed": {
			"rotation": [-90, 0, 0],
			"translation": [0, 0, -20.25],
			"scale": [3.01563, 3.01563, 3.01563]
		}
	}
}