{
	"credit": "MadebyPolygonMC",
	"texture_size": [40, 40],
	"textures": {
		"1": "item/halloween/cosmetics/grave_2"
	},
	"elements": [
		{
			"from": [4, 0, -0.5],
			"to": [12, 1, 16.5],
			"rotation": {"angle": 0, "axis": "y", "origin": [4, 0, 13.5]},
			"faces": {
				"north": {"uv": [8.8, 7.6, 12, 8], "texture": "#1"},
				"east": {"uv": [4.8, 8, 11.6, 8.4], "texture": "#1"},
				"south": {"uv": [4.8, 9.2, 8, 9.6], "texture": "#1"},
				"west": {"uv": [4.8, 8.4, 11.6, 8.8], "texture": "#1"},
				"up": {"uv": [3.2, 6.8, 0, 0], "texture": "#1"},
				"down": {"uv": [6.4, 0, 3.2, 6.8], "texture": "#1"}
			}
		},
		{
			"from": [5, 1, 0.5],
			"to": [11, 2, 13.25],
			"rotation": {"angle": 0, "axis": "y", "origin": [4, 1, 13.25]},
			"faces": {
				"north": {"uv": [9.6, 3.6, 12, 4], "texture": "#1"},
				"east": {"uv": [4.8, 8.8, 10, 9.2], "texture": "#1"},
				"south": {"uv": [9.6, 4, 12, 4.4], "texture": "#1"},
				"west": {"uv": [8.8, 5.6, 14, 6], "texture": "#1"},
				"up": {"uv": [8.8, 5.2, 6.4, 0], "texture": "#1"}
			}
		},
		{
			"from": [5, 1, 15],
			"to": [11, 8, 16],
			"rotation": {"angle": 0, "axis": "y", "origin": [3, -6, 12.5]},
			"faces": {
				"north": {"uv": [6.4, 5.2, 8.8, 8], "texture": "#1"},
				"east": {"uv": [8.8, 9.2, 9.2, 12], "texture": "#1"},
				"south": {"uv": [0, 6.8, 2.4, 9.6], "texture": "#1"},
				"west": {"uv": [9.2, 9.2, 9.6, 12], "texture": "#1"},
				"up": {"uv": [2.8, 10, 0.4, 9.6], "texture": "#1"},
				"down": {"uv": [5.2, 9.6, 2.8, 10], "texture": "#1"}
			}
		},
		{
			"from": [7, 7.75, 14.5],
			"to": [9, 14.75, 15.5],
			"rotation": {"angle": 0, "axis": "y", "origin": [1, 0.75, 12]},
			"faces": {
				"north": {"uv": [8.8, 0, 9.6, 2.8], "texture": "#1"},
				"east": {"uv": [8, 9.2, 8.4, 12], "texture": "#1"},
				"south": {"uv": [8.8, 2.8, 9.6, 5.6], "texture": "#1"},
				"west": {"uv": [8.4, 9.2, 8.8, 12], "texture": "#1"},
				"up": {"uv": [5.6, 7.2, 4.8, 6.8], "texture": "#1"},
				"down": {"uv": [6.4, 6.8, 5.6, 7.2], "texture": "#1"}
			}
		},
		{
			"from": [5, 10.75, 14.525],
			"to": [11, 12.75, 15.475],
			"rotation": {"angle": 0, "axis": "y", "origin": [1, 3.75, 12]},
			"faces": {
				"north": {"uv": [8.8, 6, 11.2, 6.8], "texture": "#1"},
				"east": {"uv": [4.8, 7.2, 5.2, 8], "texture": "#1"},
				"south": {"uv": [8.8, 6.8, 11.2, 7.6], "texture": "#1"},
				"west": {"uv": [5.2, 7.2, 5.6, 8], "texture": "#1"},
				"up": {"uv": [12, 3.2, 9.6, 2.8], "texture": "#1"},
				"down": {"uv": [12, 3.2, 9.6, 3.6], "texture": "#1"}
			}
		},
		{
			"from": [5.25, 1, 14],
			"to": [10.75, 7.75, 15],
			"rotation": {"angle": 0, "axis": "y", "origin": [3, -6, 11.5]},
			"faces": {
				"north": {"uv": [2.4, 6.8, 4.6, 9.6], "texture": "#1"},
				"east": {"uv": [0, 9.6, 0.4, 12.4], "texture": "#1"},
				"west": {"uv": [9.6, 0, 10, 2.8], "texture": "#1"},
				"up": {"uv": [11.8, 4.8, 9.6, 4.4], "texture": "#1"},
				"down": {"uv": [11.8, 4.8, 9.6, 5.2], "texture": "#1"}
			}
		}
	],
	"gui_light": "front",
	"display": {
		"thirdperson_righthand": {
			"rotation": [59, 0, 0],
			"translation": [0, 8.75, 3]
		},
		"thirdperson_lefthand": {
			"rotation": [59, 0, 0],
			"translation": [0, 8.75, 3]
		},
		"firstperson_righthand": {
			"rotation": [0, 180, 0],
			"translation": [-1.5, 7.75, 2.5]
		},
		"firstperson_lefthand": {
			"rotation": [0, 180, 0],
			"translation": [-1.5, 7.75, 2.5]
		},
		"ground": {
			"translation": [0, 7.75, 0]
		},
		"gui": {
			"rotation": [0, 135, 0],
			"translation": [0, 0.5, 0]
		},
		"head": {
			"rotation": [0, 180, 0],
			"translation": [0, -19.25, 12.75],
			"scale": [3, 3, 3]
		},
		"fixed": {
			"rotation": [-90, 0, 0],
			"translation": [0, 0, -30.75],
			"scale": [4, 4, 4]
		}
	}
}