{
	"credit": "MadebyPolygonMC",
	"textures": {
		"0": "item/halloween/cosmetics/magic_wand",
		"particle": "item/halloween/cosmetics/magic_wand"
	},
	"elements": [
		{
			"from": [7.38, 0.02, 7.38],
			"to": [8.62, 0.64, 8.62],
			"rotation": {"angle": 0, "axis": "y", "origin": [8, 0.02, 8]},
			"faces": {
				"north": {"uv": [7, 1, 8, 1.5], "texture": "#0"},
				"east": {"uv": [7, 2, 8, 2.5], "texture": "#0"},
				"south": {"uv": [7, 3, 8, 3.5], "texture": "#0"},
				"west": {"uv": [7, 4, 8, 4.5], "texture": "#0"},
				"up": {"uv": [7, 1, 6, 0], "texture": "#0"},
				"down": {"uv": [7, 1, 6, 2], "texture": "#0"}
			}
		},
		{
			"from": [7.38, 4.36, 7.38],
			"to": [8.62, 5.6, 8.62],
			"rotation": {"angle": 0, "axis": "y", "origin": [6.14, 4.36, 7.38]},
			"faces": {
				"north": {"uv": [6, 2, 7, 3], "texture": "#0"},
				"east": {"uv": [6, 3, 7, 4], "texture": "#0"},
				"south": {"uv": [6, 4, 7, 5], "texture": "#0"},
				"west": {"uv": [6, 5, 7, 6], "texture": "#0"},
				"up": {"uv": [7, 7, 6, 6], "texture": "#0"},
				"down": {"uv": [8, 0, 7, 1], "texture": "#0"}
			}
		},
		{
			"from": [7.504, 0.64, 7.504],
			"to": [8.496, 4.36, 8.496],
			"rotation": {"angle": 0, "axis": "y", "origin": [6.14, 0.64, 7.38]},
			"faces": {
				"north": {"uv": [0, 0, 1, 3.5], "texture": "#0"},
				"east": {"uv": [1, 0, 0, 3.5], "texture": "#0"},
				"south": {"uv": [0, 0, 1, 3.5], "texture": "#0"},
				"west": {"uv": [1, 0, 0, 3.5], "texture": "#0"}
			}
		},
		{
			"from": [7.628, 5.6, 7.628],
			"to": [8.372, 10.56, 8.372],
			"rotation": {"angle": 0, "axis": "y", "origin": [6.14, 5.6, 7.38]},
			"faces": {
				"north": {"uv": [0, 4, 0.5, 9], "texture": "#0"},
				"east": {"uv": [4, 0, 4.5, 5], "texture": "#0"},
				"south": {"uv": [1, 4, 1.5, 9], "texture": "#0"},
				"west": {"uv": [2, 4, 2.5, 9], "texture": "#0"},
				"up": {"uv": [7.5, 5.5, 7, 5], "texture": "#0"}
			}
		},
		{
			"from": [7.752, 10.56, 7.752],
			"to": [8.248, 14.28, 8.248],
			"rotation": {"angle": 0, "axis": "y", "origin": [6.14, 9.32, 7.38]},
			"faces": {
				"north": {"uv": [3, 4, 3.5, 7.5], "texture": "#0"},
				"east": {"uv": [5, 0, 5.5, 3.5], "texture": "#0"},
				"south": {"uv": [4, 5, 4.5, 8.5], "texture": "#0"},
				"west": {"uv": [5, 4, 5.5, 7.5], "texture": "#0"},
				"up": {"uv": [6.5, 7.5, 6, 7], "texture": "#0"}
			}
		}
	],
	"gui_light": "front",
	"display": {
		"thirdperson_righthand": {
			"translation": [0, 3.5, 0.75]
		},
		"thirdperson_lefthand": {
			"translation": [0, 3.5, 0.75]
		},
		"firstperson_righthand": {
			"rotation": [-26, 0, 0],
			"translation": [-3.5, 7, 3.75]
		},
		"firstperson_lefthand": {
			"rotation": [-26, 0, 0],
			"translation": [-3.5, 7, 3.75]
		},
		"ground": {
			"translation": [0, 11.75, 0],
			"scale": [1.36523, 1.36523, 1.36523]
		},
		"gui": {
			"rotation": [0, 0, 45],
			"translation": [-1.25, 1.25, 0],
			"scale": [1.53711, 1.53711, 1.53711]
		},
		"head": {
			"scale": [1.5, 1.5, 1.5]
		},
		"fixed": {
			"rotation": [0, 0, -45],
			"translation": [1.25, 1.25, -1],
			"scale": [1.66602, 1.66602, 1.66602]
		}
	}
}