{
	"credit": "Made with Blockbench",
	"texture_size": [32, 32],
	"textures": {
		"1": "item/halloween/cosmetics/pumpkin_backpack"
	},
	"elements": [
		{
			"from": [4, 1, 4],
			"to": [12, 9, 12],
			"rotation": {"angle": 0, "axis": "y", "origin": [7, 1, 7]},
			"faces": {
				"north": {"uv": [0, 0, 4, 4], "texture": "#1"},
				"east": {"uv": [0, 4, 4, 8], "texture": "#1"},
				"south": {"uv": [4, 0, 8, 4], "texture": "#1"},
				"west": {"uv": [4, 4, 8, 8], "texture": "#1"},
				"up": {"uv": [4, 12, 0, 8], "texture": "#1"},
				"down": {"uv": [12, 0, 8, 4], "texture": "#1"}
			}
		},
		{
			"from": [6, 9, 8],
			"to": [10, 13, 8],
			"rotation": {"angle": 45, "axis": "y", "origin": [8, 11, 8]},
			"faces": {
				"north": {"uv": [11, 4, 13, 6], "texture": "#1"},
				"east": {"uv": [0, 0, 0, 2], "texture": "#1"},
				"south": {"uv": [11, 6, 13, 8], "texture": "#1"},
				"west": {"uv": [0, 0, 0, 2], "texture": "#1"},
				"up": {"uv": [2, 0, 0, 0], "texture": "#1"},
				"down": {"uv": [2, 0, 0, 0], "texture": "#1"}
			}
		},
		{
			"from": [2, 2, 8],
			"to": [8, 11, 8],
			"rotation": {"angle": 0, "axis": "y", "origin": [2, 9, 8]},
			"faces": {
				"north": {"uv": [7, 8.5, 10, 13], "texture": "#1"},
				"east": {"uv": [0, 0, 0, 4.5], "texture": "#1"},
				"south": {"uv": [10, 8.5, 13, 13], "texture": "#1"},
				"west": {"uv": [0, 0, 0, 4.5], "texture": "#1"},
				"up": {"uv": [3, 0, 0, 0], "texture": "#1"},
				"down": {"uv": [3, 0, 0, 0], "texture": "#1"}
			}
		},
		{
			"from": [7.575, 2, 10.15],
			"to": [13.575, 11, 10.15],
			"rotation": {"angle": -22.5, "axis": "y", "origin": [13.575, 9, 10.15]},
			"faces": {
				"north": {"uv": [4, 8, 7, 12.5], "texture": "#1"},
				"east": {"uv": [0, 0, 0, 4.5], "texture": "#1"},
				"south": {"uv": [8, 4, 11, 8.5], "texture": "#1"},
				"west": {"uv": [0, 0, 0, 4.5], "texture": "#1"},
				"up": {"uv": [3, 0, 0, 0], "texture": "#1"},
				"down": {"uv": [3, 0, 0, 0], "texture": "#1"}
			}
		},
		{
			"from": [4, 9, 11.999],
			"to": [5.5, 11, 11.999],
			"rotation": {"angle": 0, "axis": "y", "origin": [5.5, 2, 11.999]},
			"faces": {
				"north": {"uv": [1, 12, 1.75, 13], "texture": "#1"},
				"east": {"uv": [0, 0, 0, 1], "texture": "#1"},
				"south": {"uv": [1.75, 12, 1, 13], "texture": "#1"},
				"west": {"uv": [0, 0, 0, 1], "texture": "#1"},
				"up": {"uv": [0.75, 0, 0, 0], "texture": "#1"},
				"down": {"uv": [0.75, 0, 0, 0], "texture": "#1"}
			}
		},
		{
			"from": [4, 10.999, 12],
			"to": [5.5, 10.999, 16.25],
			"rotation": {"angle": 0, "axis": "x", "origin": [4.75, 10.999, 13]},
			"faces": {
				"north": {"uv": [0, 0, 0.75, 0], "texture": "#1"},
				"east": {"uv": [0, 0, 2.25, 0], "texture": "#1"},
				"south": {"uv": [0, 0, 0.75, 0], "texture": "#1"},
				"west": {"uv": [0, 0, 2.25, 0], "texture": "#1"},
				"up": {"uv": [12.75, 2.25, 12, 0], "texture": "#1"},
				"down": {"uv": [12, 0, 12.75, 2.25], "texture": "#1"}
			}
		},
		{
			"from": [4, 2.999, 12],
			"to": [5.5, 2.999, 16.25],
			"rotation": {"angle": 0, "axis": "x", "origin": [4.75, 2.999, 13]},
			"faces": {
				"north": {"uv": [0, 0, 0.75, 0], "texture": "#1"},
				"east": {"uv": [0, 0, 2.25, 0], "texture": "#1"},
				"south": {"uv": [0, 0, 0.75, 0], "texture": "#1"},
				"west": {"uv": [0, 0, 2.25, 0], "texture": "#1"},
				"up": {"uv": [12.75, 2.25, 12, 0], "texture": "#1"},
				"down": {"uv": [12, 0, 12.75, 2.25], "texture": "#1"}
			}
		},
		{
			"from": [4, 3, 16.249],
			"to": [5.5, 11, 16.249],
			"rotation": {"angle": 0, "axis": "y", "origin": [5.5, 2, 12.249]},
			"faces": {
				"north": {"uv": [0, 12, 0.75, 16], "texture": "#1"},
				"east": {"uv": [0, 0, 0, 4], "texture": "#1"},
				"south": {"uv": [0, 12, 0.75, 16], "texture": "#1"},
				"west": {"uv": [0, 0, 0, 4], "texture": "#1"},
				"up": {"uv": [0.75, 0, 0, 0], "texture": "#1"},
				"down": {"uv": [0.75, 0, 0, 0], "texture": "#1"}
			}
		},
		{
			"from": [10.5, 2.999, 12],
			"to": [12, 2.999, 16.25],
			"rotation": {"angle": 0, "axis": "x", "origin": [11.25, 2.999, 13]},
			"faces": {
				"north": {"uv": [0.75, 0, 0, 0], "texture": "#1"},
				"east": {"uv": [2.25, 0, 0, 0], "texture": "#1"},
				"south": {"uv": [0.75, 0, 0, 0], "texture": "#1"},
				"west": {"uv": [2.25, 0, 0, 0], "texture": "#1"},
				"up": {"uv": [12, 2.25, 12.75, 0], "texture": "#1"},
				"down": {"uv": [12.75, 0, 12, 2.25], "texture": "#1"}
			}
		},
		{
			"from": [10.5, 3, 16.249],
			"to": [12, 11, 16.249],
			"rotation": {"angle": 0, "axis": "y", "origin": [10.5, 2, 12.249]},
			"faces": {
				"north": {"uv": [0.75, 12, 0, 16], "texture": "#1"},
				"east": {"uv": [0, 0, 0, 4], "texture": "#1"},
				"south": {"uv": [0.75, 12, 0, 16], "texture": "#1"},
				"west": {"uv": [0, 0, 0, 4], "texture": "#1"},
				"up": {"uv": [0, 0, 0.75, 0], "texture": "#1"},
				"down": {"uv": [0, 0, 0.75, 0], "texture": "#1"}
			}
		},
		{
			"from": [10.5, 10.999, 12],
			"to": [12, 10.999, 16.25],
			"rotation": {"angle": 0, "axis": "x", "origin": [11.25, 10.999, 13]},
			"faces": {
				"north": {"uv": [0.75, 0, 0, 0], "texture": "#1"},
				"east": {"uv": [2.25, 0, 0, 0], "texture": "#1"},
				"south": {"uv": [0.75, 0, 0, 0], "texture": "#1"},
				"west": {"uv": [2.25, 0, 0, 0], "texture": "#1"},
				"up": {"uv": [12, 2.25, 12.75, 0], "texture": "#1"},
				"down": {"uv": [12.75, 0, 12, 2.25], "texture": "#1"}
			}
		},
		{
			"from": [10.5, 9, 11.999],
			"to": [12, 11, 11.999],
			"rotation": {"angle": 0, "axis": "y", "origin": [10.5, 2, 11.999]},
			"faces": {
				"north": {"uv": [1.75, 12, 1, 13], "texture": "#1"},
				"east": {"uv": [0, 0, 0, 1], "texture": "#1"},
				"south": {"uv": [1, 12, 1.75, 13], "texture": "#1"},
				"west": {"uv": [0, 0, 0, 1], "texture": "#1"},
				"up": {"uv": [0, 0, 0.75, 0], "texture": "#1"},
				"down": {"uv": [0, 0, 0.75, 0], "texture": "#1"}
			}
		}
	],
	"gui_light": "front",
	"display": {
		"thirdperson_righthand": {
			"rotation": [55.5, 0, 0],
			"translation": [0, 1.75, -2],
			"scale": [0.70117, 0.70117, 0.70117]
		},
		"thirdperson_lefthand": {
			"rotation": [-112.25, 0, -180],
			"translation": [-5.5, -8, 11.5]
		},
		"firstperson_righthand": {
			"rotation": [-20, 180, 0],
			"translation": [-3.25, 7.75, 0]
		},
		"firstperson_lefthand": {
			"rotation": [-20, 180, 0],
			"translation": [-3.25, 7.75, 0],
			"scale": [0, 0, 0]
		},
		"ground": {
			"translation": [0, 8.25, 0]
		},
		"gui": {
			"rotation": [0, 156, 0],
			"translation": [-1.25, 1.75, 0],
			"scale": [1.33985, 1.33985, 1.33985]
		},
		"head": {
			"rotation": [0, 180, 0],
			"translation": [0, -80, 9.75],
			"scale": [1.61133, 1.61133, 1.61133]
		},
		"fixed": {
			"rotation": [-90, 0, 0],
			"translation": [0, 0, -20],
			"scale": [3.05859, 3.05859, 3.05859]
		}
	}
}