{
	"credit": "www.pixelmine.com",
	"texture_size": [64, 64],
	"textures": {
		"0": "item/halloween/cosmetics/wings_19",
		"particle": "item/halloween/cosmetics/wings_19"
	},
	"elements": [
		{
			"from": [-4.89264, 2.23475, 1.01184],
			"to": [-4.89264, 7.22883, 20.98816],
			"rotation": {"angle": -22.5, "axis": "z", "origin": [0.00222, 8.52469, 11]},
			"faces": {
				"east": {"uv": [1.33333, 0, 0, 5.33333], "rotation": 90, "texture": "#0"},
				"west": {"uv": [1.33333, 5.33333, 0, 0], "rotation": 90, "texture": "#0"}
			}
		},
		{
			"from": [-4.37599, 11.06928, 2.01184],
			"to": [0.61809, 11.06928, 21.98816],
			"rotation": {"angle": 22.5, "axis": "z", "origin": [0.00222, 8.52469, 12]},
			"faces": {
				"up": {"uv": [1.33333, 0, 2.66667, 5.33333], "texture": "#0"},
				"down": {"uv": [1.33333, 5.33333, 2.66667, 0], "texture": "#0"}
			}
		},
		{
			"from": [-1.36229, 10.75918, 2.01184],
			"to": [3.63179, 10.75918, 21.98816],
			"rotation": {"angle": -22.5, "axis": "z", "origin": [0.00222, 8.52469, 12]},
			"faces": {
				"up": {"uv": [2.66667, 0, 4, 5.33333], "texture": "#0"},
				"down": {"uv": [2.66667, 5.33333, 4, 0], "texture": "#0"}
			}
		},
		{
			"from": [2.50002, 11.97799, 2.01184],
			"to": [7.4941, 11.97799, 21.98816],
			"rotation": {"angle": -45, "axis": "z", "origin": [0.00222, 8.52469, 12]},
			"faces": {
				"up": {"uv": [4, 0, 5.33333, 5.33333], "texture": "#0"},
				"down": {"uv": [4, 5.33333, 5.33333, 0], "texture": "#0"}
			}
		},
		{
			"from": [-5.92384, 15.05253, 2.02368],
			"to": [-0.92976, 15.05253, 22],
			"rotation": {"angle": -22.5, "axis": "z", "origin": [1.02076, 20.27815, 12.01184]},
			"faces": {
				"up": {"uv": [5.33333, 0, 6.66667, 5.32917], "texture": "#0"},
				"down": {"uv": [5.33333, 5.32917, 6.66667, 0], "texture": "#0"}
			}
		},
		{
			"from": [-4.27358, 12.19624, 2.02368],
			"to": [0.7205, 12.19624, 22],
			"rotation": {"angle": -45, "axis": "z", "origin": [1.30162, 12.39434, 12.01184]},
			"faces": {
				"up": {"uv": [6.66667, 0, 8, 5.32917], "texture": "#0"},
				"down": {"uv": [6.66667, 5.32917, 8, 0], "texture": "#0"}
			}
		},
		{
			"from": [1.57151, 8.28563, 2.02368],
			"to": [1.57151, 13.27971, 22],
			"rotation": {"angle": 45, "axis": "z", "origin": [1.87591, 11.99363, 12.01184]},
			"faces": {
				"east": {"uv": [8, 0, 9.33333, 5.32917], "rotation": 90, "texture": "#0"},
				"west": {"uv": [8, 5.32917, 9.33333, 0], "rotation": 90, "texture": "#0"}
			}
		},
		{
			"from": [2.76943, 5.78548, 2.02368],
			"to": [7.76351, 5.78548, 22],
			"rotation": {"angle": -45, "axis": "z", "origin": [7.64342, 5.79589, 12.01184]},
			"faces": {
				"up": {"uv": [9.33333, 0, 10.66667, 5.32917], "texture": "#0"},
				"down": {"uv": [9.33333, 5.32917, 10.66667, 0], "texture": "#0"}
			}
		},
		{
			"from": [-4.40804, 19.37447, 2.02368],
			"to": [0.58604, 19.37447, 22],
			"rotation": {"angle": -22.5, "axis": "z", "origin": [-1.911, 19.37447, 12.01184]},
			"faces": {
				"up": {"uv": [10.66667, 0, 12, 5.33333], "texture": "#0"},
				"down": {"uv": [10.66667, 5.33333, 12, 0], "texture": "#0"}
			}
		},
		{
			"from": [1.35192, 13.61581, 2.02368],
			"to": [1.35192, 18.60989, 22],
			"rotation": {"angle": 22.5, "axis": "z", "origin": [1.35192, 16.11285, 12.01184]},
			"faces": {
				"east": {"uv": [13.33333, 5.33333, 12, 0], "rotation": 270, "texture": "#0"},
				"west": {"uv": [13.33333, 0, 12, 5.33333], "rotation": 270, "texture": "#0"}
			}
		},
		{
			"from": [0.53413, 10.4811, 2.02368],
			"to": [5.52821, 10.4811, 22],
			"rotation": {"angle": -45, "axis": "z", "origin": [5.43298, 10.00335, 12.01184]},
			"faces": {
				"up": {"uv": [13.33333, 0, 14.66667, 5.33333], "texture": "#0"},
				"down": {"uv": [13.33333, 5.33333, 14.66667, 0], "texture": "#0"}
			}
		},
		{
			"from": [5.91166, 5.10488, 2.02368],
			"to": [5.91166, 10.09896, 22],
			"rotation": {"angle": 22.5, "axis": "z", "origin": [5.43391, 10.00373, 12.01184]},
			"faces": {
				"east": {"uv": [16, 5.33333, 14.66667, 0], "rotation": 270, "texture": "#0"},
				"west": {"uv": [16, 0, 14.66667, 5.33333], "rotation": 270, "texture": "#0"}
			}
		},
		{
			"from": [-8.93576, 14.6545, 2.02368],
			"to": [-3.94168, 14.6545, 22],
			"rotation": {"angle": -45, "axis": "z", "origin": [-4.12351, 14.63647, 12.01184]},
			"faces": {
				"up": {"uv": [0, 5.33333, 1.33333, 10.66667], "texture": "#0"},
				"down": {"uv": [0, 10.66667, 1.33333, 5.33333], "texture": "#0"}
			}
		},
		{
			"from": [-6.78491, 3.82042, 2.02368],
			"to": [-1.79083, 3.82042, 22],
			"rotation": {"angle": -45, "axis": "z", "origin": [7.60268, 5.86544, 12.01184]},
			"faces": {
				"up": {"uv": [1.33333, 5.33333, 2.66667, 10.66667], "texture": "#0"},
				"down": {"uv": [1.33333, 10.66667, 2.66667, 5.33333], "texture": "#0"}
			}
		},
		{
			"from": [-1.85839, 7.56984, 2.02368],
			"to": [3.13569, 7.56984, 22],
			"rotation": {"angle": -22.5, "axis": "z", "origin": [7.60268, 5.86544, 12.01184]},
			"faces": {
				"up": {"uv": [2.66667, 5.33333, 4, 10.66667], "texture": "#0"},
				"down": {"uv": [2.66667, 10.66667, 4, 5.33333], "texture": "#0"}
			}
		},
		{
			"from": [2.82309, 5.73157, 2.02368],
			"to": [7.81717, 5.73157, 22],
			"rotation": {"angle": -45, "axis": "z", "origin": [7.60268, 5.86544, 12.01184]},
			"faces": {
				"up": {"uv": [4, 5.33333, 5.33333, 10.66667], "texture": "#0"},
				"down": {"uv": [4, 10.66667, 5.33333, 5.33333], "texture": "#0"}
			}
		},
		{
			"from": [-11.43272, 9.52918, 2.02368],
			"to": [-6.43864, 9.52918, 22],
			"rotation": {"angle": -45, "axis": "z", "origin": [-6.39732, 9.46544, 12.01184]},
			"faces": {
				"up": {"uv": [5.33333, 5.33333, 6.66667, 10.66667], "texture": "#0"},
				"down": {"uv": [5.33333, 10.66667, 6.66667, 5.33333], "texture": "#0"}
			}
		},
		{
			"from": [-6.97251, 7.36353, 2.02368],
			"to": [-1.97843, 7.36353, 22],
			"rotation": {"angle": -22.5, "axis": "z", "origin": [-1.39732, 7.16544, 12.01184]},
			"faces": {
				"up": {"uv": [6.66667, 5.33333, 8, 10.66667], "texture": "#0"},
				"down": {"uv": [6.66667, 10.66667, 8, 5.33333], "texture": "#0"}
			}
		},
		{
			"from": [-1.85839, 7.56984, 2.02368],
			"to": [3.13569, 7.56984, 22],
			"rotation": {"angle": 0, "axis": "y", "origin": [-1.39732, 7.16544, 12.01184]},
			"faces": {
				"up": {"uv": [8, 5.33333, 9.33333, 10.66667], "texture": "#0"},
				"down": {"uv": [8, 10.66667, 9.33333, 5.33333], "texture": "#0"}
			}
		},
		{
			"from": [2.63549, 9.27468, 2.02368],
			"to": [7.62957, 9.27468, 22],
			"rotation": {"angle": -22.5, "axis": "z", "origin": [-1.39732, 7.16544, 12.01184]},
			"faces": {
				"up": {"uv": [9.33333, 5.33333, 10.66667, 10.66667], "texture": "#0"},
				"down": {"uv": [9.33333, 10.66667, 10.66667, 5.33333], "texture": "#0"}
			}
		},
		{
			"from": [-9.10985, -3.13502, 2.02368],
			"to": [-4.11577, -3.13502, 22],
			"rotation": {"angle": -22.5, "axis": "z", "origin": [7.614, 6.12553, 12.01184]},
			"faces": {
				"up": {"uv": [10.66667, 5.33333, 12, 10.66667], "texture": "#0"},
				"down": {"uv": [10.66667, 10.66667, 12, 5.33333], "texture": "#0"}
			}
		},
		{
			"from": [-7.22911, 7.87083, 2.02368],
			"to": [-2.23503, 7.87083, 22],
			"rotation": {"angle": 22.5, "axis": "z", "origin": [7.614, 6.12553, 12.01184]},
			"faces": {
				"up": {"uv": [12, 5.33333, 13.33333, 10.66667], "texture": "#0"},
				"down": {"uv": [12, 10.66667, 13.33333, 5.33333], "texture": "#0"}
			}
		},
		{
			"from": [-2.15321, 3.79491, 2.02368],
			"to": [2.84087, 3.79491, 22],
			"rotation": {"angle": 22.5, "axis": "z", "origin": [-2.58117, 3.86991, 12.01184]},
			"faces": {
				"up": {"uv": [13.33333, 5.33333, 14.66667, 10.66667], "texture": "#0"},
				"down": {"uv": [13.33333, 10.66667, 14.66667, 5.33333], "texture": "#0"}
			}
		},
		{
			"from": [2.45391, 5.85967, 2.02368],
			"to": [7.44799, 5.85967, 22],
			"rotation": {"angle": 0, "axis": "y", "origin": [7.689, 6.02553, 12.01184]},
			"faces": {
				"up": {"uv": [14.66667, 5.33333, 16, 10.66667], "texture": "#0"},
				"down": {"uv": [14.66667, 10.66667, 16, 5.33333], "texture": "#0"}
			}
		},
		{
			"from": [-5.44884, -3.25253, 2.02368],
			"to": [-0.45476, -3.25253, 22],
			"rotation": {"angle": 22.5, "axis": "z", "origin": [1.49576, -8.47815, 12.01184]},
			"faces": {
				"up": {"uv": [0, 10.66667, 1.33333, 16], "texture": "#0"},
				"down": {"uv": [0, 16, 1.33333, 10.66667], "texture": "#0"}
			}
		},
		{
			"from": [-3.79858, -0.39624, 2.02368],
			"to": [1.1955, -0.39624, 22],
			"rotation": {"angle": 45, "axis": "z", "origin": [1.77662, -0.59434, 12.01184]},
			"faces": {
				"up": {"uv": [1.33333, 10.66667, 2.66667, 16], "texture": "#0"},
				"down": {"uv": [1.33333, 16, 2.66667, 10.66667], "texture": "#0"}
			}
		},
		{
			"from": [1.37151, -1.05471, 2.02368],
			"to": [1.37151, 3.93937, 22],
			"rotation": {"angle": -22.5, "axis": "z", "origin": [1.77591, -0.59363, 12.01184]},
			"faces": {
				"east": {"uv": [4, 10.66667, 2.66667, 16], "rotation": 90, "texture": "#0"},
				"west": {"uv": [4, 16, 2.66667, 10.66667], "rotation": 90, "texture": "#0"}
			}
		},
		{
			"from": [4.25061, 2.3658, 2.02368],
			"to": [9.24469, 2.3658, 22],
			"rotation": {"angle": 22.5, "axis": "z", "origin": [0.2178, 0.25655, 12.01184]},
			"faces": {
				"up": {"uv": [4, 10.66667, 5.33333, 16], "texture": "#0"},
				"down": {"uv": [4, 16, 5.33333, 10.66667], "texture": "#0"}
			}
		},
		{
			"from": [-0.47192, -9.72158, 2.01184],
			"to": [-0.47192, -4.7275, 21.98816],
			"rotation": {"angle": -22.5, "axis": "z", "origin": [7.5654, 5.82392, 12]},
			"faces": {
				"east": {"uv": [6.66667, 10.66667, 5.33333, 16], "rotation": 90, "texture": "#0"},
				"west": {"uv": [6.66667, 16, 5.33333, 10.66667], "rotation": 90, "texture": "#0"}
			}
		},
		{
			"from": [-0.45657, -4.7442, 2.01184],
			"to": [-0.45657, 0.24988, 21.98816],
			"rotation": {"angle": -22.5, "axis": "z", "origin": [7.5654, 5.82392, 12]},
			"faces": {
				"east": {"uv": [6.66667, 16, 8, 10.66667], "rotation": 270, "texture": "#0"},
				"west": {"uv": [6.66667, 10.66667, 8, 16], "rotation": 270, "texture": "#0"}
			}
		},
		{
			"from": [-2.04914, 7.55457, 2.01184],
			"to": [2.94494, 7.55457, 21.98816],
			"rotation": {"angle": 22.5, "axis": "z", "origin": [7.5654, 5.82392, 12]},
			"faces": {
				"up": {"uv": [8, 10.66667, 9.33333, 16], "texture": "#0"},
				"down": {"uv": [8, 16, 9.33333, 10.66667], "texture": "#0"}
			}
		},
		{
			"from": [2.63398, 5.65459, 2.01184],
			"to": [7.62806, 5.65459, 21.98816],
			"rotation": {"angle": 0, "axis": "y", "origin": [7.5654, 5.82392, 12]},
			"faces": {
				"up": {"uv": [9.33333, 10.66667, 10.66667, 16], "texture": "#0"},
				"down": {"uv": [9.33333, 16, 10.66667, 10.66667], "texture": "#0"}
			}
		},
		{
			"from": [-0.47192, -9.72158, 2.01184],
			"to": [-0.47192, -4.7275, 21.98816],
			"rotation": {"angle": -45, "axis": "z", "origin": [7.5654, 5.82392, 12]},
			"faces": {
				"east": {"uv": [12, 10.66667, 10.66667, 16], "rotation": 90, "texture": "#0"},
				"west": {"uv": [12, 16, 10.66667, 10.66667], "rotation": 90, "texture": "#0"}
			}
		},
		{
			"from": [-0.45657, -4.7442, 2.01184],
			"to": [-0.45657, 0.24988, 21.98816],
			"rotation": {"angle": -45, "axis": "z", "origin": [7.5654, 5.82392, 12]},
			"faces": {
				"east": {"uv": [12, 16, 13.33333, 10.66667], "rotation": 270, "texture": "#0"},
				"west": {"uv": [12, 10.66667, 13.33333, 16], "rotation": 270, "texture": "#0"}
			}
		},
		{
			"from": [-2.04914, 7.55457, 2.01184],
			"to": [2.94494, 7.55457, 21.98816],
			"rotation": {"angle": 0, "axis": "y", "origin": [7.5654, 5.82392, 12]},
			"faces": {
				"up": {"uv": [13.33333, 10.66667, 14.66667, 16], "texture": "#0"},
				"down": {"uv": [13.33333, 16, 14.66667, 10.66667], "texture": "#0"}
			}
		},
		{
			"from": [2.63398, 5.65459, 2.01184],
			"to": [7.62806, 5.65459, 21.98816],
			"rotation": {"angle": -22.5, "axis": "z", "origin": [7.5654, 5.82392, 12]},
			"faces": {
				"up": {"uv": [14.66667, 10.66667, 16, 16], "texture": "#0"},
				"down": {"uv": [14.66667, 16, 16, 10.66667], "texture": "#0"}
			}
		},
		{
			"from": [20.89264, 2.23475, 2.01184],
			"to": [20.89264, 7.22883, 21.98816],
			"rotation": {"angle": 22.5, "axis": "z", "origin": [15.99778, 8.52469, 12]},
			"faces": {
				"east": {"uv": [1.33333, 0, 0, 5.33333], "rotation": 90, "texture": "#0"},
				"west": {"uv": [1.33333, 5.33333, 0, 0], "rotation": 90, "texture": "#0"}
			}
		},
		{
			"from": [15.38191, 11.06928, 2.01184],
			"to": [20.37599, 11.06928, 21.98816],
			"rotation": {"angle": -22.5, "axis": "z", "origin": [15.99778, 8.52469, 12]},
			"faces": {
				"up": {"uv": [2.66667, 0, 1.33333, 5.33333], "texture": "#0"},
				"down": {"uv": [2.66667, 5.33333, 1.33333, 0], "texture": "#0"}
			}
		},
		{
			"from": [12.36821, 10.75918, 2.01184],
			"to": [17.36229, 10.75918, 21.98816],
			"rotation": {"angle": 22.5, "axis": "z", "origin": [15.99778, 8.52469, 12]},
			"faces": {
				"up": {"uv": [4, 0, 2.66667, 5.33333], "texture": "#0"},
				"down": {"uv": [4, 5.33333, 2.66667, 0], "texture": "#0"}
			}
		},
		{
			"from": [8.5059, 11.97799, 2.01184],
			"to": [13.49998, 11.97799, 21.98816],
			"rotation": {"angle": 45, "axis": "z", "origin": [15.99778, 8.52469, 12]},
			"faces": {
				"up": {"uv": [5.33333, 0, 4, 5.33333], "texture": "#0"},
				"down": {"uv": [5.33333, 5.33333, 4, 0], "texture": "#0"}
			}
		},
		{
			"from": [16.92976, 15.05253, 2.02368],
			"to": [21.92384, 15.05253, 22],
			"rotation": {"angle": 22.5, "axis": "z", "origin": [14.97924, 20.27815, 12.01184]},
			"faces": {
				"up": {"uv": [6.66667, 0, 5.33333, 5.32917], "texture": "#0"},
				"down": {"uv": [6.66667, 5.32917, 5.33333, 0], "texture": "#0"}
			}
		},
		{
			"from": [15.2795, 12.19624, 2.02368],
			"to": [20.27358, 12.19624, 22],
			"rotation": {"angle": 45, "axis": "z", "origin": [14.69838, 12.39434, 12.01184]},
			"faces": {
				"up": {"uv": [8, 0, 6.66667, 5.32917], "texture": "#0"},
				"down": {"uv": [8, 5.32917, 6.66667, 0], "texture": "#0"}
			}
		},
		{
			"from": [14.42849, 8.28563, 2.02368],
			"to": [14.42849, 13.27971, 22],
			"rotation": {"angle": -45, "axis": "z", "origin": [14.12409, 11.99363, 12.01184]},
			"faces": {
				"east": {"uv": [8, 0, 9.33333, 5.32917], "rotation": 90, "texture": "#0"},
				"west": {"uv": [8, 5.32917, 9.33333, 0], "rotation": 90, "texture": "#0"}
			}
		},
		{
			"from": [8.23649, 5.78548, 2.02368],
			"to": [13.23057, 5.78548, 22],
			"rotation": {"angle": 45, "axis": "z", "origin": [8.35658, 5.79589, 12.01184]},
			"faces": {
				"up": {"uv": [10.66667, 0, 9.33333, 5.32917], "texture": "#0"},
				"down": {"uv": [10.66667, 5.32917, 9.33333, 0], "texture": "#0"}
			}
		},
		{
			"from": [15.41396, 19.37447, 2.02368],
			"to": [20.40804, 19.37447, 22],
			"rotation": {"angle": 22.5, "axis": "z", "origin": [17.911, 19.37447, 12.01184]},
			"faces": {
				"up": {"uv": [12, 0, 10.66667, 5.33333], "texture": "#0"},
				"down": {"uv": [12, 5.33333, 10.66667, 0], "texture": "#0"}
			}
		},
		{
			"from": [14.64808, 13.61581, 2.02368],
			"to": [14.64808, 18.60989, 22],
			"rotation": {"angle": -22.5, "axis": "z", "origin": [14.64808, 16.11285, 12.01184]},
			"faces": {
				"east": {"uv": [13.33333, 5.33333, 12, 0], "rotation": 270, "texture": "#0"},
				"west": {"uv": [13.33333, 0, 12, 5.33333], "rotation": 270, "texture": "#0"}
			}
		},
		{
			"from": [10.47179, 10.4811, 2.02368],
			"to": [15.46587, 10.4811, 22],
			"rotation": {"angle": 45, "axis": "z", "origin": [10.56702, 10.00335, 12.01184]},
			"faces": {
				"up": {"uv": [14.66667, 0, 13.33333, 5.33333], "texture": "#0"},
				"down": {"uv": [14.66667, 5.33333, 13.33333, 0], "texture": "#0"}
			}
		},
		{
			"from": [10.08834, 5.10488, 2.02368],
			"to": [10.08834, 10.09896, 22],
			"rotation": {"angle": -22.5, "axis": "z", "origin": [10.56609, 10.00373, 12.01184]},
			"faces": {
				"east": {"uv": [16, 5.33333, 14.66667, 0], "rotation": 270, "texture": "#0"},
				"west": {"uv": [16, 0, 14.66667, 5.33333], "rotation": 270, "texture": "#0"}
			}
		},
		{
			"from": [19.94168, 14.6545, 2.02368],
			"to": [24.93576, 14.6545, 22],
			"rotation": {"angle": 45, "axis": "z", "origin": [20.12351, 14.63647, 12.01184]},
			"faces": {
				"up": {"uv": [1.33333, 5.33333, 0, 10.66667], "texture": "#0"},
				"down": {"uv": [1.33333, 10.66667, 0, 5.33333], "texture": "#0"}
			}
		},
		{
			"from": [17.79083, 3.82042, 2.02368],
			"to": [22.78491, 3.82042, 22],
			"rotation": {"angle": 45, "axis": "z", "origin": [8.39732, 5.86544, 12.01184]},
			"faces": {
				"up": {"uv": [2.66667, 5.33333, 1.33333, 10.66667], "texture": "#0"},
				"down": {"uv": [2.66667, 10.66667, 1.33333, 5.33333], "texture": "#0"}
			}
		},
		{
			"from": [12.86431, 7.56984, 2.02368],
			"to": [17.85839, 7.56984, 22],
			"rotation": {"angle": 22.5, "axis": "z", "origin": [8.39732, 5.86544, 12.01184]},
			"faces": {
				"up": {"uv": [4, 5.33333, 2.66667, 10.66667], "texture": "#0"},
				"down": {"uv": [4, 10.66667, 2.66667, 5.33333], "texture": "#0"}
			}
		},
		{
			"from": [8.18283, 5.73157, 2.02368],
			"to": [13.17691, 5.73157, 22],
			"rotation": {"angle": 45, "axis": "z", "origin": [8.39732, 5.86544, 12.01184]},
			"faces": {
				"up": {"uv": [5.33333, 5.33333, 4, 10.66667], "texture": "#0"},
				"down": {"uv": [5.33333, 10.66667, 4, 5.33333], "texture": "#0"}
			}
		},
		{
			"from": [22.43864, 9.52918, 2.02368],
			"to": [27.43272, 9.52918, 22],
			"rotation": {"angle": 45, "axis": "z", "origin": [22.39732, 9.46544, 12.01184]},
			"faces": {
				"up": {"uv": [6.66667, 5.33333, 5.33333, 10.66667], "texture": "#0"},
				"down": {"uv": [6.66667, 10.66667, 5.33333, 5.33333], "texture": "#0"}
			}
		},
		{
			"from": [17.97843, 7.36353, 2.02368],
			"to": [22.97251, 7.36353, 22],
			"rotation": {"angle": 22.5, "axis": "z", "origin": [17.39732, 7.16544, 12.01184]},
			"faces": {
				"up": {"uv": [8, 5.33333, 6.66667, 10.66667], "texture": "#0"},
				"down": {"uv": [8, 10.66667, 6.66667, 5.33333], "texture": "#0"}
			}
		},
		{
			"from": [12.86431, 7.56984, 2.02368],
			"to": [17.85839, 7.56984, 22],
			"rotation": {"angle": 0, "axis": "y", "origin": [17.39732, 7.16544, 12.01184]},
			"faces": {
				"up": {"uv": [9.33333, 5.33333, 8, 10.66667], "texture": "#0"},
				"down": {"uv": [9.33333, 10.66667, 8, 5.33333], "texture": "#0"}
			}
		},
		{
			"from": [8.37043, 9.27468, 2.02368],
			"to": [13.36451, 9.27468, 22],
			"rotation": {"angle": 22.5, "axis": "z", "origin": [17.39732, 7.16544, 12.01184]},
			"faces": {
				"up": {"uv": [10.66667, 5.33333, 9.33333, 10.66667], "texture": "#0"},
				"down": {"uv": [10.66667, 10.66667, 9.33333, 5.33333], "texture": "#0"}
			}
		},
		{
			"from": [20.11577, -3.13502, 2.02368],
			"to": [25.10985, -3.13502, 22],
			"rotation": {"angle": 22.5, "axis": "z", "origin": [8.386, 6.12553, 12.01184]},
			"faces": {
				"up": {"uv": [12, 5.33333, 10.66667, 10.66667], "texture": "#0"},
				"down": {"uv": [12, 10.66667, 10.66667, 5.33333], "texture": "#0"}
			}
		},
		{
			"from": [18.23503, 7.87083, 2.02368],
			"to": [23.22911, 7.87083, 22],
			"rotation": {"angle": -22.5, "axis": "z", "origin": [8.386, 6.12553, 12.01184]},
			"faces": {
				"up": {"uv": [13.33333, 5.33333, 12, 10.66667], "texture": "#0"},
				"down": {"uv": [13.33333, 10.66667, 12, 5.33333], "texture": "#0"}
			}
		},
		{
			"from": [13.15913, 3.79491, 2.02368],
			"to": [18.15321, 3.79491, 22],
			"rotation": {"angle": -22.5, "axis": "z", "origin": [18.58117, 3.86991, 12.01184]},
			"faces": {
				"up": {"uv": [14.66667, 5.33333, 13.33333, 10.66667], "texture": "#0"},
				"down": {"uv": [14.66667, 10.66667, 13.33333, 5.33333], "texture": "#0"}
			}
		},
		{
			"from": [8.55201, 5.85967, 2.02368],
			"to": [13.54609, 5.85967, 22],
			"rotation": {"angle": 0, "axis": "y", "origin": [8.311, 6.02553, 12.01184]},
			"faces": {
				"up": {"uv": [16, 5.33333, 14.66667, 10.66667], "texture": "#0"},
				"down": {"uv": [16, 10.66667, 14.66667, 5.33333], "texture": "#0"}
			}
		},
		{
			"from": [16.45476, -3.25253, 2.02368],
			"to": [21.44884, -3.25253, 22],
			"rotation": {"angle": -22.5, "axis": "z", "origin": [14.50424, -8.47815, 12.01184]},
			"faces": {
				"up": {"uv": [1.33333, 10.66667, 0, 16], "texture": "#0"},
				"down": {"uv": [1.33333, 16, 0, 10.66667], "texture": "#0"}
			}
		},
		{
			"from": [14.8045, -0.39624, 2.02368],
			"to": [19.79858, -0.39624, 22],
			"rotation": {"angle": -45, "axis": "z", "origin": [14.22338, -0.59434, 12.01184]},
			"faces": {
				"up": {"uv": [2.66667, 10.66667, 1.33333, 16], "texture": "#0"},
				"down": {"uv": [2.66667, 16, 1.33333, 10.66667], "texture": "#0"}
			}
		},
		{
			"from": [14.62849, -1.05471, 2.02368],
			"to": [14.62849, 3.93937, 22],
			"rotation": {"angle": 22.5, "axis": "z", "origin": [14.22409, -0.59363, 12.01184]},
			"faces": {
				"east": {"uv": [4, 10.66667, 2.66667, 16], "rotation": 90, "texture": "#0"},
				"west": {"uv": [4, 16, 2.66667, 10.66667], "rotation": 90, "texture": "#0"}
			}
		},
		{
			"from": [6.75531, 2.3658, 2.02368],
			"to": [11.74939, 2.3658, 22],
			"rotation": {"angle": -22.5, "axis": "z", "origin": [15.7822, 0.25655, 12.01184]},
			"faces": {
				"up": {"uv": [5.33333, 10.66667, 4, 16], "texture": "#0"},
				"down": {"uv": [5.33333, 16, 4, 10.66667], "texture": "#0"}
			}
		},
		{
			"from": [16.47192, -9.72158, 2.01184],
			"to": [16.47192, -4.7275, 21.98816],
			"rotation": {"angle": 22.5, "axis": "z", "origin": [8.4346, 5.82392, 12]},
			"faces": {
				"east": {"uv": [6.66667, 10.66667, 5.33333, 16], "rotation": 90, "texture": "#0"},
				"west": {"uv": [6.66667, 16, 5.33333, 10.66667], "rotation": 90, "texture": "#0"}
			}
		},
		{
			"from": [16.45657, -4.7442, 2.01184],
			"to": [16.45657, 0.24988, 21.98816],
			"rotation": {"angle": 22.5, "axis": "z", "origin": [8.4346, 5.82392, 12]},
			"faces": {
				"east": {"uv": [6.66667, 16, 8, 10.66667], "rotation": 270, "texture": "#0"},
				"west": {"uv": [6.66667, 10.66667, 8, 16], "rotation": 270, "texture": "#0"}
			}
		},
		{
			"from": [13.05506, 7.55457, 2.01184],
			"to": [18.04914, 7.55457, 21.98816],
			"rotation": {"angle": -22.5, "axis": "z", "origin": [8.4346, 5.82392, 12]},
			"faces": {
				"up": {"uv": [9.33333, 10.66667, 8, 16], "texture": "#0"},
				"down": {"uv": [9.33333, 16, 8, 10.66667], "texture": "#0"}
			}
		},
		{
			"from": [8.37194, 5.65459, 2.01184],
			"to": [13.36602, 5.65459, 21.98816],
			"rotation": {"angle": 0, "axis": "y", "origin": [8.4346, 5.82392, 12]},
			"faces": {
				"up": {"uv": [10.66667, 10.66667, 9.33333, 16], "texture": "#0"},
				"down": {"uv": [10.66667, 16, 9.33333, 10.66667], "texture": "#0"}
			}
		},
		{
			"from": [16.47192, -9.72158, 2.01184],
			"to": [16.47192, -4.7275, 21.98816],
			"rotation": {"angle": 45, "axis": "z", "origin": [8.4346, 5.82392, 12]},
			"faces": {
				"east": {"uv": [12, 10.66667, 10.66667, 16], "rotation": 90, "texture": "#0"},
				"west": {"uv": [12, 16, 10.66667, 10.66667], "rotation": 90, "texture": "#0"}
			}
		},
		{
			"from": [16.45657, -4.7442, 2.01184],
			"to": [16.45657, 0.24988, 21.98816],
			"rotation": {"angle": 45, "axis": "z", "origin": [8.4346, 5.82392, 12]},
			"faces": {
				"east": {"uv": [12, 16, 13.33333, 10.66667], "rotation": 270, "texture": "#0"},
				"west": {"uv": [12, 10.66667, 13.33333, 16], "rotation": 270, "texture": "#0"}
			}
		},
		{
			"from": [13.05506, 7.55457, 2.01184],
			"to": [18.04914, 7.55457, 21.98816],
			"rotation": {"angle": 0, "axis": "y", "origin": [8.4346, 5.82392, 12]},
			"faces": {
				"up": {"uv": [14.66667, 10.66667, 13.33333, 16], "texture": "#0"},
				"down": {"uv": [14.66667, 16, 13.33333, 10.66667], "texture": "#0"}
			}
		},
		{
			"from": [8.37194, 5.65459, 2.01184],
			"to": [13.36602, 5.65459, 21.98816],
			"rotation": {"angle": 22.5, "axis": "z", "origin": [8.4346, 5.82392, 12]},
			"faces": {
				"up": {"uv": [16, 10.66667, 14.66667, 16], "texture": "#0"},
				"down": {"uv": [16, 16, 14.66667, 10.66667], "texture": "#0"}
			}
		}
	],
	"display": {
		"thirdperson_righthand": {
			"rotation": [75, 45, 0],
			"translation": [0, 2.5, 0],
			"scale": [0.375, 0.375, 0.375]
		},
		"thirdperson_lefthand": {
			"rotation": [75, 45, 0],
			"translation": [0, 2.5, 0],
			"scale": [0.375, 0.375, 0.375]
		},
		"firstperson_righthand": {
			"rotation": [0, 45, 0],
			"scale": [0.4, 0.4, 0.4]
		},
		"firstperson_lefthand": {
			"rotation": [0, 225, 0],
			"scale": [0.4, 0.4, 0.4]
		},
		"ground": {
			"translation": [0, 3, 0],
			"scale": [0.25, 0.25, 0.25]
		},
		"gui": {
			"rotation": [-108.5, 180, 0],
			"translation": [0, 2.75, 0],
			"scale": [0.6, 0.6, 0.6]
		},
		"head": {
			"rotation": [92, 0, 0],
			"translation": [0, -80, 10],
			"scale": [2.5, 2.5, 2.5]
		},
		"fixed": {
			"scale": [0.5, 0.5, 0.5]
		}
	},
	"groups": [
		{
			"name": "right",
			"origin": [8, 8, 8],
			"color": 0,
			"children": [
				{
					"name": "1",
					"origin": [18.76642, 8.66061, 8],
					"color": 0,
					"children": [0, 1, 2, 3]
				},
				{
					"name": "2",
					"origin": [18.76642, 8.66061, 8],
					"color": 0,
					"children": [4, 5, 6, 7]
				},
				{
					"name": "3",
					"origin": [18.76642, 8.66061, 8],
					"color": 0,
					"children": [8, 9, 10, 11]
				},
				{
					"name": "4",
					"origin": [18.76642, 8.66061, 8],
					"color": 0,
					"children": [12, 13, 14, 15]
				},
				{
					"name": "5",
					"origin": [18.76642, 8.66061, 8],
					"color": 0,
					"children": [16, 17, 18, 19]
				},
				{
					"name": "6",
					"origin": [18.76642, 8.66061, 8],
					"color": 0,
					"children": [20, 21, 22, 23]
				},
				{
					"name": "7",
					"origin": [18.76642, 8.66061, 8],
					"color": 0,
					"children": [24, 25, 26, 27]
				},
				{
					"name": "8",
					"origin": [18.76642, 8.66061, 8],
					"color": 0,
					"children": [28, 29, 30, 31]
				},
				{
					"name": "9",
					"origin": [18.76642, 8.66061, 8],
					"color": 0,
					"children": [32, 33, 34, 35]
				}
			]
		},
		{
			"name": "right",
			"origin": [8, 8, 8],
			"color": 0,
			"children": [
				{
					"name": "1",
					"origin": [18.76642, 8.66061, 8],
					"color": 0,
					"children": [36, 37, 38, 39]
				},
				{
					"name": "2",
					"origin": [18.76642, 8.66061, 8],
					"color": 0,
					"children": [40, 41, 42, 43]
				},
				{
					"name": "3",
					"origin": [18.76642, 8.66061, 8],
					"color": 0,
					"children": [44, 45, 46, 47]
				},
				{
					"name": "4",
					"origin": [18.76642, 8.66061, 8],
					"color": 0,
					"children": [48, 49, 50, 51]
				},
				{
					"name": "5",
					"origin": [18.76642, 8.66061, 8],
					"color": 0,
					"children": [52, 53, 54, 55]
				},
				{
					"name": "6",
					"origin": [18.76642, 8.66061, 8],
					"color": 0,
					"children": [56, 57, 58, 59]
				},
				{
					"name": "7",
					"origin": [18.76642, 8.66061, 8],
					"color": 0,
					"children": [60, 61, 62, 63]
				},
				{
					"name": "8",
					"origin": [18.76642, 8.66061, 8],
					"color": 0,
					"children": [64, 65, 66, 67]
				},
				{
					"name": "9",
					"origin": [18.76642, 8.66061, 8],
					"color": 0,
					"children": [68, 69, 70, 71]
				}
			]
		}
	]
}