{
	"credit": "MadebyPolygonMC",
	"texture_size": [32, 32],
	"textures": {
		"0": "item/halloween/cosmetics/zombie_head",
		"particle": "item/halloween/cosmetics/zombie_head"
	},
	"elements": [
		{
			"from": [4, 4, 4],
			"to": [12, 12, 12],
			"rotation": {"angle": 0, "axis": "y", "origin": [7, 7, 7]},
			"faces": {
				"north": {"uv": [0, 0, 4, 4], "texture": "#0"},
				"east": {"uv": [0, 4, 4, 8], "texture": "#0"},
				"south": {"uv": [4, 0, 8, 4], "texture": "#0"},
				"west": {"uv": [4, 4, 8, 8], "texture": "#0"},
				"up": {"uv": [4, 12, 0, 8], "texture": "#0"},
				"down": {"uv": [12, 0, 8, 4], "texture": "#0"}
			}
		},
		{
			"from": [9, 9, 5],
			"to": [13, 13, 9],
			"rotation": {"angle": 0, "axis": "y", "origin": [7, 7, 9]},
			"faces": {
				"north": {"uv": [4, 8, 6, 10], "texture": "#0"},
				"east": {"uv": [8, 4, 10, 6], "texture": "#0"},
				"south": {"uv": [6, 8, 8, 10], "texture": "#0"},
				"west": {"uv": [8, 6, 10, 8], "texture": "#0"},
				"up": {"uv": [10, 10, 8, 8], "texture": "#0"},
				"down": {"uv": [6, 10, 4, 12], "texture": "#0"}
			}
		},
		{
			"from": [5, 8, 3],
			"to": [7, 10, 4],
			"rotation": {"angle": 0, "axis": "y", "origin": [3, 6, 4]},
			"faces": {
				"north": {"uv": [9, 11, 10, 12], "texture": "#0"},
				"east": {"uv": [11.5, 5, 12, 6], "texture": "#0"},
				"south": {"uv": [10, 11, 11, 12], "texture": "#0"},
				"west": {"uv": [6, 11.5, 6.5, 12.5], "texture": "#0"},
				"up": {"uv": [12.5, 6.5, 11.5, 6], "texture": "#0"},
				"down": {"uv": [7.5, 11.5, 6.5, 12], "texture": "#0"}
			}
		},
		{
			"from": [9, 8, 3],
			"to": [11, 10, 4],
			"rotation": {"angle": 0, "axis": "y", "origin": [13, 6, 4]},
			"faces": {
				"north": {"uv": [9, 10, 10, 11], "texture": "#0"},
				"east": {"uv": [11, 10, 11.5, 11], "texture": "#0"},
				"south": {"uv": [10, 10, 11, 11], "texture": "#0"},
				"west": {"uv": [11, 11, 11.5, 12], "texture": "#0"},
				"up": {"uv": [12.5, 4.5, 11.5, 4], "texture": "#0"},
				"down": {"uv": [12.5, 4.5, 11.5, 5], "texture": "#0"}
			}
		},
		{
			"from": [3, 10, 10],
			"to": [6, 13, 13],
			"rotation": {"angle": 0, "axis": "y", "origin": [1, 7, 13]},
			"faces": {
				"north": {"uv": [10, 4, 11.5, 5.5], "texture": "#0"},
				"east": {"uv": [10, 5.5, 11.5, 7], "texture": "#0"},
				"south": {"uv": [6, 10, 7.5, 11.5], "texture": "#0"},
				"west": {"uv": [10, 7, 11.5, 8.5], "texture": "#0"},
				"up": {"uv": [9, 11.5, 7.5, 10], "texture": "#0"},
				"down": {"uv": [11.5, 8.5, 10, 10], "texture": "#0"}
			}
		}
	],
	"gui_light": "front",
	"display": {
		"thirdperson_righthand": {
			"rotation": [57, 0, 0],
			"scale": [0.72656, 0.72656, 0.72656]
		},
		"thirdperson_lefthand": {
			"rotation": [57, 0, 0],
			"scale": [0.72656, 0.72656, 0.72656]
		},
		"firstperson_righthand": {
			"rotation": [155.5, 0, -180],
			"translation": [-2.5, 3, 0]
		},
		"firstperson_lefthand": {
			"rotation": [155.5, 0, -180],
			"translation": [-2.5, 3, 0]
		},
		"ground": {
			"translation": [0, 5.75, 0],
			"scale": [1.13867, 1.13867, 1.13867]
		},
		"gui": {
			"rotation": [0, 180, 0],
			"scale": [1.90625, 1.90625, 1.90625]
		},
		"head": {
			"translation": [0, 0.5, 0],
			"scale": [1.91406, 1.91406, 1.91406]
		},
		"fixed": {
			"rotation": [-90, 0, 0],
			"translation": [0, 0, -9.5],
			"scale": [2.35352, 2.35352, 2.35352]
		}
	}
}