{
    "credit": "Pologony Creation Co.,Ltd.",
    "texture_size": [88, 88],
    "textures": {
        "0": "cosmetics:cosmetics/cases/summer25",
        "1": "cosmetics:cosmetics/cases/summer25_coral",
        "2": "cosmetics:cosmetics/cases/summer25_pearl_outline_2",
        "4": "cosmetics:cosmetics/cases/animated/summer25_bubble_1",
        "5": "cosmetics:cosmetics/cases/animated/summer25_animated_1",
        "8": "cosmetics:cosmetics/cases/summer25_weapons_tools",
        "particle": "cosmetics:cosmetics/cases/summer25"
    },
    "elements": [
        {
            "from": [0.5137, 13.5, 9.995],
            "to": [5.5137, 18.5, 10.005],
            "rotation": {
                "angle": -22.5,
                "axis": "z",
                "origin": [3.0137, 16, 10]
            },
            "faces": {
                "north": { "uv": [5, 0, 0, 5], "texture": "#1" },
                "south": { "uv": [0, 0, 5, 5], "texture": "#1" }
            }
        },
        {
            "from": [10.64048, 13.5, 9.995],
            "to": [15.64048, 18.5, 10.005],
            "rotation": {
                "angle": 22.5,
                "axis": "z",
                "origin": [13.14048, 15.5, 10]
            },
            "faces": {
                "north": { "uv": [5, 6, 0, 11], "texture": "#1" },
                "south": { "uv": [0, 6, 5, 11], "texture": "#1" }
            }
        },
        {
            "from": [11.0025, 15.75, 8.4975],
            "to": [15.0025, 22.75, 8.5075],
            "rotation": {
                "angle": 0,
                "axis": "y",
                "origin": [9.1275, 19.25, 9.875]
            },
            "faces": {
                "north": { "uv": [0, 0, 8, 14], "texture": "#4" },
                "south": { "uv": [8, 0, 0, 14], "texture": "#4" }
            }
        },
        {
            "from": [2.7525, 16.25, 9.2475],
            "to": [5.7525, 22.25, 9.2475],
            "rotation": {
                "angle": 0,
                "axis": "y",
                "origin": [8.1275, 19.25, 7.875]
            },
            "faces": {
                "north": { "uv": [10, 0, 16, 12], "texture": "#4" },
                "south": { "uv": [16, 0, 10, 12], "texture": "#4" }
            }
        },
        {
            "from": [7.995, 11, 4],
            "to": [8.005, 20, 13],
            "rotation": { "angle": 45, "axis": "y", "origin": [8, 15.5, 8.5] },
            "faces": {
                "east": { "uv": [9, 0, 0, 9], "texture": "#5" },
                "west": { "uv": [0, 0, 9, 9], "texture": "#5" }
            }
        },
        {
            "from": [7.995, 11, 4],
            "to": [8.005, 20, 13],
            "rotation": { "angle": -45, "axis": "y", "origin": [8, 15.5, 8.5] },
            "faces": {
                "east": { "uv": [9, 0, 0, 9], "texture": "#5" },
                "west": { "uv": [0, 0, 9, 9], "texture": "#5" }
            }
        },
        {
            "from": [-3, 9.5, 1],
            "to": [19, 11.5, 15],
            "rotation": { "angle": 0, "axis": "y", "origin": [8, 10.6875, 8] },
            "faces": {
                "north": { "uv": [8.4, 10.6, 12.8, 11], "texture": "#0" },
                "east": { "uv": [8.4, 12, 11.2, 12.4], "texture": "#0" },
                "south": { "uv": [10.6, 8.8, 15, 9.2], "texture": "#0" },
                "west": { "uv": [11.4, 12, 14.2, 12.4], "texture": "#0" },
                "up": { "uv": [9.6, 2.8, 5.2, 0], "texture": "#0" }
            }
        },
        {
            "from": [17.5, 9.5, 0],
            "to": [20, 12, 3.5],
            "rotation": {
                "angle": -45,
                "axis": "y",
                "origin": [18.75, 10.5, 1.25]
            },
            "faces": {
                "north": { "uv": [15.2, 8.2, 15.7, 8.7], "texture": "#0" },
                "east": { "uv": [12.8, 14.4, 13.5, 14.9], "texture": "#0" },
                "south": { "uv": [9, 15.2, 9.5, 15.7], "texture": "#0" },
                "west": { "uv": [13.8, 14.4, 14.5, 14.9], "texture": "#0" },
                "up": { "uv": [7.1, 15.3, 6.6, 14.6], "texture": "#0" },
                "down": { "uv": [15.3, 14.4, 14.8, 15.1], "texture": "#0" }
            }
        },
        {
            "from": [-4, 9.5, 0],
            "to": [-1.5, 12, 3.5],
            "rotation": {
                "angle": 45,
                "axis": "y",
                "origin": [-2.75, 10.5, 1.25]
            },
            "faces": {
                "north": { "uv": [15.7, 8.2, 15.2, 8.7], "texture": "#0" },
                "east": { "uv": [14.5, 14.4, 13.8, 14.9], "texture": "#0" },
                "south": { "uv": [9.5, 15.2, 9, 15.7], "texture": "#0" },
                "west": { "uv": [13.5, 14.4, 12.8, 14.9], "texture": "#0" },
                "up": { "uv": [6.6, 15.3, 7.1, 14.6], "texture": "#0" },
                "down": { "uv": [14.8, 14.4, 15.3, 15.1], "texture": "#0" }
            }
        },
        {
            "from": [-4, 9.5, 12.5],
            "to": [-1.5, 12, 16],
            "rotation": {
                "angle": -45,
                "axis": "y",
                "origin": [-2.75, 10.5, 14.75]
            },
            "faces": {
                "north": { "uv": [9, 15.2, 9.5, 15.7], "texture": "#0" },
                "east": { "uv": [13.8, 14.4, 14.5, 14.9], "texture": "#0" },
                "south": { "uv": [15.2, 8.2, 15.7, 8.7], "texture": "#0" },
                "west": { "uv": [12.8, 14.4, 13.5, 14.9], "texture": "#0" },
                "up": { "uv": [6.6, 14.6, 7.1, 15.3], "texture": "#0" },
                "down": { "uv": [14.8, 15.1, 15.3, 14.4], "texture": "#0" }
            }
        },
        {
            "from": [17.5, 9.5, 12.5],
            "to": [20, 12, 16],
            "rotation": {
                "angle": 45,
                "axis": "y",
                "origin": [18.75, 10.5, 14.75]
            },
            "faces": {
                "north": { "uv": [9.5, 15.2, 9, 15.7], "texture": "#0" },
                "east": { "uv": [13.5, 14.4, 12.8, 14.9], "texture": "#0" },
                "south": { "uv": [15.7, 8.2, 15.2, 8.7], "texture": "#0" },
                "west": { "uv": [14.5, 14.4, 13.8, 14.9], "texture": "#0" },
                "up": { "uv": [7.1, 14.6, 6.6, 15.3], "texture": "#0" },
                "down": { "uv": [15.3, 15.1, 14.8, 14.4], "texture": "#0" }
            }
        },
        {
            "from": [4.5, 11.5, 3],
            "to": [11.5, 13.5, 12.225],
            "rotation": { "angle": 0, "axis": "y", "origin": [2.5, 11.5, 3] },
            "faces": {
                "north": { "uv": [13.4, 6.6, 14.8, 7], "texture": "#0" },
                "up": { "uv": [11.2, 2, 9.8, 0], "texture": "#0" }
            }
        },
        {
            "from": [9.39628, 11.4975, 3.57611],
            "to": [14.39628, 13.5025, 13.57611],
            "rotation": {
                "angle": -22.5,
                "axis": "y",
                "origin": [11.89628, 12.4975, 8.57611]
            },
            "faces": {
                "north": { "uv": [6.8, 13.4, 7.8, 13.8], "texture": "#0" },
                "east": { "uv": [12, 12.6, 14, 13], "texture": "#0" },
                "south": { "uv": [8, 13.8, 9, 14.2], "texture": "#0" },
                "west": { "uv": [3.6, 12.8, 5.6, 13.2], "texture": "#0" },
                "up": { "uv": [10.8, 8.6, 9.8, 6.6], "texture": "#0" },
                "down": { "uv": [1, 10.4, 0, 12.4], "texture": "#0" }
            }
        },
        {
            "from": [1.60372, 11.4975, 3.57611],
            "to": [6.60372, 13.5025, 13.57611],
            "rotation": {
                "angle": 22.5,
                "axis": "y",
                "origin": [4.10372, 12.4975, 8.57611]
            },
            "faces": {
                "north": { "uv": [9.2, 13.8, 10.2, 14.2], "texture": "#0" },
                "east": { "uv": [5.8, 12.8, 7.8, 13.2], "texture": "#0" },
                "south": { "uv": [10.4, 13.8, 11.4, 14.2], "texture": "#0" },
                "west": { "uv": [13, 10.6, 15, 11], "texture": "#0" },
                "up": { "uv": [2.2, 12.4, 1.2, 10.4], "texture": "#0" },
                "down": { "uv": [3.4, 10.4, 2.4, 12.4], "texture": "#0" }
            }
        },
        {
            "from": [1.79007, 13.72492, 12.28555],
            "to": [6.79007, 23.72492, 14.29055],
            "rotation": {
                "angle": 22.5,
                "axis": "z",
                "origin": [8, 17.5, 13.28805]
            },
            "faces": {
                "north": { "uv": [6, 10.6, 7, 12.6], "texture": "#0" },
                "east": { "uv": [1.2, 13.2, 1.6, 15.2], "texture": "#0" },
                "south": { "uv": [7.2, 10.6, 8.2, 12.6], "texture": "#0" },
                "west": { "uv": [1.8, 13.2, 2.2, 15.2], "texture": "#0" },
                "up": { "uv": [7.8, 14.4, 6.8, 14], "texture": "#0" },
                "down": { "uv": [15, 13.8, 14, 14.2], "texture": "#0" }
            }
        },
        {
            "from": [4.5, 13.53805, 12.28805],
            "to": [11.5, 22.78805, 14.28805],
            "rotation": {
                "angle": 0,
                "axis": "y",
                "origin": [8, 17.5, 13.28805]
            },
            "faces": {
                "north": { "uv": [9.8, 2.2, 11.2, 4.2], "texture": "#0" },
                "south": { "uv": [9.8, 4.4, 11.2, 6.4], "texture": "#0" },
                "up": { "uv": [14.8, 7.6, 13.4, 7.2], "texture": "#0" }
            }
        },
        {
            "from": [9.20993, 13.72492, 12.28555],
            "to": [14.20993, 23.72492, 14.29055],
            "rotation": {
                "angle": -22.5,
                "axis": "z",
                "origin": [8, 17.5, 13.28805]
            },
            "faces": {
                "north": { "uv": [3.6, 10.6, 4.6, 12.6], "texture": "#0" },
                "east": { "uv": [0, 13.2, 0.4, 15.2], "texture": "#0" },
                "south": { "uv": [4.8, 10.6, 5.8, 12.6], "texture": "#0" },
                "west": { "uv": [0.6, 13.2, 1, 15.2], "texture": "#0" },
                "up": { "uv": [12.6, 14.2, 11.6, 13.8], "texture": "#0" },
                "down": { "uv": [13.8, 13.8, 12.8, 14.2], "texture": "#0" }
            }
        },
        {
            "from": [2.5, 11.25, 11.75],
            "to": [13.5, 14.25, 14.75],
            "rotation": {
                "angle": 45,
                "axis": "x",
                "origin": [8, 12.75, 13.25]
            },
            "faces": {
                "north": { "uv": [11, 6.6, 13.2, 7.2], "texture": "#0" },
                "east": { "uv": [8, 14.4, 8.6, 15], "texture": "#0" },
                "south": { "uv": [11, 7.4, 13.2, 8], "texture": "#0" },
                "west": { "uv": [8.8, 14.4, 9.4, 15], "texture": "#0" },
                "up": { "uv": [10.6, 11.8, 8.4, 11.2], "texture": "#0" },
                "down": { "uv": [13, 11.2, 10.8, 11.8], "texture": "#0" }
            }
        },
        {
            "from": [6.5, 13.5, 7],
            "to": [9.5, 16.5, 10],
            "rotation": { "angle": 0, "axis": "y", "origin": [6.5, 13.5, 7] },
            "faces": {
                "north": { "uv": [9.6, 14.4, 10.2, 15], "texture": "#0" },
                "east": { "uv": [10.4, 14.4, 11, 15], "texture": "#0" },
                "south": { "uv": [11.2, 14.4, 11.8, 15], "texture": "#0" },
                "west": { "uv": [14.4, 11.8, 15, 12.4], "texture": "#0" },
                "up": { "uv": [12.6, 15, 12, 14.4], "texture": "#0" }
            }
        },
        {
            "name": "cube_outline",
            "from": [9.6, 16.6, 10.1],
            "to": [6.4, 13.4, 6.9],
            "rotation": { "angle": 0, "axis": "y", "origin": [6.5, 13.5, 7] },
            "faces": {
                "north": { "uv": [10, 0, 13, 3], "texture": "#2" },
                "east": { "uv": [10, 4, 13, 7], "texture": "#2" },
                "south": { "uv": [5, 10, 8, 13], "texture": "#2" },
                "west": { "uv": [10, 8, 13, 11], "texture": "#2" },
                "down": { "uv": [12, 12, 9, 15], "texture": "#2" }
            }
        },
        {
            "name": "cube_outline",
            "from": [9.8, 16.8, 10.3],
            "to": [6.2, 13.2, 6.7],
            "rotation": { "angle": 0, "axis": "y", "origin": [6.5, 13.5, 7] },
            "faces": {
                "north": { "uv": [0, 0, 3.5, 3.5], "texture": "#2" },
                "east": { "uv": [0, 5, 3.5, 8.5], "texture": "#2" },
                "south": { "uv": [5, 0, 8.5, 3.5], "texture": "#2" },
                "west": { "uv": [5, 5, 8.5, 8.5], "texture": "#2" },
                "down": { "uv": [3.5, 10, 0, 13.5], "texture": "#2" }
            }
        },
        {
            "from": [-4.5, 8, -0.5],
            "to": [20.5, 9.5, 16.5],
            "rotation": { "angle": 0, "axis": "y", "origin": [8, 10.6875, 8] },
            "faces": {
                "north": { "uv": [10.6, 9.4, 15.6, 9.7], "texture": "#0" },
                "east": { "uv": [0, 12.6, 3.4, 12.9], "texture": "#0" },
                "south": { "uv": [10.6, 10, 15.6, 10.3], "texture": "#0" },
                "west": { "uv": [8.4, 12.6, 11.8, 12.9], "texture": "#0" },
                "up": { "uv": [5, 3.4, 0, 0], "texture": "#0" },
                "down": { "uv": [5, 3.6, 0, 7], "texture": "#0" }
            }
        },
        {
            "from": [6.5, 0.75, 0],
            "to": [9.5, 2.25, 1],
            "rotation": {
                "angle": 0,
                "axis": "y",
                "origin": [8, 11.6875, 6.625]
            },
            "faces": {
                "north": { "uv": [0, 15.4, 0.6, 15.7], "texture": "#0" },
                "east": { "uv": [4.6, 8.4, 4.8, 8.7], "texture": "#0" },
                "west": { "uv": [7.4, 14.6, 7.6, 14.9], "texture": "#0" },
                "up": { "uv": [14, 8, 13.4, 7.8], "texture": "#0" },
                "down": { "uv": [14.8, 7.8, 14.2, 8], "texture": "#0" }
            }
        },
        {
            "from": [19, 0.75, 6.5],
            "to": [20, 2.25, 9.5],
            "rotation": { "angle": 0, "axis": "y", "origin": [19.5, 1.5, 8] },
            "faces": {
                "north": { "uv": [7.4, 14.6, 7.6, 14.9], "texture": "#0" },
                "east": { "uv": [0, 15.4, 0.6, 15.7], "texture": "#0" },
                "south": { "uv": [4.6, 8.4, 4.8, 8.7], "texture": "#0" },
                "up": {
                    "uv": [14, 8, 13.4, 7.8],
                    "rotation": 90,
                    "texture": "#0"
                },
                "down": {
                    "uv": [14.8, 7.8, 14.2, 8],
                    "rotation": 270,
                    "texture": "#0"
                }
            }
        },
        {
            "from": [-3, 0.5, 1],
            "to": [19, 7.5, 15],
            "rotation": {
                "angle": 0,
                "axis": "y",
                "origin": [8, 11.4375, 6.625]
            },
            "faces": {
                "north": { "uv": [0, 7.2, 4.4, 8.6], "texture": "#0" },
                "east": { "uv": [4.6, 9, 7.4, 10.4], "texture": "#0" },
                "south": { "uv": [0, 8.8, 4.4, 10.2], "texture": "#0" },
                "west": { "uv": [7.6, 9, 10.4, 10.4], "texture": "#0" },
                "up": { "uv": [9.6, 5.8, 5.2, 3], "texture": "#0" },
                "down": { "uv": [9.6, 6, 5.2, 8.8], "texture": "#0" }
            }
        },
        {
            "from": [-1.5, 0.25, 0.5],
            "to": [17.5, 1.75, 2],
            "rotation": {
                "angle": 0,
                "axis": "y",
                "origin": [8, 11.4375, 6.625]
            },
            "faces": {
                "north": { "uv": [11, 8.2, 14.8, 8.5], "texture": "#0" },
                "south": { "uv": [11.4, 0, 15.2, 0.3], "texture": "#0" },
                "up": { "uv": [15.2, 0.9, 11.4, 0.6], "texture": "#0" },
                "down": { "uv": [15.2, 1.2, 11.4, 1.5], "texture": "#0" }
            }
        },
        {
            "from": [6.5, 0.75, 15],
            "to": [9.5, 2.25, 16],
            "rotation": {
                "angle": 0,
                "axis": "y",
                "origin": [8, 11.6875, 9.375]
            },
            "faces": {
                "east": { "uv": [4.8, 8.4, 4.6, 8.7], "texture": "#0" },
                "south": { "uv": [0.6, 15.4, 0, 15.7], "texture": "#0" },
                "west": { "uv": [7.6, 14.6, 7.4, 14.9], "texture": "#0" },
                "up": { "uv": [14, 7.8, 13.4, 8], "texture": "#0" },
                "down": { "uv": [14.8, 8, 14.2, 7.8], "texture": "#0" }
            }
        },
        {
            "from": [-1.5, 0.25, 14],
            "to": [17.5, 1.75, 15.5],
            "rotation": {
                "angle": 0,
                "axis": "y",
                "origin": [8, 11.4375, 9.375]
            },
            "faces": {
                "north": { "uv": [15.2, 0, 11.4, 0.3], "texture": "#0" },
                "south": { "uv": [14.8, 8.2, 11, 8.5], "texture": "#0" },
                "up": { "uv": [15.2, 0.6, 11.4, 0.9], "texture": "#0" },
                "down": { "uv": [15.2, 1.5, 11.4, 1.2], "texture": "#0" }
            }
        },
        {
            "from": [-1.5, 6.5, 0.5],
            "to": [17.5, 8, 2],
            "rotation": {
                "angle": 0,
                "axis": "y",
                "origin": [8, 11.4375, 6.625]
            },
            "faces": {
                "north": { "uv": [11.4, 1.8, 15.2, 2.1], "texture": "#0" },
                "south": { "uv": [11.4, 2.4, 15.2, 2.7], "texture": "#0" },
                "up": { "uv": [15.2, 3.3, 11.4, 3], "texture": "#0" },
                "down": { "uv": [15.2, 3.6, 11.4, 3.9], "texture": "#0" }
            }
        },
        {
            "from": [17.5, 0, 0],
            "to": [20, 2, 2.5],
            "rotation": {
                "angle": 0,
                "axis": "y",
                "origin": [8, 11.4375, 6.625]
            },
            "faces": {
                "north": { "uv": [11, 15.2, 11.5, 15.6], "texture": "#0" },
                "east": { "uv": [11.8, 15.2, 12.3, 15.6], "texture": "#0" },
                "south": { "uv": [15.2, 11.8, 15.7, 12.2], "texture": "#0" },
                "west": { "uv": [15.2, 12.4, 15.7, 12.8], "texture": "#0" },
                "up": { "uv": [15.5, 7.1, 15, 6.6], "texture": "#0" },
                "down": { "uv": [15.5, 7.4, 15, 7.9], "texture": "#0" }
            }
        },
        {
            "from": [17.75, 1.85, 0.25],
            "to": [19.75, 6.35, 2.25],
            "rotation": {
                "angle": 0,
                "axis": "y",
                "origin": [8, 11.5375, 6.625]
            },
            "faces": {
                "north": { "uv": [4.6, 7.2, 5, 8.1], "texture": "#0" },
                "east": { "uv": [4.8, 14.4, 5.2, 15.3], "texture": "#0" },
                "south": { "uv": [5.4, 14.4, 5.8, 15.3], "texture": "#0" },
                "west": { "uv": [6, 14.4, 6.4, 15.3], "texture": "#0" }
            }
        },
        {
            "from": [17.5, 6.25, 0],
            "to": [20, 8.25, 2.5],
            "rotation": {
                "angle": 0,
                "axis": "y",
                "origin": [8, 11.4375, 6.625]
            },
            "faces": {
                "north": { "uv": [12.6, 15.2, 13.1, 15.6], "texture": "#0" },
                "east": { "uv": [15.2, 13, 15.7, 13.4], "texture": "#0" },
                "south": { "uv": [13.4, 15.2, 13.9, 15.6], "texture": "#0" },
                "west": { "uv": [15.2, 13.6, 15.7, 14], "texture": "#0" },
                "up": { "uv": [7.9, 15.7, 7.4, 15.2], "texture": "#0" },
                "down": { "uv": [8.7, 15.2, 8.2, 15.7], "texture": "#0" }
            }
        },
        {
            "from": [17.5, 6.25, 13.5],
            "to": [20, 8.25, 16],
            "rotation": {
                "angle": 0,
                "axis": "y",
                "origin": [8, 11.4375, 9.375]
            },
            "faces": {
                "north": { "uv": [13.9, 15.2, 13.4, 15.6], "texture": "#0" },
                "east": { "uv": [15.7, 13, 15.2, 13.4], "texture": "#0" },
                "south": { "uv": [13.1, 15.2, 12.6, 15.6], "texture": "#0" },
                "west": { "uv": [15.7, 13.6, 15.2, 14], "texture": "#0" },
                "up": { "uv": [7.9, 15.2, 7.4, 15.7], "texture": "#0" },
                "down": { "uv": [8.7, 15.7, 8.2, 15.2], "texture": "#0" }
            }
        },
        {
            "from": [17.75, 1.85, 13.75],
            "to": [19.75, 6.35, 15.75],
            "rotation": {
                "angle": 0,
                "axis": "y",
                "origin": [8, 11.5375, 9.375]
            },
            "faces": {
                "north": { "uv": [5.8, 14.4, 5.4, 15.3], "texture": "#0" },
                "east": { "uv": [5.2, 14.4, 4.8, 15.3], "texture": "#0" },
                "south": { "uv": [5, 7.2, 4.6, 8.1], "texture": "#0" },
                "west": { "uv": [6.4, 14.4, 6, 15.3], "texture": "#0" }
            }
        },
        {
            "from": [17.5, 0, 13.5],
            "to": [20, 2, 16],
            "rotation": {
                "angle": 0,
                "axis": "y",
                "origin": [8, 11.4375, 9.375]
            },
            "faces": {
                "north": { "uv": [15.7, 11.8, 15.2, 12.2], "texture": "#0" },
                "east": { "uv": [12.3, 15.2, 11.8, 15.6], "texture": "#0" },
                "south": { "uv": [11.5, 15.2, 11, 15.6], "texture": "#0" },
                "west": { "uv": [15.7, 12.4, 15.2, 12.8], "texture": "#0" },
                "up": { "uv": [15.5, 6.6, 15, 7.1], "texture": "#0" },
                "down": { "uv": [15.5, 7.9, 15, 7.4], "texture": "#0" }
            }
        },
        {
            "from": [6, 4.25, -0.25],
            "to": [10, 8.25, 1.25],
            "rotation": {
                "angle": 0,
                "axis": "y",
                "origin": [8, 11.4375, 6.625]
            },
            "faces": {
                "north": { "uv": [4.8, 13.4, 5.6, 14.2], "texture": "#0" },
                "east": { "uv": [9.8, 15.2, 10.1, 16], "texture": "#0" },
                "south": { "uv": [5.8, 13.4, 6.6, 14.2], "texture": "#0" },
                "west": { "uv": [10.4, 15.2, 10.7, 16], "texture": "#0" },
                "up": { "uv": [15, 12.9, 14.2, 12.6], "texture": "#0" },
                "down": { "uv": [16, 10.6, 15.2, 10.9], "texture": "#0" }
            }
        },
        {
            "from": [18, 0.25, 2.5],
            "to": [19.5, 1.75, 13.5],
            "rotation": {
                "angle": 0,
                "axis": "y",
                "origin": [18.75, 0.875, 4]
            },
            "faces": {
                "east": { "uv": [8, 13.2, 10.2, 13.5], "texture": "#0" },
                "west": { "uv": [10.4, 13.2, 12.6, 13.5], "texture": "#0" },
                "up": { "uv": [2.7, 15.4, 2.4, 13.2], "texture": "#0" },
                "down": { "uv": [3.3, 13.2, 3, 15.4], "texture": "#0" }
            }
        },
        {
            "from": [-4, 6.25, 13.5],
            "to": [-1.5, 8.25, 16],
            "rotation": {
                "angle": 0,
                "axis": "y",
                "origin": [8, 11.4375, 9.375]
            },
            "faces": {
                "north": { "uv": [13.4, 15.2, 13.9, 15.6], "texture": "#0" },
                "east": { "uv": [15.2, 13.6, 15.7, 14], "texture": "#0" },
                "south": { "uv": [12.6, 15.2, 13.1, 15.6], "texture": "#0" },
                "west": { "uv": [15.2, 13, 15.7, 13.4], "texture": "#0" },
                "up": { "uv": [7.4, 15.2, 7.9, 15.7], "texture": "#0" },
                "down": { "uv": [8.2, 15.7, 8.7, 15.2], "texture": "#0" }
            }
        },
        {
            "from": [-3.75, 1.85, 13.75],
            "to": [-1.75, 6.35, 15.75],
            "rotation": {
                "angle": 0,
                "axis": "y",
                "origin": [8, 11.5375, 9.375]
            },
            "faces": {
                "north": { "uv": [5.4, 14.4, 5.8, 15.3], "texture": "#0" },
                "east": { "uv": [6, 14.4, 6.4, 15.3], "texture": "#0" },
                "south": { "uv": [4.6, 7.2, 5, 8.1], "texture": "#0" },
                "west": { "uv": [4.8, 14.4, 5.2, 15.3], "texture": "#0" }
            }
        },
        {
            "from": [-4, 0, 13.5],
            "to": [-1.5, 2, 16],
            "rotation": {
                "angle": 0,
                "axis": "y",
                "origin": [8, 11.4375, 9.375]
            },
            "faces": {
                "north": { "uv": [15.2, 11.8, 15.7, 12.2], "texture": "#0" },
                "east": { "uv": [15.2, 12.4, 15.7, 12.8], "texture": "#0" },
                "south": { "uv": [11, 15.2, 11.5, 15.6], "texture": "#0" },
                "west": { "uv": [11.8, 15.2, 12.3, 15.6], "texture": "#0" },
                "up": { "uv": [15, 6.6, 15.5, 7.1], "texture": "#0" },
                "down": { "uv": [15, 7.9, 15.5, 7.4], "texture": "#0" }
            }
        },
        {
            "from": [-4, 0.75, 6.5],
            "to": [-3, 2.25, 9.5],
            "rotation": { "angle": 0, "axis": "y", "origin": [-3.5, 1.5, 8] },
            "faces": {
                "north": { "uv": [7.6, 14.6, 7.4, 14.9], "texture": "#0" },
                "south": { "uv": [4.8, 8.4, 4.6, 8.7], "texture": "#0" },
                "west": { "uv": [0.6, 15.4, 0, 15.7], "texture": "#0" },
                "up": {
                    "uv": [14, 7.8, 13.4, 8],
                    "rotation": 90,
                    "texture": "#0"
                },
                "down": {
                    "uv": [14.8, 8, 14.2, 7.8],
                    "rotation": 270,
                    "texture": "#0"
                }
            }
        },
        {
            "from": [-3.5, 0.25, 2.5],
            "to": [-2, 1.75, 13.5],
            "rotation": {
                "angle": 0,
                "axis": "y",
                "origin": [-2.75, 0.875, 4]
            },
            "faces": {
                "east": { "uv": [12.6, 13.2, 10.4, 13.5], "texture": "#0" },
                "west": { "uv": [10.2, 13.2, 8, 13.5], "texture": "#0" },
                "up": { "uv": [2.4, 15.4, 2.7, 13.2], "texture": "#0" },
                "down": { "uv": [3, 13.2, 3.3, 15.4], "texture": "#0" }
            }
        },
        {
            "from": [-4, 0, 0],
            "to": [-1.5, 2, 2.5],
            "rotation": {
                "angle": 0,
                "axis": "y",
                "origin": [8, 11.4375, 6.625]
            },
            "faces": {
                "north": { "uv": [11.5, 15.2, 11, 15.6], "texture": "#0" },
                "east": { "uv": [15.7, 12.4, 15.2, 12.8], "texture": "#0" },
                "south": { "uv": [15.7, 11.8, 15.2, 12.2], "texture": "#0" },
                "west": { "uv": [12.3, 15.2, 11.8, 15.6], "texture": "#0" },
                "up": { "uv": [15, 7.1, 15.5, 6.6], "texture": "#0" },
                "down": { "uv": [15, 7.4, 15.5, 7.9], "texture": "#0" }
            }
        },
        {
            "from": [-3.75, 1.85, 0.25],
            "to": [-1.75, 6.35, 2.25],
            "rotation": {
                "angle": 0,
                "axis": "y",
                "origin": [8, 11.5375, 6.625]
            },
            "faces": {
                "north": { "uv": [5, 7.2, 4.6, 8.1], "texture": "#0" },
                "east": { "uv": [6.4, 14.4, 6, 15.3], "texture": "#0" },
                "south": { "uv": [5.8, 14.4, 5.4, 15.3], "texture": "#0" },
                "west": { "uv": [5.2, 14.4, 4.8, 15.3], "texture": "#0" }
            }
        },
        {
            "from": [-4, 6.25, 0],
            "to": [-1.5, 8.25, 2.5],
            "rotation": {
                "angle": 0,
                "axis": "y",
                "origin": [8, 11.4375, 6.625]
            },
            "faces": {
                "north": { "uv": [13.1, 15.2, 12.6, 15.6], "texture": "#0" },
                "east": { "uv": [15.7, 13.6, 15.2, 14], "texture": "#0" },
                "south": { "uv": [13.9, 15.2, 13.4, 15.6], "texture": "#0" },
                "west": { "uv": [15.7, 13, 15.2, 13.4], "texture": "#0" },
                "up": { "uv": [7.4, 15.7, 7.9, 15.2], "texture": "#0" },
                "down": { "uv": [8.2, 15.2, 8.7, 15.7], "texture": "#0" }
            }
        },
        {
            "from": [18, 6.5, 2.5],
            "to": [19.5, 8, 13.5],
            "rotation": { "angle": 0, "axis": "y", "origin": [18.75, 7.25, 4] },
            "faces": {
                "east": { "uv": [13.2, 11.2, 15.4, 11.5], "texture": "#0" },
                "west": { "uv": [12.8, 13.2, 15, 13.5], "texture": "#0" },
                "up": { "uv": [3.9, 15.6, 3.6, 13.4], "texture": "#0" },
                "down": { "uv": [4.5, 13.4, 4.2, 15.6], "texture": "#0" }
            }
        },
        {
            "from": [-3.5, 6.5, 2.5],
            "to": [-2, 8, 13.5],
            "rotation": { "angle": 0, "axis": "y", "origin": [-2.75, 7.25, 4] },
            "faces": {
                "east": { "uv": [15, 13.2, 12.8, 13.5], "texture": "#0" },
                "west": { "uv": [15.4, 11.2, 13.2, 11.5], "texture": "#0" },
                "up": { "uv": [3.6, 15.6, 3.9, 13.4], "texture": "#0" },
                "down": { "uv": [4.2, 13.4, 4.5, 15.6], "texture": "#0" }
            }
        },
        {
            "from": [-1.5, 6.5, 14],
            "to": [17.5, 8, 15.5],
            "rotation": {
                "angle": 0,
                "axis": "y",
                "origin": [8, 11.4375, 9.375]
            },
            "faces": {
                "north": { "uv": [11.4, 4.2, 15.2, 4.5], "texture": "#0" },
                "south": { "uv": [11.4, 4.8, 15.2, 5.1], "texture": "#0" },
                "up": { "uv": [15.2, 5.7, 11.4, 5.4], "texture": "#0" },
                "down": { "uv": [15.2, 6, 11.4, 6.3], "texture": "#0" }
            }
        },
        {
            "from": [18.44808, 2.35, -1.69601],
            "to": [23.94808, 10.35, -1.68601],
            "rotation": {
                "angle": 45,
                "axis": "y",
                "origin": [21.69808, 5.85, -1.69101]
            },
            "faces": {
                "north": {
                    "uv": [9.72727, 5.09091, 8.72727, 6.54545],
                    "texture": "#8"
                },
                "south": {
                    "uv": [8.72727, 5.09091, 9.72727, 6.54545],
                    "texture": "#8"
                }
            }
        },
        {
            "from": [-7.94808, 2.35, -1.69601],
            "to": [-2.44808, 10.35, -1.68601],
            "rotation": {
                "angle": -45,
                "axis": "y",
                "origin": [-5.69808, 5.85, -1.69101]
            },
            "faces": {
                "north": {
                    "uv": [8.72727, 5.09091, 9.72727, 6.54545],
                    "texture": "#8"
                },
                "south": {
                    "uv": [9.72727, 5.09091, 8.72727, 6.54545],
                    "texture": "#8"
                }
            }
        },
        {
            "from": [-7.94808, 2.35, 17.68601],
            "to": [-2.44808, 10.35, 17.69601],
            "rotation": {
                "angle": 45,
                "axis": "y",
                "origin": [-5.69808, 5.85, 17.69101]
            },
            "faces": {
                "north": {
                    "uv": [8.72727, 5.09091, 9.72727, 6.54545],
                    "texture": "#8"
                },
                "south": {
                    "uv": [9.72727, 5.09091, 8.72727, 6.54545],
                    "texture": "#8"
                }
            }
        },
        {
            "from": [18.44808, 2.35, 17.68601],
            "to": [23.94808, 10.35, 17.69601],
            "rotation": {
                "angle": -45,
                "axis": "y",
                "origin": [21.69808, 5.85, 17.69101]
            },
            "faces": {
                "north": {
                    "uv": [9.72727, 5.09091, 8.72727, 6.54545],
                    "texture": "#8"
                },
                "south": {
                    "uv": [8.72727, 5.09091, 9.72727, 6.54545],
                    "texture": "#8"
                }
            }
        },
        {
            "from": [11.005, 12.5, 10.995],
            "to": [17.505, 21.5, 11.005],
            "rotation": {
                "angle": 22.5,
                "axis": "y",
                "origin": [14.255, 17, 11]
            },
            "faces": {
                "north": {
                    "uv": [9.36364, 8.36364, 8.18182, 10],
                    "texture": "#8"
                },
                "south": {
                    "uv": [8.18182, 8.36364, 9.36364, 10],
                    "texture": "#8"
                }
            }
        },
        {
            "from": [-1.24809, 12.25, 11.19962],
            "to": [5.25191, 19.25, 11.20962],
            "rotation": {
                "angle": -22.5,
                "axis": "y",
                "origin": [2.00191, 15.75, 11.20462]
            },
            "faces": {
                "north": {
                    "uv": [2.54545, 8.54545, 3.72727, 9.81818],
                    "texture": "#8"
                },
                "south": {
                    "uv": [3.72727, 8.54545, 2.54545, 9.81818],
                    "texture": "#8"
                }
            }
        }
    ],
    "gui_light": "front",
    "display": {
        "thirdperson_righthand": {
            "rotation": [-125, 0, -180],
            "translation": [0, 4.75, 1.75],
            "scale": [0.5, 0.5, 0.5]
        },
        "thirdperson_lefthand": {
            "rotation": [-125, 0, -180],
            "translation": [0, 4.75, 1.75],
            "scale": [0.5, 0.5, 0.5]
        },
        "firstperson_righthand": {
            "rotation": [163.5, 0, -180],
            "translation": [-1, 4.75, 1.5],
            "scale": [0.4, 0.4, 0.4]
        },
        "firstperson_lefthand": {
            "rotation": [163.5, 0, -180],
            "translation": [-1, 4.75, 1.5],
            "scale": [0.4, 0.4, 0.4]
        },
        "ground": { "translation": [0, 5, 0], "scale": [0.6, 0.6, 0.6] },
        "gui": {
            "rotation": [35, 135, 0],
            "translation": [0, -0.5, 0],
            "scale": [0.61, 0.61, 0.61]
        },
        "head": {
            "rotation": [0, 180, 0],
            "translation": [0, -30.5, 0],
            "scale": [1.6, 1.6, 1.6]
        },
        "fixed": {
            "rotation": [-90, 0, 0],
            "translation": [0, 0, -16],
            "scale": [2, 2, 2]
        }
    },
    "groups": [
        {
            "name": "chest",
            "origin": [8, 8, 8],
            "color": 0,
            "children": [
                {
                    "name": "group",
                    "origin": [13.225, 14.2277, 3.20075],
                    "color": 0,
                    "children": [
                        {
                            "name": "coral_and_animated",
                            "origin": [26, 9.5, 8],
                            "color": 0,
                            "children": [0, 1, 2, 3, 4, 5]
                        },
                        6,
                        7,
                        8,
                        9,
                        10,
                        11,
                        12,
                        13,
                        14,
                        15,
                        16,
                        17,
                        18,
                        19,
                        20,
                        21
                    ]
                },
                {
                    "name": "group",
                    "origin": [8, 11.4375, 6.625],
                    "color": 0,
                    "children": [
                        22, 23, 24, 25, 26, 27, 28, 29, 30, 31, 32, 33, 34, 35,
                        36, 37, 38, 39, 40, 41, 42, 43, 44, 45, 46, 47, 48, 49,
                        50, 51, 52, 53
                    ]
                }
            ]
        }
    ]
}
