{
	"credit": "Made with Blockbench",
	"texture_size": [64, 64],
	"textures": {
		"1": "item/cosmetics/medieval/clown"
	},
	"elements": [
		{
			"name": "head",
			"from": [3, 2, 3],
			"to": [13, 6, 13],
			"shade": false,
			"rotation": {"angle": 0, "axis": "y", "origin": [8, 4, 8]},
			"faces": {
				"north": {"uv": [2.5, 2.5, 5, 3.5], "texture": "#1"},
				"east": {"uv": [0, 2.5, 2.5, 3.5], "texture": "#1"},
				"south": {"uv": [7.5, 2.5, 10, 3.5], "texture": "#1"},
				"west": {"uv": [5, 2.5, 7.5, 3.5], "texture": "#1"},
				"up": {"uv": [5, 2.5, 2.5, 0], "texture": "#1"},
				"down": {"uv": [7.5, 0, 5, 2.5], "texture": "#1"}
			}
		},
		{
			"name": "head",
			"from": [6.5, 0, -3],
			"to": [9.5, 3, 0],
			"shade": false,
			"rotation": {"angle": 0, "axis": "y", "origin": [8, 1.5, -1.5]},
			"faces": {
				"north": {"uv": [4.5, 6.75, 5.25, 7.5], "texture": "#1"},
				"east": {"uv": [3.75, 6.75, 4.5, 7.5], "texture": "#1"},
				"south": {"uv": [6, 6.75, 6.75, 7.5], "texture": "#1"},
				"west": {"uv": [5.25, 6.75, 6, 7.5], "texture": "#1"},
				"up": {"uv": [5.25, 6.75, 4.5, 6], "texture": "#1"},
				"down": {"uv": [6, 6, 5.25, 6.75], "texture": "#1"}
			}
		},
		{
			"name": "head",
			"from": [6, 4.416, -0.8033],
			"to": [10, 8.416, 6.1967],
			"shade": false,
			"rotation": {"angle": 45, "axis": "x", "origin": [8, 6.416, 2.6967]},
			"faces": {
				"north": {"uv": [7.25, 7.75, 8.25, 8.75], "texture": "#1"},
				"east": {"uv": [5.5, 7.75, 7.25, 8.75], "texture": "#1"},
				"south": {"uv": [10, 7.75, 11, 8.75], "texture": "#1"},
				"west": {"uv": [8.25, 7.75, 10, 8.75], "texture": "#1"},
				"up": {"uv": [8.25, 7.75, 7.25, 6], "texture": "#1"},
				"down": {"uv": [9.25, 6, 8.25, 7.75], "texture": "#1"}
			}
		},
		{
			"name": "head",
			"from": [6, 2.64823, -3.19239],
			"to": [10, 6.64823, 0.80761],
			"shade": false,
			"rotation": {"angle": 45, "axis": "x", "origin": [8, 4.64823, -1.19239]},
			"faces": {
				"north": {"uv": [5, 9.75, 6, 10.75], "texture": "#1"},
				"east": {"uv": [4, 9.75, 5, 10.75], "texture": "#1"},
				"south": {"uv": [7, 9.75, 8, 10.75], "texture": "#1"},
				"west": {"uv": [6, 9.75, 7, 10.75], "texture": "#1"},
				"up": {"uv": [6, 9.75, 5, 8.75], "texture": "#1"},
				"down": {"uv": [7, 8.75, 6, 9.75], "texture": "#1"}
			}
		},
		{
			"name": "head",
			"from": [6.5, 0, 16],
			"to": [9.5, 3, 19],
			"shade": false,
			"rotation": {"angle": 0, "axis": "y", "origin": [8, 1.5, 17.5]},
			"faces": {
				"north": {"uv": [4.5, 6.75, 5.25, 7.5], "texture": "#1"},
				"east": {"uv": [3.75, 6.75, 4.5, 7.5], "texture": "#1"},
				"south": {"uv": [6, 6.75, 6.75, 7.5], "texture": "#1"},
				"west": {"uv": [5.25, 6.75, 6, 7.5], "texture": "#1"},
				"up": {"uv": [5.25, 6.75, 4.5, 6], "texture": "#1"},
				"down": {"uv": [6, 6, 5.25, 6.75], "texture": "#1"}
			}
		},
		{
			"name": "head",
			"from": [6, 4.416, 9.8033],
			"to": [10, 8.416, 16.8033],
			"shade": false,
			"rotation": {"angle": -45, "axis": "x", "origin": [8, 6.416, 13.3033]},
			"faces": {
				"north": {"uv": [1.75, 7.75, 2.75, 8.75], "texture": "#1"},
				"east": {"uv": [0, 7.75, 1.75, 8.75], "texture": "#1"},
				"south": {"uv": [4.5, 7.75, 5.5, 8.75], "texture": "#1"},
				"west": {"uv": [2.75, 7.75, 4.5, 8.75], "texture": "#1"},
				"up": {"uv": [2.75, 7.75, 1.75, 6], "texture": "#1"},
				"down": {"uv": [3.75, 6, 2.75, 7.75], "texture": "#1"}
			}
		},
		{
			"name": "head",
			"from": [6, 2.64823, 15.19239],
			"to": [10, 6.64823, 19.19239],
			"shade": false,
			"rotation": {"angle": -45, "axis": "x", "origin": [8, 4.64823, 17.19239]},
			"faces": {
				"north": {"uv": [1, 9.75, 2, 10.75], "texture": "#1"},
				"east": {"uv": [0, 9.75, 1, 10.75], "texture": "#1"},
				"south": {"uv": [3, 9.75, 4, 10.75], "texture": "#1"},
				"west": {"uv": [2, 9.75, 3, 10.75], "texture": "#1"},
				"up": {"uv": [2, 9.75, 1, 8.75], "texture": "#1"},
				"down": {"uv": [3, 8.75, 2, 9.75], "texture": "#1"}
			}
		},
		{
			"name": "head",
			"from": [4, 6, 4],
			"to": [12, 8, 12],
			"shade": false,
			"rotation": {"angle": 0, "axis": "y", "origin": [8, 7, 8]},
			"faces": {
				"north": {"uv": [2, 5.5, 4, 6], "texture": "#1"},
				"east": {"uv": [0, 5.5, 2, 6], "texture": "#1"},
				"south": {"uv": [6, 5.5, 8, 6], "texture": "#1"},
				"west": {"uv": [4, 5.5, 6, 6], "texture": "#1"},
				"up": {"uv": [4, 5.5, 2, 3.5], "texture": "#1"},
				"down": {"uv": [6, 3.5, 4, 5.5], "texture": "#1"}
			}
		},
		{
			"name": "head",
			"from": [16, 0, 6.5],
			"to": [19, 3, 9.5],
			"shade": false,
			"rotation": {"angle": 0, "axis": "y", "origin": [17.5, 1.5, 8]},
			"faces": {
				"north": {"uv": [4.5, 6.75, 5.25, 7.5], "texture": "#1"},
				"east": {"uv": [3.75, 6.75, 4.5, 7.5], "texture": "#1"},
				"south": {"uv": [6, 6.75, 6.75, 7.5], "texture": "#1"},
				"west": {"uv": [5.25, 6.75, 6, 7.5], "texture": "#1"},
				"up": {"uv": [5.25, 6.75, 4.5, 6], "texture": "#1"},
				"down": {"uv": [6, 6, 5.25, 6.75], "texture": "#1"}
			}
		},
		{
			"name": "head",
			"from": [9.8033, 4.416, 6],
			"to": [16.8033, 8.416, 10],
			"shade": false,
			"rotation": {"angle": 45, "axis": "z", "origin": [13.3033, 6.416, 8]},
			"faces": {
				"north": {"uv": [8.5, 1, 10.25, 2], "texture": "#1"},
				"east": {"uv": [7.5, 1, 8.5, 2], "texture": "#1"},
				"south": {"uv": [11.25, 1, 13, 2], "texture": "#1"},
				"west": {"uv": [10.25, 1, 11.25, 2], "texture": "#1"},
				"up": {"uv": [10.25, 1, 8.5, 0], "texture": "#1"},
				"down": {"uv": [12, 0, 10.25, 1], "texture": "#1"}
			}
		},
		{
			"name": "head",
			"from": [15.19239, 2.64823, 6],
			"to": [19.19239, 6.64823, 10],
			"shade": false,
			"rotation": {"angle": 45, "axis": "z", "origin": [17.19239, 4.64823, 8]},
			"faces": {
				"north": {"uv": [10.25, 6.5, 11.25, 7.5], "texture": "#1"},
				"east": {"uv": [9.25, 6.5, 10.25, 7.5], "texture": "#1"},
				"south": {"uv": [12.25, 6.5, 13.25, 7.5], "texture": "#1"},
				"west": {"uv": [11.25, 6.5, 12.25, 7.5], "texture": "#1"},
				"up": {"uv": [11.25, 6.5, 10.25, 5.5], "texture": "#1"},
				"down": {"uv": [12.25, 5.5, 11.25, 6.5], "texture": "#1"}
			}
		},
		{
			"name": "head",
			"from": [-3, 0, 6.5],
			"to": [0, 3, 9.5],
			"shade": false,
			"rotation": {"angle": 0, "axis": "y", "origin": [-1.5, 1.5, 8]},
			"faces": {
				"north": {"uv": [4.5, 6.75, 5.25, 7.5], "texture": "#1"},
				"east": {"uv": [3.75, 6.75, 4.5, 7.5], "texture": "#1"},
				"south": {"uv": [6, 6.75, 6.75, 7.5], "texture": "#1"},
				"west": {"uv": [5.25, 6.75, 6, 7.5], "texture": "#1"},
				"up": {"uv": [5.25, 6.75, 4.5, 6], "texture": "#1"},
				"down": {"uv": [6, 6, 5.25, 6.75], "texture": "#1"}
			}
		},
		{
			"name": "head",
			"from": [-0.8033, 4.416, 6],
			"to": [6.1967, 8.416, 10],
			"shade": false,
			"rotation": {"angle": -45, "axis": "z", "origin": [2.6967, 6.416, 8]},
			"faces": {
				"north": {"uv": [7, 4.5, 8.75, 5.5], "texture": "#1"},
				"east": {"uv": [6, 4.5, 7, 5.5], "texture": "#1"},
				"south": {"uv": [9.75, 4.5, 11.5, 5.5], "texture": "#1"},
				"west": {"uv": [8.75, 4.5, 9.75, 5.5], "texture": "#1"},
				"up": {"uv": [8.75, 4.5, 7, 3.5], "texture": "#1"},
				"down": {"uv": [10.5, 3.5, 8.75, 4.5], "texture": "#1"}
			}
		},
		{
			"name": "head",
			"from": [-3.19239, 2.64823, 6],
			"to": [0.80761, 6.64823, 10],
			"shade": false,
			"rotation": {"angle": -45, "axis": "z", "origin": [-1.19239, 4.64823, 8]},
			"faces": {
				"north": {"uv": [9, 9.75, 10, 10.75], "texture": "#1"},
				"east": {"uv": [8, 9.75, 9, 10.75], "texture": "#1"},
				"south": {"uv": [11, 9.75, 12, 10.75], "texture": "#1"},
				"west": {"uv": [10, 9.75, 11, 10.75], "texture": "#1"},
				"up": {"uv": [10, 9.75, 9, 8.75], "texture": "#1"},
				"down": {"uv": [11, 8.75, 10, 9.75], "texture": "#1"}
			}
		}
	],
	"display": {
		"thirdperson_righthand": {
			"translation": [0, 1.5, 0],
			"scale": [0.5, 0.5, 0.5]
		},
		"thirdperson_lefthand": {
			"translation": [0, 1.25, 0],
			"scale": [0.5, 0.5, 0.5]
		},
		"firstperson_righthand": {
			"translation": [5.5, 0, 0]
		},
		"firstperson_lefthand": {
			"translation": [6, 0, 0]
		},
		"gui": {
			"rotation": [11, -36, 0],
			"translation": [0, 2.25, 0],
			"scale": [0.8, 0.8, 0.8]
		},
		"head": {
			"translation": [0, 12.75, 0],
			"scale": [1.6, 1.6, 1.6]
		},
		"fixed": {
			"translation": [0, 2.5, 0]
		}
	},
	"groups": [
		{
			"name": "head",
			"origin": [0, -4, 0],
			"color": 0,
			"boneType": "",
			"shade": false,
			"children": [
				0,
				{
					"name": "bone3",
					"origin": [0, -28, 0],
					"color": 0,
					"boneType": "",
					"children": [
						1,
						2,
						3,
						{
							"name": "bone4",
							"origin": [0, -28, 0],
							"color": 0,
							"boneType": "",
							"children": [4, 5, 6]
						}
					]
				},
				7,
				{
					"name": "bone",
					"origin": [0, -28, 0],
					"color": 0,
					"boneType": "",
					"children": [
						8,
						9,
						10,
						{
							"name": "bone2",
							"origin": [0, -28, 0],
							"color": 0,
							"boneType": "",
							"children": [11, 12, 13]
						}
					]
				}
			]
		}
	]
}