{
	"credit": "Made with Blockbench",
	"texture_size": [128, 128],
	"textures": {
		"2": "item/cosmetics/medieval/devil_crown",
		"particle": "item/cosmetics/medieval/devil_crown"
	},
	"elements": [
		{
			"from": [2, 7, 1],
			"to": [14, 14, 13],
			"rotation": {"angle": 0, "axis": "y", "origin": [0, 32, 0]},
			"faces": {
				"north": {"uv": [1.5, 1.5, 3, 2.375], "texture": "#2"},
				"east": {"uv": [0, 1.5, 1.5, 2.375], "texture": "#2"},
				"south": {"uv": [4.5, 1.5, 6, 2.375], "texture": "#2"},
				"west": {"uv": [3, 1.5, 4.5, 2.375], "texture": "#2"},
				"up": {"uv": [3, 1.5, 1.5, 0], "texture": "#2"},
				"down": {"uv": [4.5, 0, 3, 1.5], "texture": "#2"}
			}
		},
		{
			"from": [3, 0, 2],
			"to": [13, 7, 12],
			"rotation": {"angle": 0, "axis": "y", "origin": [0, 32, 0]},
			"faces": {
				"north": {"uv": [1.25, 3.625, 2.5, 4.5], "texture": "#2"},
				"east": {"uv": [0, 3.625, 1.25, 4.5], "texture": "#2"},
				"south": {"uv": [3.75, 3.625, 5, 4.5], "texture": "#2"},
				"west": {"uv": [2.5, 3.625, 3.75, 4.5], "texture": "#2"},
				"up": {"uv": [2.5, 3.625, 1.25, 2.375], "texture": "#2"},
				"down": {"uv": [3.75, 2.375, 2.5, 3.625], "texture": "#2"}
			}
		},
		{
			"from": [3, 8, 2],
			"to": [13, 11, 12],
			"rotation": {"angle": 0, "axis": "y", "origin": [0, 32, 0]},
			"faces": {
				"north": {"uv": [5, 4.5, 6.25, 4.875], "texture": "#2"},
				"east": {"uv": [3.75, 4.5, 5, 4.875], "texture": "#2"},
				"south": {"uv": [7.5, 4.5, 8.75, 4.875], "texture": "#2"},
				"west": {"uv": [6.25, 4.5, 7.5, 4.875], "texture": "#2"},
				"up": {"uv": [6.25, 4.5, 5, 3.25], "texture": "#2"},
				"down": {"uv": [7.5, 3.25, 6.25, 4.5], "texture": "#2"}
			}
		}
	],
	"display": {
		"head": {
			"translation": [0, 7.25, 1],
			"scale": [1.5, 1.5, 1.5]
		}
	},
	"groups": [
		{
			"name": "bone2",
			"origin": [0, 32, 0],
			"color": 0,
			"boneType": "",
			"children": [0, 1, 2]
		}
	]
}