{
	"credit": "Made with Blockbench",
	"texture_size": [64, 64],
	"textures": {
		"1": "item/cosmetics/medieval/executioner"
	},
	"elements": [
		{
			"name": "head",
			"from": [3, 2.925, 13.05],
			"to": [13, 10.925, 13.05],
			"shade": false,
			"rotation": {"angle": 0, "axis": "y", "origin": [8, 6.925, 13.05]},
			"faces": {
				"north": {"uv": [0, 9.75, 2.5, 11.75], "texture": "#1"},
				"east": {"uv": [0, 9.75, 0, 11.75], "texture": "#1"},
				"south": {"uv": [2.5, 9.75, 5, 11.75], "texture": "#1"},
				"west": {"uv": [2.5, 9.75, 2.5, 11.75], "texture": "#1"},
				"up": {"uv": [2.5, 9.75, 0, 9.75], "texture": "#1"},
				"down": {"uv": [5, 9.75, 2.5, 9.75], "texture": "#1"}
			}
		},
		{
			"name": "head",
			"from": [3, 2.925, 12.025],
			"to": [13, 3.925, 13.025],
			"shade": false,
			"rotation": {"angle": 0, "axis": "y", "origin": [8, 3.425, 12.525]},
			"faces": {
				"north": {"uv": [7.5, 0.25, 10, 0.5], "texture": "#1"},
				"east": {"uv": [7.25, 0.25, 7.5, 0.5], "texture": "#1"},
				"south": {"uv": [10.25, 0.25, 12.75, 0.5], "texture": "#1"},
				"west": {"uv": [10, 0.25, 10.25, 0.5], "texture": "#1"},
				"up": {"uv": [10, 0.25, 7.5, 0], "texture": "#1"},
				"down": {"uv": [12.5, 0, 10, 0.25], "texture": "#1"}
			}
		},
		{
			"name": "head",
			"from": [3, 2.925, 4.55],
			"to": [13, 10.925, 4.55],
			"shade": false,
			"rotation": {"angle": 0, "axis": "y", "origin": [8, 6.925, 4.55]},
			"faces": {
				"north": {"uv": [5, 9.75, 7.5, 11.75], "texture": "#1"},
				"east": {"uv": [5, 9.75, 5, 11.75], "texture": "#1"},
				"south": {"uv": [7.5, 9.75, 10, 11.75], "texture": "#1"},
				"west": {"uv": [7.5, 9.75, 7.5, 11.75], "texture": "#1"},
				"up": {"uv": [7.5, 9.75, 5, 9.75], "texture": "#1"},
				"down": {"uv": [10, 9.75, 7.5, 9.75], "texture": "#1"}
			}
		},
		{
			"name": "head",
			"from": [3, -5.075, 5.8],
			"to": [13, 2.925, 5.8],
			"shade": false,
			"rotation": {"angle": 0, "axis": "y", "origin": [8, -1.075, 5.8]},
			"faces": {
				"north": {"uv": [9.75, 4.5, 12.25, 6.5], "texture": "#1"},
				"east": {"uv": [9.75, 4.5, 9.75, 6.5], "texture": "#1"},
				"south": {"uv": [12.25, 4.5, 14.75, 6.5], "texture": "#1"},
				"west": {"uv": [12.25, 4.5, 12.25, 6.5], "texture": "#1"},
				"up": {"uv": [12.25, 4.5, 9.75, 4.5], "texture": "#1"},
				"down": {"uv": [14.75, 4.5, 12.25, 4.5], "texture": "#1"}
			}
		},
		{
			"name": "head",
			"from": [5, 9.1529, 6.04095],
			"to": [11, 16.1529, 12.04095],
			"shade": false,
			"rotation": {"angle": 22.5, "axis": "x", "origin": [8, 12.6529, 9.04095]},
			"faces": {
				"north": {"uv": [9.5, 2.75, 11, 4.5], "texture": "#1"},
				"east": {"uv": [8, 2.75, 9.5, 4.5], "texture": "#1"},
				"south": {"uv": [12.5, 2.75, 14, 4.5], "texture": "#1"},
				"west": {"uv": [11, 2.75, 12.5, 4.5], "texture": "#1"},
				"up": {"uv": [11, 2.75, 9.5, 1.25], "texture": "#1"},
				"down": {"uv": [12.5, 1.25, 11, 2.75], "texture": "#1"}
			}
		},
		{
			"name": "head",
			"from": [6, 12.01688, 11.04138],
			"to": [10, 18.01688, 15.04138],
			"shade": false,
			"rotation": {"angle": 45, "axis": "x", "origin": [8, 15.01688, 13.04138]},
			"faces": {
				"north": {"uv": [11, 10.75, 12, 12.25], "texture": "#1"},
				"east": {"uv": [10, 10.75, 11, 12.25], "texture": "#1"},
				"south": {"uv": [13, 10.75, 14, 12.25], "texture": "#1"},
				"west": {"uv": [12, 10.75, 13, 12.25], "texture": "#1"},
				"up": {"uv": [12, 10.75, 11, 9.75], "texture": "#1"},
				"down": {"uv": [13, 9.75, 12, 10.75], "texture": "#1"}
			}
		},
		{
			"name": "head",
			"from": [11.31767, 3.42082, 4.075],
			"to": [14.31767, 11.42082, 13.075],
			"shade": false,
			"rotation": {"angle": 22.5, "axis": "z", "origin": [12.81767, 7.42082, 8.575]},
			"faces": {
				"north": {"uv": [8.25, 7.75, 9, 9.75], "texture": "#1"},
				"east": {"uv": [6, 7.75, 8.25, 9.75], "texture": "#1"},
				"south": {"uv": [11.25, 7.75, 12, 9.75], "texture": "#1"},
				"west": {"uv": [9, 7.75, 11.25, 9.75], "texture": "#1"},
				"up": {"uv": [9, 7.75, 8.25, 5.5], "texture": "#1"},
				"down": {"uv": [9.75, 5.5, 9, 7.75], "texture": "#1"}
			}
		},
		{
			"from": [3, 10.925, 4.05],
			"to": [13, 12.925, 13.05],
			"rotation": {"angle": 0, "axis": "y", "origin": [8, 11.925, 8.55]},
			"faces": {
				"north": {"uv": [2.25, 2.25, 4.75, 2.75], "texture": "#1"},
				"east": {"uv": [0, 2.25, 2.25, 2.75], "texture": "#1"},
				"south": {"uv": [7, 2.25, 9.5, 2.75], "texture": "#1"},
				"west": {"uv": [4.75, 2.25, 7, 2.75], "texture": "#1"},
				"up": {"uv": [4.75, 2.25, 2.25, 0], "texture": "#1"},
				"down": {"uv": [7.25, 0, 4.75, 2.25], "texture": "#1"}
			}
		},
		{
			"from": [3, 1.75426, 4.93478],
			"to": [13, 4.75426, 12.93478],
			"rotation": {"angle": -22.5, "axis": "x", "origin": [8, 3.25426, 8.93478]},
			"faces": {
				"north": {"uv": [2, 4.75, 4.5, 5.5], "texture": "#1"},
				"east": {"uv": [0, 4.75, 2, 5.5], "texture": "#1"},
				"south": {"uv": [6.5, 4.75, 9, 5.5], "texture": "#1"},
				"west": {"uv": [4.5, 4.75, 6.5, 5.5], "texture": "#1"},
				"up": {"uv": [4.5, 4.75, 2, 2.75], "texture": "#1"},
				"down": {"uv": [7, 2.75, 4.5, 4.75], "texture": "#1"}
			}
		},
		{
			"name": "head",
			"from": [1.68233, 3.42082, 4.075],
			"to": [4.68233, 11.42082, 13.075],
			"shade": false,
			"rotation": {"angle": -22.5, "axis": "z", "origin": [3.18233, 7.42082, 8.575]},
			"faces": {
				"north": {"uv": [2.25, 7.75, 3, 9.75], "texture": "#1"},
				"east": {"uv": [0, 7.75, 2.25, 9.75], "texture": "#1"},
				"south": {"uv": [5.25, 7.75, 6, 9.75], "texture": "#1"},
				"west": {"uv": [3, 7.75, 5.25, 9.75], "texture": "#1"},
				"up": {"uv": [3, 7.75, 2.25, 5.5], "texture": "#1"},
				"down": {"uv": [3.75, 5.5, 3, 7.75], "texture": "#1"}
			}
		}
	],
	"display": {
		"thirdperson_righthand": {
			"scale": [0.5, 0.5, 0.5]
		},
		"thirdperson_lefthand": {
			"scale": [0.5, 0.5, 0.5]
		},
		"firstperson_righthand": {
			"translation": [1.25, -4, 0]
		},
		"firstperson_lefthand": {
			"translation": [2.75, -3, 0]
		},
		"ground": {
			"translation": [0, 2.25, 0]
		},
		"gui": {
			"rotation": [8, 163, 0],
			"scale": [0.8, 0.8, 0.8]
		},
		"head": {
			"translation": [0, 0, -1.25],
			"scale": [1.6, 1.6, 1.6]
		}
	},
	"groups": [
		{
			"name": "head",
			"origin": [0, 3, 0],
			"color": 0,
			"boneType": "",
			"shade": false,
			"children": [
				0,
				1,
				2,
				3,
				4,
				5,
				6,
				{
					"name": "bone",
					"origin": [0, 11, 0],
					"color": 0,
					"boneType": "",
					"children": [7, 8]
				},
				9
			]
		}
	]
}