{
	"credit": "Made with Blockbench",
	"texture_size": [64, 64],
	"textures": {
		"1": "item/cosmetics/medieval/farmer_hat"
	},
	"elements": [
		{
			"from": [3, 3, 3],
			"to": [13, 6, 13],
			"rotation": {"angle": 0, "axis": "y", "origin": [8, 4.5, 8]},
			"faces": {
				"north": {"uv": [2.5, 6.25, 5, 7], "texture": "#1"},
				"east": {"uv": [0, 6.25, 2.5, 7], "texture": "#1"},
				"south": {"uv": [7.5, 6.25, 10, 7], "texture": "#1"},
				"west": {"uv": [5, 6.25, 7.5, 7], "texture": "#1"},
				"up": {"uv": [5, 6.25, 2.5, 3.75], "texture": "#1"},
				"down": {"uv": [7.5, 3.75, 5, 6.25], "texture": "#1"}
			}
		},
		{
			"from": [1, 2, 1],
			"to": [15, 3, 15],
			"rotation": {"angle": 0, "axis": "y", "origin": [8, 2.5, 8]},
			"faces": {
				"north": {"uv": [3.5, 3.5, 7, 3.75], "texture": "#1"},
				"east": {"uv": [0, 3.5, 3.5, 3.75], "texture": "#1"},
				"south": {"uv": [10.5, 3.5, 14, 3.75], "texture": "#1"},
				"west": {"uv": [7, 3.5, 10.5, 3.75], "texture": "#1"},
				"up": {"uv": [7, 3.5, 3.5, 0], "texture": "#1"},
				"down": {"uv": [10.5, 0, 7, 3.5], "texture": "#1"}
			}
		},
		{
			"from": [13.25, 1.67492, 6.37745],
			"to": [13.25, 8.67492, 11.37745],
			"rotation": {"angle": 22.5, "axis": "x", "origin": [13.25, 5.17492, 8.87745]},
			"faces": {
				"north": {"uv": [1.25, 1.25, 1.25, 3], "texture": "#1"},
				"east": {"uv": [0, 1.25, 1.25, 3], "texture": "#1"},
				"south": {"uv": [2.5, 1.25, 2.5, 3], "texture": "#1"},
				"west": {"uv": [1.25, 1.25, 2.5, 3], "texture": "#1"},
				"up": {"uv": [1.25, 1.25, 1.25, 0], "texture": "#1"},
				"down": {"uv": [1.25, 0, 1.25, 1.25], "texture": "#1"}
			}
		},
		{
			"from": [14.84776, 1.23463, 1],
			"to": [18.84776, 1.23463, 15],
			"rotation": {"angle": -22.5, "axis": "z", "origin": [16.84776, 1.23463, 8]},
			"faces": {
				"north": {"uv": [3.5, 10.5, 4.5, 10.5], "texture": "#1"},
				"east": {"uv": [0, 10.5, 3.5, 10.5], "texture": "#1"},
				"south": {"uv": [8, 10.5, 9, 10.5], "texture": "#1"},
				"west": {"uv": [4.5, 10.5, 8, 10.5], "texture": "#1"},
				"up": {"uv": [4.5, 10.5, 3.5, 7], "texture": "#1"},
				"down": {"uv": [5.5, 7, 4.5, 10.5], "texture": "#1"}
			}
		},
		{
			"from": [-2.84776, 1.23463, 1],
			"to": [1.15224, 1.23463, 15],
			"rotation": {"angle": 22.5, "axis": "z", "origin": [-0.84776, 1.23463, 8]},
			"faces": {
				"north": {"uv": [10, 7.25, 11, 7.25], "texture": "#1"},
				"east": {"uv": [6.5, 7.25, 10, 7.25], "texture": "#1"},
				"south": {"uv": [14.5, 7.25, 15.5, 7.25], "texture": "#1"},
				"west": {"uv": [11, 7.25, 14.5, 7.25], "texture": "#1"},
				"up": {"uv": [11, 7.25, 10, 3.75], "texture": "#1"},
				"down": {"uv": [12, 3.75, 11, 7.25], "texture": "#1"}
			}
		},
		{
			"from": [1, 1.23463, -2.84776],
			"to": [15, 1.23463, 1.15224],
			"rotation": {"angle": -22.5, "axis": "x", "origin": [8, 1.23463, -0.84776]},
			"faces": {
				"north": {"uv": [5.5, 8.25, 9, 8.25], "texture": "#1"},
				"east": {"uv": [4.5, 8.25, 5.5, 8.25], "texture": "#1"},
				"south": {"uv": [10, 8.25, 13.5, 8.25], "texture": "#1"},
				"west": {"uv": [9, 8.25, 10, 8.25], "texture": "#1"},
				"up": {"uv": [9, 8.25, 5.5, 7.25], "texture": "#1"},
				"down": {"uv": [12.5, 7.25, 9, 8.25], "texture": "#1"}
			}
		},
		{
			"from": [1, 1.23463, 14.84776],
			"to": [15, 1.23463, 18.84776],
			"rotation": {"angle": 22.5, "axis": "x", "origin": [8, 1.23463, 16.84776]},
			"faces": {
				"north": {"uv": [5.5, 9.25, 9, 9.25], "texture": "#1"},
				"east": {"uv": [4.5, 9.25, 5.5, 9.25], "texture": "#1"},
				"south": {"uv": [10, 9.25, 13.5, 9.25], "texture": "#1"},
				"west": {"uv": [9, 9.25, 10, 9.25], "texture": "#1"},
				"up": {"uv": [9, 9.25, 5.5, 8.25], "texture": "#1"},
				"down": {"uv": [12.5, 8.25, 9, 9.25], "texture": "#1"}
			}
		}
	],
	"display": {
		"thirdperson_righthand": {
			"translation": [0, 2.25, 0],
			"scale": [0.5, 0.5, 0.5]
		},
		"thirdperson_lefthand": {
			"translation": [0, 1.75, 0],
			"scale": [0.5, 0.5, 0.5]
		},
		"firstperson_righthand": {
			"translation": [7.25, 3.75, 0]
		},
		"firstperson_lefthand": {
			"translation": [4.75, 2.75, 0]
		},
		"ground": {
			"translation": [0, 3.5, 0]
		},
		"gui": {
			"rotation": [11, -141, 0],
			"translation": [0, 2.75, 0],
			"scale": [0.8, 0.8, 0.8]
		},
		"head": {
			"translation": [0, 12.75, 0],
			"scale": [1.6, 1.6, 1.6]
		},
		"fixed": {
			"translation": [0, 3.5, 0]
		}
	},
	"groups": [
		{
			"name": "bone",
			"origin": [0, 2, 0],
			"color": 0,
			"boneType": "",
			"children": [0, 1, 2, 3, 4, 5, 6]
		}
	]
}