{
	"credit": "Made with Blockbench",
	"texture_size": [64, 64],
	"textures": {
		"1": "item/cosmetics/medieval/knight_helmet"
	},
	"elements": [
		{
			"name": "head",
			"from": [3, -0.25, 8],
			"to": [13, 8.75, 13],
			"shade": false,
			"rotation": {"angle": 0, "axis": "y", "origin": [8, 4.25, 10.5]},
			"faces": {
				"north": {"uv": [8, 8.75, 10.5, 11], "texture": "#1"},
				"east": {"uv": [6.75, 8.75, 8, 11], "texture": "#1"},
				"south": {"uv": [11.75, 8.75, 14.25, 11], "texture": "#1"},
				"west": {"uv": [10.5, 8.75, 11.75, 11], "texture": "#1"},
				"up": {"uv": [10.5, 8.75, 8, 7.5], "texture": "#1"},
				"down": {"uv": [13, 7.5, 10.5, 8.75], "texture": "#1"}
			}
		},
		{
			"name": "head",
			"from": [3, -0.25, 2],
			"to": [13, 3.75, 8],
			"shade": false,
			"rotation": {"angle": 0, "axis": "y", "origin": [8, 1.75, 5]},
			"faces": {
				"north": {"uv": [9.5, 3, 12, 4], "texture": "#1"},
				"east": {"uv": [8, 3, 9.5, 4], "texture": "#1"},
				"south": {"uv": [13.5, 3, 16, 4], "texture": "#1"},
				"west": {"uv": [12, 3, 13.5, 4], "texture": "#1"},
				"up": {"uv": [12, 3, 9.5, 1.5], "texture": "#1"},
				"down": {"uv": [14.5, 1.5, 12, 3], "texture": "#1"}
			}
		},
		{
			"name": "head",
			"from": [7, 6.75, 8],
			"to": [9, 11.75, 16],
			"shade": false,
			"rotation": {"angle": 0, "axis": "y", "origin": [8, 9.25, 12]},
			"faces": {
				"north": {"uv": [10, 6, 10.5, 7.25], "texture": "#1"},
				"east": {"uv": [8, 6, 10, 7.25], "texture": "#1"},
				"south": {"uv": [12.5, 6, 13, 7.25], "texture": "#1"},
				"west": {"uv": [10.5, 6, 12.5, 7.25], "texture": "#1"},
				"up": {"uv": [10.5, 6, 10, 4], "texture": "#1"},
				"down": {"uv": [11, 4, 10.5, 6], "texture": "#1"}
			}
		},
		{
			"name": "head",
			"from": [8, -3.25, 5],
			"to": [8, 15.75, 21],
			"shade": false,
			"rotation": {"angle": 0, "axis": "y", "origin": [8, 6.25, 13]},
			"faces": {
				"north": {"uv": [4, 4, 4, 8.75], "texture": "#1"},
				"east": {"uv": [0, 4, 4, 8.75], "texture": "#1"},
				"south": {"uv": [8, 4, 8, 8.75], "texture": "#1"},
				"west": {"uv": [4, 4, 8, 8.75], "texture": "#1"},
				"up": {"uv": [4, 4, 4, 0], "texture": "#1"},
				"down": {"uv": [4, 0, 4, 4], "texture": "#1"}
			}
		},
		{
			"name": "head",
			"from": [2, 4.74679, 2.9341],
			"to": [14, 9.74679, 9.9341],
			"shade": false,
			"rotation": {"angle": 22.5, "axis": "x", "origin": [8, 7.24679, 6.4341]},
			"faces": {
				"north": {"uv": [1.75, 1.75, 4.75, 3], "texture": "#1"},
				"east": {"uv": [0, 1.75, 1.75, 3], "texture": "#1"},
				"south": {"uv": [6.5, 1.75, 9.5, 3], "texture": "#1"},
				"west": {"uv": [4.75, 1.75, 6.5, 3], "texture": "#1"},
				"up": {"uv": [4.75, 1.75, 1.75, 0], "texture": "#1"},
				"down": {"uv": [7.75, 0, 4.75, 1.75], "texture": "#1"}
			}
		}
	],
	"display": {
		"thirdperson_righthand": {
			"scale": [0.5, 0.5, 0.5]
		},
		"thirdperson_lefthand": {
			"scale": [0.5, 0.5, 0.5]
		},
		"firstperson_righthand": {
			"translation": [3.5, 0, 0]
		},
		"firstperson_lefthand": {
			"translation": [4, -0.75, 0]
		},
		"ground": {
			"translation": [0, 3, 0]
		},
		"gui": {
			"rotation": [13, -140, 0],
			"translation": [0, 0.75, 0],
			"scale": [0.8, 0.8, 0.8]
		},
		"head": {
			"translation": [0, 6.5, 0],
			"scale": [1.6, 1.6, 1.6]
		},
		"fixed": {
			"translation": [0, 1.5, 0]
		}
	},
	"groups": [
		{
			"name": "head",
			"origin": [0, 0, 0],
			"color": 0,
			"boneType": "",
			"shade": false,
			"children": [0, 1, 2, 3, 4]
		}
	]
}