{
	"credit": "Made with Blockbench",
	"texture_size": [64, 64],
	"textures": {
		"1": "item/cosmetics/medieval/sword_in_head"
	},
	"elements": [
		{
			"from": [0, 1, 8],
			"to": [16, 4, 9],
			"rotation": {"angle": 0, "axis": "y", "origin": [8, 2.5, 8.5]},
			"faces": {
				"north": {"uv": [0.25, 0.25, 4.25, 1], "texture": "#1"},
				"east": {"uv": [0, 0.25, 0.25, 1], "texture": "#1"},
				"south": {"uv": [4.5, 0.25, 8.5, 1], "texture": "#1"},
				"west": {"uv": [4.25, 0.25, 4.5, 1], "texture": "#1"},
				"up": {"uv": [4.25, 0.25, 0.25, 0], "texture": "#1"},
				"down": {"uv": [8.25, 0, 4.25, 0.25], "texture": "#1"}
			}
		},
		{
			"from": [-5, 1.5, 8],
			"to": [0, 3.5, 9],
			"rotation": {"angle": 0, "axis": "y", "origin": [-2.5, 2.5, 8.5]},
			"faces": {
				"north": {"uv": [2.25, 3, 3.5, 3.5], "texture": "#1"},
				"east": {"uv": [2, 3, 2.25, 3.5], "texture": "#1"},
				"south": {"uv": [3.75, 3, 5, 3.5], "texture": "#1"},
				"west": {"uv": [3.5, 3, 3.75, 3.5], "texture": "#1"},
				"up": {"uv": [3.5, 3, 2.25, 2.75], "texture": "#1"},
				"down": {"uv": [4.75, 2.75, 3.5, 3], "texture": "#1"}
			}
		},
		{
			"from": [-6, 0.5, 7],
			"to": [-5, 4.5, 10],
			"rotation": {"angle": 0, "axis": "y", "origin": [-5.5, 2.5, 8.5]},
			"faces": {
				"north": {"uv": [2.75, 1.75, 3, 2.75], "texture": "#1"},
				"east": {"uv": [2, 1.75, 2.75, 2.75], "texture": "#1"},
				"south": {"uv": [3.75, 1.75, 4, 2.75], "texture": "#1"},
				"west": {"uv": [3, 1.75, 3.75, 2.75], "texture": "#1"},
				"up": {"uv": [3, 1.75, 2.75, 1], "texture": "#1"},
				"down": {"uv": [3.25, 1, 3, 1.75], "texture": "#1"}
			}
		},
		{
			"from": [15.01396, 1.50025, 8.025],
			"to": [17.01396, 3.50025, 9.025],
			"rotation": {"angle": -45, "axis": "z", "origin": [16.01396, 2.50025, 8.525]},
			"faces": {
				"north": {"uv": [1.5, 1.25, 2, 1.75], "texture": "#1"},
				"east": {"uv": [1.25, 1.25, 1.5, 1.75], "texture": "#1"},
				"south": {"uv": [2.25, 1.25, 2.75, 1.75], "texture": "#1"},
				"west": {"uv": [2, 1.25, 2.25, 1.75], "texture": "#1"},
				"up": {"uv": [2, 1.25, 1.5, 1], "texture": "#1"},
				"down": {"uv": [2.5, 1, 2, 1.25], "texture": "#1"}
			}
		},
		{
			"from": [-0.51208, -0.25929, 7],
			"to": [0.48792, 5.74071, 10],
			"rotation": {"angle": 22.5, "axis": "z", "origin": [-0.01208, 2.74071, 8.5]},
			"faces": {
				"north": {"uv": [0.75, 1.75, 1, 3.25], "texture": "#1"},
				"east": {"uv": [0, 1.75, 0.75, 3.25], "texture": "#1"},
				"south": {"uv": [1.75, 1.75, 2, 3.25], "texture": "#1"},
				"west": {"uv": [1, 1.75, 1.75, 3.25], "texture": "#1"},
				"up": {"uv": [1, 1.75, 0.75, 1], "texture": "#1"},
				"down": {"uv": [1.25, 1, 1, 1.75], "texture": "#1"}
			}
		}
	],
	"display": {
		"thirdperson_righthand": {
			"translation": [4, 0.75, -0.5],
			"scale": [0.5, 0.5, 0.5]
		},
		"thirdperson_lefthand": {
			"translation": [-3.25, 0, -0.5],
			"scale": [0.5, 0.5, 0.5]
		},
		"firstperson_righthand": {
			"translation": [7.25, 4.25, 0]
		},
		"firstperson_lefthand": {
			"translation": [7.25, 5.25, 0]
		},
		"ground": {
			"translation": [0, 4.25, 0]
		},
		"gui": {
			"rotation": [-35, -27, 0],
			"translation": [2.25, 2.25, 0],
			"scale": [0.8, 0.8, 0.8]
		},
		"head": {
			"translation": [1.25, 10, 0],
			"scale": [1.6, 1.6, 1.6]
		},
		"fixed": {
			"translation": [2.25, 5, -0.25]
		}
	},
	"groups": [
		{
			"name": "bone",
			"origin": [0, 1, 0],
			"color": 0,
			"boneType": "",
			"children": [0, 1, 2, 3, 4]
		}
	]
}