{
	"format_version": "1.21.6",
	"credit": "Erocavontic",
	"texture_size": [64, 64],
	"textures": {
		"0": "cosmetics:cosmetics/worncosmetic/halloween25/bat_wings",
		"particle": "cosmetics:cosmetics/worncosmetic/halloween25/bat_wings"
	},
	"elements": [
		{
			"from": [-3.25, -15.5, 7.5],
			"to": [7.75, 0, 7.5],
			"rotation": {"angle": 22.5, "axis": "y", "origin": [7.15025, -10.87868, 7.4995]},
			"faces": {
				"north": {"uv": [6, 0, 0, 7.75], "texture": "#0"},
				"south": {"uv": [0, 0, 6, 7.75], "texture": "#0"}
			}
		},
		{
			"from": [-3.25, -15.5, 7.25],
			"to": [7.75, 0, 7.25],
			"rotation": {"angle": 22.5, "axis": "y", "origin": [7.15025, -10.87868, 7.4995]},
			"faces": {
				"north": {"uv": [12, 0, 6, 7.75], "texture": "#0"},
				"south": {"uv": [6, 0, 12, 7.75], "texture": "#0"}
			}
		},
		{
			"from": [-3.25, -15.5, 7.75],
			"to": [7.75, 0, 7.75],
			"rotation": {"angle": 22.5, "axis": "y", "origin": [7.15025, -10.87868, 7.4995]},
			"faces": {
				"north": {"uv": [12, 0, 6, 7.75], "texture": "#0"},
				"south": {"uv": [6, 0, 12, 7.75], "texture": "#0"}
			}
		},
		{
			"from": [8.25, -15.5, 7.25],
			"to": [19.25, 0, 7.25],
			"rotation": {"angle": -22.5, "axis": "y", "origin": [9.1, -10.87868, 7.4995]},
			"faces": {
				"north": {"uv": [6, 0, 12, 7.75], "texture": "#0"},
				"south": {"uv": [12, 0, 6, 7.75], "texture": "#0"}
			}
		},
		{
			"from": [8.25, -15.5, 7.75],
			"to": [19.25, 0, 7.75],
			"rotation": {"angle": -22.5, "axis": "y", "origin": [9.1, -10.87868, 7.4995]},
			"faces": {
				"north": {"uv": [6, 0, 12, 7.75], "texture": "#0"},
				"south": {"uv": [12, 0, 6, 7.75], "texture": "#0"}
			}
		},
		{
			"from": [8.25, -15.5, 7.5],
			"to": [19.25, 0, 7.5],
			"rotation": {"angle": -22.5, "axis": "y", "origin": [9.1, -10.87868, 7.4995]},
			"faces": {
				"north": {"uv": [0, 0, 6, 7.75], "texture": "#0"},
				"south": {"uv": [6, 0, 0, 7.75], "texture": "#0"}
			}
		}
	],
	"gui_light": "front",
	"display": {
		"thirdperson_righthand": {
			"rotation": [57, -180, 0],
			"translation": [0, 2, 2.75],
			"scale": [0.75, 0.75, 0.75]
		},
		"thirdperson_lefthand": {
			"rotation": [73.5, 0, 0],
			"translation": [-5.5, -2.25, 18.75],
			"scale": [2, 2, 2]
		},
		"firstperson_righthand": {
			"translation": [-3, 4.75, 2.75],
			"scale": [0.75, 0.75, 0.75]
		},
		"firstperson_lefthand": {
			"translation": [-3, 4.75, 2.75],
			"scale": [0, 0, 0]
		},
		"ground": {
			"translation": [0, 5, -1],
			"scale": [0.75, 0.75, 0.75]
		},
		"gui": {
			"rotation": [25, 140, 0],
			"translation": [-1.5, 11.25, 0],
			"scale": [0.85, 0.85, 0.85]
		},
		"head": {
			"rotation": [8.25, 0, 0],
			"translation": [0, -59.75, 16],
			"scale": [3.5, 3.5, 3.5]
		},
		"fixed": {
			"rotation": [-180, 0, -180],
			"translation": [0, 6, -0.25],
			"scale": [2.40625, 2.40625, 2.40625]
		}
	},
	"mcmodels": "1fe03bc16da16bbe1aa781a3fe1611c4"
}