{
	"format_version": "1.21.6",
	"credit": "Erocavontic",
	"texture_size": [64, 64],
	"textures": {
		"0": "cosmetics:cosmetics/worncosmetic/halloween25/cat_carrier_bag",
		"1": "cosmetics:cosmetics/worncosmetic/halloween25/cat_carrier_eyes",
		"particle": "cosmetics:cosmetics/worncosmetic/halloween25/cat_carrier_bag"
	},
	"elements": [
		{
			"from": [5, -14, 9],
			"to": [11, -7.5, 10],
			"rotation": {"angle": 0, "axis": "y", "origin": [5, -14, 10.5]},
			"faces": {
				"north": {"uv": [0, 3.5, 3, 6.75], "texture": "#0"},
				"east": {"uv": [3, 3.5, 3.5, 6.75], "texture": "#0"},
				"south": {"uv": [0, 6.75, 3, 10], "texture": "#0"},
				"west": {"uv": [3, 6.75, 3.5, 10], "texture": "#0"},
				"up": {"uv": [6.5, 7.25, 3.5, 6.75], "texture": "#0"},
				"down": {"uv": [6.5, 7.25, 3.5, 7.75], "texture": "#0"}
			}
		},
		{
			"from": [5, -14, 5.75],
			"to": [11, -12.5, 9],
			"rotation": {"angle": 0, "axis": "y", "origin": [5, -14, 9]},
			"faces": {
				"north": {"uv": [0, 6, 3, 6.75], "texture": "#0"},
				"east": {"uv": [6.5, 3.5, 8.125, 4.25], "texture": "#0"},
				"west": {"uv": [6.5, 4.25, 8.125, 5], "texture": "#0"},
				"up": {"uv": [6.5, 5.125, 3.5, 3.5], "texture": "#0"},
				"down": {"uv": [6.5, 5.125, 3.5, 6.75], "texture": "#0"}
			}
		},
		{
			"from": [6.75, -7, 9],
			"to": [9.25, -6.5, 10],
			"rotation": {"angle": 0, "axis": "y", "origin": [5, -14, 10.5]},
			"faces": {
				"north": {"uv": [2.75, 3, 4, 3.25], "texture": "#0"},
				"south": {"uv": [4, 3, 5.25, 3.25], "texture": "#0"},
				"up": {"uv": [4, 3, 2.75, 2.5], "texture": "#0"},
				"down": {"uv": [5.25, 2.5, 4, 3], "texture": "#0"}
			}
		},
		{
			"from": [5.25, -9, 7.41422],
			"to": [10.75, -7.58578, 9],
			"rotation": {"angle": 0, "axis": "y", "origin": [5, -14.17157, 10.41422]},
			"faces": {
				"east": {"uv": [2.75, 0, 3.5, 0.75], "texture": "#0"},
				"west": {"uv": [5.5, 0, 6.25, 0.75], "texture": "#0"},
				"up": {"uv": [2.75, 3.5, 0, 2.75], "texture": "#0"}
			}
		},
		{
			"from": [5.25, -12.5, 6],
			"to": [10.75, -9, 9],
			"rotation": {"angle": 0, "axis": "y", "origin": [5, -14, 9]},
			"faces": {
				"north": {"uv": [0, 1, 2.75, 2.75], "texture": "#0"},
				"east": {"uv": [2.75, 0.75, 4.25, 2.5], "texture": "#0"},
				"west": {"uv": [4.75, 0.75, 6.25, 2.5], "texture": "#0"}
			}
		},
		{
			"from": [5.2375, -8.58578, 5.41422],
			"to": [10.7625, -7.58578, 7.41422],
			"rotation": {"angle": -45, "axis": "x", "origin": [5, -7.58578, 7.41422]},
			"faces": {
				"east": {"uv": [3.5, 0, 4.5, 0.5], "texture": "#0"},
				"west": {"uv": [4.5, 0, 5.5, 0.5], "texture": "#0"},
				"up": {"uv": [2.75, 1, 0, 0], "texture": "#0"}
			}
		},
		{
			"from": [5.25, -15.5, 5.7],
			"to": [8.25, -13, 5.7],
			"rotation": {"angle": 0, "axis": "y", "origin": [5.75, -14, 5.7]},
			"faces": {
				"north": {"uv": [6.625, 5.125, 8.125, 6.375], "texture": "#0"},
				"south": {"uv": [8.125, 5.125, 6.625, 6.375], "texture": "#0"}
			}
		},
		{
			"from": [5.25, -14.5, 5.6],
			"to": [6, -13.5, 5.6],
			"rotation": {"angle": 0, "axis": "y", "origin": [5.75, -14, 5.6]},
			"faces": {
				"north": {"uv": [8.25, 5.375, 8.625, 5.875], "texture": "#0"},
				"south": {"uv": [8.625, 5.375, 8.25, 5.875], "texture": "#0"}
			}
		},
		{
			"from": [6.25, -11.75, 5.5],
			"to": [9.75, -8.95, 7],
			"rotation": {"angle": 0, "axis": "y", "origin": [8, -11.7, 5.5]},
			"faces": {
				"north": {"uv": [6.25, 0, 8, 1.375], "texture": "#0"},
				"east": {"uv": [8, 0, 8.75, 1.375], "texture": "#0"},
				"west": {"uv": [8.75, 0, 8, 1.375], "texture": "#0"},
				"down": {"uv": [8.75, 0, 10.5, 0.75], "texture": "#0"}
			}
		},
		{
			"from": [6.2375, -8.95, 5.5],
			"to": [9.7625, -7.125, 7],
			"rotation": {"angle": 45, "axis": "x", "origin": [8, -8.95, 5.5]},
			"faces": {
				"north": {"uv": [8.75, 0.75, 10.5, 1.625], "texture": "#0"},
				"east": {"uv": [10.5, 0.75, 11.25, 1.625], "texture": "#0"},
				"west": {"uv": [11.25, 0.75, 10.5, 1.625], "texture": "#0"},
				"up": {"uv": [10.5, 0, 12.25, 0.75], "texture": "#0"}
			}
		},
		{
			"from": [6.25, -7.5, 9],
			"to": [6.75, -6.5, 10],
			"rotation": {"angle": 0, "axis": "y", "origin": [6.25, -7.5, 9]},
			"faces": {
				"north": {"uv": [7.25, 1.375, 7.5, 1.875], "texture": "#0"},
				"east": {"uv": [6.75, 1.375, 7.25, 1.875], "texture": "#0"},
				"south": {"uv": [7.5, 1.375, 7.75, 1.875], "texture": "#0"},
				"west": {"uv": [6.25, 1.375, 6.75, 1.875], "texture": "#0"},
				"up": {"uv": [7.75, 1.375, 8, 1.875], "texture": "#0"},
				"down": {"uv": [8, 1.375, 8.25, 1.875], "texture": "#0"}
			}
		},
		{
			"from": [9.25, -7.5, 9],
			"to": [9.75, -6.5, 10],
			"rotation": {"angle": 0, "axis": "y", "origin": [9.75, -7.5, 9]},
			"faces": {
				"north": {"uv": [7.5, 1.375, 7.25, 1.875], "texture": "#0"},
				"east": {"uv": [6.75, 1.375, 6.25, 1.875], "texture": "#0"},
				"south": {"uv": [7.75, 1.375, 7.5, 1.875], "texture": "#0"},
				"west": {"uv": [7.25, 1.375, 6.75, 1.875], "texture": "#0"},
				"up": {"uv": [8, 1.375, 7.75, 1.875], "texture": "#0"},
				"down": {"uv": [8.25, 1.375, 8, 1.875], "texture": "#0"}
			}
		},
		{
			"from": [7.5, -14.25, 5.6],
			"to": [8.25, -13.75, 5.6],
			"rotation": {"angle": 0, "axis": "y", "origin": [8, -14.25, 5.6]},
			"faces": {
				"north": {"uv": [8.25, 6, 8.625, 6.25], "texture": "#0"},
				"south": {"uv": [8.625, 6, 8.25, 6.25], "texture": "#0"}
			}
		},
		{
			"from": [6.5, -10.5, 5.875],
			"to": [9.5, -9.5, 5.875],
			"rotation": {"angle": 0, "axis": "y", "origin": [7.5, -10.5, 5.875]},
			"faces": {
				"north": {"uv": [0, 0, 12, 4], "texture": "#1"}
			}
		},
		{
			"from": [7, -10.5, 5.825],
			"to": [9, -10, 5.825],
			"rotation": {"angle": 0, "axis": "y", "origin": [7.5, -10.5, 5.825]},
			"faces": {
				"north": {"uv": [0, 4, 8, 6], "texture": "#1"}
			}
		},
		{
			"from": [7, -10.5, 5.825],
			"to": [9, -10, 5.825],
			"rotation": {"angle": 0, "axis": "y", "origin": [7.5, -10.5, 5.825]},
			"faces": {
				"north": {"uv": [0, 4, 8, 6], "texture": "#1"}
			}
		},
		{
			"from": [7.05, -10.5, 5.825],
			"to": [9.05, -10, 5.825],
			"rotation": {"angle": 0, "axis": "y", "origin": [7.55, -10.5, 5.825]},
			"faces": {
				"north": {"uv": [0, 6, 8, 8], "texture": "#1"}
			}
		},
		{
			"from": [7.1, -10.5, 5.825],
			"to": [9.1, -10, 5.825],
			"rotation": {"angle": 0, "axis": "y", "origin": [7.6, -10.5, 5.825]},
			"faces": {
				"north": {"uv": [0, 8, 8, 10], "texture": "#1"}
			}
		},
		{
			"from": [7.15, -10.5, 5.825],
			"to": [9.15, -10, 5.825],
			"rotation": {"angle": 0, "axis": "y", "origin": [7.65, -10.5, 5.825]},
			"faces": {
				"north": {"uv": [0, 10, 8, 12], "texture": "#1"}
			}
		},
		{
			"from": [7.2, -10.5, 5.825],
			"to": [9.2, -10, 5.825],
			"rotation": {"angle": 0, "axis": "y", "origin": [7.7, -10.5, 5.825]},
			"faces": {
				"north": {"uv": [0, 12, 8, 14], "texture": "#1"}
			}
		},
		{
			"from": [6.95, -10.5, 5.825],
			"to": [8.95, -10, 5.825],
			"rotation": {"angle": 0, "axis": "y", "origin": [7.45, -10.5, 5.825]},
			"faces": {
				"north": {"uv": [8, 6, 16, 8], "texture": "#1"}
			}
		},
		{
			"from": [6.9, -10.5, 5.825],
			"to": [8.9, -10, 5.825],
			"rotation": {"angle": 0, "axis": "y", "origin": [7.4, -10.5, 5.825]},
			"faces": {
				"north": {"uv": [8, 8, 16, 10], "texture": "#1"}
			}
		},
		{
			"from": [6.85, -10.5, 5.825],
			"to": [8.85, -10, 5.825],
			"rotation": {"angle": 0, "axis": "y", "origin": [7.35, -10.5, 5.825]},
			"faces": {
				"north": {"uv": [8, 10, 16, 12], "texture": "#1"}
			}
		},
		{
			"from": [6.8, -10.5, 5.825],
			"to": [8.8, -10, 5.825],
			"rotation": {"angle": 0, "axis": "y", "origin": [7.3, -10.5, 5.825]},
			"faces": {
				"north": {"uv": [8, 12, 16, 14], "texture": "#1"}
			}
		},
		{
			"from": [7.75, -12.5, 5.875],
			"to": [10.5, -11.75, 5.875],
			"rotation": {"angle": 0, "axis": "y", "origin": [8, -12.5, 5.875]},
			"faces": {
				"north": {"uv": [8.125, 4.5, 9.5, 4.875], "texture": "#0"}
			}
		},
		{
			"from": [5.125, -12.5, 7],
			"to": [5.125, -10.5, 9],
			"rotation": {"angle": 0, "axis": "y", "origin": [5.125, -12.5, 8]},
			"faces": {
				"west": {"uv": [8.125, 3.5, 9.125, 4.5], "texture": "#0"}
			}
		}
	],
	"gui_light": "front",
	"display": {
		"thirdperson_righthand": {
			"rotation": [57, 0, 0],
			"translation": [0, -2.25, -4.75],
			"scale": [0.75, 0.75, 0.75]
		},
		"thirdperson_lefthand": {
			"rotation": [66.75, -180, 0],
			"translation": [-5.5, -8.75, 8.75]
		},
		"firstperson_righthand": {
			"rotation": [-180, 53.75, -180],
			"translation": [-0.5, 2.25, -0.75],
			"scale": [0.75, 0.75, 0.75]
		},
		"firstperson_lefthand": {
			"scale": [0, 0, 0]
		},
		"ground": {
			"rotation": [15, 0, 0],
			"translation": [0, 3.25, 0],
			"scale": [0.75, 0.75, 0.75]
		},
		"gui": {
			"rotation": [25, 135, 0],
			"translation": [-0.5, 25.75, 0],
			"scale": [1.5, 1.5, 1.5]
		},
		"head": {
			"rotation": [0, -180, 0],
			"translation": [0, -71.75, 9.25],
			"scale": [3, 3, 3]
		},
		"fixed": {
			"rotation": [-90, 0, 0],
			"translation": [0, 0.25, -19.25],
			"scale": [2.40625, 2.40625, 2.40625]
		}
	},
	"mcmodels": "1fe03bc16da16bbe1aa781a3fe1611c4"
}