{
    "credit": "Erocavontic",
    "texture_size": [64, 64],
    "textures": {
        "0": "cosmetics:cosmetics/worncosmetic/halloween25/cat_carrier_bag",
        "1": "cosmetics:cosmetics/worncosmetic/halloween25/cat_carrier_eyes",
        "particle": "cosmetics:cosmetics/worncosmetic/halloween25/cat_carrier_bag"
    },
    "elements": [
        {
            "from": [2, 0, 10],
            "to": [14, 13, 12],
            "rotation": { "angle": 0, "axis": "y", "origin": [2, 0, 13] },
            "faces": {
                "north": { "uv": [0, 3.5, 3, 6.75], "texture": "#0" },
                "east": { "uv": [3, 3.5, 3.5, 6.75], "texture": "#0" },
                "south": { "uv": [0, 6.75, 3, 10], "texture": "#0" },
                "west": { "uv": [3, 6.75, 3.5, 10], "texture": "#0" },
                "up": { "uv": [6.5, 7.25, 3.5, 6.75], "texture": "#0" },
                "down": { "uv": [6.5, 7.25, 3.5, 7.75], "texture": "#0" }
            }
        },
        {
            "from": [2, 0, 3.5],
            "to": [14, 3, 10],
            "rotation": { "angle": 0, "axis": "y", "origin": [2, 0, 10] },
            "faces": {
                "north": { "uv": [0, 6, 3, 6.75], "texture": "#0" },
                "east": { "uv": [6.5, 3.5, 8.125, 4.25], "texture": "#0" },
                "west": { "uv": [6.5, 4.25, 8.125, 5], "texture": "#0" },
                "up": { "uv": [6.5, 5.125, 3.5, 3.5], "texture": "#0" },
                "down": { "uv": [6.5, 5.125, 3.5, 6.75], "texture": "#0" }
            }
        },
        {
            "from": [5.5, 14, 10],
            "to": [10.5, 15, 12],
            "rotation": { "angle": 0, "axis": "y", "origin": [2, 0, 13] },
            "faces": {
                "north": { "uv": [2.75, 3, 4, 3.25], "texture": "#0" },
                "south": { "uv": [4, 3, 5.25, 3.25], "texture": "#0" },
                "up": { "uv": [4, 3, 2.75, 2.5], "texture": "#0" },
                "down": { "uv": [5.25, 2.5, 4, 3], "texture": "#0" }
            }
        },
        {
            "from": [2.5, 10, 6.82843],
            "to": [13.5, 12.82843, 10],
            "rotation": {
                "angle": 0,
                "axis": "y",
                "origin": [2, -0.34315, 12.82843]
            },
            "faces": {
                "east": { "uv": [2.75, 0, 3.5, 0.75], "texture": "#0" },
                "west": { "uv": [5.5, 0, 6.25, 0.75], "texture": "#0" },
                "up": { "uv": [2.75, 3.5, 0, 2.75], "texture": "#0" }
            }
        },
        {
            "from": [2.5, 3, 4],
            "to": [13.5, 10, 10],
            "rotation": { "angle": 0, "axis": "y", "origin": [2, 0, 10] },
            "faces": {
                "north": { "uv": [0, 1, 2.75, 2.75], "texture": "#0" },
                "east": { "uv": [2.75, 0.75, 4.25, 2.5], "texture": "#0" },
                "west": { "uv": [4.75, 0.75, 6.25, 2.5], "texture": "#0" }
            }
        },
        {
            "from": [2.475, 10.82843, 2.82843],
            "to": [13.525, 12.82843, 6.82843],
            "rotation": {
                "angle": -45,
                "axis": "x",
                "origin": [2, 12.82843, 6.82843]
            },
            "faces": {
                "east": { "uv": [3.5, 0, 4.5, 0.5], "texture": "#0" },
                "west": { "uv": [4.5, 0, 5.5, 0.5], "texture": "#0" },
                "up": { "uv": [2.75, 1, 0, 0], "texture": "#0" }
            }
        },
        {
            "from": [2.5, -3, 3.4],
            "to": [8.5, 2, 3.4],
            "rotation": { "angle": 0, "axis": "y", "origin": [3.5, 0, 3.4] },
            "faces": {
                "north": {
                    "uv": [6.625, 5.125, 8.125, 6.375],
                    "texture": "#0"
                },
                "south": { "uv": [8.125, 5.125, 6.625, 6.375], "texture": "#0" }
            }
        },
        {
            "from": [2.5, -1, 3.2],
            "to": [4, 1, 3.2],
            "rotation": { "angle": 0, "axis": "y", "origin": [3.5, 0, 3.2] },
            "faces": {
                "north": { "uv": [8.25, 5.375, 8.625, 5.875], "texture": "#0" },
                "south": { "uv": [8.625, 5.375, 8.25, 5.875], "texture": "#0" }
            }
        },
        {
            "from": [4.5, 4.5, 3],
            "to": [11.5, 10.1, 6],
            "rotation": { "angle": 0, "axis": "y", "origin": [8, 4.6, 3] },
            "faces": {
                "north": { "uv": [6.25, 0, 8, 1.375], "texture": "#0" },
                "east": { "uv": [8, 0, 8.75, 1.375], "texture": "#0" },
                "west": { "uv": [8.75, 0, 8, 1.375], "texture": "#0" },
                "down": { "uv": [8.75, 0, 10.5, 0.75], "texture": "#0" }
            }
        },
        {
            "from": [4.475, 10.1, 3],
            "to": [11.525, 13.75, 6],
            "rotation": { "angle": 45, "axis": "x", "origin": [8, 10.1, 3] },
            "faces": {
                "north": { "uv": [8.75, 0.75, 10.5, 1.625], "texture": "#0" },
                "east": { "uv": [10.5, 0.75, 11.25, 1.625], "texture": "#0" },
                "west": { "uv": [11.25, 0.75, 10.5, 1.625], "texture": "#0" },
                "up": { "uv": [10.5, 0, 12.25, 0.75], "texture": "#0" }
            }
        },
        {
            "from": [4.5, 13, 10],
            "to": [5.5, 15, 12],
            "rotation": { "angle": 0, "axis": "y", "origin": [4.5, 13, 10] },
            "faces": {
                "north": { "uv": [7.25, 1.375, 7.5, 1.875], "texture": "#0" },
                "east": { "uv": [6.75, 1.375, 7.25, 1.875], "texture": "#0" },
                "south": { "uv": [7.5, 1.375, 7.75, 1.875], "texture": "#0" },
                "west": { "uv": [6.25, 1.375, 6.75, 1.875], "texture": "#0" },
                "up": { "uv": [7.75, 1.375, 8, 1.875], "texture": "#0" },
                "down": { "uv": [8, 1.375, 8.25, 1.875], "texture": "#0" }
            }
        },
        {
            "from": [10.5, 13, 10],
            "to": [11.5, 15, 12],
            "rotation": { "angle": 0, "axis": "y", "origin": [11.5, 13, 10] },
            "faces": {
                "north": { "uv": [7.5, 1.375, 7.25, 1.875], "texture": "#0" },
                "east": { "uv": [6.75, 1.375, 6.25, 1.875], "texture": "#0" },
                "south": { "uv": [7.75, 1.375, 7.5, 1.875], "texture": "#0" },
                "west": { "uv": [7.25, 1.375, 6.75, 1.875], "texture": "#0" },
                "up": { "uv": [8, 1.375, 7.75, 1.875], "texture": "#0" },
                "down": { "uv": [8.25, 1.375, 8, 1.875], "texture": "#0" }
            }
        },
        {
            "from": [7, -0.5, 3.2],
            "to": [8.5, 0.5, 3.2],
            "rotation": { "angle": 0, "axis": "y", "origin": [8, -0.5, 3.2] },
            "faces": {
                "north": { "uv": [8.25, 6, 8.625, 6.25], "texture": "#0" },
                "south": { "uv": [8.625, 6, 8.25, 6.25], "texture": "#0" }
            }
        },
        {
            "from": [5, 7, 3.75],
            "to": [11, 9, 3.75],
            "rotation": { "angle": 0, "axis": "y", "origin": [7, 7, 3.75] },
            "faces": { "north": { "uv": [0, 0, 12, 4], "texture": "#1" } }
        },
        {
            "from": [6, 7, 3.65],
            "to": [10, 8, 3.65],
            "rotation": { "angle": 0, "axis": "y", "origin": [7, 7, 3.65] },
            "faces": { "north": { "uv": [0, 4, 8, 6], "texture": "#1" } }
        },
        {
            "from": [6, 7, 3.65],
            "to": [10, 8, 3.65],
            "rotation": { "angle": 0, "axis": "y", "origin": [7, 7, 3.65] },
            "faces": { "north": { "uv": [0, 4, 8, 6], "texture": "#1" } }
        },
        {
            "from": [6.1, 7, 3.65],
            "to": [10.1, 8, 3.65],
            "rotation": { "angle": 0, "axis": "y", "origin": [7.1, 7, 3.65] },
            "faces": { "north": { "uv": [0, 6, 8, 8], "texture": "#1" } }
        },
        {
            "from": [6.2, 7, 3.65],
            "to": [10.2, 8, 3.65],
            "rotation": { "angle": 0, "axis": "y", "origin": [7.2, 7, 3.65] },
            "faces": { "north": { "uv": [0, 8, 8, 10], "texture": "#1" } }
        },
        {
            "from": [6.3, 7, 3.65],
            "to": [10.3, 8, 3.65],
            "rotation": { "angle": 0, "axis": "y", "origin": [7.3, 7, 3.65] },
            "faces": { "north": { "uv": [0, 10, 8, 12], "texture": "#1" } }
        },
        {
            "from": [6.4, 7, 3.65],
            "to": [10.4, 8, 3.65],
            "rotation": { "angle": 0, "axis": "y", "origin": [7.4, 7, 3.65] },
            "faces": { "north": { "uv": [0, 12, 8, 14], "texture": "#1" } }
        },
        {
            "from": [5.9, 7, 3.65],
            "to": [9.9, 8, 3.65],
            "rotation": { "angle": 0, "axis": "y", "origin": [6.9, 7, 3.65] },
            "faces": { "north": { "uv": [8, 6, 16, 8], "texture": "#1" } }
        },
        {
            "from": [5.8, 7, 3.65],
            "to": [9.8, 8, 3.65],
            "rotation": { "angle": 0, "axis": "y", "origin": [6.8, 7, 3.65] },
            "faces": { "north": { "uv": [8, 8, 16, 10], "texture": "#1" } }
        },
        {
            "from": [5.7, 7, 3.65],
            "to": [9.7, 8, 3.65],
            "rotation": { "angle": 0, "axis": "y", "origin": [6.7, 7, 3.65] },
            "faces": { "north": { "uv": [8, 10, 16, 12], "texture": "#1" } }
        },
        {
            "from": [5.6, 7, 3.65],
            "to": [9.6, 8, 3.65],
            "rotation": { "angle": 0, "axis": "y", "origin": [6.6, 7, 3.65] },
            "faces": { "north": { "uv": [8, 12, 16, 14], "texture": "#1" } }
        },
        {
            "from": [7.5, 3, 3.75],
            "to": [13, 4.5, 3.75],
            "rotation": { "angle": 0, "axis": "y", "origin": [8, 3, 3.75] },
            "faces": {
                "north": { "uv": [8.125, 4.5, 9.5, 4.875], "texture": "#0" }
            }
        },
        {
            "from": [2.25, 3, 6],
            "to": [2.25, 7, 10],
            "rotation": { "angle": 0, "axis": "y", "origin": [2.25, 3, 8] },
            "faces": {
                "west": { "uv": [8.125, 3.5, 9.125, 4.5], "texture": "#0" }
            }
        }
    ],
    "gui_light": "front",
    "display": {
        "thirdperson_righthand": {
            "rotation": [57, 0, 0],
            "translation": [0, -2.25, -4.75],
            "scale": [0.75, 0.75, 0.75]
        },
        "thirdperson_lefthand": {
            "rotation": [66.75, 180, 0],
            "translation": [-5.5, -8.75, 8.75]
        },
        "firstperson_righthand": {
            "rotation": [-180, 53.75, -180],
            "translation": [-0.5, 2.25, -0.75],
            "scale": [0.75, 0.75, 0.75]
        },
        "firstperson_lefthand": { "scale": [0, 0, 0] },
        "ground": {
            "rotation": [15, 0, 0],
            "translation": [0, 3.25, 0],
            "scale": [0.75, 0.75, 0.75]
        },
        "gui": {
            "rotation": [25, 135, 0],
            "translation": [-0.5, 0.75, 0],
            "scale": [0.75, 0.75, 0.75]
        },
        "head": {
            "rotation": [0, 180, 0],
            "translation": [0, -50.5, 9.25],
            "scale": [1.5, 1.5, 1.5]
        },
        "fixed": {
            "rotation": [-90, 0, 0],
            "translation": [0, 0.25, -19.25],
            "scale": [2.40625, 2.40625, 2.40625]
        }
    },
    "mcmodels": "1fe03bc16da16bbe1aa781a3fe1611c4"
}
