{
    "credit": "Made with Blockbench",
    "texture_size": [64, 64],
    "textures": {
        "0": "cosmetics:cosmetics/worncosmetic/halloween25/halloween_spider_hat_texture",
        "particle": "cosmetics:cosmetics/worncosmetic/halloween25/halloween_spider_hat_texture"
    },
    "elements": [
        {
            "from": [1.93934, 7, 3.85355],
            "to": [3.93934, 9, 4.85355],
            "rotation": {
                "angle": 45,
                "axis": "y",
                "origin": [1.93934, 8, 3.35355]
            },
            "faces": {
                "north": { "uv": [2.5, 6, 3, 6.5], "texture": "#0" },
                "east": { "uv": [7.75, 2.5, 8, 3], "texture": "#0" },
                "south": { "uv": [6.25, 9.75, 6.75, 10.25], "texture": "#0" },
                "west": { "uv": [4.5, 9.5, 4.75, 10], "texture": "#0" },
                "up": { "uv": [6, 6.75, 5.5, 6.5], "texture": "#0" },
                "down": { "uv": [5.5, 7.75, 5, 8], "texture": "#0" }
            }
        },
        {
            "from": [4.4, 5, 1],
            "to": [7.4, 8, 3],
            "rotation": {
                "angle": -22.5,
                "axis": "z",
                "origin": [5.9, 6.5, 2]
            },
            "faces": {
                "north": { "uv": [6.25, 8, 7, 8.75], "texture": "#0" },
                "east": { "uv": [5.5, 4.25, 6, 5], "texture": "#0" },
                "south": { "uv": [7, 8, 7.75, 8.75], "texture": "#0" },
                "west": { "uv": [0, 9.25, 0.5, 10], "texture": "#0" },
                "up": { "uv": [2.5, 9, 1.75, 8.5], "texture": "#0" },
                "down": { "uv": [10, 2.5, 9.25, 3], "texture": "#0" }
            }
        },
        {
            "from": [8.6, 5, 1],
            "to": [11.6, 8, 3],
            "rotation": {
                "angle": 22.5,
                "axis": "z",
                "origin": [10.1, 6.5, 2]
            },
            "faces": {
                "north": { "uv": [7.75, 8, 8.5, 8.75], "texture": "#0" },
                "east": { "uv": [9.25, 3, 9.75, 3.75], "texture": "#0" },
                "south": { "uv": [0, 8.5, 0.75, 9.25], "texture": "#0" },
                "west": { "uv": [4.75, 9.25, 5.25, 10], "texture": "#0" },
                "up": { "uv": [6, 9.75, 5.25, 9.25], "texture": "#0" },
                "down": { "uv": [6.75, 9.25, 6, 9.75], "texture": "#0" }
            }
        },
        {
            "from": [12.06066, 7, 3.85355],
            "to": [14.06066, 9, 4.85355],
            "rotation": {
                "angle": -45,
                "axis": "y",
                "origin": [14.06066, 8, 3.35355]
            },
            "faces": {
                "north": { "uv": [9.75, 8.75, 10.25, 9.25], "texture": "#0" },
                "east": { "uv": [5, 10, 5.25, 10.5], "texture": "#0" },
                "south": { "uv": [9.75, 9.25, 10.25, 9.75], "texture": "#0" },
                "west": { "uv": [0.5, 10.25, 0.75, 10.75], "texture": "#0" },
                "up": { "uv": [1.25, 10.5, 0.75, 10.25], "texture": "#0" },
                "down": { "uv": [1.75, 10.25, 1.25, 10.5], "texture": "#0" }
            }
        },
        {
            "from": [-0.15851, 4.23044, 4],
            "to": [3.84149, 6.23044, 6],
            "rotation": {
                "angle": -22.5,
                "axis": "z",
                "origin": [2.84149, 6.23044, 5]
            },
            "faces": {
                "north": { "uv": [8, 3.75, 9, 4.25], "texture": "#0" },
                "east": { "uv": [9.75, 9.75, 10.25, 10.25], "texture": "#0" },
                "south": { "uv": [0.75, 8.5, 1.75, 9], "texture": "#0" },
                "west": { "uv": [0, 10, 0.5, 10.5], "texture": "#0" },
                "up": { "uv": [9.5, 4.75, 8.5, 4.25], "texture": "#0" },
                "down": { "uv": [9.5, 4.75, 8.5, 5.25], "texture": "#0" }
            }
        },
        {
            "from": [-0.15851, 1.23044, 4],
            "to": [1.84149, 4.23044, 6],
            "rotation": {
                "angle": -22.5,
                "axis": "z",
                "origin": [2.84149, 6.23044, 5]
            },
            "faces": {
                "north": { "uv": [6.75, 9.25, 7.25, 10], "texture": "#0" },
                "east": { "uv": [7.25, 9.25, 7.75, 10], "texture": "#0" },
                "south": { "uv": [7.75, 9.25, 8.25, 10], "texture": "#0" },
                "west": { "uv": [8.25, 9.25, 8.75, 10], "texture": "#0" },
                "up": { "uv": [10.5, 0.5, 10, 0], "texture": "#0" },
                "down": { "uv": [10.5, 0.5, 10, 1], "texture": "#0" }
            }
        },
        {
            "from": [-1, 1, 7.5],
            "to": [1, 4, 9.5],
            "rotation": { "angle": 0, "axis": "y", "origin": [2, 6, 8.5] },
            "faces": {
                "north": { "uv": [8.75, 9.25, 9.25, 10], "texture": "#0" },
                "east": { "uv": [9.25, 8.75, 9.75, 9.5], "texture": "#0" },
                "south": { "uv": [0.5, 9.5, 1, 10.25], "texture": "#0" },
                "west": { "uv": [1, 9.5, 1.5, 10.25], "texture": "#0" },
                "up": { "uv": [10.5, 1.5, 10, 1], "texture": "#0" },
                "down": { "uv": [10.5, 1.5, 10, 2], "texture": "#0" }
            }
        },
        {
            "from": [-1, 4, 7.5],
            "to": [3, 6, 9.5],
            "rotation": { "angle": 0, "axis": "y", "origin": [2, 6, 8.5] },
            "faces": {
                "north": { "uv": [8.5, 5.25, 9.5, 5.75], "texture": "#0" },
                "east": { "uv": [10, 2, 10.5, 2.5], "texture": "#0" },
                "south": { "uv": [8.5, 5.75, 9.5, 6.25], "texture": "#0" },
                "west": { "uv": [10, 2.5, 10.5, 3], "texture": "#0" },
                "up": { "uv": [9.5, 6.75, 8.5, 6.25], "texture": "#0" },
                "down": { "uv": [9.5, 6.75, 8.5, 7.25], "texture": "#0" }
            }
        },
        {
            "from": [0.70711, 1.12132, 11],
            "to": [2.70711, 4.12132, 13],
            "rotation": {
                "angle": -45,
                "axis": "z",
                "origin": [3.70711, 6.12132, 12]
            },
            "faces": {
                "north": { "uv": [1.5, 9.5, 2, 10.25], "texture": "#0" },
                "east": { "uv": [2, 9.5, 2.5, 10.25], "texture": "#0" },
                "south": { "uv": [2.5, 9.5, 3, 10.25], "texture": "#0" },
                "west": { "uv": [3, 9.5, 3.5, 10.25], "texture": "#0" },
                "up": { "uv": [10.5, 4.25, 10, 3.75], "texture": "#0" },
                "down": { "uv": [10.5, 4.25, 10, 4.75], "texture": "#0" }
            }
        },
        {
            "from": [0.70711, 4.12132, 11],
            "to": [4.70711, 6.12132, 13],
            "rotation": {
                "angle": -45,
                "axis": "z",
                "origin": [3.70711, 6.12132, 12]
            },
            "faces": {
                "north": { "uv": [8.5, 7.25, 9.5, 7.75], "texture": "#0" },
                "east": { "uv": [4.5, 10, 5, 10.5], "texture": "#0" },
                "south": { "uv": [8.5, 7.75, 9.5, 8.25], "texture": "#0" },
                "west": { "uv": [10, 4.75, 10.5, 5.25], "texture": "#0" },
                "up": { "uv": [9.5, 8.75, 8.5, 8.25], "texture": "#0" },
                "down": { "uv": [7.25, 8.75, 6.25, 9.25], "texture": "#0" }
            }
        },
        {
            "from": [-0.15851, -0.76956, 5],
            "to": [4.84149, 4.23044, 5],
            "rotation": {
                "angle": -22.5,
                "axis": "z",
                "origin": [2.84149, 6.23044, 5]
            },
            "faces": {
                "north": { "uv": [0, 7.25, 1.25, 8.5], "texture": "#0" },
                "east": { "uv": [0, 0, 0, 1.25], "texture": "#0" },
                "south": { "uv": [1.25, 7.25, 2.5, 8.5], "texture": "#0" },
                "west": { "uv": [0, 0, 0, 1.25], "texture": "#0" },
                "up": { "uv": [1.25, 0, 0, 0], "texture": "#0" },
                "down": { "uv": [1.25, 0, 0, 0], "texture": "#0" }
            }
        },
        {
            "from": [-1, -1, 8.5],
            "to": [4, 4, 8.5],
            "rotation": { "angle": 0, "axis": "y", "origin": [2, 6, 8.5] },
            "faces": {
                "north": { "uv": [7.75, 0, 9, 1.25], "texture": "#0" },
                "east": { "uv": [0, 0, 0, 1.25], "texture": "#0" },
                "south": { "uv": [7.75, 1.25, 9, 2.5], "texture": "#0" },
                "west": { "uv": [0, 0, 0, 1.25], "texture": "#0" },
                "up": { "uv": [1.25, 0, 0, 0], "texture": "#0" },
                "down": { "uv": [1.25, 0, 0, 0], "texture": "#0" }
            }
        },
        {
            "from": [0.70711, -0.87868, 12],
            "to": [6.70711, 4.12132, 12],
            "rotation": {
                "angle": -45,
                "axis": "z",
                "origin": [3.70711, 6.12132, 12]
            },
            "faces": {
                "north": { "uv": [2.5, 6.5, 4, 7.75], "texture": "#0" },
                "east": { "uv": [0, 0, 0, 1.25], "texture": "#0" },
                "south": { "uv": [4, 6.5, 5.5, 7.75], "texture": "#0" },
                "west": { "uv": [0, 0, 0, 1.25], "texture": "#0" },
                "up": { "uv": [1.5, 0, 0, 0], "texture": "#0" },
                "down": { "uv": [1.5, 0, 0, 0], "texture": "#0" }
            }
        },
        {
            "from": [12.15851, 4.23044, 4],
            "to": [16.15851, 6.23044, 6],
            "rotation": {
                "angle": 22.5,
                "axis": "z",
                "origin": [13.15851, 6.23044, 5]
            },
            "faces": {
                "north": { "uv": [7.25, 8.75, 8.25, 9.25], "texture": "#0" },
                "east": { "uv": [10, 5.25, 10.5, 5.75], "texture": "#0" },
                "south": { "uv": [8.25, 8.75, 9.25, 9.25], "texture": "#0" },
                "west": { "uv": [10, 5.75, 10.5, 6.25], "texture": "#0" },
                "up": { "uv": [10, 0.5, 9, 0], "texture": "#0" },
                "down": { "uv": [10, 0.5, 9, 1], "texture": "#0" }
            }
        },
        {
            "from": [14.15851, 1.23044, 4],
            "to": [16.15851, 4.23044, 6],
            "rotation": {
                "angle": 22.5,
                "axis": "z",
                "origin": [13.15851, 6.23044, 5]
            },
            "faces": {
                "north": { "uv": [3.5, 9.5, 4, 10.25], "texture": "#0" },
                "east": { "uv": [4, 9.5, 4.5, 10.25], "texture": "#0" },
                "south": { "uv": [9.5, 4.25, 10, 5], "texture": "#0" },
                "west": { "uv": [9.5, 5, 10, 5.75], "texture": "#0" },
                "up": { "uv": [10.5, 6.75, 10, 6.25], "texture": "#0" },
                "down": { "uv": [7.25, 10, 6.75, 10.5], "texture": "#0" }
            }
        },
        {
            "from": [15, 1, 7.5],
            "to": [17, 4, 9.5],
            "rotation": { "angle": 0, "axis": "y", "origin": [14, 6, 8.5] },
            "faces": {
                "north": { "uv": [9.5, 5.75, 10, 6.5], "texture": "#0" },
                "east": { "uv": [9.5, 6.5, 10, 7.25], "texture": "#0" },
                "south": { "uv": [9.5, 7.25, 10, 8], "texture": "#0" },
                "west": { "uv": [9.5, 8, 10, 8.75], "texture": "#0" },
                "up": { "uv": [10.5, 7.25, 10, 6.75], "texture": "#0" },
                "down": { "uv": [7.75, 10, 7.25, 10.5], "texture": "#0" }
            }
        },
        {
            "from": [13, 4, 7.5],
            "to": [17, 6, 9.5],
            "rotation": { "angle": 0, "axis": "y", "origin": [14, 6, 8.5] },
            "faces": {
                "north": { "uv": [0.75, 9, 1.75, 9.5], "texture": "#0" },
                "east": { "uv": [10, 7.25, 10.5, 7.75], "texture": "#0" },
                "south": { "uv": [9, 1, 10, 1.5], "texture": "#0" },
                "west": { "uv": [7.75, 10, 8.25, 10.5], "texture": "#0" },
                "up": { "uv": [10, 2, 9, 1.5], "texture": "#0" },
                "down": { "uv": [2.75, 9, 1.75, 9.5], "texture": "#0" }
            }
        },
        {
            "from": [13.29289, 1.12132, 11],
            "to": [15.29289, 4.12132, 13],
            "rotation": {
                "angle": 45,
                "axis": "z",
                "origin": [12.29289, 6.12132, 12]
            },
            "faces": {
                "north": { "uv": [9.25, 9.5, 9.75, 10.25], "texture": "#0" },
                "east": { "uv": [9.75, 3, 10.25, 3.75], "texture": "#0" },
                "south": { "uv": [5.25, 9.75, 5.75, 10.5], "texture": "#0" },
                "west": { "uv": [5.75, 9.75, 6.25, 10.5], "texture": "#0" },
                "up": { "uv": [10.5, 8.25, 10, 7.75], "texture": "#0" },
                "down": { "uv": [8.75, 10, 8.25, 10.5], "texture": "#0" }
            }
        },
        {
            "from": [11.29289, 4.12132, 11],
            "to": [15.29289, 6.12132, 13],
            "rotation": {
                "angle": 45,
                "axis": "z",
                "origin": [12.29289, 6.12132, 12]
            },
            "faces": {
                "north": { "uv": [9, 2, 10, 2.5], "texture": "#0" },
                "east": { "uv": [10, 8.25, 10.5, 8.75], "texture": "#0" },
                "south": { "uv": [2.75, 9, 3.75, 9.5], "texture": "#0" },
                "west": { "uv": [8.75, 10, 9.25, 10.5], "texture": "#0" },
                "up": { "uv": [4.75, 9.5, 3.75, 9], "texture": "#0" },
                "down": { "uv": [10, 3.75, 9, 4.25], "texture": "#0" }
            }
        },
        {
            "from": [11.15851, -0.76956, 5],
            "to": [16.15851, 4.23044, 5],
            "rotation": {
                "angle": 22.5,
                "axis": "z",
                "origin": [13.15851, 6.23044, 5]
            },
            "faces": {
                "north": { "uv": [2.5, 7.75, 3.75, 9], "texture": "#0" },
                "east": { "uv": [0, 0, 0, 1.25], "texture": "#0" },
                "south": { "uv": [3.75, 7.75, 5, 9], "texture": "#0" },
                "west": { "uv": [0, 0, 0, 1.25], "texture": "#0" },
                "up": { "uv": [1.25, 0, 0, 0], "texture": "#0" },
                "down": { "uv": [1.25, 0, 0, 0], "texture": "#0" }
            }
        },
        {
            "from": [12, -1, 8.5],
            "to": [17, 4, 8.5],
            "rotation": { "angle": 0, "axis": "y", "origin": [14, 6, 8.5] },
            "faces": {
                "north": { "uv": [8, 2.5, 9.25, 3.75], "texture": "#0" },
                "east": { "uv": [0, 0, 0, 1.25], "texture": "#0" },
                "south": { "uv": [5, 8, 6.25, 9.25], "texture": "#0" },
                "west": { "uv": [0, 0, 0, 1.25], "texture": "#0" },
                "up": { "uv": [1.25, 0, 0, 0], "texture": "#0" },
                "down": { "uv": [1.25, 0, 0, 0], "texture": "#0" }
            }
        },
        {
            "from": [9.29289, -0.87868, 12],
            "to": [15.29289, 4.12132, 12],
            "rotation": {
                "angle": 45,
                "axis": "z",
                "origin": [12.29289, 6.12132, 12]
            },
            "faces": {
                "north": { "uv": [5.5, 6.75, 7, 8], "texture": "#0" },
                "east": { "uv": [0, 0, 0, 1.25], "texture": "#0" },
                "south": { "uv": [7, 6.75, 8.5, 8], "texture": "#0" },
                "west": { "uv": [0, 0, 0, 1.25], "texture": "#0" },
                "up": { "uv": [1.5, 0, 0, 0], "texture": "#0" },
                "down": { "uv": [1.5, 0, 0, 0], "texture": "#0" }
            }
        },
        {
            "from": [2, 6, 8],
            "to": [14, 12, 17],
            "rotation": { "angle": 0, "axis": "y", "origin": [3, 7, 7] },
            "faces": {
                "north": { "uv": [0, 4.5, 3, 6], "texture": "#0" },
                "east": { "uv": [5.5, 0, 7.75, 1.5], "texture": "#0" },
                "south": { "uv": [3, 5, 6, 6.5], "texture": "#0" },
                "west": { "uv": [5.5, 1.5, 7.75, 3], "texture": "#0" },
                "up": { "uv": [3, 2.25, 0, 0], "texture": "#0" },
                "down": { "uv": [3, 2.25, 0, 4.5], "texture": "#0" }
            }
        },
        {
            "from": [3, 4, 3],
            "to": [13, 9, 13],
            "rotation": { "angle": 0, "axis": "y", "origin": [3, 5, 3] },
            "faces": {
                "north": { "uv": [5.5, 3, 8, 4.25], "texture": "#0" },
                "east": { "uv": [0, 6, 2.5, 7.25], "texture": "#0" },
                "south": { "uv": [6, 4.25, 8.5, 5.5], "texture": "#0" },
                "west": { "uv": [6, 5.5, 8.5, 6.75], "texture": "#0" },
                "up": { "uv": [5.5, 2.5, 3, 0], "texture": "#0" },
                "down": { "uv": [5.5, 2.5, 3, 5], "texture": "#0" }
            }
        }
    ],
    "gui_light": "front",
    "display": {
        "thirdperson_righthand": {
            "translation": [0, -1.25, -6.25],
            "scale": [0.9, 0.9, 0.9]
        },
        "thirdperson_lefthand": {
            "translation": [0, -1.25, -6.25],
            "scale": [0.9, 0.9, 0.9]
        },
        "firstperson_righthand": {
            "rotation": [14, 0, 0],
            "translation": [2.5, 0, 0]
        },
        "firstperson_lefthand": {
            "rotation": [14, 0, 0],
            "translation": [2.5, 0, 0]
        },
        "ground": { "translation": [0, 2, 0], "scale": [0.5, 0.5, 0.5] },
        "gui": {
            "rotation": [29, 167, 0],
            "translation": [-0.25, 0, 0],
            "scale": [0.71, 0.71, 0.71]
        },
        "head": { "translation": [0, 7.25, 0], "scale": [1.6, 1.6, 1.6] },
        "fixed": {
            "rotation": [-90, 0, 0],
            "translation": [0, 0, -14],
            "scale": [2, 2, 2]
        }
    },
    "groups": [
        {
            "name": "halloween_spider_hat",
            "origin": [14.06066, 8, 3.35355],
            "color": 0,
            "children": [
                {
                    "name": "eyes",
                    "origin": [14.06066, 8, 3.35355],
                    "color": 0,
                    "children": [0, 1, 2, 3]
                },
                {
                    "name": "legs",
                    "origin": [3.70711, 6.12132, 12],
                    "color": 0,
                    "children": [
                        4, 5, 6, 7, 8, 9, 10, 11, 12, 13, 14, 15, 16, 17, 18,
                        19, 20, 21
                    ]
                },
                {
                    "name": "body",
                    "origin": [8, 8, 8],
                    "color": 0,
                    "children": [22, 23]
                }
            ]
        }
    ],
    "mcmodels": "396fed60cf20f08b83e9b2a3f342e51a"
}
