{
	"format_version": "1.21.6",
	"credit": "Erocavontic",
	"textures": {
		"0": "cosmetics:cosmetics/worncosmetic/halloween25/soul_fire",
		"1": "cosmetics:cosmetics/worncosmetic/halloween25/soul",
		"particle": "cosmetics:cosmetics/worncosmetic/halloween25/soul_fire"
	},
	"elements": [
		{
			"from": [4, -3.5, 8.5],
			"to": [5, -2.5, 9.5],
			"rotation": {"angle": 0, "axis": "y", "origin": [4, -3.5, 8.5]},
			"faces": {
				"north": {"uv": [8, 5, 12, 9], "texture": "#1"},
				"east": {"uv": [0, 9, 4, 13], "texture": "#1"},
				"south": {"uv": [4, 9, 8, 13], "texture": "#1"},
				"west": {"uv": [8, 9, 12, 13], "texture": "#1"},
				"up": {"uv": [4, 9, 0, 5], "texture": "#1"},
				"down": {"uv": [8, 5, 4, 9], "texture": "#1"}
			}
		},
		{
			"from": [5.125, -2.375, 9.625],
			"to": [3.875, -3.625, 8.375],
			"rotation": {"angle": 0, "axis": "y", "origin": [4, -3.5, 8.5]},
			"faces": {
				"north": {"uv": [0, 0, 5, 5], "texture": "#1"},
				"east": {"uv": [0, 0, 5, 5], "texture": "#1"},
				"south": {"uv": [0, 0, 5, 5], "texture": "#1"},
				"west": {"uv": [0, 0, 5, 5], "texture": "#1"},
				"up": {"uv": [5, 5, 0, 0], "texture": "#1"},
				"down": {"uv": [5, 0, 0, 5], "texture": "#1"}
			}
		},
		{
			"from": [2.5, -3.5, 9],
			"to": [6.5, 0.5, 9],
			"rotation": {"angle": 0, "axis": "y", "origin": [2.5, -3.5, 9]},
			"faces": {
				"north": {"uv": [0, 0, 16, 16], "texture": "#0"},
				"east": {"uv": [0, 0, 0, 6], "texture": "#0"},
				"south": {"uv": [0, 0, 16, 16], "texture": "#0"},
				"west": {"uv": [0, 0, 0, 6], "texture": "#0"},
				"up": {"uv": [0, 0, 4, 0], "texture": "#0"},
				"down": {"uv": [0, 0, 4, 0], "texture": "#0"}
			}
		},
		{
			"from": [12, -9, 5.5],
			"to": [13, -8, 6.5],
			"rotation": {"angle": 0, "axis": "y", "origin": [12, -9, 5.5]},
			"faces": {
				"north": {"uv": [8, 5, 12, 9], "texture": "#1"},
				"east": {"uv": [0, 9, 4, 13], "texture": "#1"},
				"south": {"uv": [4, 9, 8, 13], "texture": "#1"},
				"west": {"uv": [8, 9, 12, 13], "texture": "#1"},
				"up": {"uv": [4, 9, 0, 5], "texture": "#1"},
				"down": {"uv": [8, 5, 4, 9], "texture": "#1"}
			}
		},
		{
			"from": [10.5, -9, 6],
			"to": [14.5, -5, 6],
			"rotation": {"angle": 0, "axis": "y", "origin": [10.5, -9, 6]},
			"faces": {
				"north": {"uv": [0, 0, 16, 16], "texture": "#0"},
				"east": {"uv": [0, 0, 0, 6], "texture": "#0"},
				"south": {"uv": [0, 0, 16, 16], "texture": "#0"},
				"west": {"uv": [0, 0, 0, 6], "texture": "#0"},
				"up": {"uv": [0, 0, 4, 0], "texture": "#0"},
				"down": {"uv": [0, 0, 4, 0], "texture": "#0"}
			}
		},
		{
			"from": [13.125, -7.875, 6.625],
			"to": [11.875, -9.125, 5.375],
			"rotation": {"angle": 0, "axis": "y", "origin": [12, -9, 5.5]},
			"faces": {
				"north": {"uv": [0, 0, 5, 5], "texture": "#1"},
				"east": {"uv": [0, 0, 5, 5], "texture": "#1"},
				"south": {"uv": [0, 0, 5, 5], "texture": "#1"},
				"west": {"uv": [0, 0, 5, 5], "texture": "#1"},
				"up": {"uv": [5, 5, 0, 0], "texture": "#1"},
				"down": {"uv": [5, 0, 0, 5], "texture": "#1"}
			}
		},
		{
			"from": [2.5, -15.5, 9.5],
			"to": [3.5, -14.5, 10.5],
			"rotation": {"angle": 0, "axis": "y", "origin": [2.5, -15.5, 9.5]},
			"faces": {
				"north": {"uv": [8, 5, 12, 9], "texture": "#1"},
				"east": {"uv": [0, 9, 4, 13], "texture": "#1"},
				"south": {"uv": [4, 9, 8, 13], "texture": "#1"},
				"west": {"uv": [8, 9, 12, 13], "texture": "#1"},
				"up": {"uv": [4, 9, 0, 5], "texture": "#1"},
				"down": {"uv": [8, 5, 4, 9], "texture": "#1"}
			}
		},
		{
			"from": [1, -15.5, 10],
			"to": [5, -11.5, 10],
			"rotation": {"angle": 0, "axis": "y", "origin": [1, -15.5, 10]},
			"faces": {
				"north": {"uv": [0, 0, 16, 16], "texture": "#0"},
				"east": {"uv": [0, 0, 0, 6], "texture": "#0"},
				"south": {"uv": [0, 0, 16, 16], "texture": "#0"},
				"west": {"uv": [0, 0, 0, 6], "texture": "#0"},
				"up": {"uv": [0, 0, 4, 0], "texture": "#0"},
				"down": {"uv": [0, 0, 4, 0], "texture": "#0"}
			}
		},
		{
			"from": [3.625, -14.375, 10.625],
			"to": [2.375, -15.625, 9.375],
			"rotation": {"angle": 0, "axis": "y", "origin": [2.5, -15.5, 9.5]},
			"faces": {
				"north": {"uv": [0, 0, 5, 5], "texture": "#1"},
				"east": {"uv": [0, 0, 5, 5], "texture": "#1"},
				"south": {"uv": [0, 0, 5, 5], "texture": "#1"},
				"west": {"uv": [0, 0, 5, 5], "texture": "#1"},
				"up": {"uv": [5, 5, 0, 0], "texture": "#1"},
				"down": {"uv": [5, 0, 0, 5], "texture": "#1"}
			}
		}
	],
	"gui_light": "front",
	"display": {
		"thirdperson_righthand": {
			"rotation": [0, 90, 55],
			"translation": [0, 1.5, 1],
			"scale": [0.35, 0.35, 0.35]
		},
		"thirdperson_lefthand": {
			"rotation": [66.75, -180, 0],
			"translation": [-5.5, -2, 12.75]
		},
		"firstperson_righthand": {
			"rotation": [0, -90, 0],
			"translation": [-1.75, 0.25, 7.75],
			"scale": [0.5, 0.5, 0.5]
		},
		"firstperson_lefthand": {
			"rotation": [0, 90, 0],
			"translation": [0.5, 3.75, 0],
			"scale": [0, 0, 0]
		},
		"ground": {
			"translation": [0, 2.5, -0.5],
			"scale": [0.35, 0.35, 0.35]
		},
		"gui": {
			"rotation": [35, 135, 0],
			"translation": [-0.75, 14.25, 0],
			"scale": [1.06, 1.06, 1.06]
		},
		"head": {
			"translation": [6.25, -80, 3.75],
			"scale": [3, 3, 3]
		},
		"fixed": {
			"translation": [0, 5.5, -5.5],
			"scale": [1.2, 1.2, 1.2]
		}
	},
	"mcmodels": "1fe03bc16da16bbe1aa781a3fe1611c4"
}