{
	"credit": "by w11shes",
	"texture_size": [8, 8],
	"textures": {
		"0": "custom:monsterisles/archangel/archangel_fishing_rod",
		"1": "custom:monsterisles/archangel/archangel_particle",
		"particle": "custom:monsterisles/archangel/archangel_fishing_rod"
	},
	"elements": [
		{
			"from": [4.70711, -15.90711, 8],
			"to": [14.70711, -5.90711, 8.05],
			"rotation": {"angle": -45, "axis": "z", "origin": [8, -9.2, 8.5]},
			"faces": {
				"north": {"uv": [9.75, 0, 12.25, 2.5], "texture": "#0"},
				"south": {"uv": [12.25, 0, 9.75, 2.5], "texture": "#0"}
			}
		},
		{
			"from": [4, -10.2, 5.98],
			"to": [8, -7.2, 10.02],
			"rotation": {"angle": -22.5, "axis": "z", "origin": [8, -10.2, 8]},
			"faces": {
				"north": {"uv": [4.3, 7.75, 5.25, 8.5], "texture": "#0"},
				"south": {"uv": [5.25, 7.75, 4.3, 8.5], "texture": "#0"},
				"west": {"uv": [5.25, 8, 6.25, 8.75], "texture": "#0"},
				"up": {"uv": [7.75, 2.25, 6.8, 1.25], "texture": "#0"},
				"down": {"uv": [8, 6, 7.05, 7], "texture": "#0"}
			}
		},
		{
			"from": [8, -10.2, 6],
			"to": [12, -7.2, 10],
			"rotation": {"angle": 22.5, "axis": "z", "origin": [8, -10.2, 8]},
			"faces": {
				"north": {"uv": [8, 6, 9, 6.75], "texture": "#0"},
				"east": {"uv": [8, 6.75, 9, 7.5], "texture": "#0"},
				"south": {"uv": [9, 6, 8, 6.75], "texture": "#0"},
				"up": {"uv": [8, 8, 7, 7], "texture": "#0"},
				"down": {"uv": [1, 7.25, 0, 8.25], "texture": "#0"}
			}
		},
		{
			"from": [7, -7, 7],
			"to": [9, 0, 9],
			"rotation": {"angle": -45, "axis": "y", "origin": [8, -6, 8]},
			"faces": {
				"north": {"uv": [7, 7.25, 6.5, 9], "texture": "#0"},
				"east": {"uv": [6.5, 7.25, 7, 9], "texture": "#0"},
				"south": {"uv": [7, 7.25, 6.5, 9], "texture": "#0"},
				"west": {"uv": [6.5, 7.25, 7, 9], "texture": "#0"}
			}
		},
		{
			"from": [2, -1, 5.5],
			"to": [9, 6, 10.5],
			"rotation": {"angle": -45, "axis": "z", "origin": [8, 0, 8]},
			"faces": {
				"north": {"uv": [0, 5.5, 1.75, 7.25], "texture": "#0"},
				"east": {"uv": [2.75, 5.5, 4, 7.25], "texture": "#0"},
				"south": {"uv": [1.75, 5.5, 0, 7.25], "texture": "#0"},
				"west": {"uv": [4, 6, 5.25, 7.75], "texture": "#0"},
				"up": {"uv": [7, 7.25, 5.25, 6], "texture": "#0"},
				"down": {"uv": [8.25, 2.75, 6.5, 4], "texture": "#0"}
			}
		},
		{
			"from": [2, -1, 6.48],
			"to": [9, 6, 9.52],
			"rotation": {"angle": -45, "axis": "z", "origin": [8, 0, 8]},
			"faces": {
				"north": {"uv": [0, 9.25, 1.75, 11], "texture": "#0"},
				"south": {"uv": [1.75, 9.25, 0, 11], "texture": "#0"}
			}
		},
		{
			"from": [11.10051, 15.07107, 10.5],
			"to": [4.10051, 8.07107, 5.5],
			"rotation": {"angle": -45, "axis": "z", "origin": [-1.89949, 7.07107, 37]},
			"faces": {
				"north": {"uv": [1.75, 7.25, 0, 5.5], "texture": "#0"},
				"east": {"uv": [4, 7.75, 5.25, 6], "texture": "#0"},
				"south": {"uv": [0, 7.25, 1.75, 5.5], "texture": "#0"},
				"west": {"uv": [2.75, 7.25, 4, 5.5], "texture": "#0"},
				"up": {"uv": [6.5, 2.75, 8.25, 4], "texture": "#0"},
				"down": {"uv": [5.25, 7.25, 7, 6], "texture": "#0"}
			}
		},
		{
			"from": [7, 4, 6.5],
			"to": [12, 9, 9.5],
			"rotation": {"angle": -45, "axis": "z", "origin": [8, 0, 8]},
			"faces": {
				"north": {"uv": [6.75, 0, 8, 1.25], "texture": "#0"},
				"east": {"uv": [3.5, 7.75, 4.25, 9], "texture": "#0"},
				"south": {"uv": [8, 0, 6.75, 1.25], "texture": "#0"},
				"west": {"uv": [7.75, 4, 8.5, 5.25], "texture": "#0"},
				"up": {"uv": [9, 2.75, 7.75, 2], "texture": "#0"},
				"down": {"uv": [9.25, 0, 8, 0.75], "texture": "#0"}
			}
		},
		{
			"from": [6.5, 7, 6.5],
			"to": [9.5, 11, 9.5],
			"rotation": {"angle": 0, "axis": "y", "origin": [16, -4.5, 0]},
			"faces": {
				"north": {"uv": [7, 8, 7.75, 9], "texture": "#0"},
				"east": {"uv": [8, 7.5, 8.75, 8.5], "texture": "#0"},
				"south": {"uv": [7.75, 8, 7, 9], "texture": "#0"},
				"west": {"uv": [0, 8.25, 0.75, 9.25], "texture": "#0"}
			}
		},
		{
			"from": [6, 9.7, 6.48],
			"to": [11, 14.7, 9.52],
			"rotation": {"angle": -45, "axis": "z", "origin": [8, 12.7, 8]},
			"faces": {
				"north": {"uv": [6.5, 4, 7.75, 5.25], "texture": "#0"},
				"east": {"uv": [1, 7.25, 1.75, 8.5], "texture": "#0"},
				"south": {"uv": [7.75, 4, 6.5, 5.25], "texture": "#0"},
				"west": {"uv": [2.75, 7.25, 3.5, 8.5], "texture": "#0"},
				"up": {"uv": [6.5, 8, 5.25, 7.25], "texture": "#0"},
				"down": {"uv": [9, 1.25, 7.75, 2], "texture": "#0"}
			}
		},
		{
			"from": [7, 14, 7],
			"to": [9, 32, 9],
			"rotation": {"angle": 45, "axis": "y", "origin": [8, 5, 8]},
			"faces": {
				"north": {"uv": [1.75, 5.5, 2.25, 10], "texture": "#0"},
				"east": {"uv": [2.25, 5.5, 2.75, 10], "texture": "#0"},
				"south": {"uv": [2.75, 5.5, 2.25, 10], "texture": "#0"},
				"west": {"uv": [2.25, 5.5, 1.75, 10], "texture": "#0"},
				"up": {"uv": [7.25, 2.75, 6.75, 2.25], "texture": "#0"}
			}
		},
		{
			"from": [9.2, 28.5, 6.2],
			"to": [12.2, 28.55, 9.2],
			"rotation": {"angle": 45, "axis": "y", "origin": [11, 14, 8]},
			"faces": {
				"up": {"uv": [6.5, 9.5, 5.75, 8.75], "texture": "#0"},
				"down": {"uv": [6.5, 8.75, 5.75, 9.5], "texture": "#0"}
			}
		},
		{
			"from": [6.5, 27, 6.5],
			"to": [9.5, 30, 9.5],
			"rotation": {"angle": 0, "axis": "y", "origin": [8.5, 28, 8.5]},
			"faces": {
				"north": {"uv": [4.25, 8.5, 5, 9.25], "texture": "#0"},
				"east": {"uv": [8.5, 4.25, 9.25, 5], "texture": "#0"},
				"south": {"uv": [5, 8.5, 4.25, 9.25], "texture": "#0"},
				"west": {"uv": [7.75, 8.5, 8.5, 9.25], "texture": "#0"},
				"up": {"uv": [9.25, 9.25, 8.5, 8.5], "texture": "#0"},
				"down": {"uv": [5.75, 8.75, 5, 9.5], "texture": "#0"}
			}
		},
		{
			"from": [6.5, 19, 6.5],
			"to": [9.5, 22, 9.5],
			"rotation": {"angle": 0, "axis": "y", "origin": [8.5, 20, 8.5]},
			"faces": {
				"north": {"uv": [8.25, 2.75, 9, 3.5], "texture": "#0"},
				"east": {"uv": [8.25, 5.25, 9, 6], "texture": "#0"},
				"south": {"uv": [9, 2.75, 8.25, 3.5], "texture": "#0"},
				"west": {"uv": [0.75, 8.5, 1.5, 9.25], "texture": "#0"},
				"up": {"uv": [3.5, 9.25, 2.75, 8.5], "texture": "#0"},
				"down": {"uv": [9.25, 3.5, 8.5, 4.25], "texture": "#0"}
			}
		},
		{
			"from": [9.2, 20.5, 6.2],
			"to": [12.2, 20.55, 9.2],
			"rotation": {"angle": 45, "axis": "y", "origin": [11, 6, 8]},
			"faces": {
				"up": {"uv": [6.5, 9.5, 5.75, 8.75], "texture": "#0"},
				"down": {"uv": [6.5, 8.75, 5.75, 9.5], "texture": "#0"}
			}
		},
		{
			"from": [6.91421, 6.81371, 8],
			"to": [20.91421, 27.81371, 8.05],
			"rotation": {"angle": 45, "axis": "z", "origin": [14.41421, 16.81371, 5.5]},
			"faces": {
				"north": {"uv": [0, 0.25, 3.5, 5.5], "texture": "#0"},
				"south": {"uv": [3.5, 0.25, 0, 5.5], "texture": "#0"}
			}
		},
		{
			"from": [10.3, 12, 7.3],
			"to": [13.3, 12.05, 10.3],
			"rotation": {"angle": 45, "axis": "y", "origin": [11, -10, 8]},
			"faces": {
				"up": {"uv": [6.5, 9.5, 5.75, 8.75], "texture": "#0"},
				"down": {"uv": [6.5, 8.75, 5.75, 9.5], "texture": "#0"}
			}
		},
		{
			"from": [-5, 4, 9.2],
			"to": [7, 17, 9.25],
			"rotation": {"angle": 45, "axis": "y", "origin": [6.5, 7, 9.2]},
			"faces": {
				"north": {"uv": [3.5, 0, 6.5, 3.25], "texture": "#0"},
				"south": {"uv": [6.5, 0, 3.5, 3.25], "texture": "#0"}
			}
		},
		{
			"from": [2, 7, 8.7],
			"to": [7, 10, 9.7],
			"rotation": {"angle": 45, "axis": "y", "origin": [6.5, 7, 9.2]},
			"faces": {
				"north": {"uv": [3.5, 1.75, 4.75, 2.5], "texture": "#0"},
				"south": {"uv": [4.75, 1.75, 3.5, 2.5], "texture": "#0"},
				"west": {"uv": [4.5, 1.75, 4.75, 2.5], "texture": "#0"},
				"up": {"uv": [4.75, 1.75, 3.5, 2], "texture": "#0"},
				"down": {"uv": [4.75, 2.25, 3.5, 2.5], "texture": "#0"}
			}
		},
		{
			"from": [2, 7, 6.3],
			"to": [7, 10, 7.3],
			"rotation": {"angle": -45, "axis": "y", "origin": [6.5, 7, 6.8]},
			"faces": {
				"north": {"uv": [3.5, 1.75, 4.75, 2.5], "texture": "#0"},
				"south": {"uv": [4.75, 1.75, 3.5, 2.5], "texture": "#0"},
				"west": {"uv": [4.75, 1.75, 4.5, 2.5], "texture": "#0"},
				"up": {"uv": [4.75, 2, 3.5, 1.75], "texture": "#0"},
				"down": {"uv": [4.75, 2.5, 3.5, 2.25], "texture": "#0"}
			}
		},
		{
			"from": [-5, 4, 6.75],
			"to": [7, 17, 6.8],
			"rotation": {"angle": -45, "axis": "y", "origin": [6.5, 7, 6.8]},
			"faces": {
				"north": {"uv": [3.5, 0, 6.5, 3.25], "texture": "#0"},
				"south": {"uv": [6.5, 0, 3.5, 3.25], "texture": "#0"}
			}
		},
		{
			"from": [8.55, 0.55, 3.45],
			"to": [9.15, 1.15, 4.05],
			"shade": false,
			"rotation": {"angle": 0, "axis": "y", "origin": [0, 16, 0]},
			"faces": {
				"north": {"uv": [0, 14, 2, 16], "rotation": 90, "texture": "#1"},
				"east": {"uv": [0, 14, 2, 16], "rotation": 270, "texture": "#1"},
				"south": {"uv": [0, 14, 2, 16], "rotation": 270, "texture": "#1"},
				"west": {"uv": [0, 14, 2, 16], "rotation": 270, "texture": "#1"},
				"up": {"uv": [0, 14, 2, 16], "rotation": 270, "texture": "#1"},
				"down": {"uv": [0, 14, 2, 16], "rotation": 270, "texture": "#1"}
			}
		},
		{
			"from": [9.4, 1.4, 4.3],
			"to": [8.3, 0.3, 3.2],
			"shade": false,
			"rotation": {"angle": 0, "axis": "y", "origin": [0, 16, 0]},
			"faces": {
				"north": {"uv": [2, 14, 4, 16], "rotation": 90, "texture": "#1"},
				"east": {"uv": [2, 14, 4, 16], "rotation": 270, "texture": "#1"},
				"south": {"uv": [2, 14, 4, 16], "rotation": 270, "texture": "#1"},
				"west": {"uv": [2, 14, 4, 16], "rotation": 270, "texture": "#1"},
				"up": {"uv": [2, 14, 4, 16], "rotation": 270, "texture": "#1"},
				"down": {"uv": [2, 14, 4, 16], "rotation": 270, "texture": "#1"}
			}
		},
		{
			"from": [7.80616, 0.49436, 3.4],
			"to": [8.50616, 1.19436, 4.1],
			"shade": false,
			"rotation": {"angle": 0, "axis": "y", "origin": [0, 16, 0]},
			"faces": {
				"north": {"uv": [0, 12, 2, 14], "rotation": 90, "texture": "#1"},
				"east": {"uv": [0, 12, 2, 14], "rotation": 270, "texture": "#1"},
				"south": {"uv": [0, 12, 2, 14], "rotation": 270, "texture": "#1"},
				"west": {"uv": [0, 12, 2, 14], "rotation": 270, "texture": "#1"},
				"up": {"uv": [0, 12, 2, 14], "rotation": 270, "texture": "#1"},
				"down": {"uv": [0, 12, 2, 14], "rotation": 270, "texture": "#1"}
			}
		},
		{
			"from": [8.80616, 1.49436, 4.4],
			"to": [7.50616, 0.19436, 3.1],
			"shade": false,
			"rotation": {"angle": 0, "axis": "y", "origin": [0, 16, 0]},
			"faces": {
				"north": {"uv": [2, 12, 4, 14], "rotation": 90, "texture": "#1"},
				"east": {"uv": [2, 12, 4, 14], "rotation": 270, "texture": "#1"},
				"south": {"uv": [2, 12, 4, 14], "rotation": 270, "texture": "#1"},
				"west": {"uv": [2, 12, 4, 14], "rotation": 270, "texture": "#1"},
				"up": {"uv": [2, 12, 4, 14], "rotation": 270, "texture": "#1"},
				"down": {"uv": [2, 12, 4, 14], "rotation": 270, "texture": "#1"}
			}
		},
		{
			"from": [6.75, 0.34219, 3.25],
			"to": [7.75, 1.34219, 4.25],
			"shade": false,
			"rotation": {"angle": 0, "axis": "y", "origin": [0, 16, 0]},
			"faces": {
				"north": {"uv": [0, 10, 2, 12], "rotation": 90, "texture": "#1"},
				"east": {"uv": [0, 10, 2, 12], "rotation": 270, "texture": "#1"},
				"south": {"uv": [0, 10, 2, 12], "rotation": 270, "texture": "#1"},
				"west": {"uv": [0, 10, 2, 12], "rotation": 270, "texture": "#1"},
				"up": {"uv": [0, 10, 2, 12], "rotation": 270, "texture": "#1"},
				"down": {"uv": [0, 10, 2, 12], "rotation": 270, "texture": "#1"}
			}
		},
		{
			"from": [8, 1.59219, 4.5],
			"to": [6.5, 0.09219, 3],
			"shade": false,
			"rotation": {"angle": 0, "axis": "y", "origin": [0, 16, 0]},
			"faces": {
				"north": {"uv": [2, 10, 4, 12], "rotation": 90, "texture": "#1"},
				"east": {"uv": [2, 10, 4, 12], "rotation": 270, "texture": "#1"},
				"south": {"uv": [2, 10, 4, 12], "rotation": 270, "texture": "#1"},
				"west": {"uv": [2, 10, 4, 12], "rotation": 270, "texture": "#1"},
				"up": {"uv": [2, 10, 4, 12], "rotation": 270, "texture": "#1"},
				"down": {"uv": [2, 10, 4, 12], "rotation": 270, "texture": "#1"}
			}
		},
		{
			"from": [5.6, 0.34668, 3.25],
			"to": [6.6, 1.34668, 4.25],
			"shade": false,
			"rotation": {"angle": 0, "axis": "y", "origin": [0, 16, 0]},
			"faces": {
				"north": {"uv": [0, 8, 2, 10], "rotation": 180, "texture": "#1"},
				"east": {"uv": [0, 8, 2, 10], "rotation": 180, "texture": "#1"},
				"south": {"uv": [0, 8, 2, 10], "rotation": 180, "texture": "#1"},
				"west": {"uv": [0, 8, 2, 10], "rotation": 180, "texture": "#1"},
				"up": {"uv": [0, 8, 2, 10], "rotation": 180, "texture": "#1"},
				"down": {"uv": [0, 8, 2, 10], "rotation": 180, "texture": "#1"}
			}
		},
		{
			"from": [6.843, 1.59668, 4.5],
			"to": [5.343, 0.09668, 3],
			"shade": false,
			"rotation": {"angle": 0, "axis": "y", "origin": [0, 16, 0]},
			"faces": {
				"north": {"uv": [2, 8, 4, 10], "rotation": 180, "texture": "#1"},
				"east": {"uv": [2, 8, 4, 10], "rotation": 180, "texture": "#1"},
				"south": {"uv": [2, 8, 4, 10], "rotation": 180, "texture": "#1"},
				"west": {"uv": [2, 8, 4, 10], "rotation": 180, "texture": "#1"},
				"up": {"uv": [2, 8, 4, 10], "rotation": 180, "texture": "#1"},
				"down": {"uv": [2, 8, 4, 10], "rotation": 180, "texture": "#1"}
			}
		},
		{
			"from": [4.45, 0.35, 3.25],
			"to": [5.45, 1.35, 4.25],
			"shade": false,
			"rotation": {"angle": 0, "axis": "y", "origin": [0, 16, 0]},
			"faces": {
				"north": {"uv": [0, 6, 2, 8], "rotation": 90, "texture": "#1"},
				"east": {"uv": [0, 6, 2, 8], "rotation": 270, "texture": "#1"},
				"south": {"uv": [0, 6, 2, 8], "rotation": 270, "texture": "#1"},
				"west": {"uv": [0, 6, 2, 8], "rotation": 270, "texture": "#1"},
				"up": {"uv": [0, 6, 2, 8], "rotation": 270, "texture": "#1"},
				"down": {"uv": [0, 6, 2, 8], "rotation": 270, "texture": "#1"}
			}
		},
		{
			"from": [5.7, 1.6, 4.5],
			"to": [4.2, 0.1, 3],
			"shade": false,
			"rotation": {"angle": 0, "axis": "y", "origin": [0, 16, 0]},
			"faces": {
				"north": {"uv": [2, 6, 4, 8], "rotation": 90, "texture": "#1"},
				"east": {"uv": [2, 6, 4, 8], "rotation": 270, "texture": "#1"},
				"south": {"uv": [2, 6, 4, 8], "rotation": 270, "texture": "#1"},
				"west": {"uv": [2, 6, 4, 8], "rotation": 270, "texture": "#1"},
				"up": {"uv": [2, 6, 4, 8], "rotation": 270, "texture": "#1"},
				"down": {"uv": [2, 6, 4, 8], "rotation": 270, "texture": "#1"}
			}
		},
		{
			"from": [3.66432, 0.51809, 3.4],
			"to": [4.36432, 1.21809, 4.1],
			"shade": false,
			"rotation": {"angle": 0, "axis": "y", "origin": [0, 16, 0]},
			"faces": {
				"north": {"uv": [0, 4, 2, 6], "rotation": 90, "texture": "#1"},
				"east": {"uv": [0, 4, 2, 6], "rotation": 270, "texture": "#1"},
				"south": {"uv": [0, 4, 2, 6], "rotation": 270, "texture": "#1"},
				"west": {"uv": [0, 4, 2, 6], "rotation": 270, "texture": "#1"},
				"up": {"uv": [0, 4, 2, 6], "rotation": 270, "texture": "#1"},
				"down": {"uv": [0, 4, 2, 6], "rotation": 270, "texture": "#1"}
			}
		},
		{
			"from": [4.66432, 1.51809, 4.4],
			"to": [3.36432, 0.21809, 3.1],
			"shade": false,
			"rotation": {"angle": 0, "axis": "y", "origin": [0, 16, 0]},
			"faces": {
				"north": {"uv": [2, 4, 4, 6], "rotation": 90, "texture": "#1"},
				"east": {"uv": [2, 4, 4, 6], "rotation": 270, "texture": "#1"},
				"south": {"uv": [2, 4, 4, 6], "rotation": 270, "texture": "#1"},
				"west": {"uv": [2, 4, 4, 6], "rotation": 270, "texture": "#1"},
				"up": {"uv": [2, 4, 4, 6], "rotation": 270, "texture": "#1"},
				"down": {"uv": [2, 4, 4, 6], "rotation": 270, "texture": "#1"}
			}
		},
		{
			"from": [3, 0.58, 3.45],
			"to": [3.6, 1.18, 4.05],
			"shade": false,
			"rotation": {"angle": 0, "axis": "y", "origin": [0, 16, 0]},
			"faces": {
				"north": {"uv": [0, 2, 2, 4], "rotation": 90, "texture": "#1"},
				"east": {"uv": [0, 2, 2, 4], "rotation": 270, "texture": "#1"},
				"south": {"uv": [0, 2, 2, 4], "rotation": 270, "texture": "#1"},
				"west": {"uv": [0, 2, 2, 4], "rotation": 270, "texture": "#1"},
				"up": {"uv": [0, 2, 2, 4], "rotation": 270, "texture": "#1"},
				"down": {"uv": [0, 2, 2, 4], "rotation": 270, "texture": "#1"}
			}
		},
		{
			"from": [3.85, 1.43, 4.3],
			"to": [2.75, 0.33, 3.2],
			"shade": false,
			"rotation": {"angle": 0, "axis": "y", "origin": [0, 16, 0]},
			"faces": {
				"north": {"uv": [2, 2, 4, 4], "rotation": 90, "texture": "#1"},
				"east": {"uv": [2, 2, 4, 4], "rotation": 270, "texture": "#1"},
				"south": {"uv": [2, 2, 4, 4], "rotation": 270, "texture": "#1"},
				"west": {"uv": [2, 2, 4, 4], "rotation": 270, "texture": "#1"},
				"up": {"uv": [2, 2, 4, 4], "rotation": 270, "texture": "#1"},
				"down": {"uv": [2, 2, 4, 4], "rotation": 270, "texture": "#1"}
			}
		},
		{
			"from": [11.55, 6.55, 3.45],
			"to": [12.15, 7.15, 4.05],
			"shade": false,
			"rotation": {"angle": 0, "axis": "y", "origin": [0, 16, 0]},
			"faces": {
				"north": {"uv": [4, 14, 6, 16], "rotation": 90, "texture": "#1"},
				"east": {"uv": [4, 14, 6, 16], "rotation": 270, "texture": "#1"},
				"south": {"uv": [4, 14, 6, 16], "rotation": 270, "texture": "#1"},
				"west": {"uv": [4, 14, 6, 16], "rotation": 270, "texture": "#1"},
				"up": {"uv": [4, 14, 6, 16], "rotation": 270, "texture": "#1"},
				"down": {"uv": [4, 14, 6, 16], "rotation": 270, "texture": "#1"}
			}
		},
		{
			"from": [12.4, 7.4, 4.3],
			"to": [11.3, 6.3, 3.2],
			"shade": false,
			"rotation": {"angle": 0, "axis": "y", "origin": [0, 16, 0]},
			"faces": {
				"north": {"uv": [6, 14, 8, 16], "rotation": 90, "texture": "#1"},
				"east": {"uv": [6, 14, 8, 16], "rotation": 270, "texture": "#1"},
				"south": {"uv": [6, 14, 8, 16], "rotation": 270, "texture": "#1"},
				"west": {"uv": [6, 14, 8, 16], "rotation": 270, "texture": "#1"},
				"up": {"uv": [6, 14, 8, 16], "rotation": 270, "texture": "#1"},
				"down": {"uv": [6, 14, 8, 16], "rotation": 270, "texture": "#1"}
			}
		},
		{
			"from": [10.80616, 6.49436, 3.4],
			"to": [11.50616, 7.19436, 4.1],
			"shade": false,
			"rotation": {"angle": 0, "axis": "y", "origin": [0, 16, 0]},
			"faces": {
				"north": {"uv": [4, 12, 6, 14], "rotation": 90, "texture": "#1"},
				"east": {"uv": [4, 12, 6, 14], "rotation": 270, "texture": "#1"},
				"south": {"uv": [4, 12, 6, 14], "rotation": 270, "texture": "#1"},
				"west": {"uv": [4, 12, 6, 14], "rotation": 270, "texture": "#1"},
				"up": {"uv": [4, 12, 6, 14], "rotation": 270, "texture": "#1"},
				"down": {"uv": [4, 12, 6, 14], "rotation": 270, "texture": "#1"}
			}
		},
		{
			"from": [11.80616, 7.49436, 4.4],
			"to": [10.50616, 6.19436, 3.1],
			"shade": false,
			"rotation": {"angle": 0, "axis": "y", "origin": [0, 16, 0]},
			"faces": {
				"north": {"uv": [6, 12, 8, 14], "rotation": 90, "texture": "#1"},
				"east": {"uv": [6, 12, 8, 14], "rotation": 270, "texture": "#1"},
				"south": {"uv": [6, 12, 8, 14], "rotation": 270, "texture": "#1"},
				"west": {"uv": [6, 12, 8, 14], "rotation": 270, "texture": "#1"},
				"up": {"uv": [6, 12, 8, 14], "rotation": 270, "texture": "#1"},
				"down": {"uv": [6, 12, 8, 14], "rotation": 270, "texture": "#1"}
			}
		},
		{
			"from": [9.75, 6.34219, 3.25],
			"to": [10.75, 7.34219, 4.25],
			"shade": false,
			"rotation": {"angle": 0, "axis": "y", "origin": [0, 16, 0]},
			"faces": {
				"north": {"uv": [4, 10, 6, 12], "rotation": 90, "texture": "#1"},
				"east": {"uv": [4, 10, 6, 12], "rotation": 270, "texture": "#1"},
				"south": {"uv": [4, 10, 6, 12], "rotation": 270, "texture": "#1"},
				"west": {"uv": [4, 10, 6, 12], "rotation": 270, "texture": "#1"},
				"up": {"uv": [4, 10, 6, 12], "rotation": 270, "texture": "#1"},
				"down": {"uv": [4, 10, 6, 12], "rotation": 270, "texture": "#1"}
			}
		},
		{
			"from": [11, 7.59219, 4.5],
			"to": [9.5, 6.09219, 3],
			"shade": false,
			"rotation": {"angle": 0, "axis": "y", "origin": [0, 16, 0]},
			"faces": {
				"north": {"uv": [6, 10, 8, 12], "rotation": 90, "texture": "#1"},
				"east": {"uv": [6, 10, 8, 12], "rotation": 270, "texture": "#1"},
				"south": {"uv": [6, 10, 8, 12], "rotation": 270, "texture": "#1"},
				"west": {"uv": [6, 10, 8, 12], "rotation": 270, "texture": "#1"},
				"up": {"uv": [6, 10, 8, 12], "rotation": 270, "texture": "#1"},
				"down": {"uv": [6, 10, 8, 12], "rotation": 270, "texture": "#1"}
			}
		},
		{
			"from": [8.6, 6.34668, 3.25],
			"to": [9.6, 7.34668, 4.25],
			"shade": false,
			"rotation": {"angle": 0, "axis": "y", "origin": [0, 16, 0]},
			"faces": {
				"north": {"uv": [4, 8, 6, 10], "rotation": 180, "texture": "#1"},
				"east": {"uv": [4, 8, 6, 10], "rotation": 180, "texture": "#1"},
				"south": {"uv": [4, 8, 6, 10], "rotation": 180, "texture": "#1"},
				"west": {"uv": [4, 8, 6, 10], "rotation": 180, "texture": "#1"},
				"up": {"uv": [4, 8, 6, 10], "rotation": 180, "texture": "#1"},
				"down": {"uv": [4, 8, 6, 10], "rotation": 180, "texture": "#1"}
			}
		},
		{
			"from": [9.843, 7.59668, 4.5],
			"to": [8.343, 6.09668, 3],
			"shade": false,
			"rotation": {"angle": 0, "axis": "y", "origin": [0, 16, 0]},
			"faces": {
				"north": {"uv": [6, 8, 8, 10], "rotation": 180, "texture": "#1"},
				"east": {"uv": [6, 8, 8, 10], "rotation": 180, "texture": "#1"},
				"south": {"uv": [6, 8, 8, 10], "rotation": 180, "texture": "#1"},
				"west": {"uv": [6, 8, 8, 10], "rotation": 180, "texture": "#1"},
				"up": {"uv": [6, 8, 8, 10], "rotation": 180, "texture": "#1"},
				"down": {"uv": [6, 8, 8, 10], "rotation": 180, "texture": "#1"}
			}
		},
		{
			"from": [7.45, 6.35, 3.25],
			"to": [8.45, 7.35, 4.25],
			"shade": false,
			"rotation": {"angle": 0, "axis": "y", "origin": [0, 16, 0]},
			"faces": {
				"north": {"uv": [4, 6, 6, 8], "rotation": 90, "texture": "#1"},
				"east": {"uv": [4, 6, 6, 8], "rotation": 270, "texture": "#1"},
				"south": {"uv": [4, 6, 6, 8], "rotation": 270, "texture": "#1"},
				"west": {"uv": [4, 6, 6, 8], "rotation": 270, "texture": "#1"},
				"up": {"uv": [4, 6, 6, 8], "rotation": 270, "texture": "#1"},
				"down": {"uv": [4, 6, 6, 8], "rotation": 270, "texture": "#1"}
			}
		},
		{
			"from": [8.7, 7.6, 4.5],
			"to": [7.2, 6.1, 3],
			"shade": false,
			"rotation": {"angle": 0, "axis": "y", "origin": [0, 16, 0]},
			"faces": {
				"north": {"uv": [6, 6, 8, 8], "rotation": 90, "texture": "#1"},
				"east": {"uv": [6, 6, 8, 8], "rotation": 270, "texture": "#1"},
				"south": {"uv": [6, 6, 8, 8], "rotation": 270, "texture": "#1"},
				"west": {"uv": [6, 6, 8, 8], "rotation": 270, "texture": "#1"},
				"up": {"uv": [6, 6, 8, 8], "rotation": 270, "texture": "#1"},
				"down": {"uv": [6, 6, 8, 8], "rotation": 270, "texture": "#1"}
			}
		},
		{
			"from": [6.66432, 6.51809, 3.4],
			"to": [7.36432, 7.21809, 4.1],
			"shade": false,
			"rotation": {"angle": 0, "axis": "y", "origin": [0, 16, 0]},
			"faces": {
				"north": {"uv": [4, 4, 6, 6], "rotation": 90, "texture": "#1"},
				"east": {"uv": [4, 4, 6, 6], "rotation": 270, "texture": "#1"},
				"south": {"uv": [4, 4, 6, 6], "rotation": 270, "texture": "#1"},
				"west": {"uv": [4, 4, 6, 6], "rotation": 270, "texture": "#1"},
				"up": {"uv": [4, 4, 6, 6], "rotation": 270, "texture": "#1"},
				"down": {"uv": [4, 4, 6, 6], "rotation": 270, "texture": "#1"}
			}
		},
		{
			"from": [7.66432, 7.51809, 4.4],
			"to": [6.36432, 6.21809, 3.1],
			"shade": false,
			"rotation": {"angle": 0, "axis": "y", "origin": [0, 16, 0]},
			"faces": {
				"north": {"uv": [6, 4, 8, 6], "rotation": 90, "texture": "#1"},
				"east": {"uv": [6, 4, 8, 6], "rotation": 270, "texture": "#1"},
				"south": {"uv": [6, 4, 8, 6], "rotation": 270, "texture": "#1"},
				"west": {"uv": [6, 4, 8, 6], "rotation": 270, "texture": "#1"},
				"up": {"uv": [6, 4, 8, 6], "rotation": 270, "texture": "#1"},
				"down": {"uv": [6, 4, 8, 6], "rotation": 270, "texture": "#1"}
			}
		},
		{
			"from": [6, 6.58, 3.45],
			"to": [6.6, 7.18, 4.05],
			"shade": false,
			"rotation": {"angle": 0, "axis": "y", "origin": [0, 16, 0]},
			"faces": {
				"north": {"uv": [4, 2, 6, 4], "rotation": 90, "texture": "#1"},
				"east": {"uv": [4, 2, 6, 4], "rotation": 270, "texture": "#1"},
				"south": {"uv": [4, 2, 6, 4], "rotation": 270, "texture": "#1"},
				"west": {"uv": [4, 2, 6, 4], "rotation": 270, "texture": "#1"},
				"up": {"uv": [4, 2, 6, 4], "rotation": 270, "texture": "#1"},
				"down": {"uv": [4, 2, 6, 4], "rotation": 270, "texture": "#1"}
			}
		},
		{
			"from": [6.85, 7.43, 4.3],
			"to": [5.75, 6.33, 3.2],
			"shade": false,
			"rotation": {"angle": 0, "axis": "y", "origin": [0, 16, 0]},
			"faces": {
				"north": {"uv": [6, 2, 8, 4], "rotation": 90, "texture": "#1"},
				"east": {"uv": [6, 2, 8, 4], "rotation": 270, "texture": "#1"},
				"south": {"uv": [6, 2, 8, 4], "rotation": 270, "texture": "#1"},
				"west": {"uv": [6, 2, 8, 4], "rotation": 270, "texture": "#1"},
				"up": {"uv": [6, 2, 8, 4], "rotation": 270, "texture": "#1"},
				"down": {"uv": [6, 2, 8, 4], "rotation": 270, "texture": "#1"}
			}
		},
		{
			"from": [4.55, 3.55, 3.45],
			"to": [5.15, 4.15, 4.05],
			"shade": false,
			"rotation": {"angle": 0, "axis": "y", "origin": [0, 16, 0]},
			"faces": {
				"north": {"uv": [8, 14, 10, 16], "rotation": 90, "texture": "#1"},
				"east": {"uv": [8, 14, 10, 16], "rotation": 270, "texture": "#1"},
				"south": {"uv": [8, 14, 10, 16], "rotation": 270, "texture": "#1"},
				"west": {"uv": [8, 14, 10, 16], "rotation": 270, "texture": "#1"},
				"up": {"uv": [8, 14, 10, 16], "rotation": 270, "texture": "#1"},
				"down": {"uv": [8, 14, 10, 16], "rotation": 270, "texture": "#1"}
			}
		},
		{
			"from": [5.4, 4.4, 4.3],
			"to": [4.3, 3.3, 3.2],
			"shade": false,
			"rotation": {"angle": 0, "axis": "y", "origin": [0, 16, 0]},
			"faces": {
				"north": {"uv": [10, 14, 12, 16], "rotation": 90, "texture": "#1"},
				"east": {"uv": [10, 14, 12, 16], "rotation": 270, "texture": "#1"},
				"south": {"uv": [10, 14, 12, 16], "rotation": 270, "texture": "#1"},
				"west": {"uv": [10, 14, 12, 16], "rotation": 270, "texture": "#1"},
				"up": {"uv": [10, 14, 12, 16], "rotation": 270, "texture": "#1"},
				"down": {"uv": [10, 14, 12, 16], "rotation": 270, "texture": "#1"}
			}
		},
		{
			"from": [3.80616, 3.49436, 3.4],
			"to": [4.50616, 4.19436, 4.1],
			"shade": false,
			"rotation": {"angle": 0, "axis": "y", "origin": [0, 16, 0]},
			"faces": {
				"north": {"uv": [8, 12, 10, 14], "rotation": 90, "texture": "#1"},
				"east": {"uv": [8, 12, 10, 14], "rotation": 270, "texture": "#1"},
				"south": {"uv": [8, 12, 10, 14], "rotation": 270, "texture": "#1"},
				"west": {"uv": [8, 12, 10, 14], "rotation": 270, "texture": "#1"},
				"up": {"uv": [8, 12, 10, 14], "rotation": 270, "texture": "#1"},
				"down": {"uv": [8, 12, 10, 14], "rotation": 270, "texture": "#1"}
			}
		},
		{
			"from": [4.80616, 4.49436, 4.4],
			"to": [3.50616, 3.19436, 3.1],
			"shade": false,
			"rotation": {"angle": 0, "axis": "y", "origin": [0, 16, 0]},
			"faces": {
				"north": {"uv": [10, 12, 12, 14], "rotation": 90, "texture": "#1"},
				"east": {"uv": [10, 12, 12, 14], "rotation": 270, "texture": "#1"},
				"south": {"uv": [10, 12, 12, 14], "rotation": 270, "texture": "#1"},
				"west": {"uv": [10, 12, 12, 14], "rotation": 270, "texture": "#1"},
				"up": {"uv": [10, 12, 12, 14], "rotation": 270, "texture": "#1"},
				"down": {"uv": [10, 12, 12, 14], "rotation": 270, "texture": "#1"}
			}
		},
		{
			"from": [2.75, 3.34219, 3.25],
			"to": [3.75, 4.34219, 4.25],
			"shade": false,
			"rotation": {"angle": 0, "axis": "y", "origin": [0, 16, 0]},
			"faces": {
				"north": {"uv": [8, 10, 10, 12], "rotation": 90, "texture": "#1"},
				"east": {"uv": [8, 10, 10, 12], "rotation": 270, "texture": "#1"},
				"south": {"uv": [8, 10, 10, 12], "rotation": 270, "texture": "#1"},
				"west": {"uv": [8, 10, 10, 12], "rotation": 270, "texture": "#1"},
				"up": {"uv": [8, 10, 10, 12], "rotation": 270, "texture": "#1"},
				"down": {"uv": [8, 10, 10, 12], "rotation": 270, "texture": "#1"}
			}
		},
		{
			"from": [4, 4.59219, 4.5],
			"to": [2.5, 3.09219, 3],
			"shade": false,
			"rotation": {"angle": 0, "axis": "y", "origin": [0, 16, 0]},
			"faces": {
				"north": {"uv": [10, 10, 12, 12], "rotation": 90, "texture": "#1"},
				"east": {"uv": [10, 10, 12, 12], "rotation": 270, "texture": "#1"},
				"south": {"uv": [10, 10, 12, 12], "rotation": 270, "texture": "#1"},
				"west": {"uv": [10, 10, 12, 12], "rotation": 270, "texture": "#1"},
				"up": {"uv": [10, 10, 12, 12], "rotation": 270, "texture": "#1"},
				"down": {"uv": [10, 10, 12, 12], "rotation": 270, "texture": "#1"}
			}
		},
		{
			"from": [1.6, 3.34668, 3.25],
			"to": [2.6, 4.34668, 4.25],
			"shade": false,
			"rotation": {"angle": 0, "axis": "y", "origin": [0, 16, 0]},
			"faces": {
				"north": {"uv": [8, 8, 10, 10], "rotation": 180, "texture": "#1"},
				"east": {"uv": [8, 8, 10, 10], "rotation": 180, "texture": "#1"},
				"south": {"uv": [8, 8, 10, 10], "rotation": 180, "texture": "#1"},
				"west": {"uv": [8, 8, 10, 10], "rotation": 180, "texture": "#1"},
				"up": {"uv": [8, 8, 10, 10], "rotation": 180, "texture": "#1"},
				"down": {"uv": [8, 8, 10, 10], "rotation": 180, "texture": "#1"}
			}
		},
		{
			"from": [2.843, 4.59668, 4.5],
			"to": [1.343, 3.09668, 3],
			"shade": false,
			"rotation": {"angle": 0, "axis": "y", "origin": [0, 16, 0]},
			"faces": {
				"north": {"uv": [10, 8, 12, 10], "rotation": 180, "texture": "#1"},
				"east": {"uv": [10, 8, 12, 10], "rotation": 180, "texture": "#1"},
				"south": {"uv": [10, 8, 12, 10], "rotation": 180, "texture": "#1"},
				"west": {"uv": [10, 8, 12, 10], "rotation": 180, "texture": "#1"},
				"up": {"uv": [10, 8, 12, 10], "rotation": 180, "texture": "#1"},
				"down": {"uv": [10, 8, 12, 10], "rotation": 180, "texture": "#1"}
			}
		},
		{
			"from": [0.45, 3.35, 3.25],
			"to": [1.45, 4.35, 4.25],
			"shade": false,
			"rotation": {"angle": 0, "axis": "y", "origin": [0, 16, 0]},
			"faces": {
				"north": {"uv": [8, 6, 10, 8], "rotation": 90, "texture": "#1"},
				"east": {"uv": [8, 6, 10, 8], "rotation": 270, "texture": "#1"},
				"south": {"uv": [8, 6, 10, 8], "rotation": 270, "texture": "#1"},
				"west": {"uv": [8, 6, 10, 8], "rotation": 270, "texture": "#1"},
				"up": {"uv": [8, 6, 10, 8], "rotation": 270, "texture": "#1"},
				"down": {"uv": [8, 6, 10, 8], "rotation": 270, "texture": "#1"}
			}
		},
		{
			"from": [1.7, 4.6, 4.5],
			"to": [0.2, 3.1, 3],
			"shade": false,
			"rotation": {"angle": 0, "axis": "y", "origin": [0, 16, 0]},
			"faces": {
				"north": {"uv": [10, 6, 12, 8], "rotation": 90, "texture": "#1"},
				"east": {"uv": [10, 6, 12, 8], "rotation": 270, "texture": "#1"},
				"south": {"uv": [10, 6, 12, 8], "rotation": 270, "texture": "#1"},
				"west": {"uv": [10, 6, 12, 8], "rotation": 270, "texture": "#1"},
				"up": {"uv": [10, 6, 12, 8], "rotation": 270, "texture": "#1"},
				"down": {"uv": [10, 6, 12, 8], "rotation": 270, "texture": "#1"}
			}
		},
		{
			"from": [-0.33568, 3.51809, 3.4],
			"to": [0.36432, 4.21809, 4.1],
			"shade": false,
			"rotation": {"angle": 0, "axis": "y", "origin": [0, 16, 0]},
			"faces": {
				"north": {"uv": [8, 4, 10, 6], "rotation": 90, "texture": "#1"},
				"east": {"uv": [8, 4, 10, 6], "rotation": 270, "texture": "#1"},
				"south": {"uv": [8, 4, 10, 6], "rotation": 270, "texture": "#1"},
				"west": {"uv": [8, 4, 10, 6], "rotation": 270, "texture": "#1"},
				"up": {"uv": [8, 4, 10, 6], "rotation": 270, "texture": "#1"},
				"down": {"uv": [8, 4, 10, 6], "rotation": 270, "texture": "#1"}
			}
		},
		{
			"from": [0.66432, 4.51809, 4.4],
			"to": [-0.63568, 3.21809, 3.1],
			"shade": false,
			"rotation": {"angle": 0, "axis": "y", "origin": [0, 16, 0]},
			"faces": {
				"north": {"uv": [10, 4, 12, 6], "rotation": 90, "texture": "#1"},
				"east": {"uv": [10, 4, 12, 6], "rotation": 270, "texture": "#1"},
				"south": {"uv": [10, 4, 12, 6], "rotation": 270, "texture": "#1"},
				"west": {"uv": [10, 4, 12, 6], "rotation": 270, "texture": "#1"},
				"up": {"uv": [10, 4, 12, 6], "rotation": 270, "texture": "#1"},
				"down": {"uv": [10, 4, 12, 6], "rotation": 270, "texture": "#1"}
			}
		},
		{
			"from": [-1, 3.58, 3.45],
			"to": [-0.4, 4.18, 4.05],
			"shade": false,
			"rotation": {"angle": 0, "axis": "y", "origin": [0, 16, 0]},
			"faces": {
				"north": {"uv": [8, 2, 10, 4], "rotation": 90, "texture": "#1"},
				"east": {"uv": [8, 2, 10, 4], "rotation": 270, "texture": "#1"},
				"south": {"uv": [8, 2, 10, 4], "rotation": 270, "texture": "#1"},
				"west": {"uv": [8, 2, 10, 4], "rotation": 270, "texture": "#1"},
				"up": {"uv": [8, 2, 10, 4], "rotation": 270, "texture": "#1"},
				"down": {"uv": [8, 2, 10, 4], "rotation": 270, "texture": "#1"}
			}
		},
		{
			"from": [-0.15, 4.43, 4.3],
			"to": [-1.25, 3.33, 3.2],
			"shade": false,
			"rotation": {"angle": 0, "axis": "y", "origin": [0, 16, 0]},
			"faces": {
				"north": {"uv": [10, 2, 12, 4], "rotation": 90, "texture": "#1"},
				"east": {"uv": [10, 2, 12, 4], "rotation": 270, "texture": "#1"},
				"south": {"uv": [10, 2, 12, 4], "rotation": 270, "texture": "#1"},
				"west": {"uv": [10, 2, 12, 4], "rotation": 270, "texture": "#1"},
				"up": {"uv": [10, 2, 12, 4], "rotation": 270, "texture": "#1"},
				"down": {"uv": [10, 2, 12, 4], "rotation": 270, "texture": "#1"}
			}
		},
		{
			"from": [11.55, 0.55, 11.95],
			"to": [12.15, 1.15, 12.55],
			"shade": false,
			"rotation": {"angle": 0, "axis": "y", "origin": [0, 16, 0]},
			"faces": {
				"north": {"uv": [8, 14, 10, 16], "rotation": 90, "texture": "#1"},
				"east": {"uv": [8, 14, 10, 16], "rotation": 270, "texture": "#1"},
				"south": {"uv": [8, 14, 10, 16], "rotation": 270, "texture": "#1"},
				"west": {"uv": [8, 14, 10, 16], "rotation": 270, "texture": "#1"},
				"up": {"uv": [8, 14, 10, 16], "rotation": 270, "texture": "#1"},
				"down": {"uv": [8, 14, 10, 16], "rotation": 270, "texture": "#1"}
			}
		},
		{
			"from": [12.4, 1.4, 12.8],
			"to": [11.3, 0.3, 11.7],
			"shade": false,
			"rotation": {"angle": 0, "axis": "y", "origin": [0, 16, 0]},
			"faces": {
				"north": {"uv": [10, 14, 12, 16], "rotation": 90, "texture": "#1"},
				"east": {"uv": [10, 14, 12, 16], "rotation": 270, "texture": "#1"},
				"south": {"uv": [10, 14, 12, 16], "rotation": 270, "texture": "#1"},
				"west": {"uv": [10, 14, 12, 16], "rotation": 270, "texture": "#1"},
				"up": {"uv": [10, 14, 12, 16], "rotation": 270, "texture": "#1"},
				"down": {"uv": [10, 14, 12, 16], "rotation": 270, "texture": "#1"}
			}
		},
		{
			"from": [10.80616, 0.49436, 11.9],
			"to": [11.50616, 1.19436, 12.6],
			"shade": false,
			"rotation": {"angle": 0, "axis": "y", "origin": [0, 16, 0]},
			"faces": {
				"north": {"uv": [8, 12, 10, 14], "rotation": 90, "texture": "#1"},
				"east": {"uv": [8, 12, 10, 14], "rotation": 270, "texture": "#1"},
				"south": {"uv": [8, 12, 10, 14], "rotation": 270, "texture": "#1"},
				"west": {"uv": [8, 12, 10, 14], "rotation": 270, "texture": "#1"},
				"up": {"uv": [8, 12, 10, 14], "rotation": 270, "texture": "#1"},
				"down": {"uv": [8, 12, 10, 14], "rotation": 270, "texture": "#1"}
			}
		},
		{
			"from": [11.80616, 1.49436, 12.9],
			"to": [10.50616, 0.19436, 11.6],
			"shade": false,
			"rotation": {"angle": 0, "axis": "y", "origin": [0, 16, 0]},
			"faces": {
				"north": {"uv": [10, 12, 12, 14], "rotation": 90, "texture": "#1"},
				"east": {"uv": [10, 12, 12, 14], "rotation": 270, "texture": "#1"},
				"south": {"uv": [10, 12, 12, 14], "rotation": 270, "texture": "#1"},
				"west": {"uv": [10, 12, 12, 14], "rotation": 270, "texture": "#1"},
				"up": {"uv": [10, 12, 12, 14], "rotation": 270, "texture": "#1"},
				"down": {"uv": [10, 12, 12, 14], "rotation": 270, "texture": "#1"}
			}
		},
		{
			"from": [9.75, 0.34219, 11.75],
			"to": [10.75, 1.34219, 12.75],
			"shade": false,
			"rotation": {"angle": 0, "axis": "y", "origin": [0, 16, 0]},
			"faces": {
				"north": {"uv": [8, 10, 10, 12], "rotation": 90, "texture": "#1"},
				"east": {"uv": [8, 10, 10, 12], "rotation": 270, "texture": "#1"},
				"south": {"uv": [8, 10, 10, 12], "rotation": 270, "texture": "#1"},
				"west": {"uv": [8, 10, 10, 12], "rotation": 270, "texture": "#1"},
				"up": {"uv": [8, 10, 10, 12], "rotation": 270, "texture": "#1"},
				"down": {"uv": [8, 10, 10, 12], "rotation": 270, "texture": "#1"}
			}
		},
		{
			"from": [11, 1.59219, 13],
			"to": [9.5, 0.09219, 11.5],
			"shade": false,
			"rotation": {"angle": 0, "axis": "y", "origin": [0, 16, 0]},
			"faces": {
				"north": {"uv": [10, 10, 12, 12], "rotation": 90, "texture": "#1"},
				"east": {"uv": [10, 10, 12, 12], "rotation": 270, "texture": "#1"},
				"south": {"uv": [10, 10, 12, 12], "rotation": 270, "texture": "#1"},
				"west": {"uv": [10, 10, 12, 12], "rotation": 270, "texture": "#1"},
				"up": {"uv": [10, 10, 12, 12], "rotation": 270, "texture": "#1"},
				"down": {"uv": [10, 10, 12, 12], "rotation": 270, "texture": "#1"}
			}
		},
		{
			"from": [8.6, 0.34668, 11.75],
			"to": [9.6, 1.34668, 12.75],
			"shade": false,
			"rotation": {"angle": 0, "axis": "y", "origin": [0, 16, 0]},
			"faces": {
				"north": {"uv": [8, 8, 10, 10], "rotation": 180, "texture": "#1"},
				"east": {"uv": [8, 8, 10, 10], "rotation": 180, "texture": "#1"},
				"south": {"uv": [8, 8, 10, 10], "rotation": 180, "texture": "#1"},
				"west": {"uv": [8, 8, 10, 10], "rotation": 180, "texture": "#1"},
				"up": {"uv": [8, 8, 10, 10], "rotation": 180, "texture": "#1"},
				"down": {"uv": [8, 8, 10, 10], "rotation": 180, "texture": "#1"}
			}
		},
		{
			"from": [9.843, 1.59668, 13],
			"to": [8.343, 0.09668, 11.5],
			"shade": false,
			"rotation": {"angle": 0, "axis": "y", "origin": [0, 16, 0]},
			"faces": {
				"north": {"uv": [10, 8, 12, 10], "rotation": 180, "texture": "#1"},
				"east": {"uv": [10, 8, 12, 10], "rotation": 180, "texture": "#1"},
				"south": {"uv": [10, 8, 12, 10], "rotation": 180, "texture": "#1"},
				"west": {"uv": [10, 8, 12, 10], "rotation": 180, "texture": "#1"},
				"up": {"uv": [10, 8, 12, 10], "rotation": 180, "texture": "#1"},
				"down": {"uv": [10, 8, 12, 10], "rotation": 180, "texture": "#1"}
			}
		},
		{
			"from": [7.45, 0.35, 11.75],
			"to": [8.45, 1.35, 12.75],
			"shade": false,
			"rotation": {"angle": 0, "axis": "y", "origin": [0, 16, 0]},
			"faces": {
				"north": {"uv": [8, 6, 10, 8], "rotation": 90, "texture": "#1"},
				"east": {"uv": [8, 6, 10, 8], "rotation": 270, "texture": "#1"},
				"south": {"uv": [8, 6, 10, 8], "rotation": 270, "texture": "#1"},
				"west": {"uv": [8, 6, 10, 8], "rotation": 270, "texture": "#1"},
				"up": {"uv": [8, 6, 10, 8], "rotation": 270, "texture": "#1"},
				"down": {"uv": [8, 6, 10, 8], "rotation": 270, "texture": "#1"}
			}
		},
		{
			"from": [8.7, 1.6, 13],
			"to": [7.2, 0.1, 11.5],
			"shade": false,
			"rotation": {"angle": 0, "axis": "y", "origin": [0, 16, 0]},
			"faces": {
				"north": {"uv": [10, 6, 12, 8], "rotation": 90, "texture": "#1"},
				"east": {"uv": [10, 6, 12, 8], "rotation": 270, "texture": "#1"},
				"south": {"uv": [10, 6, 12, 8], "rotation": 270, "texture": "#1"},
				"west": {"uv": [10, 6, 12, 8], "rotation": 270, "texture": "#1"},
				"up": {"uv": [10, 6, 12, 8], "rotation": 270, "texture": "#1"},
				"down": {"uv": [10, 6, 12, 8], "rotation": 270, "texture": "#1"}
			}
		},
		{
			"from": [6.66432, 0.51809, 11.9],
			"to": [7.36432, 1.21809, 12.6],
			"shade": false,
			"rotation": {"angle": 0, "axis": "y", "origin": [0, 16, 0]},
			"faces": {
				"north": {"uv": [8, 4, 10, 6], "rotation": 90, "texture": "#1"},
				"east": {"uv": [8, 4, 10, 6], "rotation": 270, "texture": "#1"},
				"south": {"uv": [8, 4, 10, 6], "rotation": 270, "texture": "#1"},
				"west": {"uv": [8, 4, 10, 6], "rotation": 270, "texture": "#1"},
				"up": {"uv": [8, 4, 10, 6], "rotation": 270, "texture": "#1"},
				"down": {"uv": [8, 4, 10, 6], "rotation": 270, "texture": "#1"}
			}
		},
		{
			"from": [7.66432, 1.51809, 12.9],
			"to": [6.36432, 0.21809, 11.6],
			"shade": false,
			"rotation": {"angle": 0, "axis": "y", "origin": [0, 16, 0]},
			"faces": {
				"north": {"uv": [10, 4, 12, 6], "rotation": 90, "texture": "#1"},
				"east": {"uv": [10, 4, 12, 6], "rotation": 270, "texture": "#1"},
				"south": {"uv": [10, 4, 12, 6], "rotation": 270, "texture": "#1"},
				"west": {"uv": [10, 4, 12, 6], "rotation": 270, "texture": "#1"},
				"up": {"uv": [10, 4, 12, 6], "rotation": 270, "texture": "#1"},
				"down": {"uv": [10, 4, 12, 6], "rotation": 270, "texture": "#1"}
			}
		},
		{
			"from": [6, 0.58, 11.95],
			"to": [6.6, 1.18, 12.55],
			"shade": false,
			"rotation": {"angle": 0, "axis": "y", "origin": [0, 16, 0]},
			"faces": {
				"north": {"uv": [8, 2, 10, 4], "rotation": 90, "texture": "#1"},
				"east": {"uv": [8, 2, 10, 4], "rotation": 270, "texture": "#1"},
				"south": {"uv": [8, 2, 10, 4], "rotation": 270, "texture": "#1"},
				"west": {"uv": [8, 2, 10, 4], "rotation": 270, "texture": "#1"},
				"up": {"uv": [8, 2, 10, 4], "rotation": 270, "texture": "#1"},
				"down": {"uv": [8, 2, 10, 4], "rotation": 270, "texture": "#1"}
			}
		},
		{
			"from": [6.85, 1.43, 12.8],
			"to": [5.75, 0.33, 11.7],
			"shade": false,
			"rotation": {"angle": 0, "axis": "y", "origin": [0, 16, 0]},
			"faces": {
				"north": {"uv": [10, 2, 12, 4], "rotation": 90, "texture": "#1"},
				"east": {"uv": [10, 2, 12, 4], "rotation": 270, "texture": "#1"},
				"south": {"uv": [10, 2, 12, 4], "rotation": 270, "texture": "#1"},
				"west": {"uv": [10, 2, 12, 4], "rotation": 270, "texture": "#1"},
				"up": {"uv": [10, 2, 12, 4], "rotation": 270, "texture": "#1"},
				"down": {"uv": [10, 2, 12, 4], "rotation": 270, "texture": "#1"}
			}
		},
		{
			"from": [5.55, 3.55, 11.95],
			"to": [6.15, 4.15, 12.55],
			"shade": false,
			"rotation": {"angle": 0, "axis": "y", "origin": [0, 16, 0]},
			"faces": {
				"north": {"uv": [0, 14, 2, 16], "rotation": 90, "texture": "#1"},
				"east": {"uv": [0, 14, 2, 16], "rotation": 270, "texture": "#1"},
				"south": {"uv": [0, 14, 2, 16], "rotation": 270, "texture": "#1"},
				"west": {"uv": [0, 14, 2, 16], "rotation": 270, "texture": "#1"},
				"up": {"uv": [0, 14, 2, 16], "rotation": 270, "texture": "#1"},
				"down": {"uv": [0, 14, 2, 16], "rotation": 270, "texture": "#1"}
			}
		},
		{
			"from": [6.4, 4.4, 12.8],
			"to": [5.3, 3.3, 11.7],
			"shade": false,
			"rotation": {"angle": 0, "axis": "y", "origin": [0, 16, 0]},
			"faces": {
				"north": {"uv": [2, 14, 4, 16], "rotation": 90, "texture": "#1"},
				"east": {"uv": [2, 14, 4, 16], "rotation": 270, "texture": "#1"},
				"south": {"uv": [2, 14, 4, 16], "rotation": 270, "texture": "#1"},
				"west": {"uv": [2, 14, 4, 16], "rotation": 270, "texture": "#1"},
				"up": {"uv": [2, 14, 4, 16], "rotation": 270, "texture": "#1"},
				"down": {"uv": [2, 14, 4, 16], "rotation": 270, "texture": "#1"}
			}
		},
		{
			"from": [4.80616, 3.49436, 11.9],
			"to": [5.50616, 4.19436, 12.6],
			"shade": false,
			"rotation": {"angle": 0, "axis": "y", "origin": [0, 16, 0]},
			"faces": {
				"north": {"uv": [0, 12, 2, 14], "rotation": 90, "texture": "#1"},
				"east": {"uv": [0, 12, 2, 14], "rotation": 270, "texture": "#1"},
				"south": {"uv": [0, 12, 2, 14], "rotation": 270, "texture": "#1"},
				"west": {"uv": [0, 12, 2, 14], "rotation": 270, "texture": "#1"},
				"up": {"uv": [0, 12, 2, 14], "rotation": 270, "texture": "#1"},
				"down": {"uv": [0, 12, 2, 14], "rotation": 270, "texture": "#1"}
			}
		},
		{
			"from": [5.80616, 4.49436, 12.9],
			"to": [4.50616, 3.19436, 11.6],
			"shade": false,
			"rotation": {"angle": 0, "axis": "y", "origin": [0, 16, 0]},
			"faces": {
				"north": {"uv": [2, 12, 4, 14], "rotation": 90, "texture": "#1"},
				"east": {"uv": [2, 12, 4, 14], "rotation": 270, "texture": "#1"},
				"south": {"uv": [2, 12, 4, 14], "rotation": 270, "texture": "#1"},
				"west": {"uv": [2, 12, 4, 14], "rotation": 270, "texture": "#1"},
				"up": {"uv": [2, 12, 4, 14], "rotation": 270, "texture": "#1"},
				"down": {"uv": [2, 12, 4, 14], "rotation": 270, "texture": "#1"}
			}
		},
		{
			"from": [3.75, 3.34219, 11.75],
			"to": [4.75, 4.34219, 12.75],
			"shade": false,
			"rotation": {"angle": 0, "axis": "y", "origin": [0, 16, 0]},
			"faces": {
				"north": {"uv": [0, 10, 2, 12], "rotation": 90, "texture": "#1"},
				"east": {"uv": [0, 10, 2, 12], "rotation": 270, "texture": "#1"},
				"south": {"uv": [0, 10, 2, 12], "rotation": 270, "texture": "#1"},
				"west": {"uv": [0, 10, 2, 12], "rotation": 270, "texture": "#1"},
				"up": {"uv": [0, 10, 2, 12], "rotation": 270, "texture": "#1"},
				"down": {"uv": [0, 10, 2, 12], "rotation": 270, "texture": "#1"}
			}
		},
		{
			"from": [5, 4.59219, 13],
			"to": [3.5, 3.09219, 11.5],
			"shade": false,
			"rotation": {"angle": 0, "axis": "y", "origin": [0, 16, 0]},
			"faces": {
				"north": {"uv": [2, 10, 4, 12], "rotation": 90, "texture": "#1"},
				"east": {"uv": [2, 10, 4, 12], "rotation": 270, "texture": "#1"},
				"south": {"uv": [2, 10, 4, 12], "rotation": 270, "texture": "#1"},
				"west": {"uv": [2, 10, 4, 12], "rotation": 270, "texture": "#1"},
				"up": {"uv": [2, 10, 4, 12], "rotation": 270, "texture": "#1"},
				"down": {"uv": [2, 10, 4, 12], "rotation": 270, "texture": "#1"}
			}
		},
		{
			"from": [2.6, 3.34668, 11.75],
			"to": [3.6, 4.34668, 12.75],
			"shade": false,
			"rotation": {"angle": 0, "axis": "y", "origin": [0, 16, 0]},
			"faces": {
				"north": {"uv": [0, 8, 2, 10], "rotation": 180, "texture": "#1"},
				"east": {"uv": [0, 8, 2, 10], "rotation": 180, "texture": "#1"},
				"south": {"uv": [0, 8, 2, 10], "rotation": 180, "texture": "#1"},
				"west": {"uv": [0, 8, 2, 10], "rotation": 180, "texture": "#1"},
				"up": {"uv": [0, 8, 2, 10], "rotation": 180, "texture": "#1"},
				"down": {"uv": [0, 8, 2, 10], "rotation": 180, "texture": "#1"}
			}
		},
		{
			"from": [3.843, 4.59668, 13],
			"to": [2.343, 3.09668, 11.5],
			"shade": false,
			"rotation": {"angle": 0, "axis": "y", "origin": [0, 16, 0]},
			"faces": {
				"north": {"uv": [2, 8, 4, 10], "rotation": 180, "texture": "#1"},
				"east": {"uv": [2, 8, 4, 10], "rotation": 180, "texture": "#1"},
				"south": {"uv": [2, 8, 4, 10], "rotation": 180, "texture": "#1"},
				"west": {"uv": [2, 8, 4, 10], "rotation": 180, "texture": "#1"},
				"up": {"uv": [2, 8, 4, 10], "rotation": 180, "texture": "#1"},
				"down": {"uv": [2, 8, 4, 10], "rotation": 180, "texture": "#1"}
			}
		},
		{
			"from": [1.45, 3.35, 11.75],
			"to": [2.45, 4.35, 12.75],
			"shade": false,
			"rotation": {"angle": 0, "axis": "y", "origin": [0, 16, 0]},
			"faces": {
				"north": {"uv": [0, 6, 2, 8], "rotation": 90, "texture": "#1"},
				"east": {"uv": [0, 6, 2, 8], "rotation": 270, "texture": "#1"},
				"south": {"uv": [0, 6, 2, 8], "rotation": 270, "texture": "#1"},
				"west": {"uv": [0, 6, 2, 8], "rotation": 270, "texture": "#1"},
				"up": {"uv": [0, 6, 2, 8], "rotation": 270, "texture": "#1"},
				"down": {"uv": [0, 6, 2, 8], "rotation": 270, "texture": "#1"}
			}
		},
		{
			"from": [2.7, 4.6, 13],
			"to": [1.2, 3.1, 11.5],
			"shade": false,
			"rotation": {"angle": 0, "axis": "y", "origin": [0, 16, 0]},
			"faces": {
				"north": {"uv": [2, 6, 4, 8], "rotation": 90, "texture": "#1"},
				"east": {"uv": [2, 6, 4, 8], "rotation": 270, "texture": "#1"},
				"south": {"uv": [2, 6, 4, 8], "rotation": 270, "texture": "#1"},
				"west": {"uv": [2, 6, 4, 8], "rotation": 270, "texture": "#1"},
				"up": {"uv": [2, 6, 4, 8], "rotation": 270, "texture": "#1"},
				"down": {"uv": [2, 6, 4, 8], "rotation": 270, "texture": "#1"}
			}
		},
		{
			"from": [0.66432, 3.51809, 11.9],
			"to": [1.36432, 4.21809, 12.6],
			"shade": false,
			"rotation": {"angle": 0, "axis": "y", "origin": [0, 16, 0]},
			"faces": {
				"north": {"uv": [0, 4, 2, 6], "rotation": 90, "texture": "#1"},
				"east": {"uv": [0, 4, 2, 6], "rotation": 270, "texture": "#1"},
				"south": {"uv": [0, 4, 2, 6], "rotation": 270, "texture": "#1"},
				"west": {"uv": [0, 4, 2, 6], "rotation": 270, "texture": "#1"},
				"up": {"uv": [0, 4, 2, 6], "rotation": 270, "texture": "#1"},
				"down": {"uv": [0, 4, 2, 6], "rotation": 270, "texture": "#1"}
			}
		},
		{
			"from": [1.66432, 4.51809, 12.9],
			"to": [0.36432, 3.21809, 11.6],
			"shade": false,
			"rotation": {"angle": 0, "axis": "y", "origin": [0, 16, 0]},
			"faces": {
				"north": {"uv": [2, 4, 4, 6], "rotation": 90, "texture": "#1"},
				"east": {"uv": [2, 4, 4, 6], "rotation": 270, "texture": "#1"},
				"south": {"uv": [2, 4, 4, 6], "rotation": 270, "texture": "#1"},
				"west": {"uv": [2, 4, 4, 6], "rotation": 270, "texture": "#1"},
				"up": {"uv": [2, 4, 4, 6], "rotation": 270, "texture": "#1"},
				"down": {"uv": [2, 4, 4, 6], "rotation": 270, "texture": "#1"}
			}
		},
		{
			"from": [0, 3.58, 11.95],
			"to": [0.6, 4.18, 12.55],
			"shade": false,
			"rotation": {"angle": 0, "axis": "y", "origin": [0, 16, 0]},
			"faces": {
				"north": {"uv": [0, 2, 2, 4], "rotation": 90, "texture": "#1"},
				"east": {"uv": [0, 2, 2, 4], "rotation": 270, "texture": "#1"},
				"south": {"uv": [0, 2, 2, 4], "rotation": 270, "texture": "#1"},
				"west": {"uv": [0, 2, 2, 4], "rotation": 270, "texture": "#1"},
				"up": {"uv": [0, 2, 2, 4], "rotation": 270, "texture": "#1"},
				"down": {"uv": [0, 2, 2, 4], "rotation": 270, "texture": "#1"}
			}
		},
		{
			"from": [0.85, 4.43, 12.8],
			"to": [-0.25, 3.33, 11.7],
			"shade": false,
			"rotation": {"angle": 0, "axis": "y", "origin": [0, 16, 0]},
			"faces": {
				"north": {"uv": [2, 2, 4, 4], "rotation": 90, "texture": "#1"},
				"east": {"uv": [2, 2, 4, 4], "rotation": 270, "texture": "#1"},
				"south": {"uv": [2, 2, 4, 4], "rotation": 270, "texture": "#1"},
				"west": {"uv": [2, 2, 4, 4], "rotation": 270, "texture": "#1"},
				"up": {"uv": [2, 2, 4, 4], "rotation": 270, "texture": "#1"},
				"down": {"uv": [2, 2, 4, 4], "rotation": 270, "texture": "#1"}
			}
		},
		{
			"from": [10.55, 6.55, 11.95],
			"to": [11.15, 7.15, 12.55],
			"shade": false,
			"rotation": {"angle": 0, "axis": "y", "origin": [0, 16, 0]},
			"faces": {
				"north": {"uv": [12, 14, 14, 16], "rotation": 90, "texture": "#1"},
				"east": {"uv": [12, 14, 14, 16], "rotation": 270, "texture": "#1"},
				"south": {"uv": [12, 14, 14, 16], "rotation": 270, "texture": "#1"},
				"west": {"uv": [12, 14, 14, 16], "rotation": 270, "texture": "#1"},
				"up": {"uv": [12, 14, 14, 16], "rotation": 270, "texture": "#1"},
				"down": {"uv": [12, 14, 14, 16], "rotation": 270, "texture": "#1"}
			}
		},
		{
			"from": [11.4, 7.4, 12.8],
			"to": [10.3, 6.3, 11.7],
			"shade": false,
			"rotation": {"angle": 0, "axis": "y", "origin": [0, 16, 0]},
			"faces": {
				"north": {"uv": [14, 14, 16, 16], "rotation": 90, "texture": "#1"},
				"east": {"uv": [14, 14, 16, 16], "rotation": 270, "texture": "#1"},
				"south": {"uv": [14, 14, 16, 16], "rotation": 270, "texture": "#1"},
				"west": {"uv": [14, 14, 16, 16], "rotation": 270, "texture": "#1"},
				"up": {"uv": [14, 14, 16, 16], "rotation": 270, "texture": "#1"},
				"down": {"uv": [14, 14, 16, 16], "rotation": 270, "texture": "#1"}
			}
		},
		{
			"from": [9.80616, 6.49436, 11.9],
			"to": [10.50616, 7.19436, 12.6],
			"shade": false,
			"rotation": {"angle": 0, "axis": "y", "origin": [0, 16, 0]},
			"faces": {
				"north": {"uv": [12, 12, 14, 14], "rotation": 90, "texture": "#1"},
				"east": {"uv": [12, 12, 14, 14], "rotation": 270, "texture": "#1"},
				"south": {"uv": [12, 12, 14, 14], "rotation": 270, "texture": "#1"},
				"west": {"uv": [12, 12, 14, 14], "rotation": 270, "texture": "#1"},
				"up": {"uv": [12, 12, 14, 14], "rotation": 270, "texture": "#1"},
				"down": {"uv": [12, 12, 14, 14], "rotation": 270, "texture": "#1"}
			}
		},
		{
			"from": [10.80616, 7.49436, 12.9],
			"to": [9.50616, 6.19436, 11.6],
			"shade": false,
			"rotation": {"angle": 0, "axis": "y", "origin": [0, 16, 0]},
			"faces": {
				"north": {"uv": [14, 12, 16, 14], "rotation": 90, "texture": "#1"},
				"east": {"uv": [14, 12, 16, 14], "rotation": 270, "texture": "#1"},
				"south": {"uv": [14, 12, 16, 14], "rotation": 270, "texture": "#1"},
				"west": {"uv": [14, 12, 16, 14], "rotation": 270, "texture": "#1"},
				"up": {"uv": [14, 12, 16, 14], "rotation": 270, "texture": "#1"},
				"down": {"uv": [14, 12, 16, 14], "rotation": 270, "texture": "#1"}
			}
		},
		{
			"from": [8.75, 6.34219, 11.75],
			"to": [9.75, 7.34219, 12.75],
			"shade": false,
			"rotation": {"angle": 0, "axis": "y", "origin": [0, 16, 0]},
			"faces": {
				"north": {"uv": [12, 10, 14, 12], "rotation": 90, "texture": "#1"},
				"east": {"uv": [12, 10, 14, 12], "rotation": 270, "texture": "#1"},
				"south": {"uv": [12, 10, 14, 12], "rotation": 270, "texture": "#1"},
				"west": {"uv": [12, 10, 14, 12], "rotation": 270, "texture": "#1"},
				"up": {"uv": [12, 10, 14, 12], "rotation": 270, "texture": "#1"},
				"down": {"uv": [12, 10, 14, 12], "rotation": 270, "texture": "#1"}
			}
		},
		{
			"from": [10, 7.59219, 13],
			"to": [8.5, 6.09219, 11.5],
			"shade": false,
			"rotation": {"angle": 0, "axis": "y", "origin": [0, 16, 0]},
			"faces": {
				"north": {"uv": [14, 10, 16, 12], "rotation": 90, "texture": "#1"},
				"east": {"uv": [14, 10, 16, 12], "rotation": 270, "texture": "#1"},
				"south": {"uv": [14, 10, 16, 12], "rotation": 270, "texture": "#1"},
				"west": {"uv": [14, 10, 16, 12], "rotation": 270, "texture": "#1"},
				"up": {"uv": [14, 10, 16, 12], "rotation": 270, "texture": "#1"},
				"down": {"uv": [14, 10, 16, 12], "rotation": 270, "texture": "#1"}
			}
		},
		{
			"from": [7.6, 6.34668, 11.75],
			"to": [8.6, 7.34668, 12.75],
			"shade": false,
			"rotation": {"angle": 0, "axis": "y", "origin": [0, 16, 0]},
			"faces": {
				"north": {"uv": [12, 8, 14, 10], "rotation": 180, "texture": "#1"},
				"east": {"uv": [12, 8, 14, 10], "rotation": 180, "texture": "#1"},
				"south": {"uv": [12, 8, 14, 10], "rotation": 180, "texture": "#1"},
				"west": {"uv": [12, 8, 14, 10], "rotation": 180, "texture": "#1"},
				"up": {"uv": [12, 8, 14, 10], "rotation": 180, "texture": "#1"},
				"down": {"uv": [12, 8, 14, 10], "rotation": 180, "texture": "#1"}
			}
		},
		{
			"from": [8.843, 7.59668, 13],
			"to": [7.343, 6.09668, 11.5],
			"shade": false,
			"rotation": {"angle": 0, "axis": "y", "origin": [0, 16, 0]},
			"faces": {
				"north": {"uv": [14, 8, 16, 10], "rotation": 180, "texture": "#1"},
				"east": {"uv": [14, 8, 16, 10], "rotation": 180, "texture": "#1"},
				"south": {"uv": [14, 8, 16, 10], "rotation": 180, "texture": "#1"},
				"west": {"uv": [14, 8, 16, 10], "rotation": 180, "texture": "#1"},
				"up": {"uv": [14, 8, 16, 10], "rotation": 180, "texture": "#1"},
				"down": {"uv": [14, 8, 16, 10], "rotation": 180, "texture": "#1"}
			}
		},
		{
			"from": [6.45, 6.35, 11.75],
			"to": [7.45, 7.35, 12.75],
			"shade": false,
			"rotation": {"angle": 0, "axis": "y", "origin": [0, 16, 0]},
			"faces": {
				"north": {"uv": [12, 6, 14, 8], "rotation": 90, "texture": "#1"},
				"east": {"uv": [12, 6, 14, 8], "rotation": 270, "texture": "#1"},
				"south": {"uv": [12, 6, 14, 8], "rotation": 270, "texture": "#1"},
				"west": {"uv": [12, 6, 14, 8], "rotation": 270, "texture": "#1"},
				"up": {"uv": [12, 6, 14, 8], "rotation": 270, "texture": "#1"},
				"down": {"uv": [12, 6, 14, 8], "rotation": 270, "texture": "#1"}
			}
		},
		{
			"from": [7.7, 7.6, 13],
			"to": [6.2, 6.1, 11.5],
			"shade": false,
			"rotation": {"angle": 0, "axis": "y", "origin": [0, 16, 0]},
			"faces": {
				"north": {"uv": [14, 6, 16, 8], "rotation": 90, "texture": "#1"},
				"east": {"uv": [14, 6, 16, 8], "rotation": 270, "texture": "#1"},
				"south": {"uv": [14, 6, 16, 8], "rotation": 270, "texture": "#1"},
				"west": {"uv": [14, 6, 16, 8], "rotation": 270, "texture": "#1"},
				"up": {"uv": [14, 6, 16, 8], "rotation": 270, "texture": "#1"},
				"down": {"uv": [14, 6, 16, 8], "rotation": 270, "texture": "#1"}
			}
		},
		{
			"from": [5.66432, 6.51809, 11.9],
			"to": [6.36432, 7.21809, 12.6],
			"shade": false,
			"rotation": {"angle": 0, "axis": "y", "origin": [0, 16, 0]},
			"faces": {
				"north": {"uv": [12, 4, 14, 6], "rotation": 90, "texture": "#1"},
				"east": {"uv": [12, 4, 14, 6], "rotation": 270, "texture": "#1"},
				"south": {"uv": [12, 4, 14, 6], "rotation": 270, "texture": "#1"},
				"west": {"uv": [12, 4, 14, 6], "rotation": 270, "texture": "#1"},
				"up": {"uv": [12, 4, 14, 6], "rotation": 270, "texture": "#1"},
				"down": {"uv": [12, 4, 14, 6], "rotation": 270, "texture": "#1"}
			}
		},
		{
			"from": [6.66432, 7.51809, 12.9],
			"to": [5.36432, 6.21809, 11.6],
			"shade": false,
			"rotation": {"angle": 0, "axis": "y", "origin": [0, 16, 0]},
			"faces": {
				"north": {"uv": [14, 4, 16, 6], "rotation": 90, "texture": "#1"},
				"east": {"uv": [14, 4, 16, 6], "rotation": 270, "texture": "#1"},
				"south": {"uv": [14, 4, 16, 6], "rotation": 270, "texture": "#1"},
				"west": {"uv": [14, 4, 16, 6], "rotation": 270, "texture": "#1"},
				"up": {"uv": [14, 4, 16, 6], "rotation": 270, "texture": "#1"},
				"down": {"uv": [14, 4, 16, 6], "rotation": 270, "texture": "#1"}
			}
		},
		{
			"from": [5, 6.58, 11.95],
			"to": [5.6, 7.18, 12.55],
			"shade": false,
			"rotation": {"angle": 0, "axis": "y", "origin": [0, 16, 0]},
			"faces": {
				"north": {"uv": [12, 2, 14, 4], "rotation": 90, "texture": "#1"},
				"east": {"uv": [12, 2, 14, 4], "rotation": 270, "texture": "#1"},
				"south": {"uv": [12, 2, 14, 4], "rotation": 270, "texture": "#1"},
				"west": {"uv": [12, 2, 14, 4], "rotation": 270, "texture": "#1"},
				"up": {"uv": [12, 2, 14, 4], "rotation": 270, "texture": "#1"},
				"down": {"uv": [12, 2, 14, 4], "rotation": 270, "texture": "#1"}
			}
		},
		{
			"from": [5.85, 7.43, 12.8],
			"to": [4.75, 6.33, 11.7],
			"shade": false,
			"rotation": {"angle": 0, "axis": "y", "origin": [0, 16, 0]},
			"faces": {
				"north": {"uv": [14, 2, 16, 4], "rotation": 90, "texture": "#1"},
				"east": {"uv": [14, 2, 16, 4], "rotation": 270, "texture": "#1"},
				"south": {"uv": [14, 2, 16, 4], "rotation": 270, "texture": "#1"},
				"west": {"uv": [14, 2, 16, 4], "rotation": 270, "texture": "#1"},
				"up": {"uv": [14, 2, 16, 4], "rotation": 270, "texture": "#1"},
				"down": {"uv": [14, 2, 16, 4], "rotation": 270, "texture": "#1"}
			}
		},
		{
			"from": [9.75, 29, 7.9],
			"to": [26.75, 32, 7.95],
			"rotation": {"angle": -22.5, "axis": "z", "origin": [8.75, 31, 8]},
			"faces": {
				"north": {"uv": [4, 5.25, 8.25, 6], "texture": "#0"},
				"south": {"uv": [8.25, 5.25, 4, 6], "texture": "#0"}
			}
		},
		{
			"from": [16.75, 29, 6.4],
			"to": [19.75, 32, 9.4],
			"rotation": {"angle": -22.5, "axis": "z", "origin": [8.75, 31, 8]},
			"faces": {
				"north": {"uv": [8.75, 7.5, 9.5, 8.25], "texture": "#0"},
				"east": {"uv": [9, 0.75, 9.75, 1.5], "texture": "#0"},
				"south": {"uv": [9.5, 7.5, 8.75, 8.25], "texture": "#0"},
				"west": {"uv": [9, 1.5, 9.75, 2.25], "texture": "#0"},
				"up": {"uv": [9.75, 3, 9, 2.25], "texture": "#0"},
				"down": {"uv": [4.25, 9, 3.5, 9.75], "texture": "#0"}
			}
		}
	],
	"gui_light": "front",
	"display": {
		"thirdperson_righthand": {
			"rotation": [0, 90, 0],
			"translation": [0, 2.5, 1.5],
			"scale": [0.45, 0.45, 0.45]
		},
		"thirdperson_lefthand": {
			"rotation": [0, -90, 0],
			"translation": [0, 2.5, 1.5],
			"scale": [0.45, 0.45, 0.45]
		},
		"firstperson_righthand": {
			"rotation": [-26.25, 90, 0],
			"translation": [3.25, 4.25, 0],
			"scale": [0.38477, 0.38477, 0.38477]
		},
		"firstperson_lefthand": {
			"rotation": [-26.25, -90, 0],
			"translation": [3.25, 4.25, 0],
			"scale": [0.38477, 0.38477, 0.38477]
		},
		"ground": {
			"rotation": [0, 0, -45],
			"translation": [0, 6, 0],
			"scale": [0.4, 0.4, 0.4]
		},
		"gui": {
			"rotation": [-180, 0, 135],
			"translation": [1, 0, 0],
			"scale": [0.35352, 0.35352, 0.35352]
		},
		"head": {
			"scale": [0, 0, 0]
		},
		"fixed": {
			"translation": [0, 0, -2.75],
			"scale": [1.4, 1.4, 1.4]
		}
	},
	"groups": [
		0,
		1,
		2,
		3,
		4,
		5,
		6,
		7,
		8,
		9,
		10,
		11,
		12,
		13,
		14,
		15,
		16,
		17,
		18,
		19,
		20,
		{
			"name": "particles",
			"origin": [8, 8, 8],
			"color": 0,
			"children": [
				{
					"name": "particles1",
					"origin": [0, 0, 0],
					"color": 0,
					"children": [
						{
							"name": "particle1",
							"origin": [0, 0, 0],
							"color": 0,
							"children": [21, 22]
						},
						{
							"name": "particle2",
							"origin": [0, 0, 0],
							"color": 0,
							"children": [23, 24]
						},
						{
							"name": "particle3",
							"origin": [0, 0, 0],
							"color": 0,
							"children": [25, 26]
						},
						{
							"name": "particle4",
							"origin": [0, 0, 0],
							"color": 0,
							"children": [27, 28]
						},
						{
							"name": "particle5",
							"origin": [0, 0, 0],
							"color": 0,
							"children": [29, 30]
						},
						{
							"name": "particle6",
							"origin": [0, 0, 0],
							"color": 0,
							"children": [31, 32]
						},
						{
							"name": "particle7",
							"origin": [0, 0, 0],
							"color": 0,
							"children": [33, 34]
						}
					]
				},
				{
					"name": "particles2",
					"origin": [0, 0, 0],
					"color": 0,
					"children": [
						{
							"name": "particle1",
							"origin": [0, 0, 0],
							"color": 0,
							"children": [35, 36]
						},
						{
							"name": "particle2",
							"origin": [0, 0, 0],
							"color": 0,
							"children": [37, 38]
						},
						{
							"name": "particle3",
							"origin": [0, 0, 0],
							"color": 0,
							"children": [39, 40]
						},
						{
							"name": "particle4",
							"origin": [0, 0, 0],
							"color": 0,
							"children": [41, 42]
						},
						{
							"name": "particle5",
							"origin": [0, 0, 0],
							"color": 0,
							"children": [43, 44]
						},
						{
							"name": "particle6",
							"origin": [0, 0, 0],
							"color": 0,
							"children": [45, 46]
						},
						{
							"name": "particle7",
							"origin": [0, 0, 0],
							"color": 0,
							"children": [47, 48]
						}
					]
				},
				{
					"name": "particles3",
					"origin": [0, 0, 0],
					"color": 0,
					"children": [
						{
							"name": "particle1",
							"origin": [0, 0, 0],
							"color": 0,
							"children": [49, 50]
						},
						{
							"name": "particle2",
							"origin": [0, 0, 0],
							"color": 0,
							"children": [51, 52]
						},
						{
							"name": "particle3",
							"origin": [0, 0, 0],
							"color": 0,
							"children": [53, 54]
						},
						{
							"name": "particle4",
							"origin": [0, 0, 0],
							"color": 0,
							"children": [55, 56]
						},
						{
							"name": "particle5",
							"origin": [0, 0, 0],
							"color": 0,
							"children": [57, 58]
						},
						{
							"name": "particle6",
							"origin": [0, 0, 0],
							"color": 0,
							"children": [59, 60]
						},
						{
							"name": "particle7",
							"origin": [0, 0, 0],
							"color": 0,
							"children": [61, 62]
						}
					]
				},
				{
					"name": "particles4",
					"origin": [0, 0, 0],
					"color": 0,
					"children": [
						{
							"name": "particle1",
							"origin": [0, 0, 0],
							"color": 0,
							"children": [63, 64]
						},
						{
							"name": "particle2",
							"origin": [0, 0, 0],
							"color": 0,
							"children": [65, 66]
						},
						{
							"name": "particle3",
							"origin": [0, 0, 0],
							"color": 0,
							"children": [67, 68]
						},
						{
							"name": "particle4",
							"origin": [0, 0, 0],
							"color": 0,
							"children": [69, 70]
						},
						{
							"name": "particle5",
							"origin": [0, 0, 0],
							"color": 0,
							"children": [71, 72]
						},
						{
							"name": "particle6",
							"origin": [0, 0, 0],
							"color": 0,
							"children": [73, 74]
						},
						{
							"name": "particle7",
							"origin": [0, 0, 0],
							"color": 0,
							"children": [75, 76]
						}
					]
				},
				{
					"name": "particles5",
					"origin": [0, 0, 0],
					"color": 0,
					"children": [
						{
							"name": "particle1",
							"origin": [0, 0, 0],
							"color": 0,
							"children": [77, 78]
						},
						{
							"name": "particle2",
							"origin": [0, 0, 0],
							"color": 0,
							"children": [79, 80]
						},
						{
							"name": "particle3",
							"origin": [0, 0, 0],
							"color": 0,
							"children": [81, 82]
						},
						{
							"name": "particle4",
							"origin": [0, 0, 0],
							"color": 0,
							"children": [83, 84]
						},
						{
							"name": "particle5",
							"origin": [0, 0, 0],
							"color": 0,
							"children": [85, 86]
						},
						{
							"name": "particle6",
							"origin": [0, 0, 0],
							"color": 0,
							"children": [87, 88]
						},
						{
							"name": "particle7",
							"origin": [0, 0, 0],
							"color": 0,
							"children": [89, 90]
						}
					]
				},
				{
					"name": "particles6",
					"origin": [0, 0, 0],
					"color": 0,
					"children": [
						{
							"name": "particle1",
							"origin": [0, 0, 0],
							"color": 0,
							"children": [91, 92]
						},
						{
							"name": "particle2",
							"origin": [0, 0, 0],
							"color": 0,
							"children": [93, 94]
						},
						{
							"name": "particle3",
							"origin": [0, 0, 0],
							"color": 0,
							"children": [95, 96]
						},
						{
							"name": "particle4",
							"origin": [0, 0, 0],
							"color": 0,
							"children": [97, 98]
						},
						{
							"name": "particle5",
							"origin": [0, 0, 0],
							"color": 0,
							"children": [99, 100]
						},
						{
							"name": "particle6",
							"origin": [0, 0, 0],
							"color": 0,
							"children": [101, 102]
						},
						{
							"name": "particle7",
							"origin": [0, 0, 0],
							"color": 0,
							"children": [103, 104]
						}
					]
				}
			]
		},
		{
			"name": "hook",
			"origin": [0, 0, 0],
			"color": 0,
			"children": [105, 106]
		}
	]
}