{
	"credit": "Crowcolors",
	"textures": {
		"0": "item/subnautic/ocean_chestplate",
		"particle": "item/subnautic/ocean_chestplate"
	},
	"elements": [
		{
			"name": "ocean_chestplate_0",
			"from": [1, 8, 7.5],
			"to": [4, 14, 8.5],
			"rotation": {"angle": 0, "axis": "y", "origin": [0, 0, 7.5]},
			"faces": {
				"north": {"uv": [4, 2, 1, 8], "texture": "#0"},
				"east": {"uv": [3, 2, 4, 8], "texture": "#0"},
				"south": {"uv": [1, 2, 4, 8], "texture": "#0"},
				"west": {"uv": [1, 2, 2, 8], "texture": "#0"},
				"up": {"uv": [1, 2, 4, 3], "texture": "#0"},
				"down": {"uv": [1, 7, 4, 8], "texture": "#0"}
			}
		},
		{
			"name": "ocean_chestplate_1",
			"from": [5, 4, 7.5],
			"to": [7, 14, 8.5],
			"rotation": {"angle": 0, "axis": "y", "origin": [0, 0, 7.5]},
			"faces": {
				"north": {"uv": [7, 2, 5, 12], "texture": "#0"},
				"east": {"uv": [6, 2, 7, 12], "texture": "#0"},
				"south": {"uv": [5, 2, 7, 12], "texture": "#0"},
				"west": {"uv": [5, 2, 6, 12], "texture": "#0"},
				"up": {"uv": [5, 2, 7, 3], "texture": "#0"},
				"down": {"uv": [5, 11, 7, 12], "texture": "#0"}
			}
		},
		{
			"name": "ocean_chestplate_2",
			"from": [9, 4, 7.5],
			"to": [11, 14, 8.5],
			"rotation": {"angle": 0, "axis": "y", "origin": [0, 0, 7.5]},
			"faces": {
				"north": {"uv": [11, 2, 9, 12], "texture": "#0"},
				"east": {"uv": [10, 2, 11, 12], "texture": "#0"},
				"south": {"uv": [9, 2, 11, 12], "texture": "#0"},
				"west": {"uv": [9, 2, 10, 12], "texture": "#0"},
				"up": {"uv": [9, 2, 11, 3], "texture": "#0"},
				"down": {"uv": [9, 11, 11, 12], "texture": "#0"}
			}
		},
		{
			"name": "ocean_chestplate_3",
			"from": [12, 8, 7.5],
			"to": [15, 14, 8.5],
			"rotation": {"angle": 0, "axis": "y", "origin": [0, 0, 7.5]},
			"faces": {
				"north": {"uv": [15, 2, 12, 8], "texture": "#0"},
				"east": {"uv": [14, 2, 15, 8], "texture": "#0"},
				"south": {"uv": [12, 2, 15, 8], "texture": "#0"},
				"west": {"uv": [12, 2, 13, 8], "texture": "#0"},
				"up": {"uv": [12, 2, 15, 3], "texture": "#0"},
				"down": {"uv": [12, 7, 15, 8], "texture": "#0"}
			}
		},
		{
			"name": "ocean_chestplate_4",
			"from": [4, 5, 7.5],
			"to": [5, 13, 8.5],
			"rotation": {"angle": 0, "axis": "y", "origin": [0, 0, 7.5]},
			"faces": {
				"north": {"uv": [5, 3, 4, 11], "texture": "#0"},
				"east": {"uv": [4, 3, 5, 11], "texture": "#0"},
				"south": {"uv": [4, 3, 5, 11], "texture": "#0"},
				"west": {"uv": [4, 3, 5, 11], "texture": "#0"},
				"up": {"uv": [4, 3, 5, 4], "texture": "#0"},
				"down": {"uv": [4, 10, 5, 11], "texture": "#0"}
			}
		},
		{
			"name": "ocean_chestplate_5",
			"from": [11, 5, 7.5],
			"to": [12, 13, 8.5],
			"rotation": {"angle": 0, "axis": "y", "origin": [0, 0, 7.5]},
			"faces": {
				"north": {"uv": [12, 3, 11, 11], "texture": "#0"},
				"east": {"uv": [11, 3, 12, 11], "texture": "#0"},
				"south": {"uv": [11, 3, 12, 11], "texture": "#0"},
				"west": {"uv": [11, 3, 12, 11], "texture": "#0"},
				"up": {"uv": [11, 3, 12, 4], "texture": "#0"},
				"down": {"uv": [11, 10, 12, 11], "texture": "#0"}
			}
		},
		{
			"name": "ocean_chestplate_6",
			"from": [7, 3, 7.5],
			"to": [9, 12, 8.5],
			"rotation": {"angle": 0, "axis": "y", "origin": [0, 0, 7.5]},
			"faces": {
				"north": {"uv": [9, 4, 7, 13], "texture": "#0"},
				"east": {"uv": [8, 4, 9, 13], "texture": "#0"},
				"south": {"uv": [7, 4, 9, 13], "texture": "#0"},
				"west": {"uv": [7, 4, 8, 13], "texture": "#0"},
				"up": {"uv": [7, 4, 9, 5], "texture": "#0"},
				"down": {"uv": [7, 12, 9, 13], "texture": "#0"}
			}
		},
		{
			"name": "ocean_chestplate_7",
			"from": [1, 7, 7.5],
			"to": [3, 8, 8.5],
			"rotation": {"angle": 0, "axis": "y", "origin": [0, 0, 7.5]},
			"faces": {
				"north": {"uv": [3, 8, 1, 9], "texture": "#0"},
				"east": {"uv": [2, 8, 3, 9], "texture": "#0"},
				"south": {"uv": [1, 8, 3, 9], "texture": "#0"},
				"west": {"uv": [1, 8, 2, 9], "texture": "#0"},
				"up": {"uv": [1, 8, 3, 9], "texture": "#0"},
				"down": {"uv": [1, 8, 3, 9], "texture": "#0"}
			}
		},
		{
			"name": "ocean_chestplate_8",
			"from": [13, 7, 7.5],
			"to": [15, 8, 8.5],
			"rotation": {"angle": 0, "axis": "y", "origin": [0, 0, 7.5]},
			"faces": {
				"north": {"uv": [15, 8, 13, 9], "texture": "#0"},
				"east": {"uv": [14, 8, 15, 9], "texture": "#0"},
				"south": {"uv": [13, 8, 15, 9], "texture": "#0"},
				"west": {"uv": [13, 8, 14, 9], "texture": "#0"},
				"up": {"uv": [13, 8, 15, 9], "texture": "#0"},
				"down": {"uv": [13, 8, 15, 9], "texture": "#0"}
			}
		},
		{
			"name": "ocean_chestplate_9",
			"from": [6, 3, 7.5],
			"to": [7, 4, 8.5],
			"rotation": {"angle": 0, "axis": "y", "origin": [0, 0, 7.5]},
			"faces": {
				"north": {"uv": [7, 12, 6, 13], "texture": "#0"},
				"east": {"uv": [6, 12, 7, 13], "texture": "#0"},
				"south": {"uv": [6, 12, 7, 13], "texture": "#0"},
				"west": {"uv": [6, 12, 7, 13], "texture": "#0"},
				"up": {"uv": [6, 12, 7, 13], "texture": "#0"},
				"down": {"uv": [6, 12, 7, 13], "texture": "#0"}
			}
		},
		{
			"name": "ocean_chestplate_10",
			"from": [9, 3, 7.5],
			"to": [10, 4, 8.5],
			"rotation": {"angle": 0, "axis": "y", "origin": [0, 0, 7.5]},
			"faces": {
				"north": {"uv": [10, 12, 9, 13], "texture": "#0"},
				"east": {"uv": [9, 12, 10, 13], "texture": "#0"},
				"south": {"uv": [9, 12, 10, 13], "texture": "#0"},
				"west": {"uv": [9, 12, 10, 13], "texture": "#0"},
				"up": {"uv": [9, 12, 10, 13], "texture": "#0"},
				"down": {"uv": [9, 12, 10, 13], "texture": "#0"}
			}
		}
	],
	"gui_light": "front",
	"display": {
		"thirdperson_righthand": {
			"scale": [0.5, 0.5, 0.5]
		},
		"thirdperson_lefthand": {
			"scale": [0.5, 0.5, 0.5]
		},
		"firstperson_righthand": {
			"scale": [0.5, 0.5, 0.5]
		},
		"firstperson_lefthand": {
			"scale": [0.5, 0.5, 0.5]
		},
		"ground": {
			"scale": [0.5, 0.5, 0.5]
		}
	},
	"groups": [
		{
			"name": "ocean_chestplate",
			"origin": [8, 8, 8],
			"color": 0,
			"children": [0, 1, 2, 3, 4, 5, 6, 7, 8, 9, 10]
		}
	]
}