{
	"credit": "Crowcolors",
	"textures": {
		"0": "item/subnautic/ocean_elytra",
		"particle": "item/subnautic/ocean_elytra"
	},
	"elements": [
		{
			"name": "ocean_elytra_0",
			"from": [3, 11, 7.5],
			"to": [7, 15, 8.5],
			"rotation": {"angle": 0, "axis": "y", "origin": [0, 0, 7.5]},
			"faces": {
				"north": {"uv": [7, 1, 3, 5], "texture": "#0"},
				"east": {"uv": [6, 1, 7, 5], "texture": "#0"},
				"south": {"uv": [3, 1, 7, 5], "texture": "#0"},
				"west": {"uv": [3, 1, 4, 5], "texture": "#0"},
				"up": {"uv": [3, 1, 7, 2], "texture": "#0"},
				"down": {"uv": [3, 4, 7, 5], "texture": "#0"}
			}
		},
		{
			"name": "ocean_elytra_1",
			"from": [9, 11, 7.5],
			"to": [13, 15, 8.5],
			"rotation": {"angle": 0, "axis": "y", "origin": [0, 0, 7.5]},
			"faces": {
				"north": {"uv": [13, 1, 9, 5], "texture": "#0"},
				"east": {"uv": [12, 1, 13, 5], "texture": "#0"},
				"south": {"uv": [9, 1, 13, 5], "texture": "#0"},
				"west": {"uv": [9, 1, 10, 5], "texture": "#0"},
				"up": {"uv": [9, 1, 13, 2], "texture": "#0"},
				"down": {"uv": [9, 4, 13, 5], "texture": "#0"}
			}
		},
		{
			"name": "ocean_elytra_2",
			"from": [2, 1, 7.5],
			"to": [3, 14, 8.5],
			"rotation": {"angle": 0, "axis": "y", "origin": [0, 0, 7.5]},
			"faces": {
				"north": {"uv": [3, 2, 2, 15], "texture": "#0"},
				"east": {"uv": [2, 2, 3, 15], "texture": "#0"},
				"south": {"uv": [2, 2, 3, 15], "texture": "#0"},
				"west": {"uv": [2, 2, 3, 15], "texture": "#0"},
				"up": {"uv": [2, 2, 3, 3], "texture": "#0"},
				"down": {"uv": [2, 14, 3, 15], "texture": "#0"}
			}
		},
		{
			"name": "ocean_elytra_3",
			"from": [7, 13, 7.5],
			"to": [9, 14, 8.5],
			"rotation": {"angle": 0, "axis": "y", "origin": [0, 0, 7.5]},
			"faces": {
				"north": {"uv": [9, 2, 7, 3], "texture": "#0"},
				"east": {"uv": [8, 2, 9, 3], "texture": "#0"},
				"south": {"uv": [7, 2, 9, 3], "texture": "#0"},
				"west": {"uv": [7, 2, 8, 3], "texture": "#0"},
				"up": {"uv": [7, 2, 9, 3], "texture": "#0"},
				"down": {"uv": [7, 2, 9, 3], "texture": "#0"}
			}
		},
		{
			"name": "ocean_elytra_4",
			"from": [13, 1, 7.5],
			"to": [14, 14, 8.5],
			"rotation": {"angle": 0, "axis": "y", "origin": [0, 0, 7.5]},
			"faces": {
				"north": {"uv": [14, 2, 13, 15], "texture": "#0"},
				"east": {"uv": [13, 2, 14, 15], "texture": "#0"},
				"south": {"uv": [13, 2, 14, 15], "texture": "#0"},
				"west": {"uv": [13, 2, 14, 15], "texture": "#0"},
				"up": {"uv": [13, 2, 14, 3], "texture": "#0"},
				"down": {"uv": [13, 14, 14, 15], "texture": "#0"}
			}
		},
		{
			"name": "ocean_elytra_5",
			"from": [1, 2, 7.5],
			"to": [2, 11, 8.5],
			"rotation": {"angle": 0, "axis": "y", "origin": [0, 0, 7.5]},
			"faces": {
				"north": {"uv": [2, 5, 1, 14], "texture": "#0"},
				"east": {"uv": [1, 5, 2, 14], "texture": "#0"},
				"south": {"uv": [1, 5, 2, 14], "texture": "#0"},
				"west": {"uv": [1, 5, 2, 14], "texture": "#0"},
				"up": {"uv": [1, 5, 2, 6], "texture": "#0"},
				"down": {"uv": [1, 13, 2, 14], "texture": "#0"}
			}
		},
		{
			"name": "ocean_elytra_6",
			"from": [3, 1, 7.5],
			"to": [5, 11, 8.5],
			"rotation": {"angle": 0, "axis": "y", "origin": [0, 0, 7.5]},
			"faces": {
				"north": {"uv": [5, 5, 3, 15], "texture": "#0"},
				"east": {"uv": [4, 5, 5, 15], "texture": "#0"},
				"south": {"uv": [3, 5, 5, 15], "texture": "#0"},
				"west": {"uv": [3, 5, 4, 15], "texture": "#0"},
				"up": {"uv": [3, 5, 5, 6], "texture": "#0"},
				"down": {"uv": [3, 14, 5, 15], "texture": "#0"}
			}
		},
		{
			"name": "ocean_elytra_7",
			"from": [5, 10, 7.5],
			"to": [6, 11, 8.5],
			"rotation": {"angle": 0, "axis": "y", "origin": [0, 0, 7.5]},
			"faces": {
				"north": {"uv": [6, 5, 5, 6], "texture": "#0"},
				"east": {"uv": [5, 5, 6, 6], "texture": "#0"},
				"south": {"uv": [5, 5, 6, 6], "texture": "#0"},
				"west": {"uv": [5, 5, 6, 6], "texture": "#0"},
				"up": {"uv": [5, 5, 6, 6], "texture": "#0"},
				"down": {"uv": [5, 5, 6, 6], "texture": "#0"}
			}
		},
		{
			"name": "ocean_elytra_8",
			"from": [10, 10, 7.5],
			"to": [13, 11, 8.5],
			"rotation": {"angle": 0, "axis": "y", "origin": [0, 0, 7.5]},
			"faces": {
				"north": {"uv": [13, 5, 10, 6], "texture": "#0"},
				"east": {"uv": [12, 5, 13, 6], "texture": "#0"},
				"south": {"uv": [10, 5, 13, 6], "texture": "#0"},
				"west": {"uv": [10, 5, 11, 6], "texture": "#0"},
				"up": {"uv": [10, 5, 13, 6], "texture": "#0"},
				"down": {"uv": [10, 5, 13, 6], "texture": "#0"}
			}
		},
		{
			"name": "ocean_elytra_9",
			"from": [14, 2, 7.5],
			"to": [15, 11, 8.5],
			"rotation": {"angle": 0, "axis": "y", "origin": [0, 0, 7.5]},
			"faces": {
				"north": {"uv": [15, 5, 14, 14], "texture": "#0"},
				"east": {"uv": [14, 5, 15, 14], "texture": "#0"},
				"south": {"uv": [14, 5, 15, 14], "texture": "#0"},
				"west": {"uv": [14, 5, 15, 14], "texture": "#0"},
				"up": {"uv": [14, 5, 15, 6], "texture": "#0"},
				"down": {"uv": [14, 13, 15, 14], "texture": "#0"}
			}
		},
		{
			"name": "ocean_elytra_10",
			"from": [11, 1, 7.5],
			"to": [13, 10, 8.5],
			"rotation": {"angle": 0, "axis": "y", "origin": [0, 0, 7.5]},
			"faces": {
				"north": {"uv": [13, 6, 11, 15], "texture": "#0"},
				"east": {"uv": [12, 6, 13, 15], "texture": "#0"},
				"south": {"uv": [11, 6, 13, 15], "texture": "#0"},
				"west": {"uv": [11, 6, 12, 15], "texture": "#0"},
				"up": {"uv": [11, 6, 13, 7], "texture": "#0"},
				"down": {"uv": [11, 14, 13, 15], "texture": "#0"}
			}
		},
		{
			"name": "ocean_elytra_11",
			"from": [0, 4, 7.5],
			"to": [1, 9, 8.5],
			"rotation": {"angle": 0, "axis": "y", "origin": [0, 0, 7.5]},
			"faces": {
				"north": {"uv": [1, 7, 0, 12], "texture": "#0"},
				"east": {"uv": [0, 7, 1, 12], "texture": "#0"},
				"south": {"uv": [0, 7, 1, 12], "texture": "#0"},
				"west": {"uv": [0, 7, 1, 12], "texture": "#0"},
				"up": {"uv": [0, 7, 1, 8], "texture": "#0"},
				"down": {"uv": [0, 11, 1, 12], "texture": "#0"}
			}
		},
		{
			"name": "ocean_elytra_12",
			"from": [5, 8, 7.5],
			"to": [6, 9, 8.5],
			"rotation": {"angle": 0, "axis": "y", "origin": [0, 0, 7.5]},
			"faces": {
				"north": {"uv": [6, 7, 5, 8], "texture": "#0"},
				"east": {"uv": [5, 7, 6, 8], "texture": "#0"},
				"south": {"uv": [5, 7, 6, 8], "texture": "#0"},
				"west": {"uv": [5, 7, 6, 8], "texture": "#0"},
				"up": {"uv": [5, 7, 6, 8], "texture": "#0"},
				"down": {"uv": [5, 7, 6, 8], "texture": "#0"}
			}
		},
		{
			"name": "ocean_elytra_13",
			"from": [10, 8, 7.5],
			"to": [11, 9, 8.5],
			"rotation": {"angle": 0, "axis": "y", "origin": [0, 0, 7.5]},
			"faces": {
				"north": {"uv": [11, 7, 10, 8], "texture": "#0"},
				"east": {"uv": [10, 7, 11, 8], "texture": "#0"},
				"south": {"uv": [10, 7, 11, 8], "texture": "#0"},
				"west": {"uv": [10, 7, 11, 8], "texture": "#0"},
				"up": {"uv": [10, 7, 11, 8], "texture": "#0"},
				"down": {"uv": [10, 7, 11, 8], "texture": "#0"}
			}
		},
		{
			"name": "ocean_elytra_14",
			"from": [15, 4, 7.5],
			"to": [16, 9, 8.5],
			"rotation": {"angle": 0, "axis": "y", "origin": [0, 0, 7.5]},
			"faces": {
				"north": {"uv": [16, 7, 15, 12], "texture": "#0"},
				"east": {"uv": [15, 7, 16, 12], "texture": "#0"},
				"south": {"uv": [15, 7, 16, 12], "texture": "#0"},
				"west": {"uv": [15, 7, 16, 12], "texture": "#0"},
				"up": {"uv": [15, 7, 16, 8], "texture": "#0"},
				"down": {"uv": [15, 11, 16, 12], "texture": "#0"}
			}
		},
		{
			"name": "ocean_elytra_15",
			"from": [6, 6, 7.5],
			"to": [7, 7, 8.5],
			"rotation": {"angle": 0, "axis": "y", "origin": [0, 0, 7.5]},
			"faces": {
				"north": {"uv": [7, 9, 6, 10], "texture": "#0"},
				"east": {"uv": [6, 9, 7, 10], "texture": "#0"},
				"south": {"uv": [6, 9, 7, 10], "texture": "#0"},
				"west": {"uv": [6, 9, 7, 10], "texture": "#0"},
				"up": {"uv": [6, 9, 7, 10], "texture": "#0"},
				"down": {"uv": [6, 9, 7, 10], "texture": "#0"}
			}
		},
		{
			"name": "ocean_elytra_16",
			"from": [9, 6, 7.5],
			"to": [10, 7, 8.5],
			"rotation": {"angle": 0, "axis": "y", "origin": [0, 0, 7.5]},
			"faces": {
				"north": {"uv": [10, 9, 9, 10], "texture": "#0"},
				"east": {"uv": [9, 9, 10, 10], "texture": "#0"},
				"south": {"uv": [9, 9, 10, 10], "texture": "#0"},
				"west": {"uv": [9, 9, 10, 10], "texture": "#0"},
				"up": {"uv": [9, 9, 10, 10], "texture": "#0"},
				"down": {"uv": [9, 9, 10, 10], "texture": "#0"}
			}
		},
		{
			"name": "ocean_elytra_17",
			"from": [5, 1, 7.5],
			"to": [6, 6, 8.5],
			"rotation": {"angle": 0, "axis": "y", "origin": [0, 0, 7.5]},
			"faces": {
				"north": {"uv": [6, 10, 5, 15], "texture": "#0"},
				"east": {"uv": [5, 10, 6, 15], "texture": "#0"},
				"south": {"uv": [5, 10, 6, 15], "texture": "#0"},
				"west": {"uv": [5, 10, 6, 15], "texture": "#0"},
				"up": {"uv": [5, 10, 6, 11], "texture": "#0"},
				"down": {"uv": [5, 14, 6, 15], "texture": "#0"}
			}
		},
		{
			"name": "ocean_elytra_18",
			"from": [10, 1, 7.5],
			"to": [11, 6, 8.5],
			"rotation": {"angle": 0, "axis": "y", "origin": [0, 0, 7.5]},
			"faces": {
				"north": {"uv": [11, 10, 10, 15], "texture": "#0"},
				"east": {"uv": [10, 10, 11, 15], "texture": "#0"},
				"south": {"uv": [10, 10, 11, 15], "texture": "#0"},
				"west": {"uv": [10, 10, 11, 15], "texture": "#0"},
				"up": {"uv": [10, 10, 11, 11], "texture": "#0"},
				"down": {"uv": [10, 14, 11, 15], "texture": "#0"}
			}
		},
		{
			"name": "ocean_elytra_19",
			"from": [6, 3, 7.5],
			"to": [7, 4, 8.5],
			"rotation": {"angle": 0, "axis": "y", "origin": [0, 0, 7.5]},
			"faces": {
				"north": {"uv": [7, 12, 6, 13], "texture": "#0"},
				"east": {"uv": [6, 12, 7, 13], "texture": "#0"},
				"south": {"uv": [6, 12, 7, 13], "texture": "#0"},
				"west": {"uv": [6, 12, 7, 13], "texture": "#0"},
				"up": {"uv": [6, 12, 7, 13], "texture": "#0"},
				"down": {"uv": [6, 12, 7, 13], "texture": "#0"}
			}
		},
		{
			"name": "ocean_elytra_20",
			"from": [9, 3, 7.5],
			"to": [10, 4, 8.5],
			"rotation": {"angle": 0, "axis": "y", "origin": [0, 0, 7.5]},
			"faces": {
				"north": {"uv": [10, 12, 9, 13], "texture": "#0"},
				"east": {"uv": [9, 12, 10, 13], "texture": "#0"},
				"south": {"uv": [9, 12, 10, 13], "texture": "#0"},
				"west": {"uv": [9, 12, 10, 13], "texture": "#0"},
				"up": {"uv": [9, 12, 10, 13], "texture": "#0"},
				"down": {"uv": [9, 12, 10, 13], "texture": "#0"}
			}
		},
		{
			"name": "ocean_elytra_21",
			"from": [6, 1, 7.5],
			"to": [7, 2, 8.5],
			"rotation": {"angle": 0, "axis": "y", "origin": [0, 0, 7.5]},
			"faces": {
				"north": {"uv": [7, 14, 6, 15], "texture": "#0"},
				"east": {"uv": [6, 14, 7, 15], "texture": "#0"},
				"south": {"uv": [6, 14, 7, 15], "texture": "#0"},
				"west": {"uv": [6, 14, 7, 15], "texture": "#0"},
				"up": {"uv": [6, 14, 7, 15], "texture": "#0"},
				"down": {"uv": [6, 14, 7, 15], "texture": "#0"}
			}
		},
		{
			"name": "ocean_elytra_22",
			"from": [9, 1, 7.5],
			"to": [10, 2, 8.5],
			"rotation": {"angle": 0, "axis": "y", "origin": [0, 0, 7.5]},
			"faces": {
				"north": {"uv": [10, 14, 9, 15], "texture": "#0"},
				"east": {"uv": [9, 14, 10, 15], "texture": "#0"},
				"south": {"uv": [9, 14, 10, 15], "texture": "#0"},
				"west": {"uv": [9, 14, 10, 15], "texture": "#0"},
				"up": {"uv": [9, 14, 10, 15], "texture": "#0"},
				"down": {"uv": [9, 14, 10, 15], "texture": "#0"}
			}
		}
	],
	"gui_light": "front",
	"display": {
		"thirdperson_righthand": {
			"scale": [0.5, 0.5, 0.5]
		},
		"thirdperson_lefthand": {
			"scale": [0.5, 0.5, 0.5]
		},
		"firstperson_righthand": {
			"scale": [0.5, 0.5, 0.5]
		},
		"firstperson_lefthand": {
			"scale": [0.5, 0.5, 0.5]
		},
		"ground": {
			"scale": [0.5, 0.5, 0.5]
		}
	},
	"groups": [
		{
			"name": "ocean_elytra",
			"origin": [8, 8, 8],
			"color": 0,
			"children": [0, 1, 2, 3, 4, 5, 6, 7, 8, 9, 10, 11, 12, 13, 14, 15, 16, 17, 18, 19, 20, 21, 22]
		}
	]
}