{
	"credit": "Crowcolors",
	"textures": {
		"0": "item/subnautic/ocean_leggings",
		"particle": "item/subnautic/ocean_leggings"
	},
	"elements": [
		{
			"name": "ocean_leggings_0",
			"from": [3, 2, 7.5],
			"to": [4, 15, 8.5],
			"rotation": {"angle": 0, "axis": "y", "origin": [0, 0, 7.5]},
			"faces": {
				"north": {"uv": [4, 1, 3, 14], "texture": "#0"},
				"east": {"uv": [3, 1, 4, 14], "texture": "#0"},
				"south": {"uv": [3, 1, 4, 14], "texture": "#0"},
				"west": {"uv": [3, 1, 4, 14], "texture": "#0"},
				"up": {"uv": [3, 1, 4, 2], "texture": "#0"},
				"down": {"uv": [3, 13, 4, 14], "texture": "#0"}
			}
		},
		{
			"name": "ocean_leggings_1",
			"from": [12, 2, 7.5],
			"to": [13, 15, 8.5],
			"rotation": {"angle": 0, "axis": "y", "origin": [0, 0, 7.5]},
			"faces": {
				"north": {"uv": [13, 1, 12, 14], "texture": "#0"},
				"east": {"uv": [12, 1, 13, 14], "texture": "#0"},
				"south": {"uv": [12, 1, 13, 14], "texture": "#0"},
				"west": {"uv": [12, 1, 13, 14], "texture": "#0"},
				"up": {"uv": [12, 1, 13, 2], "texture": "#0"},
				"down": {"uv": [12, 13, 13, 14], "texture": "#0"}
			}
		},
		{
			"name": "ocean_leggings_2",
			"from": [4, 2, 7.5],
			"to": [7, 14, 8.5],
			"rotation": {"angle": 0, "axis": "y", "origin": [0, 0, 7.5]},
			"faces": {
				"north": {"uv": [7, 2, 4, 14], "texture": "#0"},
				"east": {"uv": [6, 2, 7, 14], "texture": "#0"},
				"south": {"uv": [4, 2, 7, 14], "texture": "#0"},
				"west": {"uv": [4, 2, 5, 14], "texture": "#0"},
				"up": {"uv": [4, 2, 7, 3], "texture": "#0"},
				"down": {"uv": [4, 13, 7, 14], "texture": "#0"}
			}
		},
		{
			"name": "ocean_leggings_3",
			"from": [9, 2, 7.5],
			"to": [12, 14, 8.5],
			"rotation": {"angle": 0, "axis": "y", "origin": [0, 0, 7.5]},
			"faces": {
				"north": {"uv": [12, 2, 9, 14], "texture": "#0"},
				"east": {"uv": [11, 2, 12, 14], "texture": "#0"},
				"south": {"uv": [9, 2, 12, 14], "texture": "#0"},
				"west": {"uv": [9, 2, 10, 14], "texture": "#0"},
				"up": {"uv": [9, 2, 12, 3], "texture": "#0"},
				"down": {"uv": [9, 13, 12, 14], "texture": "#0"}
			}
		},
		{
			"name": "ocean_leggings_4",
			"from": [7, 10, 7.5],
			"to": [9, 13, 8.5],
			"rotation": {"angle": 0, "axis": "y", "origin": [0, 0, 7.5]},
			"faces": {
				"north": {"uv": [9, 3, 7, 6], "texture": "#0"},
				"east": {"uv": [8, 3, 9, 6], "texture": "#0"},
				"south": {"uv": [7, 3, 9, 6], "texture": "#0"},
				"west": {"uv": [7, 3, 8, 6], "texture": "#0"},
				"up": {"uv": [7, 3, 9, 4], "texture": "#0"},
				"down": {"uv": [7, 5, 9, 6], "texture": "#0"}
			}
		}
	],
	"gui_light": "front",
	"display": {
		"thirdperson_righthand": {
			"scale": [0.5, 0.5, 0.5]
		},
		"thirdperson_lefthand": {
			"scale": [0.5, 0.5, 0.5]
		},
		"firstperson_righthand": {
			"scale": [0.5, 0.5, 0.5]
		},
		"firstperson_lefthand": {
			"scale": [0.5, 0.5, 0.5]
		},
		"ground": {
			"scale": [0.5, 0.5, 0.5]
		}
	},
	"groups": [
		{
			"name": "ocean_leggings",
			"origin": [8, 8, 8],
			"color": 0,
			"children": [0, 1, 2, 3, 4]
		}
	]
}