{
    "sources": [
        {
            "type": "directory",
            "source": "bat",
            "prefix": "bat/"
        },
		{
            "type": "directory",
            "source": "bat_armor",
            "prefix": "bat_armor/"
        },
		{
            "type": "directory",
            "source": "frosty",
            "prefix": "frosty/"
        },
		{
            "type": "directory",
            "source": "frosty_armor",
            "prefix": "frosty_armor/"
        },
		{
            "type": "directory",
            "source": "valentine",
            "prefix": "valentine/"
        },
		{
            "type": "directory",
            "source": "v_armor",
            "prefix": "v_armor/"
        },
		{
            "type": "directory",
            "source": "poison",
            "prefix": "poison/"
        },
		{
            "type": "directory",
            "source": "monsterisles",
            "prefix": "monsterisles/"
        }
	]
}