{"format_version":"1.9.0","credit":"Made with Blockbench","texture_size":[32,32],"textures":{"1":"cosmetics:cosmetics/worncosmetic/christmas25/festive_reindeer_balloon_feet","4":"cosmetics:cosmetics/worncosmetic/christmas25/festive_reindeer_balloon_snow","6":"cosmetics:cosmetics/worncosmetic/christmas25/festive_reindeer_balloon","particle":"cosmetics:cosmetics/worncosmetic/christmas25/festive_reindeer_balloon_feet"},"elements":[{"from":[4,7,0],"to":[12,14,16],"rotation":{"angle":0,"axis":"y","origin":[7,8,7]},"faces":{"north":{"uv":[6,8.5,8,10.25],"texture":"#6"},"east":{"uv":[4.5,0,8.5,1.75],"texture":"#6"},"south":{"uv":[8.25,8.5,10.25,10.25],"texture":"#6"},"west":{"uv":[4.5,2,8.5,3.75],"texture":"#6"},"up":{"uv":[2,4,0,0],"texture":"#6"},"down":{"uv":[4.25,0,2.25,4],"texture":"#6"}}},{"from":[2.5,6.5,3],"to":[13.5,14.5,14],"rotation":{"angle":0,"axis":"y","origin":[8,14.5,13]},"faces":{"east":{"uv":[6,4,8.75,6],"texture":"#6","tintindex":0},"west":{"uv":[6,6.25,8.75,8.25],"texture":"#6","tintindex":0},"up":{"uv":[2.75,7,0,4.25],"texture":"#6","tintindex":0}}},{"from":[13.5,6.5,3],"to":[2.5,14.5,14],"rotation":{"angle":0,"axis":"y","origin":[-3,14.5,13]},"faces":{"east":{"uv":[8.75,6.25,6,8.25],"texture":"#6","tintindex":0},"west":{"uv":[8.75,4,6,6],"texture":"#6","tintindex":0},"up":{"uv":[0,7,2.75,4.25],"texture":"#6","tintindex":0}}},{"from":[2.5,6.5,3],"to":[13.5,14.5,14],"rotation":{"angle":0,"axis":"y","origin":[8,14.5,13]},"faces":{"east":{"uv":[0,7.25,2.75,9.25],"texture":"#6"},"west":{"uv":[3,7.25,5.75,9.25],"texture":"#6"},"up":{"uv":[5.75,7,3,4.25],"texture":"#6"}}},{"from":[13.5,6.5,3],"to":[2.5,14.5,14],"rotation":{"angle":0,"axis":"y","origin":[-3,14.5,13]},"faces":{"east":{"uv":[5.75,7.25,3,9.25],"texture":"#6"},"west":{"uv":[2.75,7.25,0,9.25],"texture":"#6"},"up":{"uv":[3,7,5.75,4.25],"texture":"#6"}}},{"from":[8.5,0,0.5],"to":[11.5,8,3.5],"rotation":{"angle":45,"axis":"x","origin":[10,8,2]},"faces":{"north":{"uv":[0,0,1.5,3.5],"texture":"#1"},"east":{"uv":[2,0,3.5,3.5],"texture":"#1"},"south":{"uv":[0,4,1.5,7.5],"texture":"#1"},"west":{"uv":[3.5,0,2,3.5],"texture":"#1"},"up":{"uv":[3.5,5.5,2,4],"texture":"#1"},"down":{"uv":[3.5,6,2,7.5],"texture":"#1"}}},{"from":[8.5,0,0.5],"to":[11.5,8,3.5],"rotation":{"angle":22.5,"axis":"x","origin":[10,8,2]},"faces":{"north":{"uv":[4,0,5.5,3.5],"texture":"#1"},"east":{"uv":[6,0,7.5,3.5],"texture":"#1"},"south":{"uv":[4,4,5.5,7.5],"texture":"#1"},"west":{"uv":[7.5,0,6,3.5],"texture":"#1"},"up":{"uv":[7.5,5.5,6,4],"texture":"#1"},"down":{"uv":[7.5,6,6,7.5],"texture":"#1"}}},{"from":[8.5,0,0.5],"to":[11.5,8,3.5],"rotation":{"angle":0,"axis":"y","origin":[10,8,2]},"faces":{"north":{"uv":[8,0,9.5,3.5],"texture":"#1"},"east":{"uv":[10,0,11.5,3.5],"texture":"#1"},"south":{"uv":[8,4,9.5,7.5],"texture":"#1"},"west":{"uv":[11.5,0,10,3.5],"texture":"#1"},"up":{"uv":[11.5,5.5,10,4],"texture":"#1"},"down":{"uv":[11.5,6,10,7.5],"texture":"#1"}}},{"from":[8.5,0,0.5],"to":[11.5,8,3.5],"rotation":{"angle":-22.5,"axis":"x","origin":[10,8,2]},"faces":{"north":{"uv":[12,0,13.5,3.5],"texture":"#1"},"east":{"uv":[14,0,15.5,3.5],"texture":"#1"},"south":{"uv":[12,4,13.5,7.5],"texture":"#1"},"west":{"uv":[15.5,0,14,3.5],"texture":"#1"},"up":{"uv":[15.5,5.5,14,4],"texture":"#1"},"down":{"uv":[15.5,6,14,7.5],"texture":"#1"}}},{"from":[8.5,0,0.5],"to":[11.5,8,3.5],"rotation":{"angle":-45,"axis":"x","origin":[10,8,2]},"faces":{"north":{"uv":[0,8,1.5,11.5],"texture":"#1"},"east":{"uv":[2,8,3.5,11.5],"texture":"#1"},"south":{"uv":[0,12,1.5,15.5],"texture":"#1"},"west":{"uv":[3.5,8,2,11.5],"texture":"#1"},"up":{"uv":[3.5,13.5,2,12],"texture":"#1"},"down":{"uv":[3.5,14,2,15.5],"texture":"#1"}}},{"from":[4.5,0,12.5],"to":[7.5,8,15.5],"rotation":{"angle":45,"axis":"x","origin":[6,8,14]},"faces":{"north":{"uv":[1.5,0,0,3.5],"texture":"#1"},"east":{"uv":[2,0,3.5,3.5],"texture":"#1"},"south":{"uv":[1.5,4,0,7.5],"texture":"#1"},"west":{"uv":[3.5,0,2,3.5],"texture":"#1"},"up":{"uv":[2,5.5,3.5,4],"texture":"#1"},"down":{"uv":[2,6,3.5,7.5],"texture":"#1"}}},{"from":[4.5,0,12.5],"to":[7.5,8,15.5],"rotation":{"angle":22.5,"axis":"x","origin":[6,8,14]},"faces":{"north":{"uv":[5.5,0,4,3.5],"texture":"#1"},"east":{"uv":[6,0,7.5,3.5],"texture":"#1"},"south":{"uv":[5.5,4,4,7.5],"texture":"#1"},"west":{"uv":[7.5,0,6,3.5],"texture":"#1"},"up":{"uv":[6,5.5,7.5,4],"texture":"#1"},"down":{"uv":[6,6,7.5,7.5],"texture":"#1"}}},{"from":[4.5,0,12.5],"to":[7.5,8,15.5],"rotation":{"angle":0,"axis":"y","origin":[6,8,14]},"faces":{"north":{"uv":[9.5,0,8,3.5],"texture":"#1"},"east":{"uv":[10,0,11.5,3.5],"texture":"#1"},"south":{"uv":[9.5,4,8,7.5],"texture":"#1"},"west":{"uv":[11.5,0,10,3.5],"texture":"#1"},"up":{"uv":[10,5.5,11.5,4],"texture":"#1"},"down":{"uv":[10,6,11.5,7.5],"texture":"#1"}}},{"from":[4.5,0,12.5],"to":[7.5,8,15.5],"rotation":{"angle":-22.5,"axis":"x","origin":[6,8,14]},"faces":{"north":{"uv":[13.5,0,12,3.5],"texture":"#1"},"east":{"uv":[14,0,15.5,3.5],"texture":"#1"},"south":{"uv":[13.5,4,12,7.5],"texture":"#1"},"west":{"uv":[15.5,0,14,3.5],"texture":"#1"},"up":{"uv":[14,5.5,15.5,4],"texture":"#1"},"down":{"uv":[14,6,15.5,7.5],"texture":"#1"}}},{"from":[4.5,0,12.5],"to":[7.5,8,15.5],"rotation":{"angle":-45,"axis":"x","origin":[6,8,14]},"faces":{"north":{"uv":[1.5,8,0,11.5],"texture":"#1"},"east":{"uv":[2,8,3.5,11.5],"texture":"#1"},"south":{"uv":[1.5,12,0,15.5],"texture":"#1"},"west":{"uv":[3.5,8,2,11.5],"texture":"#1"},"up":{"uv":[2,13.5,3.5,12],"texture":"#1"},"down":{"uv":[2,14,3.5,15.5],"texture":"#1"}}},{"from":[4.5,0,0.5],"to":[7.5,8,3.5],"rotation":{"angle":-45,"axis":"x","origin":[6,8,2]},"faces":{"north":{"uv":[0,0,1.5,3.5],"texture":"#1"},"east":{"uv":[2,0,3.5,3.5],"texture":"#1"},"south":{"uv":[0,4,1.5,7.5],"texture":"#1"},"west":{"uv":[3.5,0,2,3.5],"texture":"#1"},"up":{"uv":[2,4,3.5,5.5],"texture":"#1"},"down":{"uv":[2,6,3.5,7.5],"texture":"#1"}}},{"from":[4.5,0,0.5],"to":[7.5,8,3.5],"rotation":{"angle":-22.5,"axis":"x","origin":[6,8,2]},"faces":{"north":{"uv":[4,0,5.5,3.5],"texture":"#1"},"east":{"uv":[6,0,7.5,3.5],"texture":"#1"},"south":{"uv":[4,4,5.5,7.5],"texture":"#1"},"west":{"uv":[7.5,0,6,3.5],"texture":"#1"},"up":{"uv":[6,4,7.5,5.5],"texture":"#1"},"down":{"uv":[6,6,7.5,7.5],"texture":"#1"}}},{"from":[4.5,0,0.5],"to":[7.5,8,3.5],"rotation":{"angle":0,"axis":"y","origin":[6,8,2]},"faces":{"north":{"uv":[8,0,9.5,3.5],"texture":"#1"},"east":{"uv":[10,0,11.5,3.5],"texture":"#1"},"south":{"uv":[8,4,9.5,7.5],"texture":"#1"},"west":{"uv":[11.5,0,10,3.5],"texture":"#1"},"up":{"uv":[10,4,11.5,5.5],"texture":"#1"},"down":{"uv":[10,6,11.5,7.5],"texture":"#1"}}},{"from":[4.5,0,0.5],"to":[7.5,8,3.5],"rotation":{"angle":22.5,"axis":"x","origin":[6,8,2]},"faces":{"north":{"uv":[12,0,13.5,3.5],"texture":"#1"},"east":{"uv":[14,0,15.5,3.5],"texture":"#1"},"south":{"uv":[12,4,13.5,7.5],"texture":"#1"},"west":{"uv":[15.5,0,14,3.5],"texture":"#1"},"up":{"uv":[14,4,15.5,5.5],"texture":"#1"},"down":{"uv":[14,6,15.5,7.5],"texture":"#1"}}},{"from":[4.5,0,0.5],"to":[7.5,8,3.5],"rotation":{"angle":45,"axis":"x","origin":[6,8,2]},"faces":{"north":{"uv":[0,8,1.5,11.5],"texture":"#1"},"east":{"uv":[2,8,3.5,11.5],"texture":"#1"},"south":{"uv":[0,12,1.5,15.5],"texture":"#1"},"west":{"uv":[3.5,8,2,11.5],"texture":"#1"},"up":{"uv":[2,12,3.5,13.5],"texture":"#1"},"down":{"uv":[2,14,3.5,15.5],"texture":"#1"}}},{"from":[8.5,0,12.5],"to":[11.5,8,15.5],"rotation":{"angle":-45,"axis":"x","origin":[10,8,14]},"faces":{"north":{"uv":[1.5,0,0,3.5],"texture":"#1"},"east":{"uv":[2,0,3.5,3.5],"texture":"#1"},"south":{"uv":[1.5,4,0,7.5],"texture":"#1"},"west":{"uv":[3.5,0,2,3.5],"texture":"#1"},"up":{"uv":[3.5,4,2,5.5],"texture":"#1"},"down":{"uv":[3.5,6,2,7.5],"texture":"#1"}}},{"from":[8.5,0,12.5],"to":[11.5,8,15.5],"rotation":{"angle":-22.5,"axis":"x","origin":[10,8,14]},"faces":{"north":{"uv":[5.5,0,4,3.5],"texture":"#1"},"east":{"uv":[6,0,7.5,3.5],"texture":"#1"},"south":{"uv":[5.5,4,4,7.5],"texture":"#1"},"west":{"uv":[7.5,0,6,3.5],"texture":"#1"},"up":{"uv":[7.5,4,6,5.5],"texture":"#1"},"down":{"uv":[7.5,6,6,7.5],"texture":"#1"}}},{"from":[8.5,0,12.5],"to":[11.5,8,15.5],"rotation":{"angle":0,"axis":"y","origin":[10,8,14]},"faces":{"north":{"uv":[9.5,0,8,3.5],"texture":"#1"},"east":{"uv":[10,0,11.5,3.5],"texture":"#1"},"south":{"uv":[9.5,4,8,7.5],"texture":"#1"},"west":{"uv":[11.5,0,10,3.5],"texture":"#1"},"up":{"uv":[11.5,4,10,5.5],"texture":"#1"},"down":{"uv":[11.5,6,10,7.5],"texture":"#1"}}},{"from":[8.5,0,12.5],"to":[11.5,8,15.5],"rotation":{"angle":22.5,"axis":"x","origin":[10,8,14]},"faces":{"north":{"uv":[13.5,0,12,3.5],"texture":"#1"},"east":{"uv":[14,0,15.5,3.5],"texture":"#1"},"south":{"uv":[13.5,4,12,7.5],"texture":"#1"},"west":{"uv":[15.5,0,14,3.5],"texture":"#1"},"up":{"uv":[15.5,4,14,5.5],"texture":"#1"},"down":{"uv":[15.5,6,14,7.5],"texture":"#1"}}},{"from":[8.5,0,12.5],"to":[11.5,8,15.5],"rotation":{"angle":45,"axis":"x","origin":[10,8,14]},"faces":{"north":{"uv":[1.5,8,0,11.5],"texture":"#1"},"east":{"uv":[2,8,3.5,11.5],"texture":"#1"},"south":{"uv":[1.5,12,0,15.5],"texture":"#1"},"west":{"uv":[3.5,8,2,11.5],"texture":"#1"},"up":{"uv":[3.5,12,2,13.5],"texture":"#1"},"down":{"uv":[3.5,14,2,15.5],"texture":"#1"}}},{"from":[7,10.61313,15.08239],"to":[10,14.61313,18.08239],"rotation":{"angle":-22.5,"axis":"x","origin":[8,12.61313,17.08239]},"faces":{"north":{"uv":[2.25,12,3,13],"texture":"#6"},"east":{"uv":[3.25,12,4,13],"texture":"#6"},"south":{"uv":[10.5,12,11.25,13],"texture":"#6"},"west":{"uv":[4.25,12.25,5,13.25],"texture":"#6"},"up":{"uv":[13.25,2.5,12.5,1.75],"texture":"#6"},"down":{"uv":[9.25,12.5,8.5,13.25],"texture":"#6"}}},{"from":[7,10.61313,18.08239],"to":[10,14.61313,21.08239],"rotation":{"angle":-22.5,"axis":"x","origin":[8,12.61313,17.08239]},"faces":{"east":{"uv":[5.25,12.25,6,13.25],"texture":"#6"},"west":{"uv":[6.25,12.25,7,13.25],"texture":"#6"},"up":{"uv":[10.25,13.25,9.5,12.5],"texture":"#6"}}},{"from":[10,10.61313,18.08239],"to":[7,14.61313,21.08239],"rotation":{"angle":-22.5,"axis":"x","origin":[6,12.61313,17.08239]},"faces":{"east":{"uv":[7,12.25,6.25,13.25],"texture":"#6"},"west":{"uv":[6,12.25,5.25,13.25],"texture":"#6"},"up":{"uv":[9.5,13.25,10.25,12.5],"texture":"#6"}}},{"from":[5,19,-2],"to":[11,25,6],"rotation":{"angle":-22.5,"axis":"x","origin":[7,11,7]},"faces":{"north":{"uv":[5,10.5,6.5,12],"texture":"#6"},"east":{"uv":[8.75,0,10.75,1.5],"texture":"#6"},"south":{"uv":[6.75,10.5,8.25,12],"texture":"#6"},"west":{"uv":[8.75,1.75,10.75,3.25],"texture":"#6"},"up":{"uv":[10.5,5.5,9,3.5],"texture":"#6"},"down":{"uv":[10.5,5.75,9,7.75],"texture":"#6"}}},{"from":[6,19,-6],"to":[10,23,-2],"rotation":{"angle":-22.5,"axis":"x","origin":[7,11,7]},"faces":{"north":{"uv":[11.5,5,12.5,6],"texture":"#6"},"east":{"uv":[11.5,6.25,12.5,7.25],"texture":"#6"},"west":{"uv":[11.5,7.5,12.5,8.5],"texture":"#6"},"up":{"uv":[12.5,9.75,11.5,8.75],"texture":"#6"},"down":{"uv":[12.5,10,11.5,11],"texture":"#6"}}},{"from":[6,10,0],"to":[10,19,4],"rotation":{"angle":-22.5,"axis":"x","origin":[7,11,7]},"faces":{"north":{"uv":[0,9.5,1,11.75],"texture":"#6"},"east":{"uv":[1.25,9.5,2.25,11.75],"texture":"#6"},"south":{"uv":[2.5,9.5,3.5,11.75],"texture":"#6"},"west":{"uv":[3.75,9.5,4.75,11.75],"texture":"#6"}}},{"from":[10.23567,17.15747,0],"to":[15.23567,20.15747,2],"rotation":{"angle":-22.5,"axis":"z","origin":[12.73567,18.65747,1]},"faces":{"north":{"uv":[11,2.5,12.25,3.25],"texture":"#6"},"east":{"uv":[3,13.25,3.5,14],"texture":"#6"},"south":{"uv":[11.5,11.25,12.75,12],"texture":"#6"},"west":{"uv":[13.25,4,13.75,4.75],"texture":"#6"},"up":{"uv":[12.75,12.75,11.5,12.25],"texture":"#6"},"down":{"uv":[13.75,0,12.5,0.5],"texture":"#6"}}},{"from":[11.79819,22.04014,-2],"to":[13.79819,24.04014,7],"rotation":{"angle":-22.5,"axis":"z","origin":[12.79819,26.54014,3]},"faces":{"north":{"uv":[12.5,2.75,13,3.25],"texture":"#6"},"east":{"uv":[10.75,3.5,13,4],"texture":"#6"},"south":{"uv":[13.5,1.5,14,2],"texture":"#6"},"west":{"uv":[10.75,4.25,13,4.75],"texture":"#6"},"up":{"uv":[11.25,7.25,10.75,5],"texture":"#6"},"down":{"uv":[11.5,0,11,2.25],"texture":"#6"}}},{"from":[11.79819,24.04014,-2],"to":[13.79819,26.04014,0],"rotation":{"angle":-22.5,"axis":"z","origin":[12.79819,26.54014,3]},"faces":{"north":{"uv":[3.75,13.5,4.25,14],"texture":"#6"},"east":{"uv":[4.5,13.5,5,14],"texture":"#6"},"south":{"uv":[5.25,13.5,5.75,14],"texture":"#6"},"west":{"uv":[6,13.5,6.5,14],"texture":"#6"},"up":{"uv":[8.5,14,8,13.5],"texture":"#6"}}},{"from":[11.79819,24.04014,2],"to":[13.79819,28.04014,4],"rotation":{"angle":-22.5,"axis":"z","origin":[12.79819,26.54014,3]},"faces":{"north":{"uv":[11.5,13,12,14],"texture":"#6"},"east":{"uv":[13,12,13.5,13],"texture":"#6"},"south":{"uv":[12.25,13,12.75,14],"texture":"#6"},"west":{"uv":[2.25,13.25,2.75,14.25],"texture":"#6"},"up":{"uv":[9.25,14,8.75,13.5],"texture":"#6"}}},{"from":[11.79819,27.04014,1],"to":[13.79819,29.04014,3],"rotation":{"angle":-22.5,"axis":"z","origin":[12.79819,26.54014,3]},"faces":{"north":{"uv":[9.5,13.5,10,14],"texture":"#6"},"east":{"uv":[13.75,5,14.25,5.5],"texture":"#6"},"south":{"uv":[13.75,5.75,14.25,6.25],"texture":"#6"},"west":{"uv":[13.75,6.5,14.25,7],"texture":"#6"},"up":{"uv":[14.25,7.75,13.75,7.25],"texture":"#6"},"down":{"uv":[14.25,8,13.75,8.5],"texture":"#6"}}},{"from":[11.79819,23.04014,6],"to":[13.79819,30.04014,8],"rotation":{"angle":-22.5,"axis":"z","origin":[12.79819,26.54014,3]},"faces":{"north":{"uv":[11.75,0,12.25,1.75],"texture":"#6"},"east":{"uv":[0,12,0.5,13.75],"texture":"#6"},"south":{"uv":[0.75,12,1.25,13.75],"texture":"#6"},"west":{"uv":[1.5,12,2,13.75],"texture":"#6"},"up":{"uv":[14.25,9.25,13.75,8.75],"texture":"#6"},"down":{"uv":[14.25,9.5,13.75,10],"texture":"#6"}}},{"from":[11.79819,29.04013,5],"to":[13.79819,31.04013,7],"rotation":{"angle":-22.5,"axis":"z","origin":[12.79819,26.54014,3]},"faces":{"north":{"uv":[13.75,10.25,14.25,10.75],"texture":"#6"},"east":{"uv":[13.75,12,14.25,12.5],"texture":"#6"},"south":{"uv":[0,14,0.5,14.5],"texture":"#6"},"west":{"uv":[14,0,14.5,0.5],"texture":"#6"},"up":{"uv":[1.25,14.5,0.75,14],"texture":"#6"},"down":{"uv":[2,14,1.5,14.5],"texture":"#6"}}},{"from":[0.76433,17.15747,0],"to":[5.76433,20.15747,2],"rotation":{"angle":22.5,"axis":"z","origin":[3.26433,18.65747,1]},"faces":{"north":{"uv":[12.25,2.5,11,3.25],"texture":"#6"},"east":{"uv":[13.75,4,13.25,4.75],"texture":"#6"},"south":{"uv":[12.75,11.25,11.5,12],"texture":"#6"},"west":{"uv":[3.5,13.25,3,14],"texture":"#6"},"up":{"uv":[11.5,12.75,12.75,12.25],"texture":"#6"},"down":{"uv":[12.5,0,13.75,0.5],"texture":"#6"}}},{"from":[2.20181,22.04014,-2],"to":[4.20181,24.04014,7],"rotation":{"angle":22.5,"axis":"z","origin":[3.20181,26.54014,3]},"faces":{"north":{"uv":[13,2.75,12.5,3.25],"texture":"#6"},"east":{"uv":[13,4.25,10.75,4.75],"texture":"#6"},"south":{"uv":[14,1.5,13.5,2],"texture":"#6"},"west":{"uv":[13,3.5,10.75,4],"texture":"#6"},"up":{"uv":[10.75,7.25,11.25,5],"texture":"#6"},"down":{"uv":[11,0,11.5,2.25],"texture":"#6"}}},{"from":[2.20181,24.04014,-2],"to":[4.20181,26.04014,0],"rotation":{"angle":22.5,"axis":"z","origin":[3.20181,26.54014,3]},"faces":{"north":{"uv":[4.25,13.5,3.75,14],"texture":"#6"},"east":{"uv":[6.5,13.5,6,14],"texture":"#6"},"south":{"uv":[5.75,13.5,5.25,14],"texture":"#6"},"west":{"uv":[5,13.5,4.5,14],"texture":"#6"},"up":{"uv":[8,14,8.5,13.5],"texture":"#6"}}},{"from":[2.20181,24.04014,2],"to":[4.20181,28.04014,4],"rotation":{"angle":22.5,"axis":"z","origin":[3.20181,26.54014,3]},"faces":{"north":{"uv":[12,13,11.5,14],"texture":"#6"},"east":{"uv":[2.75,13.25,2.25,14.25],"texture":"#6"},"south":{"uv":[12.75,13,12.25,14],"texture":"#6"},"west":{"uv":[13.5,12,13,13],"texture":"#6"},"up":{"uv":[8.75,14,9.25,13.5],"texture":"#6"}}},{"from":[2.20181,27.04014,1],"to":[4.20181,29.04014,3],"rotation":{"angle":22.5,"axis":"z","origin":[3.20181,26.54014,3]},"faces":{"north":{"uv":[10,13.5,9.5,14],"texture":"#6"},"east":{"uv":[14.25,6.5,13.75,7],"texture":"#6"},"south":{"uv":[14.25,5.75,13.75,6.25],"texture":"#6"},"west":{"uv":[14.25,5,13.75,5.5],"texture":"#6"},"up":{"uv":[13.75,7.75,14.25,7.25],"texture":"#6"},"down":{"uv":[13.75,8,14.25,8.5],"texture":"#6"}}},{"from":[2.20181,23.04014,6],"to":[4.20181,30.04014,8],"rotation":{"angle":22.5,"axis":"z","origin":[3.20181,26.54014,3]},"faces":{"north":{"uv":[12.25,0,11.75,1.75],"texture":"#6"},"east":{"uv":[2,12,1.5,13.75],"texture":"#6"},"south":{"uv":[1.25,12,0.75,13.75],"texture":"#6"},"west":{"uv":[0.5,12,0,13.75],"texture":"#6"},"up":{"uv":[13.75,9.25,14.25,8.75],"texture":"#6"},"down":{"uv":[13.75,9.5,14.25,10],"texture":"#6"}}},{"from":[2.20181,29.04013,5],"to":[4.20181,31.04013,7],"rotation":{"angle":22.5,"axis":"z","origin":[3.20181,26.54014,3]},"faces":{"north":{"uv":[14.25,10.25,13.75,10.75],"texture":"#6"},"east":{"uv":[14.5,0,14,0.5],"texture":"#6"},"south":{"uv":[0.5,14,0,14.5],"texture":"#6"},"west":{"uv":[14.25,12,13.75,12.5],"texture":"#6"},"up":{"uv":[0.75,14.5,1.25,14],"texture":"#6"},"down":{"uv":[1.5,14,2,14.5],"texture":"#6"}}},{"from":[5.75,9.81868,-1.01953],"to":[10.25,13.31868,3.48047],"rotation":{"angle":-22.5,"axis":"x","origin":[7.5,10.86868,-3.76953]},"faces":{"north":{"uv":[7.25,12.25,8.25,13],"texture":"#6","tintindex":0},"east":{"uv":[7.25,12.25,8.25,13],"texture":"#6","tintindex":0},"south":{"uv":[7.25,12.25,8.25,13],"texture":"#6","tintindex":0},"west":{"uv":[7.25,12.25,8.25,13],"texture":"#6","tintindex":0}}},{"from":[6.5,7,-4.5],"to":[9.5,10,-1.5],"rotation":{"angle":22.5,"axis":"x","origin":[7,9.5,-2]},"faces":{"north":{"uv":[12.75,5,13.5,5.75],"texture":"#6"},"east":{"uv":[12.75,6,13.5,6.75],"texture":"#6"},"south":{"uv":[12.75,7,13.5,7.75],"texture":"#6"},"west":{"uv":[13.5,6,12.75,6.75],"texture":"#6"},"up":{"uv":[13.5,8.75,12.75,8],"texture":"#6"},"down":{"uv":[13.5,9,12.75,9.75],"texture":"#6"}}},{"from":[7,10,-2.8],"to":[9,12,-1.8],"rotation":{"angle":0,"axis":"y","origin":[7,0,-1.8]},"faces":{"north":{"uv":[14,2.25,14.5,2.75],"texture":"#6","tintindex":0},"east":{"uv":[6.75,13.5,7,14],"texture":"#6","tintindex":0},"south":{"uv":[14,3,14.5,3.5],"texture":"#6","tintindex":0},"west":{"uv":[14,3.75,14.25,4.25],"texture":"#6","tintindex":0},"up":{"uv":[9.5,8.25,9,8],"texture":"#6","tintindex":0},"down":{"uv":[10.25,8,9.75,8.25],"texture":"#6","tintindex":0}}},{"from":[9,10,-2.8],"to":[12,13,-0.8],"rotation":{"angle":22.5,"axis":"y","origin":[9,11.5,-2.8]},"faces":{"north":{"uv":[12.75,10,13.5,10.75],"texture":"#6","tintindex":0},"east":{"uv":[7.25,13.25,7.75,14],"texture":"#6","tintindex":0},"south":{"uv":[13,11,13.75,11.75],"texture":"#6","tintindex":0},"west":{"uv":[10.5,13.25,11,14],"texture":"#6","tintindex":0},"up":{"uv":[13.75,13.75,13,13.25],"texture":"#6","tintindex":0},"down":{"uv":[14.25,0.75,13.5,1.25],"texture":"#6","tintindex":0}}},{"from":[9,6,-2.3],"to":[11,10,-2.3],"rotation":{"angle":22.5,"axis":"z","origin":[9,10,-2.3]},"faces":{"north":{"uv":[13.25,2.75,13.75,3.75],"texture":"#6","tintindex":0},"south":{"uv":[13.75,2.75,13.25,3.75],"texture":"#6","tintindex":0}}},{"from":[4,10,-2.8],"to":[7,13,-0.8],"rotation":{"angle":-22.5,"axis":"y","origin":[7,11.5,-2.8]},"faces":{"north":{"uv":[13.5,10,12.75,10.75],"texture":"#6","tintindex":0},"east":{"uv":[11,13.25,10.5,14],"texture":"#6","tintindex":0},"south":{"uv":[13.75,11,13,11.75],"texture":"#6","tintindex":0},"west":{"uv":[7.75,13.25,7.25,14],"texture":"#6","tintindex":0},"up":{"uv":[13,13.75,13.75,13.25],"texture":"#6","tintindex":0},"down":{"uv":[13.5,0.75,14.25,1.25],"texture":"#6","tintindex":0}}},{"from":[5,6,-2.3],"to":[7,10,-2.3],"rotation":{"angle":-22.5,"axis":"z","origin":[7,10,-2.3]},"faces":{"north":{"uv":[13.75,2.75,13.25,3.75],"texture":"#6","tintindex":0},"south":{"uv":[13.25,2.75,13.75,3.75],"texture":"#6","tintindex":0}}},{"from":[7,-0.1,0],"to":[18,-0.1,32],"rotation":{"angle":0,"axis":"y","origin":[9,-0.1,0]},"faces":{"up":{"uv":[5.5,16,0,0],"texture":"#4"},"down":{"uv":[0,0,5.5,16],"texture":"#4"}}},{"from":[-2,-0.1,0],"to":[9,-0.1,32],"rotation":{"angle":0,"axis":"y","origin":[0,-0.1,0]},"faces":{"up":{"uv":[5.5,16,0,0],"texture":"#4"},"down":{"uv":[0,0,5.5,16],"texture":"#4"}}}],"gui_light":"front","display":{"thirdperson_righthand":{"rotation":[75,45,0],"translation":[0,2.5,1.5],"scale":[0.3,0.3,0.3]},"thirdperson_lefthand":{"rotation":[75,45,0],"translation":[0,2.5,1.5],"scale":[0.3,0.3,0.3]},"firstperson_righthand":{"rotation":[0,120,0],"translation":[0,2.75,0],"scale":[0.3,0.3,0.3]},"firstperson_lefthand":{"rotation":[0,120,0],"translation":[0,2.75,0],"scale":[0.3,0.3,0.3]},"ground":{"translation":[0,10,0],"scale":[0.3,0.3,0.3]},"gui":{"rotation":[15,125,2],"translation":[0.25,-2.75,0],"scale":[0.45,0.45,0.45]},"head":{"translation":[0,-16,0],"scale":[2.5,2.5,2.5]},"fixed":{"rotation":[-90,0,0],"translation":[0,0,-16],"scale":[2,2,2]}},"groups":[{"name":"group","origin":[7,5,7],"color":0,"children":[0,{"name":"group","origin":[8,8,8],"color":0,"children":[1,2,3,4]},{"name":"group","origin":[6.5,5,2],"color":0,"children":[{"name":"group","origin":[6.5,5,2],"color":0,"children":[5,6,7,8,9]},{"name":"group","origin":[6.5,5,2],"color":0,"children":[10,11,12,13,14]},{"name":"group","origin":[6.5,5,2],"color":0,"children":[15,16,17,18,19]},{"name":"group","origin":[6.5,5,2],"color":0,"children":[20,21,22,23,24]}]},{"name":"group","origin":[5.5,9,16],"color":0,"children":[25,26,27]},{"name":"group","origin":[7,8,7],"color":0,"children":[28,29,30,{"name":"group","origin":[8,8,8],"color":0,"children":[{"name":"group","origin":[14.05934,2.56388,8],"color":0,"children":[31,{"name":"group","origin":[22.91742,11.92812,8.02],"color":0,"children":[32,33,34,35,36,37]}]},{"name":"group","origin":[14.05934,2.56388,8],"color":0,"children":[38,{"name":"group","origin":[22.91742,11.92812,8.02],"color":0,"children":[39,40,41,42,43,44]}]}]},{"name":"group","origin":[8,17,5.7],"color":0,"children":[{"name":"group","origin":[8,6,4.7],"color":0,"children":[45,46,{"name":"group","origin":[8,7,-2.3],"color":0,"children":[47,48,49,50,51]}]}]}]},{"name":"group","origin":[0,-0.1,0],"color":0,"children":[52,53]}]}],"mcmodels":"831650684653c489f7cd3893f5cbb7f1"}