{"format_version":"1.9.0","credit":"Made with Blockbench","texture_size":[32,32],"textures":{"0":"cosmetics:cosmetics/worncosmetic/christmas25/winter_leaf","3":"cosmetics:cosmetics/worncosmetic/christmas25/festive_bell","particle":"cosmetics:cosmetics/worncosmetic/christmas25/winter_leaf"},"elements":[{"from":[5,0,5],"to":[11,2,11],"rotation":{"angle":-45,"axis":"y","origin":[8,3.5,8]},"faces":{"north":{"uv":[3.5,5.5,6.5,6.5],"texture":"#3"},"east":{"uv":[3.5,5.5,6.5,6.5],"texture":"#3"},"south":{"uv":[3.5,5.5,6.5,6.5],"texture":"#3"},"west":{"uv":[3.5,5.5,6.5,6.5],"texture":"#3"},"up":{"uv":[3,3,0,0],"texture":"#3"},"down":{"uv":[3,3.5,0,6.5],"texture":"#3"}}},{"from":[5.5,2,5.5],"to":[10.5,6,10.5],"rotation":{"angle":-45,"axis":"y","origin":[8,3.5,8]},"faces":{"north":{"uv":[3.5,3,6,5],"texture":"#3"},"east":{"uv":[3.5,3,6,5],"texture":"#3"},"south":{"uv":[3.5,3,6,5],"texture":"#3"},"west":{"uv":[3.5,3,6,5],"texture":"#3"},"up":{"uv":[6,2.5,3.5,0],"texture":"#3"}}},{"from":[6.5,6,8],"to":[9.5,9,8],"rotation":{"angle":-45,"axis":"y","origin":[8,3.5,8]},"faces":{"north":{"uv":[6.5,0,8,1.5],"texture":"#3"},"south":{"uv":[6.5,0,8,1.5],"texture":"#3"}}},{"from":[8,6,6.5],"to":[8,9,9.5],"rotation":{"angle":-45,"axis":"y","origin":[8,3.5,8]},"faces":{"east":{"uv":[6.5,0,8,1.5],"texture":"#3"},"west":{"uv":[6.5,0,8,1.5],"texture":"#3"}}},{"from":[7.5,-1,7.5],"to":[8.5,0,8.5],"rotation":{"angle":-45,"axis":"y","origin":[8,3.5,8]},"faces":{"north":{"uv":[7.5,8.5,8,9],"texture":"#3"},"east":{"uv":[7.5,8.5,8,9],"texture":"#3"},"south":{"uv":[7.5,8.5,8,9],"texture":"#3"},"west":{"uv":[7.5,8.5,8,9],"texture":"#3"},"up":{"uv":[8,9,7.5,8.5],"texture":"#3"},"down":{"uv":[8,8.5,7.5,9],"texture":"#3"}}},{"from":[6,6,6],"to":[6,12,12],"rotation":{"angle":-45,"axis":"y","origin":[6,6,6]},"faces":{"east":{"uv":[16,0,10,6],"rotation":270,"texture":"#0"},"west":{"uv":[16,6,10,0],"rotation":270,"texture":"#0"}}},{"from":[6.5,6,5.5],"to":[9.5,8,9.5],"rotation":{"angle":0,"axis":"y","origin":[7.5,-4,6.8]},"faces":{"north":{"uv":[6.5,4,8,5],"texture":"#3","tintindex":0},"east":{"uv":[6.5,4,8,5],"texture":"#3","tintindex":0},"south":{"uv":[6.5,4,8,5],"texture":"#3","tintindex":0},"west":{"uv":[6.5,4,8,5],"texture":"#3","tintindex":0}}},{"from":[6.5,6,9.5],"to":[9.5,8,5.5],"rotation":{"angle":0,"axis":"y","origin":[7.5,-4,4.2]},"faces":{"north":{"uv":[8,4,6.5,5],"texture":"#3","tintindex":0},"east":{"uv":[8,4,6.5,5],"texture":"#3","tintindex":0},"south":{"uv":[8,4,6.5,5],"texture":"#3","tintindex":0},"west":{"uv":[8,4,6.5,5],"texture":"#3","tintindex":0}}},{"from":[7,6,4.2],"to":[9,8,5.2],"rotation":{"angle":0,"axis":"y","origin":[7,-4,5.2]},"faces":{"north":{"uv":[8.5,0,9.5,1],"texture":"#3","tintindex":0},"east":{"uv":[8.5,3,9,4],"texture":"#3","tintindex":0},"south":{"uv":[8.5,1.5,9.5,2.5],"texture":"#3","tintindex":0},"west":{"uv":[6.5,8.5,7,9.5],"texture":"#3","tintindex":0},"up":{"uv":[9.5,5,8.5,4.5],"texture":"#3","tintindex":0},"down":{"uv":[9.5,7,8.5,7.5],"texture":"#3","tintindex":0}}},{"from":[9,6,4.2],"to":[12,9,6.2],"rotation":{"angle":22.5,"axis":"y","origin":[9,7.5,4.2]},"faces":{"north":{"uv":[6.5,2,8,3.5],"texture":"#3","tintindex":0},"east":{"uv":[3.5,7,4.5,8.5],"texture":"#3","tintindex":0},"south":{"uv":[0,7,1.5,8.5],"texture":"#3","tintindex":0},"west":{"uv":[5,7,6,8.5],"texture":"#3","tintindex":0},"up":{"uv":[8.5,6.5,7,5.5],"texture":"#3","tintindex":0},"down":{"uv":[8,7,6.5,8],"texture":"#3","tintindex":0}}},{"from":[4,6,4.2],"to":[7,9,6.2],"rotation":{"angle":-22.5,"axis":"y","origin":[7,7.5,4.2]},"faces":{"north":{"uv":[8,2,6.5,3.5],"texture":"#3","tintindex":0},"east":{"uv":[6,7,5,8.5],"texture":"#3","tintindex":0},"south":{"uv":[1.5,7,0,8.5],"texture":"#3","tintindex":0},"west":{"uv":[4.5,7,3.5,8.5],"texture":"#3","tintindex":0},"up":{"uv":[7,6.5,8.5,5.5],"texture":"#3","tintindex":0},"down":{"uv":[6.5,7,8,8],"texture":"#3","tintindex":0}}},{"from":[8,2,4.7],"to":[10,6,4.7],"rotation":{"angle":22.5,"axis":"z","origin":[8,6,4.7]},"faces":{"north":{"uv":[2,7,3,9],"texture":"#3","tintindex":0},"south":{"uv":[3,7,2,9],"texture":"#3","tintindex":0}}},{"from":[6,2,4.7],"to":[8,6,4.7],"rotation":{"angle":-22.5,"axis":"z","origin":[8,6,4.7]},"faces":{"north":{"uv":[3,7,2,9],"texture":"#3","tintindex":0},"south":{"uv":[2,7,3,9],"texture":"#3","tintindex":0}}}],"gui_light":"front","display":{"thirdperson_righthand":{"rotation":[45,0,15],"translation":[0,-2.25,-1]},"thirdperson_lefthand":{"rotation":[45,0,15],"translation":[0,-2.25,-1]},"firstperson_righthand":{"rotation":[0,120,0],"translation":[0,2.75,0],"scale":[0.3,0.3,0.3]},"firstperson_lefthand":{"rotation":[0,120,0],"translation":[0,2.75,80],"scale":[0.3,0.3,0.3]},"ground":{"rotation":[0,0,45],"translation":[0,10,0],"scale":[0.5,0.5,0.5]},"gui":{"rotation":[-25,165,15],"translation":[-0.25,2.75,0]},"fixed":{"rotation":[-90,0,0],"translation":[0,0,-16],"scale":[2,2,2]}},"groups":[{"name":"group","origin":[8,17,5.7],"color":0,"children":[{"name":"group","origin":[4.5,-1,9.5],"color":0,"children":[0,1,2,3,4]},{"name":"group","origin":[6,6,6],"color":0,"children":[5]},{"name":"group","origin":[8,6,4.7],"color":0,"children":[6,7,8,9,10,11,12]}]}],"mcmodels":"831650684653c489f7cd3893f5cbb7f1"}