{"format_version":"1.9.0","credit":"Made with Blockbench","texture_size":[64,64],"textures":{"4":"cosmetics:cosmetics/worncosmetic/christmas25/festive_robe"},"elements":[{"from":[5.8,-15.76,10.76],"to":[10.2,-10.16,10.84],"rotation":{"angle":0,"axis":"y","origin":[4.6,-16.16,10.36]},"faces":{"north":{"uv":[0,0,2.75,3.5],"texture":"#4","tintindex":0},"south":{"uv":[0,0,2.75,3.5],"texture":"#4","tintindex":0}}},{"from":[5.8,-15.76,10.76],"to":[10.2,-10.16,10.84],"rotation":{"angle":0,"axis":"y","origin":[4.6,-16.16,10.36]},"faces":{"north":{"uv":[3,0,5.75,3.5],"texture":"#4"},"south":{"uv":[3,0,5.75,3.5],"texture":"#4"}}},{"from":[5.8,-15.76,10.76],"to":[10.2,-10.16,10.84],"rotation":{"angle":0,"axis":"y","origin":[4.6,-16.16,10.36]},"faces":{"north":{"uv":[3,0,5.75,3.5],"texture":"#4"},"south":{"uv":[3,0,5.75,3.5],"texture":"#4"}}},{"from":[6,-10.2,9],"to":[10,-8.99665,11.8],"rotation":{"angle":-22.5,"axis":"x","origin":[8,-8.59665,10.39958]},"faces":{"north":{"uv":[12.5,3.5,15,4.25],"texture":"#4","tintindex":0},"east":{"uv":[12.75,5.5,14.5,6.25],"texture":"#4","tintindex":0},"south":{"uv":[0,12.75,2.5,13.5],"texture":"#4","tintindex":0},"west":{"uv":[12.75,6.5,14.5,7.25],"texture":"#4","tintindex":0},"down":{"uv":[12.5,4.5,10,6.25],"texture":"#4","tintindex":0}}},{"from":[5.9,-10.3,8.9],"to":[10.1,-7.7,11.9],"rotation":{"angle":-22.5,"axis":"x","origin":[8,-8.59665,10.39958]},"faces":{"north":{"uv":[12,10.5,14.5,12],"texture":"#4"},"east":{"uv":[12.5,0,14.25,1.5],"texture":"#4"},"south":{"uv":[12,12.25,14.5,13.75],"texture":"#4"},"west":{"uv":[12.5,1.75,14.25,3.25],"texture":"#4"},"up":{"uv":[12.5,8.25,10,6.5],"texture":"#4"},"down":{"uv":[11.75,11.25,9.25,13],"texture":"#4"}}},{"from":[6,-8.99665,9],"to":[10,-7.8,11.8],"rotation":{"angle":-22.5,"axis":"x","origin":[8,-8.59665,10.39958]},"faces":{"north":{"uv":[2.75,12.75,5.25,13.5],"texture":"#4"},"east":{"uv":[12.75,7.5,14.5,8.25],"texture":"#4"},"south":{"uv":[12.75,4.5,15.25,5.25],"texture":"#4"},"west":{"uv":[9.25,13.25,11,14],"texture":"#4"},"up":{"uv":[14.25,10.25,11.75,8.5],"texture":"#4"}}},{"from":[8,-11.4,7.36],"to":[8.8,-9.8,7.36],"rotation":{"angle":22.5,"axis":"z","origin":[8,-9.8,7.36]},"faces":{"north":{"uv":[6,2,6.5,3],"texture":"#4"},"south":{"uv":[6.5,2,6,3],"texture":"#4"}}},{"from":[8.4,-9.8,7.2],"to":[9.6,-8.6,8],"rotation":{"angle":22.5,"axis":"y","origin":[8.4,-9.2,7.2]},"faces":{"north":{"uv":[6,0,6.75,0.75],"texture":"#4"},"east":{"uv":[6.75,2,7.25,2.75],"texture":"#4"},"south":{"uv":[6,1,6.75,1.75],"texture":"#4"},"west":{"uv":[5.5,12.75,6,13.5],"texture":"#4"},"up":{"uv":[7,14,6.25,13.5],"texture":"#4"},"down":{"uv":[8,13.5,7.25,14],"texture":"#4"}}},{"from":[6.4,-9.8,7.2],"to":[7.6,-8.6,8],"rotation":{"angle":-22.5,"axis":"y","origin":[7.6,-9.2,7.2]},"faces":{"north":{"uv":[6.75,0,6,0.75],"texture":"#4"},"east":{"uv":[6,12.75,5.5,13.5],"texture":"#4"},"south":{"uv":[6.75,1,6,1.75],"texture":"#4"},"west":{"uv":[7.25,2,6.75,2.75],"texture":"#4"},"up":{"uv":[6.25,14,7,13.5],"texture":"#4"},"down":{"uv":[7.25,13.5,8,14],"texture":"#4"}}},{"from":[7.2,-11.4,7.36],"to":[8,-9.8,7.36],"rotation":{"angle":-22.5,"axis":"z","origin":[8,-9.8,7.36]},"faces":{"north":{"uv":[6.5,2,6,3],"texture":"#4"},"south":{"uv":[6,2,6.5,3],"texture":"#4"}}},{"from":[7.6,-9.8,7.2],"to":[8.4,-9,7.6],"rotation":{"angle":0,"axis":"y","origin":[7.6,-13.8,7.6]},"faces":{"north":{"uv":[6.75,3,7.25,3.5],"texture":"#4"},"east":{"uv":[7,0,7.25,0.5],"texture":"#4"},"south":{"uv":[6.25,12.75,6.75,13.25],"texture":"#4"},"west":{"uv":[7,0.75,7.25,1.25],"texture":"#4"},"up":{"uv":[6.5,3.5,6,3.25],"texture":"#4"},"down":{"uv":[10.5,8.5,10,8.75],"texture":"#4"}}},{"from":[9.7391,-15.4,7.6],"to":[13.3391,-8.6,10.8],"rotation":{"angle":22.5,"axis":"z","origin":[10.5391,-15,6.4004]},"faces":{"north":{"uv":[7.5,4.5,9.75,8.75],"texture":"#4","tintindex":0},"east":{"uv":[7,9,9,13.25],"texture":"#4","tintindex":0},"south":{"uv":[0,8.25,2.25,12.5],"texture":"#4","tintindex":0},"up":{"uv":[12.25,4.25,10,2.25],"texture":"#4","tintindex":0}}},{"from":[9.7391,-15.4,10.8],"to":[13.3391,-8.6,7.6],"rotation":{"angle":22.5,"axis":"z","origin":[10.5391,-15,8.7996]},"faces":{"north":{"uv":[2.25,8.25,0,12.5],"texture":"#4","tintindex":0},"east":{"uv":[9,9,7,13.25],"texture":"#4","tintindex":0},"south":{"uv":[9.75,4.5,7.5,8.75],"texture":"#4","tintindex":0},"up":{"uv":[12.25,2.25,10,4.25],"texture":"#4","tintindex":0}}},{"from":[9.7391,-15.4,7.6],"to":[13.3391,-8.6,10.8],"rotation":{"angle":22.5,"axis":"z","origin":[10.5391,-15,6.4004]},"faces":{"north":{"uv":[5,3.75,7.25,8],"texture":"#4"},"east":{"uv":[4.75,8.25,6.75,12.5],"texture":"#4"},"south":{"uv":[7.5,0,9.75,4.25],"texture":"#4"},"up":{"uv":[12.25,2,10,0],"texture":"#4"}}},{"from":[9.7391,-15.4,10.8],"to":[13.3391,-8.6,7.6],"rotation":{"angle":22.5,"axis":"z","origin":[10.5391,-15,8.7996]},"faces":{"north":{"uv":[9.75,0,7.5,4.25],"texture":"#4"},"east":{"uv":[6.75,8.25,4.75,12.5],"texture":"#4"},"south":{"uv":[7.25,3.75,5,8],"texture":"#4"},"up":{"uv":[12.25,0,10,2],"texture":"#4"}}},{"from":[9.5391,-15.6,7.4],"to":[13.5391,-8.4,11],"rotation":{"angle":22.5,"axis":"z","origin":[10.5391,-15,6.4004]},"faces":{"north":{"uv":[0,3.75,2.25,8],"texture":"#4"},"east":{"uv":[2.5,8.25,4.5,12.5],"texture":"#4"},"south":{"uv":[2.5,3.75,4.75,8],"texture":"#4"},"up":{"uv":[11.5,11,9.25,9],"texture":"#4"}}},{"from":[2.6609,-15.4,7.6],"to":[6.2609,-8.6,10.8],"rotation":{"angle":-22.5,"axis":"z","origin":[5.4609,-15,6.4004]},"faces":{"north":{"uv":[9.75,4.5,7.5,8.75],"texture":"#4","tintindex":0},"south":{"uv":[2.25,8.25,0,12.5],"texture":"#4","tintindex":0},"west":{"uv":[9,9,7,13.25],"texture":"#4","tintindex":0},"up":{"uv":[10,4.25,12.25,2.25],"texture":"#4","tintindex":0}}},{"from":[2.6609,-15.4,10.8],"to":[6.2609,-8.6,7.6],"rotation":{"angle":-22.5,"axis":"z","origin":[5.4609,-15,8.7996]},"faces":{"north":{"uv":[0,8.25,2.25,12.5],"texture":"#4","tintindex":0},"south":{"uv":[7.5,4.5,9.75,8.75],"texture":"#4","tintindex":0},"west":{"uv":[7,9,9,13.25],"texture":"#4","tintindex":0},"up":{"uv":[10,2.25,12.25,4.25],"texture":"#4","tintindex":0}}},{"from":[2.6609,-15.4,7.6],"to":[6.2609,-8.6,10.8],"rotation":{"angle":-22.5,"axis":"z","origin":[5.4609,-15,6.4004]},"faces":{"north":{"uv":[7.25,3.75,5,8],"texture":"#4"},"south":{"uv":[9.75,0,7.5,4.25],"texture":"#4"},"west":{"uv":[6.75,8.25,4.75,12.5],"texture":"#4"},"up":{"uv":[10,2,12.25,0],"texture":"#4"}}},{"from":[2.6609,-15.4,10.8],"to":[6.2609,-8.6,7.6],"rotation":{"angle":-22.5,"axis":"z","origin":[5.4609,-15,8.7996]},"faces":{"north":{"uv":[7.5,0,9.75,4.25],"texture":"#4"},"south":{"uv":[5,3.75,7.25,8],"texture":"#4"},"west":{"uv":[4.75,8.25,6.75,12.5],"texture":"#4"},"up":{"uv":[10,0,12.25,2],"texture":"#4"}}},{"from":[2.4609,-15.6,7.4],"to":[6.4609,-8.4,11],"rotation":{"angle":-22.5,"axis":"z","origin":[5.4609,-15,6.4004]},"faces":{"north":{"uv":[2.25,3.75,0,8],"texture":"#4"},"south":{"uv":[4.75,3.75,2.5,8],"texture":"#4"},"west":{"uv":[4.5,8.25,2.5,12.5],"texture":"#4"},"up":{"uv":[9.25,11,11.5,9],"texture":"#4"}}}],"gui_light":"front","display":{"thirdperson_righthand":{"rotation":[75,45,0],"translation":[0,2.5,1.5],"scale":[0.3,0.3,0.3]},"thirdperson_lefthand":{"rotation":[75,45,0],"translation":[0,2.5,1.5],"scale":[0.3,0.3,0.3]},"firstperson_righthand":{"rotation":[0,120,0],"translation":[0,2.75,0],"scale":[0.3,0.3,0.3]},"firstperson_lefthand":{"rotation":[0,120,0],"translation":[0,2.75,0],"scale":[0.3,0.3,0.3]},"ground":{"translation":[0,10,0],"scale":[0.3,0.3,0.3]},"gui":{"rotation":[-5,30,20],"translation":[-9.75,27.75,0],"scale":[1.5,1.5,1.5]},"head":{"rotation":[-7.5,0,0],"translation":[0,-51,-13],"scale":[4,4,4]},"fixed":{"rotation":[-90,0,0],"translation":[0,0,-16],"scale":[2,2,2]}},"groups":[{"name":"group","origin":[0,-2.9,13.9],"color":0,"children":[0,1,2,{"name":"group","origin":[8,15.50837,13.99895],"color":0,"children":[3,4,5]},{"name":"group","origin":[7,8,6.2],"color":0,"children":[6,7,8,9,10]},{"name":"group","origin":[14.34776,0,9.999],"color":0,"children":[11,12,13,14,15]},{"name":"group","origin":[14.34776,0,9.999],"color":0,"children":[16,17,18,19,20]}]}],"mcmodels":"831650684653c489f7cd3893f5cbb7f1"}