{"format_version":"1.9.0","credit":"This is circuscow copy! \u00a9 2025 iPlexity LLC. All Rights Reserved.","texture_size":[64,64],"textures":{"1":"cosmetics:cosmetics/worncosmetic/christmas25/gingerbread_beanie_hat_texture"},"elements":[{"from":[3,6,3],"to":[13,9,13],"rotation":{"angle":0,"axis":"y","origin":[4,6,3]},"faces":{"north":{"uv":[2.25,9.25,4.75,10],"texture":"#1"},"east":{"uv":[5,9.25,7.5,10],"texture":"#1"},"south":{"uv":[7.75,9.25,10.25,10],"texture":"#1"},"west":{"uv":[0,10.25,2.5,11],"texture":"#1"},"up":{"uv":[5.5,2.5,3,0],"texture":"#1"},"down":{"uv":[5.5,2.75,3,5.25],"texture":"#1"}}},{"from":[4,9,4],"to":[12,13,12],"rotation":{"angle":0,"axis":"y","origin":[4,9,3]},"faces":{"north":{"uv":[8,5.5,10,6.5],"texture":"#1"},"east":{"uv":[8,6.75,10,7.75],"texture":"#1"},"south":{"uv":[8.5,8,10.5,9],"texture":"#1"},"west":{"uv":[0,9,2,10],"texture":"#1"},"up":{"uv":[7.75,2,5.75,0],"texture":"#1"},"down":{"uv":[7.75,2.25,5.75,4.25],"texture":"#1"}}},{"from":[2.75,5.75,2.75],"to":[13.25,9.25,13.25],"rotation":{"angle":0,"axis":"y","origin":[4,6,3]},"faces":{"north":{"uv":[2.5,8,5.25,9],"texture":"#1"},"east":{"uv":[8,3,10.75,4],"texture":"#1"},"south":{"uv":[8,4.25,10.75,5.25],"texture":"#1"},"west":{"uv":[5.5,8,8.25,9],"texture":"#1"},"up":{"uv":[2.75,2.75,0,0],"texture":"#1"},"down":{"uv":[2.75,3,0,5.75],"texture":"#1"}}},{"from":[3.75,8.75,3.75],"to":[12.25,13.25,12.25],"rotation":{"angle":0,"axis":"y","origin":[4,9,3]},"faces":{"north":{"uv":[0,6,2.25,7.25],"texture":"#1"},"east":{"uv":[0,7.5,2.25,8.75],"texture":"#1"},"south":{"uv":[8,0,10.25,1.25],"texture":"#1"},"west":{"uv":[8,1.5,10.25,2.75],"texture":"#1"},"up":{"uv":[5.25,7.75,3,5.5],"texture":"#1"},"down":{"uv":[7.75,5.5,5.5,7.75],"texture":"#1"}}},{"from":[7,13,7],"to":[9,15,9],"rotation":{"angle":0,"axis":"y","origin":[7,13,7]},"faces":{"north":{"uv":[5.75,4.5,6.25,5],"texture":"#1"},"east":{"uv":[6.5,4.5,7,5],"texture":"#1"},"south":{"uv":[7.25,4.5,7.75,5],"texture":"#1"},"west":{"uv":[2.75,10.25,3.25,10.75],"texture":"#1"},"up":{"uv":[4,10.75,3.5,10.25],"texture":"#1"},"down":{"uv":[4.75,10.25,4.25,10.75],"texture":"#1"}}}],"gui_light":"front","display":{"thirdperson_righthand":{"rotation":[0,137,0],"translation":[0,0.5,-4.5],"scale":[0.9,0.9,0.9]},"thirdperson_lefthand":{"rotation":[0,137,0],"translation":[0,0.5,-4.5],"scale":[0.9,0.9,0.9]},"firstperson_righthand":{"rotation":[0,137,0],"translation":[11.25,-4.75,-12.25]},"firstperson_lefthand":{"rotation":[0,137,0],"translation":[11.25,-4.75,-12.25]},"ground":{"translation":[0,-1,0],"scale":[0.5,0.5,0.5]},"gui":{"rotation":[22.5,155,0],"translation":[-0.25,-1.25,0],"scale":[0.9,0.9,0.9]},"head":{"translation":[0,6.5,0],"scale":[1.6,1.6,1.6]},"fixed":{"rotation":[-90,0,0],"translation":[0,0,-4],"scale":[2,2,2]},"on_shelf":{"translation":[0,0,2]}},"groups":[{"name":"gingerbread_beanie_hat","origin":[4,6,3],"color":0,"children":[0,1,2,3,4]}],"mcmodels":"22c6c02cbf2ce06d6238900321975eaf"}