{"format_version":"1.9.0","credit":"This is circuscow copy! \u00a9 2025 iPlexity LLC. All Rights Reserved.","texture_size":[64,64],"textures":{"1":"cosmetics:cosmetics/worncosmetic/christmas25/golden_hair_bow_hat_texture"},"elements":[{"from":[7,5,12],"to":[9,7,13],"rotation":{"angle":0,"axis":"y","origin":[7,5,12]},"faces":{"north":{"uv":[5.5,0,6,0.5],"texture":"#1"},"east":{"uv":[5.5,1.5,5.75,2],"texture":"#1"},"south":{"uv":[5.5,0.75,6,1.25],"texture":"#1"},"west":{"uv":[6,1.5,6.25,2],"texture":"#1"},"up":{"uv":[5.25,6.25,4.75,6],"texture":"#1"},"down":{"uv":[6,6,5.5,6.25],"texture":"#1"}}},{"from":[0,1,12.5],"to":[16,11,12.5],"rotation":{"angle":0,"axis":"y","origin":[7,5,12]},"faces":{"north":{"uv":[0,0,4,2.5],"texture":"#1"},"east":{"uv":[1.75,6.25,1.75,8.75],"texture":"#1"},"south":{"uv":[0,0,4,2.5],"texture":"#1"},"west":{"uv":[2,6.25,2,8.75],"texture":"#1"},"up":{"uv":[10.25,0.25,6.25,0.25],"texture":"#1"},"down":{"uv":[10.25,0.5,6.25,0.5],"texture":"#1"}}},{"from":[4,-4,12.75],"to":[8,5,12.75],"rotation":{"angle":-22.5,"axis":"z","origin":[8,5,12.75]},"faces":{"north":{"uv":[4.25,0,5.25,2.25],"texture":"#1"},"east":{"uv":[2.25,6.25,2.25,8.5],"texture":"#1"},"south":{"uv":[4.25,0,5.25,2.25],"texture":"#1"},"west":{"uv":[2.5,6.25,2.5,8.5],"texture":"#1"},"up":{"uv":[7.25,0.75,6.25,0.75],"texture":"#1"},"down":{"uv":[7.25,1,6.25,1],"texture":"#1"}}},{"from":[8,-4,12.75],"to":[12,5,12.75],"rotation":{"angle":22.5,"axis":"z","origin":[8,5,12.75]},"faces":{"north":{"uv":[0,4.5,1,6.75],"texture":"#1"},"east":{"uv":[2.75,6.25,2.75,8.5],"texture":"#1"},"south":{"uv":[0,4.5,1,6.75],"texture":"#1"},"west":{"uv":[3,6.25,3,8.5],"texture":"#1"},"up":{"uv":[7.25,1.25,6.25,1.25],"texture":"#1"},"down":{"uv":[7.25,2.5,6.25,2.5],"texture":"#1"}}},{"from":[1.30448,3,10.46927],"to":[7.30448,9,10.46927],"rotation":{"angle":-22.5,"axis":"y","origin":[3.30448,3,10.46927]},"faces":{"north":{"uv":[1.25,4.5,2.75,6],"texture":"#1"},"east":{"uv":[3.25,6.25,3.25,7.75],"texture":"#1"},"south":{"uv":[3,4.5,4.5,6],"texture":"#1"},"west":{"uv":[3.5,6.25,3.5,7.75],"texture":"#1"},"up":{"uv":[7.75,2.75,6.25,2.75],"texture":"#1"},"down":{"uv":[7.75,3,6.25,3],"texture":"#1"}}},{"from":[8.69552,3,10.46927],"to":[14.69552,9,10.46927],"rotation":{"angle":22.5,"axis":"y","origin":[12.69552,3,10.46927]},"faces":{"north":{"uv":[3,4.5,4.5,6],"texture":"#1"},"east":{"uv":[3.75,6.25,3.75,7.75],"texture":"#1"},"south":{"uv":[1.25,4.5,2.75,6],"texture":"#1"},"west":{"uv":[4,6.25,4,7.75],"texture":"#1"},"up":{"uv":[7.75,3.25,6.25,3.25],"texture":"#1"},"down":{"uv":[7.75,3.5,6.25,3.5],"texture":"#1"}}},{"from":[4,7,12],"to":[12,13,12],"rotation":{"angle":-22.5,"axis":"x","origin":[8,7,12]},"faces":{"north":{"uv":[0,2.75,2,4.25],"texture":"#1"},"east":{"uv":[1.25,6.25,1.25,7.75],"texture":"#1"},"south":{"uv":[2,2.75,0,4.25],"texture":"#1"},"west":{"uv":[1.5,6.25,1.5,7.75],"texture":"#1"},"up":{"uv":[7.5,2.25,5.5,2.25],"texture":"#1"},"down":{"uv":[8.25,0,6.25,0],"texture":"#1"}}}],"gui_light":"front","display":{"thirdperson_righthand":{"rotation":[0,137,0],"translation":[-4.25,2.75,-1.75],"scale":[0.9,0.9,0.9]},"thirdperson_lefthand":{"rotation":[0,137,0],"translation":[-4.25,2.75,-1.75],"scale":[0.9,0.9,0.9]},"firstperson_righthand":{"rotation":[0,137,0],"translation":[9.75,-1,-9]},"firstperson_lefthand":{"rotation":[0,137,0],"translation":[9.75,-1,-9]},"ground":{"translation":[0,8,0],"scale":[0.9,0.9,0.9]},"gui":{"rotation":[22.5,155,0],"translation":[-1.75,1.5,0],"scale":[0.9,0.9,0.9]},"head":{"rotation":[-11.75,-180,0],"translation":[0,9.25,14],"scale":[1.6,1.6,1.6]},"fixed":{"translation":[0,7,-10],"scale":[2,2,2]},"on_shelf":{"rotation":[0,180,0],"translation":[0,12,3.25]}},"groups":[{"name":"golden_hair_bow_hat","origin":[7,5,12],"color":0,"children":[0,1,2,3,4,5,6]}],"mcmodels":"22c6c02cbf2ce06d6238900321975eaf"}