{"format_version":"1.9.0","credit":"This is circuscow copy! \u00a9 2025 iPlexity LLC. All Rights Reserved.","texture_size":[64,64],"textures":{"0":"cosmetics:cosmetics/worncosmetic/christmas25/mrs_claus_hat_texture","particle":"cosmetics:cosmetics/worncosmetic/christmas25/mrs_claus_hat_texture"},"elements":[{"from":[6.75,-5.25,9.75],"to":[9.25,-1.75,13.25],"rotation":{"angle":0,"axis":"y","origin":[3,-10,12]},"faces":{"north":{"uv":[10,5.75,10.75,6.75],"texture":"#0"},"east":{"uv":[9.75,3.25,10.75,4.25],"texture":"#0"},"south":{"uv":[5,10.25,5.75,11.25],"texture":"#0"},"west":{"uv":[10,4.5,11,5.5],"texture":"#0"},"up":{"uv":[11.25,8.75,10.5,7.75],"texture":"#0"},"down":{"uv":[10,10.5,9.25,11.5],"texture":"#0"}}},{"from":[1.75,-1.25,4.75],"to":[4.25,8,8.25],"rotation":{"angle":0,"axis":"y","origin":[3,0,6]},"faces":{"north":{"uv":[1.25,7,2,9.25],"texture":"#0"},"east":{"uv":[5.5,5.25,6.5,7.5],"texture":"#0"},"south":{"uv":[7.5,0,8.25,2.25],"texture":"#0"},"west":{"uv":[5.75,2.5,6.75,4.75],"texture":"#0"},"up":{"uv":[11,11.5,10.25,10.5],"texture":"#0"},"down":{"uv":[11.75,3.25,11,4.25],"texture":"#0"}}},{"from":[1.75,7.75,4.75],"to":[14.25,10.25,8.25],"rotation":{"angle":0,"axis":"y","origin":[3,8,6]},"faces":{"north":{"uv":[9.5,0,12.75,0.5],"texture":"#0"},"east":{"uv":[7,4.25,8,4.75],"texture":"#0"},"south":{"uv":[9.5,0.75,12.75,1.25],"texture":"#0"},"west":{"uv":[11.25,10.25,12.25,10.75],"texture":"#0"},"up":{"uv":[6,1,2.75,0],"texture":"#0"},"down":{"uv":[6,1.25,2.75,2.25],"texture":"#0"}}},{"from":[11.75,-1.25,4.75],"to":[14.25,8,8.25],"rotation":{"angle":0,"axis":"y","origin":[13,0,6]},"faces":{"north":{"uv":[5.25,7.75,6,10],"texture":"#0"},"east":{"uv":[6.25,0,7.25,2.25],"texture":"#0"},"south":{"uv":[8.5,0,9.25,2.25],"texture":"#0"},"west":{"uv":[2.75,6.75,3.75,9],"texture":"#0"},"up":{"uv":[11.75,6.75,11,5.75],"texture":"#0"},"down":{"uv":[11.75,9,11,10],"texture":"#0"}}},{"from":[2,-1,5],"to":[4,8,8],"rotation":{"angle":0,"axis":"y","origin":[3,0,6]},"faces":{"north":{"uv":[4.25,9.25,4.75,11.5],"texture":"#0"},"east":{"uv":[8.5,7,9.25,9.25],"texture":"#0"},"south":{"uv":[0,9.5,0.5,11.75],"texture":"#0"},"west":{"uv":[8.75,2.5,9.5,4.75],"texture":"#0"},"up":{"uv":[11.75,11.75,11.25,11],"texture":"#0"},"down":{"uv":[12,2.25,11.5,3],"texture":"#0"}}},{"from":[2,8,5],"to":[14,10,8],"rotation":{"angle":0,"axis":"y","origin":[3,8,6]},"faces":{"north":{"uv":[9.5,1.5,12.5,2],"texture":"#0"},"east":{"uv":[5,11.5,5.75,12],"texture":"#0"},"south":{"uv":[9.5,7,12.5,7.5],"texture":"#0"},"west":{"uv":[11.5,7.75,12.25,8.25],"texture":"#0"},"up":{"uv":[9.75,5.75,6.75,5],"texture":"#0"},"down":{"uv":[9.75,6,6.75,6.75],"texture":"#0"}}},{"from":[12,-1,5],"to":[14,8,8],"rotation":{"angle":0,"axis":"y","origin":[13,0,6]},"faces":{"north":{"uv":[0.75,9.5,1.25,11.75],"texture":"#0"},"east":{"uv":[6.25,8.75,7,11],"texture":"#0"},"south":{"uv":[1.5,9.5,2,11.75],"texture":"#0"},"west":{"uv":[7.25,8.75,8,11],"texture":"#0"},"up":{"uv":[2.75,12.5,2.25,11.75],"texture":"#0"},"down":{"uv":[3.5,11.75,3,12.5],"texture":"#0"}}},{"from":[6,-3,12],"to":[10,6,15],"rotation":{"angle":0,"axis":"y","origin":[3,-3,13]},"faces":{"north":{"uv":[4,6.75,5,9],"texture":"#0"},"east":{"uv":[2.25,9.25,3,11.5],"texture":"#0"},"south":{"uv":[0,7,1,9.25],"texture":"#0"},"west":{"uv":[3.25,9.25,4,11.5],"texture":"#0"},"up":{"uv":[12.25,5.25,11.25,4.5],"texture":"#0"},"down":{"uv":[7,11.25,6,12],"texture":"#0"}}},{"from":[3,-1,8],"to":[13,9,13],"rotation":{"angle":0,"axis":"y","origin":[3,0,9]},"faces":{"north":{"uv":[0,0,2.5,2.5],"texture":"#0"},"east":{"uv":[2.75,2.5,4,5],"texture":"#0"},"south":{"uv":[0,2.75,2.5,5.25],"texture":"#0"},"west":{"uv":[4.25,2.5,5.5,5],"texture":"#0"},"up":{"uv":[5.25,6.5,2.75,5.25],"texture":"#0"},"down":{"uv":[2.5,5.5,0,6.75],"texture":"#0"}}},{"from":[7,-5,10],"to":[9,-2,13],"rotation":{"angle":0,"axis":"y","origin":[3,-10,12]},"faces":{"north":{"uv":[3.75,11.75,4.25,12.5],"texture":"#0"},"east":{"uv":[7.25,11.25,8,12],"texture":"#0"},"south":{"uv":[9.25,11.75,9.75,12.5],"texture":"#0"},"west":{"uv":[8.25,11.25,9,12],"texture":"#0"},"up":{"uv":[10.5,12.5,10,11.75],"texture":"#0"},"down":{"uv":[0.5,12,0,12.75],"texture":"#0"}}},{"from":[5,1,13],"to":[11,7,16],"rotation":{"angle":0,"axis":"y","origin":[3,-2,14]},"faces":{"north":{"uv":[7,2.5,8.5,4],"texture":"#0"},"east":{"uv":[9.5,7.75,10.25,9.25],"texture":"#0"},"south":{"uv":[6.75,7,8.25,8.5],"texture":"#0"},"west":{"uv":[8.25,9.5,9,11],"texture":"#0"},"up":{"uv":[10.75,10.25,9.25,9.5],"texture":"#0"},"down":{"uv":[11.25,2.25,9.75,3],"texture":"#0"}}}],"gui_light":"front","display":{"thirdperson_righthand":{"rotation":[0,137,0],"translation":[-2.25,6.25,-4.25],"scale":[0.9,0.9,0.9]},"thirdperson_lefthand":{"rotation":[0,137,0],"translation":[-2.25,6.25,-4.25],"scale":[0.9,0.9,0.9]},"firstperson_righthand":{"rotation":[0,137,0],"translation":[9.75,1,-11.75]},"firstperson_lefthand":{"rotation":[0,137,0],"translation":[9.75,1,-11.75]},"gui":{"rotation":[22.5,155,0],"translation":[0.25,3.75,0],"scale":[0.9,0.9,0.9]},"head":{"rotation":[-11.75,0,0],"translation":[0,6.5,0],"scale":[1.7,1.7,1.7]},"fixed":{"rotation":[0,180,0],"translation":[0,7.5,-6.5],"scale":[2,2,2]},"on_shelf":{"translation":[0,12.25,0]}},"groups":[{"name":"mrs_claus_hat","origin":[3,0,6],"color":0,"children":[{"name":"fur","origin":[3,-10,12],"color":0,"children":[0,1,2,3]},4,5,6,7,8,9,10]}],"mcmodels":"22c6c02cbf2ce06d6238900321975eaf"}