{"format_version":"1.9.0","credit":"This is circuscow copy! \u00a9 2025 iPlexity LLC. All Rights Reserved.","texture_size":[64,64],"textures":{"0":"cosmetics:cosmetics/worncosmetic/christmas25/nutcracker_hat_texture","particle":"cosmetics:cosmetics/worncosmetic/christmas25/nutcracker_hat_texture"},"elements":[{"from":[3,0,3],"to":[13,11,13],"rotation":{"angle":0,"axis":"y","origin":[3,2,5]},"faces":{"north":{"uv":[6,0,8.5,2.75],"texture":"#0"},"east":{"uv":[6,3,8.5,5.75],"texture":"#0"},"south":{"uv":[6,6,8.5,8.75],"texture":"#0"},"west":{"uv":[0,6.5,2.5,9.25],"texture":"#0"},"up":{"uv":[5.25,9,2.75,6.5],"texture":"#0"},"down":{"uv":[11.25,0,8.75,2.5],"texture":"#0"}}},{"from":[3,-0.07704,-2.3823],"to":[13,-0.07704,2.6177],"rotation":{"angle":-22.5,"axis":"x","origin":[3,0.92296,2.6177]},"faces":{"north":{"uv":[10.5,9.25,13,9.25],"texture":"#0"},"east":{"uv":[7.25,10,8.5,10],"texture":"#0"},"south":{"uv":[10.5,9.5,13,9.5],"texture":"#0"},"west":{"uv":[10.5,9.75,11.75,9.75],"texture":"#0"},"up":{"uv":[11.25,4,8.75,2.75],"texture":"#0"},"down":{"uv":[11.25,4.25,8.75,5.5],"texture":"#0"}}},{"from":[2.75,1,2.75],"to":[13.25,3,13.25],"rotation":{"angle":0,"axis":"y","origin":[3,3,5]},"faces":{"north":{"uv":[10.5,5.75,13.25,6.25],"texture":"#0"},"east":{"uv":[10.5,6.5,13.25,7],"texture":"#0"},"south":{"uv":[10.5,7.25,13.25,7.75],"texture":"#0"},"west":{"uv":[10.5,8,13.25,8.5],"texture":"#0"},"up":{"uv":[2.75,6.25,0,3.5],"texture":"#0"},"down":{"uv":[5.75,3.5,3,6.25],"texture":"#0"}}},{"from":[2,6,7],"to":[14,8,9],"rotation":{"angle":0,"axis":"y","origin":[13,1,5]},"faces":{"north":{"uv":[0,9.5,3,10],"texture":"#0"},"east":{"uv":[4.25,9.25,4.75,9.75],"texture":"#0"},"south":{"uv":[0,10.25,3,10.75],"texture":"#0"},"west":{"uv":[6.5,10.5,7,11],"texture":"#0"},"up":{"uv":[10.25,10.75,7.25,10.25],"texture":"#0"},"down":{"uv":[6.25,10.5,3.25,11],"texture":"#0"}}},{"from":[13.5,3,2.75],"to":[13.5,8,9],"rotation":{"angle":0,"axis":"y","origin":[13,1,3]},"faces":{"north":{"uv":[10.5,10,10.5,11.25],"texture":"#0"},"east":{"uv":[8.75,5.75,10.25,7],"texture":"#0"},"south":{"uv":[10.75,10,10.75,11.25],"texture":"#0"},"west":{"uv":[10.25,5.75,8.75,7],"texture":"#0"},"up":{"uv":[0,12.5,0,11],"texture":"#0"},"down":{"uv":[0.25,11,0.25,12.5],"texture":"#0"}}},{"from":[2.5,3,2.75],"to":[2.5,8,9],"rotation":{"angle":0,"axis":"y","origin":[3,1,3]},"faces":{"north":{"uv":[0.5,11,0.5,12.25],"texture":"#0"},"east":{"uv":[7,9,5.5,10.25],"texture":"#0"},"south":{"uv":[0.75,11,0.75,12.25],"texture":"#0"},"west":{"uv":[5.5,9,7,10.25],"texture":"#0"},"up":{"uv":[1,12.5,1,11],"texture":"#0"},"down":{"uv":[1.25,11,1.25,12.5],"texture":"#0"}}},{"from":[2.5,3,2.75],"to":[13.5,16,2.75],"rotation":{"angle":0,"axis":"y","origin":[3,1,3]},"faces":{"north":{"uv":[0,0,2.75,3.25],"texture":"#0"},"east":{"uv":[1.5,11,1.5,14.25],"texture":"#0"},"south":{"uv":[0,0,2.75,3.25],"texture":"#0"},"west":{"uv":[1.75,11,1.75,14.25],"texture":"#0"},"up":{"uv":[10,11,7.25,11],"texture":"#0"},"down":{"uv":[13.75,10,11,10],"texture":"#0"}}},{"from":[6.5,7.25,2],"to":[9.5,10.25,3],"rotation":{"angle":45,"axis":"z","origin":[8,8.75,2.5]},"faces":{"north":{"uv":[7.25,9,8,9.75],"texture":"#0"},"east":{"uv":[5.5,6.5,5.75,7.25],"texture":"#0"},"south":{"uv":[3.25,9.25,4,10],"texture":"#0"},"west":{"uv":[5.5,7.5,5.75,8.25],"texture":"#0"},"up":{"uv":[5,10.25,4.25,10],"texture":"#0"},"down":{"uv":[11.25,8.75,10.5,9],"texture":"#0"}}}],"gui_light":"front","display":{"thirdperson_righthand":{"rotation":[0,137,0],"translation":[3,7.25,-7.25],"scale":[0.9,0.9,0.9]},"thirdperson_lefthand":{"rotation":[0,137,0],"translation":[3,7.25,-7.25],"scale":[0.9,0.9,0.9]},"firstperson_righthand":{"rotation":[0,137,0],"translation":[13.5,1.5,-14.5]},"firstperson_lefthand":{"rotation":[0,137,0],"translation":[13.5,1.5,-14.5]},"ground":{"translation":[0,3,0],"scale":[0.5,0.5,0.5]},"gui":{"rotation":[22.5,155,0],"translation":[0.25,3.25,0],"scale":[0.8,0.8,0.8]},"head":{"translation":[0,16,0],"scale":[1.6,1.6,1.6]},"fixed":{"rotation":[-90,0,0],"translation":[0,0,-16],"scale":[2,2,2]},"on_shelf":{"rotation":[0,180,0],"translation":[0,12,0]}},"groups":[{"name":"nutcracker_hat","origin":[3,9,5],"color":0,"children":[0,1,2,3,4,5,6,7]}],"mcmodels":"22c6c02cbf2ce06d6238900321975eaf"}