{"format_version":"1.9.0","credit":"Made with Blockbench","texture_size":[32,32],"textures":{"2":"cosmetics:cosmetics/worncosmetic/christmas25/nutcracker_baton"},"elements":[{"from":[7.25,-1.75,7.25],"to":[8.75,14.75,8.75],"rotation":{"angle":0,"axis":"y","origin":[6,-0.75,7]},"faces":{"north":{"uv":[3.5,0,4.5,8.5],"texture":"#2","tintindex":0},"east":{"uv":[4.5,0,3.5,8.5],"texture":"#2","tintindex":0},"south":{"uv":[3.5,0,4.5,8.5],"texture":"#2","tintindex":0},"west":{"uv":[4.5,0,3.5,8.5],"texture":"#2","tintindex":0},"down":{"uv":[4.5,11,3.5,12],"texture":"#2","tintindex":0}}},{"from":[7.25,-1.75,7.25],"to":[8.75,14.75,8.75],"rotation":{"angle":0,"axis":"y","origin":[6,-0.75,7]},"faces":{"north":{"uv":[5,0,6,8.5],"texture":"#2"},"east":{"uv":[6,0,5,8.5],"texture":"#2"},"south":{"uv":[5,0,6,8.5],"texture":"#2"},"west":{"uv":[6,0,5,8.5],"texture":"#2"},"down":{"uv":[13,1.5,12,2.5],"texture":"#2"}}},{"from":[6.5,14,6.5],"to":[9.5,22,9.5],"rotation":{"angle":0,"axis":"y","origin":[7.5,6,6.5]},"faces":{"north":{"uv":[6.5,0,8,4],"texture":"#2"},"east":{"uv":[8,0,6.5,4],"texture":"#2"},"south":{"uv":[6.5,0,8,4],"texture":"#2"},"west":{"uv":[8,0,6.5,4],"texture":"#2"},"down":{"uv":[10,7.5,8.5,9],"texture":"#2"}}},{"from":[6.25,13.65,6.25],"to":[9.75,22.15,9.75],"rotation":{"angle":0,"axis":"y","origin":[7.5,5.9,6.5]},"faces":{"north":{"uv":[6.5,4.5,8,8.5],"texture":"#2"},"east":{"uv":[8,4.5,6.5,8.5],"texture":"#2"},"south":{"uv":[6.5,4.5,8,8.5],"texture":"#2"},"west":{"uv":[8,4.5,6.5,8.5],"texture":"#2"},"down":{"uv":[11.5,9.5,10,11],"texture":"#2"}}},{"from":[6.49,20.99,6.49],"to":[12.51,27.01,9.51],"rotation":{"angle":45,"axis":"z","origin":[8,22.5,8]},"faces":{"north":{"uv":[0,0,3,3],"texture":"#2"},"east":{"uv":[0,7,1.5,10],"texture":"#2"},"south":{"uv":[0,3.5,3,6.5],"texture":"#2"},"west":{"uv":[8.5,0,10,3],"texture":"#2"},"up":{"uv":[11.5,5,8.5,3.5],"texture":"#2"},"down":{"uv":[11.5,5.5,8.5,7],"texture":"#2"}}},{"from":[6.5,-2.2,6.5],"to":[9.5,-1.2,9.5],"rotation":{"angle":0,"axis":"y","origin":[7.5,-11.2,6.5]},"faces":{"north":{"uv":[12,3,13.5,3.5],"texture":"#2"},"east":{"uv":[12,3,13.5,3.5],"texture":"#2"},"south":{"uv":[12,3,13.5,3.5],"texture":"#2"},"west":{"uv":[12,3,13.5,3.5],"texture":"#2"},"up":{"uv":[3.5,10.5,2,9],"texture":"#2"},"down":{"uv":[5.5,9,4,10.5],"texture":"#2"}}},{"from":[7,-4.2,7],"to":[9,-2.2,9],"rotation":{"angle":0,"axis":"y","origin":[7,-12.2,7]},"faces":{"north":{"uv":[8,11.5,9,12.5],"texture":"#2"},"east":{"uv":[9,11.5,8,12.5],"texture":"#2"},"south":{"uv":[8,11.5,9,12.5],"texture":"#2"},"west":{"uv":[9,11.5,8,12.5],"texture":"#2"},"up":{"uv":[10.5,12.5,9.5,11.5],"texture":"#2"},"down":{"uv":[12,11.5,11,12.5],"texture":"#2"}}},{"from":[6.25,17.75,6.25],"to":[9.75,20.25,9.75],"rotation":{"angle":0,"axis":"y","origin":[7.5,8,6.5]},"faces":{"north":{"uv":[10.5,0,12,1],"texture":"#2","tintindex":0},"east":{"uv":[10.5,0,12,1],"texture":"#2","tintindex":0},"south":{"uv":[10.5,0,12,1],"texture":"#2","tintindex":0},"west":{"uv":[10.5,0,12,1],"texture":"#2","tintindex":0}}},{"from":[7,18,5.2],"to":[9,20,6.2],"rotation":{"angle":0,"axis":"y","origin":[7,8,6.2]},"faces":{"north":{"uv":[5,11,6,12],"texture":"#2","tintindex":0},"east":{"uv":[12,4,12.5,5],"texture":"#2","tintindex":0},"south":{"uv":[6.5,11,7.5,12],"texture":"#2","tintindex":0},"west":{"uv":[12,5.5,12.5,6.5],"texture":"#2","tintindex":0},"up":{"uv":[13,9.5,12,9],"texture":"#2","tintindex":0},"down":{"uv":[13,10,12,10.5],"texture":"#2","tintindex":0}}},{"from":[9,18,5.2],"to":[12,21,7.2],"rotation":{"angle":22.5,"axis":"y","origin":[9,19.5,5.2]},"faces":{"north":{"uv":[6,9,7.5,10.5],"texture":"#2","tintindex":0},"east":{"uv":[2,7,3,8.5],"texture":"#2","tintindex":0},"south":{"uv":[8,9.5,9.5,11],"texture":"#2","tintindex":0},"west":{"uv":[10.5,1.5,11.5,3],"texture":"#2","tintindex":0},"up":{"uv":[12,8.5,10.5,7.5],"texture":"#2","tintindex":0},"down":{"uv":[3,11,1.5,12],"texture":"#2","tintindex":0}}},{"from":[8,14,5.7],"to":[10,18,5.7],"rotation":{"angle":22.5,"axis":"z","origin":[8,18,5.7]},"faces":{"north":{"uv":[0,10.5,1,12.5],"texture":"#2","tintindex":0},"south":{"uv":[0,10.5,1,12.5],"texture":"#2","tintindex":0}}},{"from":[4,18,5.2],"to":[7,21,7.2],"rotation":{"angle":-22.5,"axis":"y","origin":[7,19.5,5.2]},"faces":{"north":{"uv":[7.5,9,6,10.5],"texture":"#2","tintindex":0},"east":{"uv":[11.5,1.5,10.5,3],"texture":"#2","tintindex":0},"south":{"uv":[9.5,9.5,8,11],"texture":"#2","tintindex":0},"west":{"uv":[3,7,2,8.5],"texture":"#2","tintindex":0},"up":{"uv":[10.5,8.5,12,7.5],"texture":"#2","tintindex":0},"down":{"uv":[1.5,11,3,12],"texture":"#2","tintindex":0}}},{"from":[6,14,5.7],"to":[8,18,5.7],"rotation":{"angle":-22.5,"axis":"z","origin":[8,18,5.7]},"faces":{"north":{"uv":[1,10.5,0,12.5],"texture":"#2","tintindex":0},"south":{"uv":[1,10.5,0,12.5],"texture":"#2","tintindex":0}}}],"gui_light":"front","display":{"thirdperson_righthand":{"rotation":[60,10,-15],"translation":[0,0,-1]},"thirdperson_lefthand":{"rotation":[60,10,-15],"translation":[0,0,-1]},"firstperson_righthand":{"rotation":[0,120,0],"translation":[0,2.75,0],"scale":[0.3,0.3,0.3]},"firstperson_lefthand":{"rotation":[0,120,0],"translation":[0,2.75,80],"scale":[0.3,0.3,0.3]},"ground":{"rotation":[0,0,45],"translation":[0,10,0],"scale":[0.3,0.3,0.3]},"gui":{"rotation":[-25,160,50],"translation":[-1.75,-1.75,0],"scale":[0.6,0.6,0.6]},"fixed":{"rotation":[0,0,45],"translation":[2.5,-2.5,-1.75]}},"groups":[{"name":"group","origin":[7.5,-12,6.5],"color":0,"children":[0,1,2,3,4,5,6,{"name":"group","origin":[8,17,5.7],"color":0,"children":[7,8,9,10,11,12]}]}],"mcmodels":"831650684653c489f7cd3893f5cbb7f1"}