{"format_version":"1.9.0","credit":"Made with Blockbench","texture_size":[64,64],"textures":{"4":"cosmetics:cosmetics/worncosmetic/christmas25/nutcracker_drum"},"elements":[{"from":[10.74,5.30864,13.14834],"to":[12.74,13.30864,15.14834],"rotation":{"angle":22.5,"axis":"x","origin":[15.6,11.30864,15.14834]},"faces":{"north":{"uv":[3,9,3.5,11],"texture":"#4"},"east":{"uv":[3.75,9,4.25,11],"texture":"#4"},"south":{"uv":[4.5,9,5,11],"texture":"#4"},"west":{"uv":[5.25,10.5,5.75,12.5],"texture":"#4"},"up":{"uv":[11.5,2.5,11,2],"texture":"#4"},"down":{"uv":[11.5,2.75,11,3.25],"texture":"#4"}}},{"from":[10.74,7.30864,15.14834],"to":[12.74,13.30864,20.14834],"rotation":{"angle":22.5,"axis":"x","origin":[15.6,11.30864,15.14834]},"faces":{"east":{"uv":[0,9,1.25,10.5],"texture":"#4"},"south":{"uv":[6,10.5,6.5,12],"texture":"#4"},"west":{"uv":[1.5,9,2.75,10.5],"texture":"#4"},"up":{"uv":[7.25,11.75,6.75,10.5],"texture":"#4"},"down":{"uv":[8,10.5,7.5,11.75],"texture":"#4"}}},{"from":[3.26,5.30864,13.14834],"to":[5.26,13.30864,15.14834],"rotation":{"angle":22.5,"axis":"x","origin":[0.4,11.30864,15.14834]},"faces":{"north":{"uv":[3.5,9,3,11],"texture":"#4"},"east":{"uv":[5.75,10.5,5.25,12.5],"texture":"#4"},"south":{"uv":[5,9,4.5,11],"texture":"#4"},"west":{"uv":[4.25,9,3.75,11],"texture":"#4"},"up":{"uv":[11,2.5,11.5,2],"texture":"#4"},"down":{"uv":[11,2.75,11.5,3.25],"texture":"#4"}}},{"from":[3.26,7.30864,15.14834],"to":[5.26,13.30864,20.14834],"rotation":{"angle":22.5,"axis":"x","origin":[0.4,11.30864,15.14834]},"faces":{"east":{"uv":[2.75,9,1.5,10.5],"texture":"#4"},"south":{"uv":[6.5,10.5,6,12],"texture":"#4"},"west":{"uv":[1.25,9,0,10.5],"texture":"#4"},"up":{"uv":[6.75,11.75,7.25,10.5],"texture":"#4"},"down":{"uv":[7.5,10.5,8,11.75],"texture":"#4"}}},{"from":[3,0.6,3],"to":[13,6.6,13],"rotation":{"angle":0,"axis":"y","origin":[5,0.6,8]},"faces":{"north":{"uv":[0,5.5,2.5,7],"texture":"#4","tintindex":0},"east":{"uv":[5.5,0,8,1.5],"texture":"#4","tintindex":0},"south":{"uv":[5.5,1.75,8,3.25],"texture":"#4","tintindex":0},"west":{"uv":[2.75,5.5,5.25,7],"texture":"#4","tintindex":0}}},{"from":[2.75,0.35,2.75],"to":[13.25,6.85,13.25],"rotation":{"angle":0,"axis":"y","origin":[5,0.6,8]},"faces":{"north":{"uv":[5.5,3.5,8,5],"texture":"#4"},"east":{"uv":[5.5,5.25,8,6.75],"texture":"#4"},"south":{"uv":[5.5,7,8,8.5],"texture":"#4"},"west":{"uv":[0,7.25,2.5,8.75],"texture":"#4"},"up":{"uv":[2.5,2.5,0,0],"texture":"#4"},"down":{"uv":[2.5,2.75,0,5.25],"texture":"#4"}}},{"from":[2.7,0.3,2.7],"to":[13.3,6.9,13.3],"rotation":{"angle":0,"axis":"y","origin":[5,0.6,8]},"faces":{"north":{"uv":[2.75,7.25,5.25,8.75],"texture":"#4","tintindex":0},"east":{"uv":[8.25,0,10.75,1.5],"texture":"#4","tintindex":0},"south":{"uv":[8.25,1.75,10.75,3.25],"texture":"#4","tintindex":0},"west":{"uv":[8.25,3.5,10.75,5],"texture":"#4","tintindex":0}}},{"from":[2.4,0,2.4],"to":[13.6,7.2,13.6],"rotation":{"angle":0,"axis":"y","origin":[5,0.6,8]},"faces":{"north":{"uv":[8.25,5.25,10.75,6.75],"texture":"#4"},"east":{"uv":[8.25,7,10.75,8.5],"texture":"#4"},"south":{"uv":[5.5,8.75,8,10.25],"texture":"#4"},"west":{"uv":[8.25,8.75,10.75,10.25],"texture":"#4"},"up":{"uv":[5.25,2.5,2.75,0],"texture":"#4"},"down":{"uv":[5.25,2.75,2.75,5.25],"texture":"#4"}}},{"from":[11.5,7.2,8],"to":[16.5,8.2,9],"rotation":{"angle":0,"axis":"y","origin":[12,7.7,8.5]},"faces":{"north":{"uv":[8.25,10.5,9.5,10.75],"texture":"#4"},"east":{"uv":[11,11,11.25,11.25],"texture":"#4"},"south":{"uv":[9.75,10.5,11,10.75],"texture":"#4"},"west":{"uv":[10.5,11,10.75,11.25],"texture":"#4"},"up":{"uv":[0.25,12,0,10.75],"rotation":270,"texture":"#4"},"down":{"uv":[0.75,10.75,0.5,12],"rotation":90,"texture":"#4"}}},{"from":[9.5,6.7,7.5],"to":[11.5,8.7,9.5],"rotation":{"angle":0,"axis":"y","origin":[12,7.7,8.5]},"faces":{"north":{"uv":[11,4.25,11.5,4.75],"texture":"#4"},"east":{"uv":[11,5,11.5,5.5],"texture":"#4"},"south":{"uv":[11,5.75,11.5,6.25],"texture":"#4"},"west":{"uv":[11,3.5,11.5,4],"texture":"#4"},"up":{"uv":[11.5,7,11,6.5],"rotation":270,"texture":"#4"},"down":{"uv":[11.5,7.25,11,7.75],"rotation":90,"texture":"#4"}}},{"from":[11.5,7.7,8],"to":[16.5,8.7,9],"rotation":{"angle":-22.5,"axis":"z","origin":[12,8.2,8.5]},"faces":{"north":{"uv":[1,10.75,2.25,11],"texture":"#4"},"east":{"uv":[1.5,11.25,1.75,11.5],"texture":"#4"},"south":{"uv":[11,0,12.25,0.25],"texture":"#4"},"west":{"uv":[1,11.25,1.25,11.5],"texture":"#4"},"up":{"uv":[2.75,12,2.5,10.75],"rotation":270,"texture":"#4"},"down":{"uv":[11.25,0.5,11,1.75],"rotation":90,"texture":"#4"}}},{"from":[9.5,7.2,7.5],"to":[11.5,9.2,9.5],"rotation":{"angle":-22.5,"axis":"z","origin":[12,8.2,8.5]},"faces":{"north":{"uv":[8.25,11,8.75,11.5],"texture":"#4"},"east":{"uv":[11,8.75,11.5,9.25],"texture":"#4"},"south":{"uv":[9,11,9.5,11.5],"texture":"#4"},"west":{"uv":[11,8,11.5,8.5],"texture":"#4"},"up":{"uv":[11.5,10,11,9.5],"rotation":270,"texture":"#4"},"down":{"uv":[10.25,11,9.75,11.5],"rotation":90,"texture":"#4"}}},{"from":[-0.5,7.2,8],"to":[4.5,8.2,9],"rotation":{"angle":0,"axis":"y","origin":[4,7.7,8.5]},"faces":{"north":{"uv":[9.5,10.5,8.25,10.75],"texture":"#4"},"east":{"uv":[10.75,11,10.5,11.25],"texture":"#4"},"south":{"uv":[11,10.5,9.75,10.75],"texture":"#4"},"west":{"uv":[11.25,11,11,11.25],"texture":"#4"},"up":{"uv":[0,12,0.25,10.75],"rotation":90,"texture":"#4"},"down":{"uv":[0.5,10.75,0.75,12],"rotation":270,"texture":"#4"}}},{"from":[4.5,6.7,7.5],"to":[6.5,8.7,9.5],"rotation":{"angle":0,"axis":"y","origin":[4,7.7,8.5]},"faces":{"north":{"uv":[11.5,4.25,11,4.75],"texture":"#4"},"east":{"uv":[11.5,3.5,11,4],"texture":"#4"},"south":{"uv":[11.5,5.75,11,6.25],"texture":"#4"},"west":{"uv":[11.5,5,11,5.5],"texture":"#4"},"up":{"uv":[11,7,11.5,6.5],"rotation":90,"texture":"#4"},"down":{"uv":[11,7.25,11.5,7.75],"rotation":270,"texture":"#4"}}},{"from":[-0.5,7.7,8],"to":[4.5,8.7,9],"rotation":{"angle":22.5,"axis":"z","origin":[4,8.2,8.5]},"faces":{"north":{"uv":[2.25,10.75,1,11],"texture":"#4"},"east":{"uv":[1.25,11.25,1,11.5],"texture":"#4"},"south":{"uv":[12.25,0,11,0.25],"texture":"#4"},"west":{"uv":[1.75,11.25,1.5,11.5],"texture":"#4"},"up":{"uv":[2.5,12,2.75,10.75],"rotation":90,"texture":"#4"},"down":{"uv":[11,0.5,11.25,1.75],"rotation":270,"texture":"#4"}}},{"from":[4.5,7.2,7.5],"to":[6.5,9.2,9.5],"rotation":{"angle":22.5,"axis":"z","origin":[4,8.2,8.5]},"faces":{"north":{"uv":[8.75,11,8.25,11.5],"texture":"#4"},"east":{"uv":[11.5,8,11,8.5],"texture":"#4"},"south":{"uv":[9.5,11,9,11.5],"texture":"#4"},"west":{"uv":[11.5,8.75,11,9.25],"texture":"#4"},"up":{"uv":[11,10,11.5,9.5],"rotation":90,"texture":"#4"},"down":{"uv":[9.75,11,10.25,11.5],"rotation":270,"texture":"#4"}}}],"gui_light":"front","display":{"thirdperson_righthand":{"rotation":[75,45,0],"translation":[0,2.5,1.5],"scale":[0.3,0.3,0.3]},"thirdperson_lefthand":{"rotation":[75,45,0],"translation":[0,2.5,1.5],"scale":[0.3,0.3,0.3]},"firstperson_righthand":{"rotation":[0,120,0],"translation":[0,2.75,0],"scale":[0.3,0.3,0.3]},"firstperson_lefthand":{"rotation":[0,120,0],"translation":[0,2.75,0],"scale":[0.3,0.3,0.3]},"ground":{"translation":[0,10,0],"scale":[0.3,0.3,0.3]},"gui":{"rotation":[25,135,10],"translation":[-1.25,0.5,0],"scale":[0.7,0.7,0.7]},"head":{"rotation":[-10,0,0],"translation":[0,-64,-13],"scale":[1.6,1.6,1.6]}},"groups":[{"name":"group","origin":[8,8,8],"color":0,"children":[{"name":"group","origin":[8,8,8],"color":0,"children":[{"name":"group","origin":[0,11.30864,13.44834],"color":0,"children":[0,1]},{"name":"group","origin":[0,11.30864,13.44834],"color":0,"children":[2,3]}]},{"name":"group","origin":[5,-0.4,8],"color":0,"children":[{"name":"group","origin":[5,-0.4,8],"color":0,"children":[4,5]},{"name":"group","origin":[5,-0.4,8],"color":0,"children":[6,7]}]},{"name":"group","origin":[8,8,8],"color":0,"children":[{"name":"group","origin":[5,-0.4,8],"color":0,"children":[{"name":"group","origin":[0,0,0],"color":0,"children":[8,9]},{"name":"group","origin":[0,0,0],"color":0,"children":[10,11]}]},{"name":"group","origin":[5,-0.4,8],"color":0,"children":[{"name":"group","origin":[0,0,0],"color":0,"children":[12,13]},{"name":"group","origin":[0,0,0],"color":0,"children":[14,15]}]}]}]}],"mcmodels":"831650684653c489f7cd3893f5cbb7f1"}