{"format_version":"1.9.0","credit":"Made with Blockbench","texture_size":[32,32],"textures":{"1":"cosmetics:cosmetics/worncosmetic/christmas25/winter_knitted_hat","particle":"cosmetics:cosmetics/worncosmetic/christmas25/winter_knitted_hat"},"elements":[{"from":[2,0,2],"to":[14,3,14],"rotation":{"angle":0,"axis":"y","origin":[6,0,8]},"faces":{"north":{"uv":[6.5,8.5,12.5,10],"texture":"#1"},"east":{"uv":[6.5,8.5,12.5,10],"texture":"#1"},"south":{"uv":[6.5,8.5,12.5,10],"texture":"#1"},"west":{"uv":[6.5,8.5,12.5,10],"texture":"#1"},"up":{"uv":[6,6,0,0],"texture":"#1"},"down":{"uv":[6,6.5,0,12.5],"texture":"#1"}}},{"from":[3,3,3],"to":[13,8,13],"rotation":{"angle":0,"axis":"y","origin":[6,3,8]},"faces":{"north":{"uv":[6.5,5.5,11.5,8],"texture":"#1","tintindex":0},"east":{"uv":[6.5,5.5,11.5,8],"texture":"#1","tintindex":0},"south":{"uv":[6.5,5.5,11.5,8],"texture":"#1","tintindex":0},"west":{"uv":[6.5,5.5,11.5,8],"texture":"#1","tintindex":0},"up":{"uv":[11.5,5,6.5,0],"texture":"#1","tintindex":0}}},{"from":[3,6,3],"to":[13,7,13],"rotation":{"angle":0,"axis":"y","origin":[6,3,8]},"faces":{"north":{"uv":[1,13,6,13.5],"texture":"#1"},"east":{"uv":[1,13,6,13.5],"texture":"#1"},"south":{"uv":[1,13,6,13.5],"texture":"#1"},"west":{"uv":[1,13,6,13.5],"texture":"#1"}}},{"from":[6.5,8,6.5],"to":[9.5,11,9.5],"rotation":{"angle":0,"axis":"y","origin":[2.5,8,11.5]},"faces":{"north":{"uv":[11,10.5,12.5,12],"texture":"#1"},"east":{"uv":[11,10.5,12.5,12],"texture":"#1"},"south":{"uv":[11,10.5,12.5,12],"texture":"#1"},"west":{"uv":[11,10.5,12.5,12],"texture":"#1"},"up":{"uv":[13.5,1.5,12,0],"texture":"#1"}}},{"from":[3,-4,4],"to":[3,0,12],"rotation":{"angle":-22.5,"axis":"z","origin":[3,0,8]},"faces":{"east":{"uv":[10.5,10.5,6.5,12.5],"texture":"#1","tintindex":0},"west":{"uv":[6.5,10.5,10.5,12.5],"texture":"#1","tintindex":0}}},{"from":[3,-4,4],"to":[3,0,12],"rotation":{"angle":-22.5,"axis":"z","origin":[3,0,8]},"faces":{"east":{"uv":[10.5,13,6.5,15],"texture":"#1"},"west":{"uv":[6.5,13,10.5,15],"texture":"#1"}}},{"from":[13,-4,4],"to":[13,0,12],"rotation":{"angle":22.5,"axis":"z","origin":[13,0,8]},"faces":{"east":{"uv":[10.5,10.5,6.5,12.5],"texture":"#1","tintindex":0},"west":{"uv":[6.5,10.5,10.5,12.5],"texture":"#1","tintindex":0}}},{"from":[13,-4,4],"to":[13,0,12],"rotation":{"angle":22.5,"axis":"z","origin":[13,0,8]},"faces":{"east":{"uv":[10.5,13,6.5,15],"texture":"#1"},"west":{"uv":[6.5,13,10.5,15],"texture":"#1"}}}],"gui_light":"front","display":{"thirdperson_righthand":{"rotation":[75,45,0],"translation":[0,2.5,1.5],"scale":[0.3,0.3,0.3]},"thirdperson_lefthand":{"rotation":[75,45,0],"translation":[0,2.5,1.5],"scale":[0.3,0.3,0.3]},"firstperson_righthand":{"rotation":[0,120,0],"translation":[0,2.75,0],"scale":[0.3,0.3,0.3]},"firstperson_lefthand":{"rotation":[0,120,0],"translation":[0,2.75,0],"scale":[0.3,0.3,0.3]},"ground":{"translation":[0,10,0],"scale":[0.3,0.3,0.3]},"gui":{"rotation":[5,135,10],"translation":[0.75,4,0],"scale":[0.8,0.8,0.8]},"head":{"rotation":[17.5,0,0],"translation":[0,12.5,3],"scale":[1.6,1.6,1.6]}},"groups":[{"name":"group","origin":[13,0,8],"color":0,"children":[0,1,2,3,{"name":"group","origin":[13,0,8],"color":0,"children":[4,5,6,7]}]}],"mcmodels":"831650684653c489f7cd3893f5cbb7f1"}