{"format_version":"1.9.0","credit":"Made with Blockbench","texture_size":[64,64],"textures":{"0":"cosmetics:cosmetics/worncosmetic/christmas25/winter_leaf","3":"cosmetics:cosmetics/worncosmetic/christmas25/winter_candy_cane_prop","particle":"cosmetics:cosmetics/worncosmetic/christmas25/winter_leaf"},"elements":[{"from":[6.25,7.75,6.25],"to":[9.75,10.25,9.75],"rotation":{"angle":0,"axis":"y","origin":[7.5,4,6.5]},"faces":{"north":{"uv":[8.25,1,9,1.5],"texture":"#3"},"east":{"uv":[8.25,1.75,9,2.25],"texture":"#3"},"south":{"uv":[8.25,2.5,9,3],"texture":"#3"},"west":{"uv":[8.25,3.25,9,3.75],"texture":"#3"}}},{"from":[3,4,10],"to":[9,10,10],"rotation":{"angle":0,"axis":"y","origin":[9,10,10]},"faces":{"north":{"uv":[0,10,6,16],"rotation":180,"texture":"#0"},"south":{"uv":[0,16,6,10],"texture":"#0"}}},{"from":[1,4,6],"to":[7,10,6],"rotation":{"angle":22.5,"axis":"z","origin":[7,10,6]},"faces":{"north":{"uv":[16,6,10,0],"texture":"#0"},"south":{"uv":[16,0,10,6],"rotation":180,"texture":"#0"}}},{"from":[6.5,-3,6.5],"to":[9.5,18,9.5],"rotation":{"angle":0,"axis":"y","origin":[7.5,0,6.5]},"faces":{"north":{"uv":[0,0,0.75,5.25],"texture":"#3","tintindex":0},"east":{"uv":[1,0,1.75,5.25],"texture":"#3","tintindex":0},"south":{"uv":[2,0,2.75,5.25],"texture":"#3","tintindex":0},"west":{"uv":[3,0,3.75,5.25],"texture":"#3","tintindex":0},"up":{"uv":[2.75,8.25,2,7.5],"texture":"#3","tintindex":0},"down":{"uv":[3.75,7.5,3,8.25],"texture":"#3","tintindex":0}}},{"from":[2.5,15,6.5],"to":[6.5,18,9.5],"rotation":{"angle":0,"axis":"y","origin":[4.5,0,6.5]},"faces":{"north":{"uv":[7,0,8,0.75],"texture":"#3","tintindex":0},"south":{"uv":[7,1,8,1.75],"texture":"#3","tintindex":0},"up":{"uv":[8,2.75,7,2],"texture":"#3","tintindex":0},"down":{"uv":[8,3,7,3.75],"texture":"#3","tintindex":0}}},{"from":[-0.5,11,6.5],"to":[2.5,18,9.5],"rotation":{"angle":0,"axis":"y","origin":[0.5,0,6.5]},"faces":{"north":{"uv":[2,5.5,2.75,7.25],"texture":"#3","tintindex":0},"east":{"uv":[3,5.5,3.75,7.25],"texture":"#3","tintindex":0},"south":{"uv":[4,5.5,4.75,7.25],"texture":"#3","tintindex":0},"west":{"uv":[5,5.5,5.75,7.25],"texture":"#3","tintindex":0},"up":{"uv":[4.75,8.25,4,7.5],"texture":"#3","tintindex":0},"down":{"uv":[5.75,7.5,5,8.25],"texture":"#3","tintindex":0}}},{"from":[6.5,-3,6.5],"to":[9.5,18,9.5],"rotation":{"angle":0,"axis":"y","origin":[7.5,0,6.5]},"faces":{"north":{"uv":[4,0,4.75,5.25],"texture":"#3"},"east":{"uv":[5,0,5.75,5.25],"texture":"#3"},"south":{"uv":[0,5.5,0.75,10.75],"texture":"#3"},"west":{"uv":[1,5.5,1.75,10.75],"texture":"#3"},"up":{"uv":[6.75,8.75,6,8],"texture":"#3"},"down":{"uv":[7.75,8,7,8.75],"texture":"#3"}}},{"from":[2.5,15,6.5],"to":[6.5,18,9.5],"rotation":{"angle":0,"axis":"y","origin":[4.5,0,6.5]},"faces":{"north":{"uv":[7,4,8,4.75],"texture":"#3"},"south":{"uv":[7,5,8,5.75],"texture":"#3"},"up":{"uv":[8,6.75,7,6],"texture":"#3"},"down":{"uv":[8,7,7,7.75],"texture":"#3"}}},{"from":[-0.5,11,6.5],"to":[2.5,18,9.5],"rotation":{"angle":0,"axis":"y","origin":[0.5,0,6.5]},"faces":{"north":{"uv":[6,0,6.75,1.75],"texture":"#3"},"east":{"uv":[6,2,6.75,3.75],"texture":"#3"},"south":{"uv":[6,4,6.75,5.75],"texture":"#3"},"west":{"uv":[6,6,6.75,7.75],"texture":"#3"},"up":{"uv":[8.75,8.75,8,8],"texture":"#3"},"down":{"uv":[9,0,8.25,0.75],"texture":"#3"}}}],"gui_light":"front","display":{"thirdperson_righthand":{"rotation":[45,-112.5,0]},"thirdperson_lefthand":{"rotation":[45,67.5,0]},"firstperson_righthand":{"rotation":[0,120,0],"translation":[0,2.75,0],"scale":[0.3,0.3,0.3]},"firstperson_lefthand":{"rotation":[0,120,0],"translation":[0,2.75,80],"scale":[0.3,0.3,0.3]},"ground":{"rotation":[0,0,45],"translation":[0,10,0],"scale":[0.3,0.3,0.3]},"gui":{"rotation":[25,150,30],"translation":[-1.75,0.25,0],"scale":[0.8,0.8,0.8]}},"groups":[{"name":"group","origin":[1.5,0,6.5],"color":0,"children":[{"name":"group","origin":[7,10,6],"color":0,"children":[0,1,2]},{"name":"group","origin":[0.5,0,6.5],"color":0,"children":[3,4,5]},{"name":"group","origin":[0.5,0,6.5],"color":0,"children":[6,7,8]}]}],"mcmodels":"831650684653c489f7cd3893f5cbb7f1"}