{"format_version":"1.9.0","credit":"Made with Blockbench","texture_size":[64,64],"textures":{"3":"cosmetics:cosmetics/worncosmetic/christmas25/winter_scarf"},"elements":[{"from":[7.8,-13.8,6.8],"to":[10.6,-12.2,9.2],"rotation":{"angle":22.5,"axis":"z","origin":[7.8,-13.8,8]},"faces":{"north":{"uv":[4,1.75,5.75,2.75],"texture":"#3","tintindex":0},"east":{"uv":[0,6.5,1.5,7.5],"texture":"#3","tintindex":0},"south":{"uv":[0,5.25,1.75,6.25],"texture":"#3","tintindex":0},"west":{"uv":[6.5,2,8,3],"texture":"#3","tintindex":0},"up":{"uv":[1.75,1.5,0,0],"texture":"#3","tintindex":0},"down":{"uv":[1.75,1.75,0,3.25],"texture":"#3","tintindex":0}}},{"from":[5.396,-13.804,6.796],"to":[7.804,-12.196,9.204],"rotation":{"angle":-22.5,"axis":"z","origin":[7.8,-13.8,8]},"faces":{"north":{"uv":[3.25,6.5,4.75,7.5],"texture":"#3","tintindex":0},"east":{"uv":[6.5,3.25,8,4.25],"texture":"#3","tintindex":0},"south":{"uv":[6.5,6.25,8,7.25],"texture":"#3","tintindex":0},"west":{"uv":[7.25,0,8.75,1],"texture":"#3","tintindex":0},"up":{"uv":[1.5,5,0,3.5],"texture":"#3","tintindex":0},"down":{"uv":[3.25,3.5,1.75,5],"texture":"#3","tintindex":0}}},{"from":[6.4,-16,6.84],"to":[8,-13.2,7.24],"rotation":{"angle":0,"axis":"y","origin":[7.2,-13.2,6.84]},"faces":{"north":{"uv":[2,5.25,3,7],"texture":"#3","tintindex":0},"east":{"uv":[8.25,2.5,8.5,4.25],"texture":"#3","tintindex":0},"south":{"uv":[5.25,3,6.25,4.75],"texture":"#3","tintindex":0},"west":{"uv":[5.25,8.25,5.5,10],"texture":"#3","tintindex":0},"up":{"uv":[5,3.25,4,3],"texture":"#3","tintindex":0},"down":{"uv":[2.75,7.25,1.75,7.5],"texture":"#3","tintindex":0}}},{"from":[8,-16,8.76],"to":[9.6,-13.2,9.16],"rotation":{"angle":-22.5,"axis":"x","origin":[8.8,-13.2,8.76]},"faces":{"north":{"uv":[5.25,3,6.25,4.75],"texture":"#3","tintindex":0},"east":{"uv":[5.25,8.25,5.5,10],"texture":"#3","tintindex":0},"south":{"uv":[2,5.25,3,7],"texture":"#3","tintindex":0},"west":{"uv":[8.25,2.5,8.5,4.25],"texture":"#3","tintindex":0},"up":{"uv":[5,3.25,4,3],"texture":"#3","tintindex":0},"down":{"uv":[2.75,7.5,1.75,7.25],"texture":"#3","tintindex":0}}},{"from":[7.8,-13.8,6.8],"to":[10.6,-12.2,9.2],"rotation":{"angle":22.5,"axis":"z","origin":[7.8,-13.8,8]},"faces":{"north":{"uv":[3.25,5.25,5,6.25],"texture":"#3"},"east":{"uv":[7.25,4.5,8.75,5.5],"texture":"#3"},"south":{"uv":[5.25,5,7,6],"texture":"#3"},"west":{"uv":[6.5,7.5,8,8.5],"texture":"#3"},"up":{"uv":[3.75,1.5,2,0],"texture":"#3"},"down":{"uv":[3.75,1.75,2,3.25],"texture":"#3"}}},{"from":[5.396,-13.804,6.796],"to":[7.804,-12.196,9.204],"rotation":{"angle":-22.5,"axis":"z","origin":[7.8,-13.8,8]},"faces":{"north":{"uv":[0,7.75,1.5,8.75],"texture":"#3"},"east":{"uv":[1.75,7.75,3.25,8.75],"texture":"#3"},"south":{"uv":[3.5,7.75,5,8.75],"texture":"#3"},"west":{"uv":[8.25,1.25,9.75,2.25],"texture":"#3"},"up":{"uv":[5,5,3.5,3.5],"texture":"#3"},"down":{"uv":[5.5,0,4,1.5],"texture":"#3"}}},{"from":[6.4,-16,6.84],"to":[8,-13.2,7.24],"rotation":{"angle":0,"axis":"y","origin":[7.2,-13.2,6.84]},"faces":{"north":{"uv":[6,0,7,1.75],"texture":"#3"},"east":{"uv":[5.75,8.25,6,10],"texture":"#3"},"south":{"uv":[5.25,6.25,6.25,8],"texture":"#3"},"west":{"uv":[8.25,5.75,8.5,7.5],"texture":"#3"},"up":{"uv":[9.25,8,8.25,7.75],"texture":"#3"},"down":{"uv":[9.25,8.25,8.25,8.5],"texture":"#3"}}},{"from":[8,-16,8.76],"to":[9.6,-13.2,9.16],"rotation":{"angle":-22.5,"axis":"x","origin":[8.8,-13.2,8.76]},"faces":{"north":{"uv":[5.25,6.25,6.25,8],"texture":"#3"},"east":{"uv":[8.25,5.75,8.5,7.5],"texture":"#3"},"south":{"uv":[6,0,7,1.75],"texture":"#3"},"west":{"uv":[5.75,8.25,6,10],"texture":"#3"},"up":{"uv":[9.25,8,8.25,7.75],"texture":"#3"},"down":{"uv":[9.25,8.5,8.25,8.25],"texture":"#3"}}}],"gui_light":"front","display":{"thirdperson_righthand":{"rotation":[75,45,0],"translation":[0,2.5,1.5],"scale":[0.3,0.3,0.3]},"thirdperson_lefthand":{"rotation":[75,45,0],"translation":[0,2.5,1.5],"scale":[0.3,0.3,0.3]},"firstperson_righthand":{"rotation":[0,120,0],"translation":[0,2.75,0],"scale":[0.3,0.3,0.3]},"firstperson_lefthand":{"rotation":[0,120,0],"translation":[0,2.75,0],"scale":[0.3,0.3,0.3]},"ground":{"translation":[0,10,0],"scale":[0.3,0.3,0.3]},"gui":{"rotation":[10,-145,-20],"translation":[-15,49.5,0],"scale":[2.6,2.6,2.6]},"head":{"translation":[0.25,-37,0],"scale":[4,4,4]},"fixed":{"translation":[0,10,0]}},"groups":[{"name":"group","origin":[6,-0.5,5.1],"color":0,"children":[{"name":"group","origin":[10,-0.5,9.9],"color":0,"children":[0,1,{"name":"group","origin":[10,-0.5,9.9],"color":0,"children":[2,3]}]},{"name":"group","origin":[10,-0.5,9.9],"color":0,"children":[4,5,{"name":"group","origin":[10,-0.5,9.9],"color":0,"children":[6,7]}]}]}],"mcmodels":"831650684653c489f7cd3893f5cbb7f1"}