{
	"credit": "Made with Blockbench",
	"texture_size": [64, 64],
	"textures": {
		"2": "custom:poison/em_axe"
	},
	"elements": [
		{
			"from": [6.5, 11.05, 1.78839],
			"to": [9.5, 15.05, 5.78839],
			"rotation": {"angle": 45, "axis": "x", "origin": [7.5, 8.875, 8.08839]},
			"faces": {
				"north": {"uv": [6.5, 6.25, 7.25, 7.25], "texture": "#2"},
				"east": {"uv": [5.5, 6.25, 6.5, 7.25], "texture": "#2"},
				"south": {"uv": [8.25, 6.25, 9, 7.25], "texture": "#2"},
				"west": {"uv": [7.25, 6.25, 8.25, 7.25], "texture": "#2"},
				"up": {"uv": [7.25, 6.25, 6.5, 5.25], "texture": "#2"},
				"down": {"uv": [8, 5.25, 7.25, 6.25], "texture": "#2"}
			}
		},
		{
			"from": [6.99, -0.135, 13.99],
			"to": [9.01, 2.885, 17.01],
			"rotation": {"angle": 45, "axis": "x", "origin": [8, 8.875, 8]},
			"faces": {
				"north": {"uv": [9.75, 7.5, 10.25, 8.25], "texture": "#2"},
				"east": {"uv": [9, 7.5, 9.75, 8.25], "texture": "#2"},
				"south": {"uv": [11, 7.5, 11.5, 8.25], "texture": "#2"},
				"west": {"uv": [10.25, 7.5, 11, 8.25], "texture": "#2"},
				"up": {"uv": [10.25, 7.5, 9.75, 6.75], "texture": "#2"},
				"down": {"uv": [10.75, 6.75, 10.25, 7.5], "texture": "#2"}
			}
		},
		{
			"from": [7.49, -2.135, 15.99],
			"to": [8.51, 0.885, 19.01],
			"rotation": {"angle": 45, "axis": "x", "origin": [8.5, 8.875, 8]},
			"faces": {
				"north": {"uv": [10, 5.25, 10.25, 6], "texture": "#2"},
				"east": {"uv": [9.25, 5.25, 10, 6], "texture": "#2"},
				"south": {"uv": [11, 5.25, 11.25, 6], "texture": "#2"},
				"west": {"uv": [10.25, 5.25, 11, 6], "texture": "#2"},
				"up": {"uv": [10.25, 5.25, 10, 4.5], "texture": "#2"},
				"down": {"uv": [10.5, 4.5, 10.25, 5.25], "texture": "#2"}
			}
		},
		{
			"from": [7, -0.5, 7],
			"to": [9, 16.5, 9],
			"rotation": {"angle": 0, "axis": "y", "origin": [9, 3, 8]},
			"faces": {
				"north": {"uv": [0.5, 4.75, 1, 9], "texture": "#2"},
				"east": {"uv": [0, 4.75, 0.5, 9], "texture": "#2"},
				"south": {"uv": [1.5, 4.75, 2, 9], "texture": "#2"},
				"west": {"uv": [1, 4.75, 1.5, 9], "texture": "#2"},
				"up": {"uv": [1, 4.75, 0.5, 4.25], "texture": "#2"},
				"down": {"uv": [1.5, 4.25, 1, 4.75], "texture": "#2"}
			}
		},
		{
			"from": [8, 8.75427, 8.37831],
			"to": [8, 15.75427, 11.37831],
			"rotation": {"angle": -45, "axis": "x", "origin": [8, 12.75427, 11.12831]},
			"faces": {
				"north": {"uv": [0.75, 10, 0.75, 11.75], "texture": "#2"},
				"east": {"uv": [0, 10, 0.75, 11.75], "texture": "#2"},
				"south": {"uv": [1.5, 10, 1.5, 11.75], "texture": "#2"},
				"west": {"uv": [0.75, 10, 1.5, 11.75], "texture": "#2"},
				"up": {"uv": [0.75, 10, 0.75, 9.25], "texture": "#2"},
				"down": {"uv": [0.75, 9.25, 0.75, 10], "texture": "#2"}
			}
		},
		{
			"from": [7.501, 15.00527, 12.12931],
			"to": [8.499, 19.00327, 15.12731],
			"rotation": {"angle": -45, "axis": "x", "origin": [8, 12.75427, 11.12831]},
			"faces": {
				"north": {"uv": [10, 2, 10.25, 3], "texture": "#2"},
				"east": {"uv": [9.25, 2, 10, 3], "texture": "#2"},
				"south": {"uv": [11, 2, 11.25, 3], "texture": "#2"},
				"west": {"uv": [10.25, 2, 11, 3], "texture": "#2"},
				"up": {"uv": [10.25, 2, 10, 1.25], "texture": "#2"},
				"down": {"uv": [10.5, 1.25, 10.25, 2], "texture": "#2"}
			}
		},
		{
			"from": [8, 15.00427, 11.12831],
			"to": [8, 18.00427, 18.12831],
			"rotation": {"angle": -45, "axis": "x", "origin": [8, 12.75427, 11.12831]},
			"faces": {
				"north": {"uv": [4.75, 4.25, 4.75, 5], "texture": "#2"},
				"east": {"uv": [3, 4.25, 4.75, 5], "texture": "#2"},
				"south": {"uv": [6.5, 4.25, 6.5, 5], "texture": "#2"},
				"west": {"uv": [4.75, 4.25, 6.5, 5], "texture": "#2"},
				"up": {"uv": [4.75, 4.25, 4.75, 2.5], "texture": "#2"},
				"down": {"uv": [4.75, 2.5, 4.75, 4.25], "texture": "#2"}
			}
		},
		{
			"from": [7.501, -4.6837, 4.08642],
			"to": [8.499, -1.6857, 8.08442],
			"rotation": {"angle": -22.5, "axis": "x", "origin": [8, 6.3903, 11.83542]},
			"faces": {
				"north": {"uv": [5.5, 8.5, 5.75, 9.25], "texture": "#2"},
				"east": {"uv": [4.5, 8.5, 5.5, 9.25], "texture": "#2"},
				"south": {"uv": [6.75, 8.5, 7, 9.25], "texture": "#2"},
				"west": {"uv": [5.75, 8.5, 6.75, 9.25], "texture": "#2"},
				"up": {"uv": [5.75, 8.5, 5.5, 7.5], "texture": "#2"},
				"down": {"uv": [6, 7.5, 5.75, 8.5], "texture": "#2"}
			}
		},
		{
			"from": [8, -7.6847, 4.08542],
			"to": [8, -0.6847, 7.08542],
			"rotation": {"angle": -22.5, "axis": "x", "origin": [8, 6.3903, 11.83542]},
			"faces": {
				"north": {"uv": [0.75, 10, 0.75, 11.75], "texture": "#2"},
				"east": {"uv": [0, 10, 0.75, 11.75], "texture": "#2"},
				"south": {"uv": [1.5, 10, 1.5, 11.75], "texture": "#2"},
				"west": {"uv": [0.75, 10, 1.5, 11.75], "texture": "#2"},
				"up": {"uv": [0.75, 10, 0.75, 9.25], "texture": "#2"},
				"down": {"uv": [0.75, 9.25, 0.75, 10], "texture": "#2"}
			}
		},
		{
			"from": [7.501, -4.6837, 7.91558],
			"to": [8.499, -1.6857, 11.91358],
			"rotation": {"angle": 22.5, "axis": "x", "origin": [8, 6.3903, 4.16458]},
			"faces": {
				"north": {"uv": [8.25, 8.5, 8.5, 9.25], "texture": "#2"},
				"east": {"uv": [7.25, 8.5, 8.25, 9.25], "texture": "#2"},
				"south": {"uv": [9.5, 8.5, 9.75, 9.25], "texture": "#2"},
				"west": {"uv": [8.5, 8.5, 9.5, 9.25], "texture": "#2"},
				"up": {"uv": [8.5, 8.5, 8.25, 7.5], "texture": "#2"},
				"down": {"uv": [8.75, 7.5, 8.5, 8.5], "texture": "#2"}
			}
		},
		{
			"from": [8, -7.6847, 8.91458],
			"to": [8, -0.6847, 11.91458],
			"rotation": {"angle": 22.5, "axis": "x", "origin": [8, 6.3903, 4.16458]},
			"faces": {
				"north": {"uv": [3, 8.75, 3, 10.5], "texture": "#2"},
				"east": {"uv": [2.25, 8.75, 3, 10.5], "texture": "#2"},
				"south": {"uv": [3.75, 8.75, 3.75, 10.5], "texture": "#2"},
				"west": {"uv": [3, 8.75, 3.75, 10.5], "texture": "#2"},
				"up": {"uv": [3, 8.75, 3, 8], "texture": "#2"},
				"down": {"uv": [3, 8, 3, 8.75], "texture": "#2"}
			}
		},
		{
			"from": [7.501, 11.75527, 8.37931],
			"to": [8.499, 14.75327, 12.37731],
			"rotation": {"angle": -45, "axis": "x", "origin": [8, 12.75427, 11.12831]},
			"faces": {
				"north": {"uv": [5.5, 8.5, 5.75, 9.25], "texture": "#2"},
				"east": {"uv": [4.5, 8.5, 5.5, 9.25], "texture": "#2"},
				"south": {"uv": [6.75, 8.5, 7, 9.25], "texture": "#2"},
				"west": {"uv": [5.75, 8.5, 6.75, 9.25], "texture": "#2"},
				"up": {"uv": [5.75, 8.5, 5.5, 7.5], "texture": "#2"},
				"down": {"uv": [6, 7.5, 5.75, 8.5], "texture": "#2"}
			}
		},
		{
			"from": [7.5, 13.5, 0],
			"to": [8.5, 21.5, 8],
			"rotation": {"angle": 0, "axis": "y", "origin": [7.5, 5, 8]},
			"faces": {
				"north": {"uv": [2, 2, 2.25, 4], "texture": "#2"},
				"east": {"uv": [0, 2, 2, 4], "texture": "#2"},
				"south": {"uv": [4.25, 2, 4.5, 4], "texture": "#2"},
				"west": {"uv": [2.25, 2, 4.25, 4], "texture": "#2"},
				"up": {"uv": [2.25, 2, 2, 0], "texture": "#2"},
				"down": {"uv": [2.5, 0, 2.25, 2], "texture": "#2"}
			}
		},
		{
			"from": [7.51, 7.81, 5.55831],
			"to": [8.49, 12.79, 10.53831],
			"rotation": {"angle": 45, "axis": "x", "origin": [8, 22, 9.57331]},
			"faces": {
				"north": {"uv": [3.5, 6.5, 3.75, 7.75], "texture": "#2"},
				"east": {"uv": [2.25, 6.5, 3.5, 7.75], "texture": "#2"},
				"south": {"uv": [5, 6.5, 5.25, 7.75], "texture": "#2"},
				"west": {"uv": [3.75, 6.5, 5, 7.75], "texture": "#2"},
				"up": {"uv": [3.75, 6.5, 3.5, 5.25], "texture": "#2"},
				"down": {"uv": [4, 5.25, 3.75, 6.5], "texture": "#2"}
			}
		},
		{
			"from": [7.502, 11.802, 1.55031],
			"to": [8.498, 16.798, 6.54631],
			"rotation": {"angle": 45, "axis": "x", "origin": [8, 22, 9.57331]},
			"faces": {
				"north": {"uv": [6.25, 1.25, 6.5, 2.5], "texture": "#2"},
				"east": {"uv": [5, 1.25, 6.25, 2.5], "texture": "#2"},
				"south": {"uv": [7.75, 1.25, 8, 2.5], "texture": "#2"},
				"west": {"uv": [6.5, 1.25, 7.75, 2.5], "texture": "#2"},
				"up": {"uv": [6.5, 1.25, 6.25, 0], "texture": "#2"},
				"down": {"uv": [6.75, 0, 6.5, 1.25], "texture": "#2"}
			}
		},
		{
			"from": [6.5, 1.775, 6.5],
			"to": [9.5, 2.775, 9.5],
			"rotation": {"angle": 0, "axis": "y", "origin": [7.5, 0, 7.5]},
			"faces": {
				"north": {"uv": [7.75, 0.75, 8.5, 1], "texture": "#2"},
				"east": {"uv": [7, 0.75, 7.75, 1], "texture": "#2"},
				"south": {"uv": [9.25, 0.75, 10, 1], "texture": "#2"},
				"west": {"uv": [8.5, 0.75, 9.25, 1], "texture": "#2"},
				"up": {"uv": [8.5, 0.75, 7.75, 0], "texture": "#2"},
				"down": {"uv": [9.25, 0, 8.5, 0.75], "texture": "#2"}
			}
		},
		{
			"from": [6.5, 3.55, 6.5],
			"to": [9.5, 9.55, 9.5],
			"rotation": {"angle": 0, "axis": "y", "origin": [7.5, 0, 7.5]},
			"faces": {
				"north": {"uv": [7.5, 3.5, 8.25, 5], "texture": "#2"},
				"east": {"uv": [6.75, 3.5, 7.5, 5], "texture": "#2"},
				"south": {"uv": [9, 3.5, 9.75, 5], "texture": "#2"},
				"west": {"uv": [8.25, 3.5, 9, 5], "texture": "#2"},
				"up": {"uv": [8.25, 3.5, 7.5, 2.75], "texture": "#2"},
				"down": {"uv": [9, 2.75, 8.25, 3.5], "texture": "#2"}
			}
		},
		{
			"from": [6.5, 10.675, 6.5],
			"to": [9.5, 11.675, 9.5],
			"rotation": {"angle": 0, "axis": "y", "origin": [7.5, 0, 7.5]},
			"faces": {
				"north": {"uv": [3.5, 0.75, 4.25, 1], "texture": "#2"},
				"east": {"uv": [2.75, 0.75, 3.5, 1], "texture": "#2"},
				"south": {"uv": [5, 0.75, 5.75, 1], "texture": "#2"},
				"west": {"uv": [4.25, 0.75, 5, 1], "texture": "#2"},
				"up": {"uv": [4.25, 0.75, 3.5, 0], "texture": "#2"},
				"down": {"uv": [5, 0, 4.25, 0.75], "texture": "#2"}
			}
		}
	],
	"gui_light": "front",
	"display": {
		"thirdperson_righthand": {
			"translation": [0, -0.25, 0],
			"scale": [0.57, 0.57, 0.57]
		},
		"thirdperson_lefthand": {
			"translation": [0, -0.25, 0],
			"scale": [0.57, 0.57, 0.57]
		},
		"firstperson_righthand": {
			"rotation": [20, -11, 1],
			"translation": [2, -2, -2],
			"scale": [0.65, 0.65, 0.65]
		},
		"firstperson_lefthand": {
			"rotation": [20, -11, 1],
			"translation": [2, -2, -2],
			"scale": [0.65, 0.65, 0.65]
		},
		"ground": {
			"rotation": [-45, 0, 0],
			"translation": [0, 4.25, 0],
			"scale": [0.5, 0.5, 0.5]
		},
		"gui": {
			"rotation": [90, -135, 90],
			"translation": [-1, 0, 1.5],
			"scale": [0.48, 0.48, 0.48]
		},
		"head": {
			"rotation": [90, -38, -90],
			"translation": [-1.25, -14, 4.25],
			"scale": [0.88, 0.88, 0.88]
		},
		"fixed": {
			"rotation": [-90, 45, 90],
			"translation": [1, 0.25, -0.25],
			"scale": [0.58, 0.58, 0.58]
		}
	},
	"groups": [
		{
			"name": "group",
			"origin": [8, 3, 8.5],
			"color": 0,
			"children": [0, 1, 2, 3, 4, 5, 6, 7, 8, 9, 10, 11, 12, 13, 14, 15, 16, 17]
		}
	]
}