{
	"credit": "Crowcolors",
	"textures": {
		"0": "item/halloween/fiendskull_chestplate_icon",
		"particle": "item/halloween/fiendskull_chestplate_icon"
	},
	"elements": [
		{
			"name": "fiendskull_chestplate_icon_0",
			"from": [0, 12, 7.75],
			"to": [1.5, 13.5, 8.25],
			"rotation": {"angle": 0, "axis": "y", "origin": [0, 0, 7.75]},
			"faces": {
				"north": {"uv": [1.5, 2.5, 0, 4], "texture": "#0"},
				"east": {"uv": [1, 2.5, 1.5, 4], "texture": "#0"},
				"south": {"uv": [0, 2.5, 1.5, 4], "texture": "#0"},
				"west": {"uv": [0, 2.5, 0.5, 4], "texture": "#0"},
				"up": {"uv": [0, 2.5, 1.5, 3], "texture": "#0"},
				"down": {"uv": [0, 3.5, 1.5, 4], "texture": "#0"}
			}
		},
		{
			"name": "fiendskull_chestplate_icon_1",
			"from": [1.5, 13, 7.75],
			"to": [3, 13.5, 8.25],
			"rotation": {"angle": 0, "axis": "y", "origin": [0, 0, 7.75]},
			"faces": {
				"north": {"uv": [3, 2.5, 1.5, 3], "texture": "#0"},
				"east": {"uv": [2.5, 2.5, 3, 3], "texture": "#0"},
				"south": {"uv": [1.5, 2.5, 3, 3], "texture": "#0"},
				"west": {"uv": [1.5, 2.5, 2, 3], "texture": "#0"},
				"up": {"uv": [1.5, 2.5, 3, 3], "texture": "#0"},
				"down": {"uv": [1.5, 2.5, 3, 3], "texture": "#0"}
			}
		},
		{
			"name": "fiendskull_chestplate_icon_2",
			"from": [6, 12.5, 7.75],
			"to": [10, 13.5, 8.25],
			"rotation": {"angle": 0, "axis": "y", "origin": [0, 0, 7.75]},
			"faces": {
				"north": {"uv": [10, 2.5, 6, 3.5], "texture": "#0"},
				"east": {"uv": [9.5, 2.5, 10, 3.5], "texture": "#0"},
				"south": {"uv": [6, 2.5, 10, 3.5], "texture": "#0"},
				"west": {"uv": [6, 2.5, 6.5, 3.5], "texture": "#0"},
				"up": {"uv": [6, 2.5, 10, 3], "texture": "#0"},
				"down": {"uv": [6, 3, 10, 3.5], "texture": "#0"}
			}
		},
		{
			"name": "fiendskull_chestplate_icon_3",
			"from": [13, 10.5, 7.75],
			"to": [14, 13.5, 8.25],
			"rotation": {"angle": 0, "axis": "y", "origin": [0, 0, 7.75]},
			"faces": {
				"north": {"uv": [14, 2.5, 13, 5.5], "texture": "#0"},
				"east": {"uv": [13.5, 2.5, 14, 5.5], "texture": "#0"},
				"south": {"uv": [13, 2.5, 14, 5.5], "texture": "#0"},
				"west": {"uv": [13, 2.5, 13.5, 5.5], "texture": "#0"},
				"up": {"uv": [13, 2.5, 14, 3], "texture": "#0"},
				"down": {"uv": [13, 5, 14, 5.5], "texture": "#0"}
			}
		},
		{
			"name": "fiendskull_chestplate_icon_4",
			"from": [14, 13, 7.75],
			"to": [16, 13.5, 8.25],
			"rotation": {"angle": 0, "axis": "y", "origin": [0, 0, 7.75]},
			"faces": {
				"north": {"uv": [16, 2.5, 14, 3], "texture": "#0"},
				"east": {"uv": [15.5, 2.5, 16, 3], "texture": "#0"},
				"south": {"uv": [14, 2.5, 16, 3], "texture": "#0"},
				"west": {"uv": [14, 2.5, 14.5, 3], "texture": "#0"},
				"up": {"uv": [14, 2.5, 16, 3], "texture": "#0"},
				"down": {"uv": [14, 2.5, 16, 3], "texture": "#0"}
			}
		},
		{
			"name": "fiendskull_chestplate_icon_5",
			"from": [2, 10.5, 7.75],
			"to": [3, 13, 8.25],
			"rotation": {"angle": 0, "axis": "y", "origin": [0, 0, 7.75]},
			"faces": {
				"north": {"uv": [3, 3, 2, 5.5], "texture": "#0"},
				"east": {"uv": [2.5, 3, 3, 5.5], "texture": "#0"},
				"south": {"uv": [2, 3, 3, 5.5], "texture": "#0"},
				"west": {"uv": [2, 3, 2.5, 5.5], "texture": "#0"},
				"up": {"uv": [2, 3, 3, 3.5], "texture": "#0"},
				"down": {"uv": [2, 5, 3, 5.5], "texture": "#0"}
			}
		},
		{
			"name": "fiendskull_chestplate_icon_6",
			"from": [4, 11.5, 7.75],
			"to": [4.5, 13, 8.25],
			"rotation": {"angle": 0, "axis": "y", "origin": [0, 0, 7.75]},
			"faces": {
				"north": {"uv": [4.5, 3, 4, 4.5], "texture": "#0"},
				"east": {"uv": [4, 3, 4.5, 4.5], "texture": "#0"},
				"south": {"uv": [4, 3, 4.5, 4.5], "texture": "#0"},
				"west": {"uv": [4, 3, 4.5, 4.5], "texture": "#0"},
				"up": {"uv": [4, 3, 4.5, 3.5], "texture": "#0"},
				"down": {"uv": [4, 4, 4.5, 4.5], "texture": "#0"}
			}
		},
		{
			"name": "fiendskull_chestplate_icon_7",
			"from": [11.5, 11.5, 7.75],
			"to": [12, 13, 8.25],
			"rotation": {"angle": 0, "axis": "y", "origin": [0, 0, 7.75]},
			"faces": {
				"north": {"uv": [12, 3, 11.5, 4.5], "texture": "#0"},
				"east": {"uv": [11.5, 3, 12, 4.5], "texture": "#0"},
				"south": {"uv": [11.5, 3, 12, 4.5], "texture": "#0"},
				"west": {"uv": [11.5, 3, 12, 4.5], "texture": "#0"},
				"up": {"uv": [11.5, 3, 12, 3.5], "texture": "#0"},
				"down": {"uv": [11.5, 4, 12, 4.5], "texture": "#0"}
			}
		},
		{
			"name": "fiendskull_chestplate_icon_8",
			"from": [14.5, 12, 7.75],
			"to": [16, 13, 8.25],
			"rotation": {"angle": 0, "axis": "y", "origin": [0, 0, 7.75]},
			"faces": {
				"north": {"uv": [16, 3, 14.5, 4], "texture": "#0"},
				"east": {"uv": [15.5, 3, 16, 4], "texture": "#0"},
				"south": {"uv": [14.5, 3, 16, 4], "texture": "#0"},
				"west": {"uv": [14.5, 3, 15, 4], "texture": "#0"},
				"up": {"uv": [14.5, 3, 16, 3.5], "texture": "#0"},
				"down": {"uv": [14.5, 3.5, 16, 4], "texture": "#0"}
			}
		},
		{
			"name": "fiendskull_chestplate_icon_9",
			"from": [4.5, 11.5, 7.75],
			"to": [7, 12.5, 8.25],
			"rotation": {"angle": 0, "axis": "y", "origin": [0, 0, 7.75]},
			"faces": {
				"north": {"uv": [7, 3.5, 4.5, 4.5], "texture": "#0"},
				"east": {"uv": [6.5, 3.5, 7, 4.5], "texture": "#0"},
				"south": {"uv": [4.5, 3.5, 7, 4.5], "texture": "#0"},
				"west": {"uv": [4.5, 3.5, 5, 4.5], "texture": "#0"},
				"up": {"uv": [4.5, 3.5, 7, 4], "texture": "#0"},
				"down": {"uv": [4.5, 4, 7, 4.5], "texture": "#0"}
			}
		},
		{
			"name": "fiendskull_chestplate_icon_10",
			"from": [9, 11, 7.75],
			"to": [11, 12.5, 8.25],
			"rotation": {"angle": 0, "axis": "y", "origin": [0, 0, 7.75]},
			"faces": {
				"north": {"uv": [11, 3.5, 9, 5], "texture": "#0"},
				"east": {"uv": [10.5, 3.5, 11, 5], "texture": "#0"},
				"south": {"uv": [9, 3.5, 11, 5], "texture": "#0"},
				"west": {"uv": [9, 3.5, 9.5, 5], "texture": "#0"},
				"up": {"uv": [9, 3.5, 11, 4], "texture": "#0"},
				"down": {"uv": [9, 4.5, 11, 5], "texture": "#0"}
			}
		},
		{
			"name": "fiendskull_chestplate_icon_11",
			"from": [11, 11.5, 7.75],
			"to": [11.5, 12.5, 8.25],
			"rotation": {"angle": 0, "axis": "y", "origin": [0, 0, 7.75]},
			"faces": {
				"north": {"uv": [11.5, 3.5, 11, 4.5], "texture": "#0"},
				"east": {"uv": [11, 3.5, 11.5, 4.5], "texture": "#0"},
				"south": {"uv": [11, 3.5, 11.5, 4.5], "texture": "#0"},
				"west": {"uv": [11, 3.5, 11.5, 4.5], "texture": "#0"},
				"up": {"uv": [11, 3.5, 11.5, 4], "texture": "#0"},
				"down": {"uv": [11, 4, 11.5, 4.5], "texture": "#0"}
			}
		},
		{
			"name": "fiendskull_chestplate_icon_12",
			"from": [0.5, 10.5, 7.75],
			"to": [1.5, 12, 8.25],
			"rotation": {"angle": 0, "axis": "y", "origin": [0, 0, 7.75]},
			"faces": {
				"north": {"uv": [1.5, 4, 0.5, 5.5], "texture": "#0"},
				"east": {"uv": [1, 4, 1.5, 5.5], "texture": "#0"},
				"south": {"uv": [0.5, 4, 1.5, 5.5], "texture": "#0"},
				"west": {"uv": [0.5, 4, 1, 5.5], "texture": "#0"},
				"up": {"uv": [0.5, 4, 1.5, 4.5], "texture": "#0"},
				"down": {"uv": [0.5, 5, 1.5, 5.5], "texture": "#0"}
			}
		},
		{
			"name": "fiendskull_chestplate_icon_13",
			"from": [3, 10, 7.75],
			"to": [3.5, 12, 8.25],
			"rotation": {"angle": 0, "axis": "y", "origin": [0, 0, 7.75]},
			"faces": {
				"north": {"uv": [3.5, 4, 3, 6], "texture": "#0"},
				"east": {"uv": [3, 4, 3.5, 6], "texture": "#0"},
				"south": {"uv": [3, 4, 3.5, 6], "texture": "#0"},
				"west": {"uv": [3, 4, 3.5, 6], "texture": "#0"},
				"up": {"uv": [3, 4, 3.5, 4.5], "texture": "#0"},
				"down": {"uv": [3, 5.5, 3.5, 6], "texture": "#0"}
			}
		},
		{
			"name": "fiendskull_chestplate_icon_14",
			"from": [12.5, 10, 7.75],
			"to": [13, 12, 8.25],
			"rotation": {"angle": 0, "axis": "y", "origin": [0, 0, 7.75]},
			"faces": {
				"north": {"uv": [13, 4, 12.5, 6], "texture": "#0"},
				"east": {"uv": [12.5, 4, 13, 6], "texture": "#0"},
				"south": {"uv": [12.5, 4, 13, 6], "texture": "#0"},
				"west": {"uv": [12.5, 4, 13, 6], "texture": "#0"},
				"up": {"uv": [12.5, 4, 13, 4.5], "texture": "#0"},
				"down": {"uv": [12.5, 5.5, 13, 6], "texture": "#0"}
			}
		},
		{
			"name": "fiendskull_chestplate_icon_15",
			"from": [14.5, 10.5, 7.75],
			"to": [15.5, 12, 8.25],
			"rotation": {"angle": 0, "axis": "y", "origin": [0, 0, 7.75]},
			"faces": {
				"north": {"uv": [15.5, 4, 14.5, 5.5], "texture": "#0"},
				"east": {"uv": [15, 4, 15.5, 5.5], "texture": "#0"},
				"south": {"uv": [14.5, 4, 15.5, 5.5], "texture": "#0"},
				"west": {"uv": [14.5, 4, 15, 5.5], "texture": "#0"},
				"up": {"uv": [14.5, 4, 15.5, 4.5], "texture": "#0"},
				"down": {"uv": [14.5, 5, 15.5, 5.5], "texture": "#0"}
			}
		},
		{
			"name": "fiendskull_chestplate_icon_16",
			"from": [5, 10.5, 7.75],
			"to": [6, 11.5, 8.25],
			"rotation": {"angle": 0, "axis": "y", "origin": [0, 0, 7.75]},
			"faces": {
				"north": {"uv": [6, 4.5, 5, 5.5], "texture": "#0"},
				"east": {"uv": [5.5, 4.5, 6, 5.5], "texture": "#0"},
				"south": {"uv": [5, 4.5, 6, 5.5], "texture": "#0"},
				"west": {"uv": [5, 4.5, 5.5, 5.5], "texture": "#0"},
				"up": {"uv": [5, 4.5, 6, 5], "texture": "#0"},
				"down": {"uv": [5, 5, 6, 5.5], "texture": "#0"}
			}
		},
		{
			"name": "fiendskull_chestplate_icon_17",
			"from": [6, 11, 7.75],
			"to": [7.5, 11.5, 8.25],
			"rotation": {"angle": 0, "axis": "y", "origin": [0, 0, 7.75]},
			"faces": {
				"north": {"uv": [7.5, 4.5, 6, 5], "texture": "#0"},
				"east": {"uv": [7, 4.5, 7.5, 5], "texture": "#0"},
				"south": {"uv": [6, 4.5, 7.5, 5], "texture": "#0"},
				"west": {"uv": [6, 4.5, 6.5, 5], "texture": "#0"},
				"up": {"uv": [6, 4.5, 7.5, 5], "texture": "#0"},
				"down": {"uv": [6, 4.5, 7.5, 5], "texture": "#0"}
			}
		},
		{
			"name": "fiendskull_chestplate_icon_18",
			"from": [8.5, 11, 7.75],
			"to": [9, 11.5, 8.25],
			"rotation": {"angle": 0, "axis": "y", "origin": [0, 0, 7.75]},
			"faces": {
				"north": {"uv": [9, 4.5, 8.5, 5], "texture": "#0"},
				"east": {"uv": [8.5, 4.5, 9, 5], "texture": "#0"},
				"south": {"uv": [8.5, 4.5, 9, 5], "texture": "#0"},
				"west": {"uv": [8.5, 4.5, 9, 5], "texture": "#0"},
				"up": {"uv": [8.5, 4.5, 9, 5], "texture": "#0"},
				"down": {"uv": [8.5, 4.5, 9, 5], "texture": "#0"}
			}
		},
		{
			"name": "fiendskull_chestplate_icon_19",
			"from": [1.5, 8, 7.75],
			"to": [2, 11, 8.25],
			"rotation": {"angle": 0, "axis": "y", "origin": [0, 0, 7.75]},
			"faces": {
				"north": {"uv": [2, 5, 1.5, 8], "texture": "#0"},
				"east": {"uv": [1.5, 5, 2, 8], "texture": "#0"},
				"south": {"uv": [1.5, 5, 2, 8], "texture": "#0"},
				"west": {"uv": [1.5, 5, 2, 8], "texture": "#0"},
				"up": {"uv": [1.5, 5, 2, 5.5], "texture": "#0"},
				"down": {"uv": [1.5, 7.5, 2, 8], "texture": "#0"}
			}
		},
		{
			"name": "fiendskull_chestplate_icon_20",
			"from": [3.5, 10, 7.75],
			"to": [4, 11, 8.25],
			"rotation": {"angle": 0, "axis": "y", "origin": [0, 0, 7.75]},
			"faces": {
				"north": {"uv": [4, 5, 3.5, 6], "texture": "#0"},
				"east": {"uv": [3.5, 5, 4, 6], "texture": "#0"},
				"south": {"uv": [3.5, 5, 4, 6], "texture": "#0"},
				"west": {"uv": [3.5, 5, 4, 6], "texture": "#0"},
				"up": {"uv": [3.5, 5, 4, 5.5], "texture": "#0"},
				"down": {"uv": [3.5, 5.5, 4, 6], "texture": "#0"}
			}
		},
		{
			"name": "fiendskull_chestplate_icon_21",
			"from": [4.5, 6.5, 7.75],
			"to": [5, 11, 8.25],
			"rotation": {"angle": 0, "axis": "y", "origin": [0, 0, 7.75]},
			"faces": {
				"north": {"uv": [5, 5, 4.5, 9.5], "texture": "#0"},
				"east": {"uv": [4.5, 5, 5, 9.5], "texture": "#0"},
				"south": {"uv": [4.5, 5, 5, 9.5], "texture": "#0"},
				"west": {"uv": [4.5, 5, 5, 9.5], "texture": "#0"},
				"up": {"uv": [4.5, 5, 5, 5.5], "texture": "#0"},
				"down": {"uv": [4.5, 9, 5, 9.5], "texture": "#0"}
			}
		},
		{
			"name": "fiendskull_chestplate_icon_22",
			"from": [10, 10.5, 7.75],
			"to": [11.5, 11, 8.25],
			"rotation": {"angle": 0, "axis": "y", "origin": [0, 0, 7.75]},
			"faces": {
				"north": {"uv": [11.5, 5, 10, 5.5], "texture": "#0"},
				"east": {"uv": [11, 5, 11.5, 5.5], "texture": "#0"},
				"south": {"uv": [10, 5, 11.5, 5.5], "texture": "#0"},
				"west": {"uv": [10, 5, 10.5, 5.5], "texture": "#0"},
				"up": {"uv": [10, 5, 11.5, 5.5], "texture": "#0"},
				"down": {"uv": [10, 5, 11.5, 5.5], "texture": "#0"}
			}
		},
		{
			"name": "fiendskull_chestplate_icon_23",
			"from": [12, 10, 7.75],
			"to": [12.5, 11, 8.25],
			"rotation": {"angle": 0, "axis": "y", "origin": [0, 0, 7.75]},
			"faces": {
				"north": {"uv": [12.5, 5, 12, 6], "texture": "#0"},
				"east": {"uv": [12, 5, 12.5, 6], "texture": "#0"},
				"south": {"uv": [12, 5, 12.5, 6], "texture": "#0"},
				"west": {"uv": [12, 5, 12.5, 6], "texture": "#0"},
				"up": {"uv": [12, 5, 12.5, 5.5], "texture": "#0"},
				"down": {"uv": [12, 5.5, 12.5, 6], "texture": "#0"}
			}
		},
		{
			"name": "fiendskull_chestplate_icon_24",
			"from": [14, 8, 7.75],
			"to": [14.5, 11, 8.25],
			"rotation": {"angle": 0, "axis": "y", "origin": [0, 0, 7.75]},
			"faces": {
				"north": {"uv": [14.5, 5, 14, 8], "texture": "#0"},
				"east": {"uv": [14, 5, 14.5, 8], "texture": "#0"},
				"south": {"uv": [14, 5, 14.5, 8], "texture": "#0"},
				"west": {"uv": [14, 5, 14.5, 8], "texture": "#0"},
				"up": {"uv": [14, 5, 14.5, 5.5], "texture": "#0"},
				"down": {"uv": [14, 7.5, 14.5, 8], "texture": "#0"}
			}
		},
		{
			"name": "fiendskull_chestplate_icon_25",
			"from": [1, 8.5, 7.75],
			"to": [1.5, 10.5, 8.25],
			"rotation": {"angle": 0, "axis": "y", "origin": [0, 0, 7.75]},
			"faces": {
				"north": {"uv": [1.5, 5.5, 1, 7.5], "texture": "#0"},
				"east": {"uv": [1, 5.5, 1.5, 7.5], "texture": "#0"},
				"south": {"uv": [1, 5.5, 1.5, 7.5], "texture": "#0"},
				"west": {"uv": [1, 5.5, 1.5, 7.5], "texture": "#0"},
				"up": {"uv": [1, 5.5, 1.5, 6], "texture": "#0"},
				"down": {"uv": [1, 7, 1.5, 7.5], "texture": "#0"}
			}
		},
		{
			"name": "fiendskull_chestplate_icon_26",
			"from": [2, 10, 7.75],
			"to": [2.5, 10.5, 8.25],
			"rotation": {"angle": 0, "axis": "y", "origin": [0, 0, 7.75]},
			"faces": {
				"north": {"uv": [2.5, 5.5, 2, 6], "texture": "#0"},
				"east": {"uv": [2, 5.5, 2.5, 6], "texture": "#0"},
				"south": {"uv": [2, 5.5, 2.5, 6], "texture": "#0"},
				"west": {"uv": [2, 5.5, 2.5, 6], "texture": "#0"},
				"up": {"uv": [2, 5.5, 2.5, 6], "texture": "#0"},
				"down": {"uv": [2, 5.5, 2.5, 6], "texture": "#0"}
			}
		},
		{
			"name": "fiendskull_chestplate_icon_27",
			"from": [4, 9, 7.75],
			"to": [4.5, 10.5, 8.25],
			"rotation": {"angle": 0, "axis": "y", "origin": [0, 0, 7.75]},
			"faces": {
				"north": {"uv": [4.5, 5.5, 4, 7], "texture": "#0"},
				"east": {"uv": [4, 5.5, 4.5, 7], "texture": "#0"},
				"south": {"uv": [4, 5.5, 4.5, 7], "texture": "#0"},
				"west": {"uv": [4, 5.5, 4.5, 7], "texture": "#0"},
				"up": {"uv": [4, 5.5, 4.5, 6], "texture": "#0"},
				"down": {"uv": [4, 6.5, 4.5, 7], "texture": "#0"}
			}
		},
		{
			"name": "fiendskull_chestplate_icon_28",
			"from": [5, 2.5, 7.75],
			"to": [5.5, 10.5, 8.25],
			"rotation": {"angle": 0, "axis": "y", "origin": [0, 0, 7.75]},
			"faces": {
				"north": {"uv": [5.5, 5.5, 5, 13.5], "texture": "#0"},
				"east": {"uv": [5, 5.5, 5.5, 13.5], "texture": "#0"},
				"south": {"uv": [5, 5.5, 5.5, 13.5], "texture": "#0"},
				"west": {"uv": [5, 5.5, 5.5, 13.5], "texture": "#0"},
				"up": {"uv": [5, 5.5, 5.5, 6], "texture": "#0"},
				"down": {"uv": [5, 13, 5.5, 13.5], "texture": "#0"}
			}
		},
		{
			"name": "fiendskull_chestplate_icon_29",
			"from": [10.5, 9, 7.75],
			"to": [12, 10.5, 8.25],
			"rotation": {"angle": 0, "axis": "y", "origin": [0, 0, 7.75]},
			"faces": {
				"north": {"uv": [12, 5.5, 10.5, 7], "texture": "#0"},
				"east": {"uv": [11.5, 5.5, 12, 7], "texture": "#0"},
				"south": {"uv": [10.5, 5.5, 12, 7], "texture": "#0"},
				"west": {"uv": [10.5, 5.5, 11, 7], "texture": "#0"},
				"up": {"uv": [10.5, 5.5, 12, 6], "texture": "#0"},
				"down": {"uv": [10.5, 6.5, 12, 7], "texture": "#0"}
			}
		},
		{
			"name": "fiendskull_chestplate_icon_30",
			"from": [13.5, 10, 7.75],
			"to": [14, 10.5, 8.25],
			"rotation": {"angle": 0, "axis": "y", "origin": [0, 0, 7.75]},
			"faces": {
				"north": {"uv": [14, 5.5, 13.5, 6], "texture": "#0"},
				"east": {"uv": [13.5, 5.5, 14, 6], "texture": "#0"},
				"south": {"uv": [13.5, 5.5, 14, 6], "texture": "#0"},
				"west": {"uv": [13.5, 5.5, 14, 6], "texture": "#0"},
				"up": {"uv": [13.5, 5.5, 14, 6], "texture": "#0"},
				"down": {"uv": [13.5, 5.5, 14, 6], "texture": "#0"}
			}
		},
		{
			"name": "fiendskull_chestplate_icon_31",
			"from": [14.5, 8.5, 7.75],
			"to": [15, 10.5, 8.25],
			"rotation": {"angle": 0, "axis": "y", "origin": [0, 0, 7.75]},
			"faces": {
				"north": {"uv": [15, 5.5, 14.5, 7.5], "texture": "#0"},
				"east": {"uv": [14.5, 5.5, 15, 7.5], "texture": "#0"},
				"south": {"uv": [14.5, 5.5, 15, 7.5], "texture": "#0"},
				"west": {"uv": [14.5, 5.5, 15, 7.5], "texture": "#0"},
				"up": {"uv": [14.5, 5.5, 15, 6], "texture": "#0"},
				"down": {"uv": [14.5, 7, 15, 7.5], "texture": "#0"}
			}
		},
		{
			"name": "fiendskull_chestplate_icon_32",
			"from": [0, 9, 7.75],
			"to": [1, 10, 8.25],
			"rotation": {"angle": 0, "axis": "y", "origin": [0, 0, 7.75]},
			"faces": {
				"north": {"uv": [1, 6, 0, 7], "texture": "#0"},
				"east": {"uv": [0.5, 6, 1, 7], "texture": "#0"},
				"south": {"uv": [0, 6, 1, 7], "texture": "#0"},
				"west": {"uv": [0, 6, 0.5, 7], "texture": "#0"},
				"up": {"uv": [0, 6, 1, 6.5], "texture": "#0"},
				"down": {"uv": [0, 6.5, 1, 7], "texture": "#0"}
			}
		},
		{
			"name": "fiendskull_chestplate_icon_33",
			"from": [5.5, 9, 7.75],
			"to": [6.5, 10, 8.25],
			"rotation": {"angle": 0, "axis": "y", "origin": [0, 0, 7.75]},
			"faces": {
				"north": {"uv": [6.5, 6, 5.5, 7], "texture": "#0"},
				"east": {"uv": [6, 6, 6.5, 7], "texture": "#0"},
				"south": {"uv": [5.5, 6, 6.5, 7], "texture": "#0"},
				"west": {"uv": [5.5, 6, 6, 7], "texture": "#0"},
				"up": {"uv": [5.5, 6, 6.5, 6.5], "texture": "#0"},
				"down": {"uv": [5.5, 6.5, 6.5, 7], "texture": "#0"}
			}
		},
		{
			"name": "fiendskull_chestplate_icon_34",
			"from": [9.5, 9, 7.75],
			"to": [10.5, 10, 8.25],
			"rotation": {"angle": 0, "axis": "y", "origin": [0, 0, 7.75]},
			"faces": {
				"north": {"uv": [10.5, 6, 9.5, 7], "texture": "#0"},
				"east": {"uv": [10, 6, 10.5, 7], "texture": "#0"},
				"south": {"uv": [9.5, 6, 10.5, 7], "texture": "#0"},
				"west": {"uv": [9.5, 6, 10, 7], "texture": "#0"},
				"up": {"uv": [9.5, 6, 10.5, 6.5], "texture": "#0"},
				"down": {"uv": [9.5, 6.5, 10.5, 7], "texture": "#0"}
			}
		},
		{
			"name": "fiendskull_chestplate_icon_35",
			"from": [15, 9, 7.75],
			"to": [16, 10, 8.25],
			"rotation": {"angle": 0, "axis": "y", "origin": [0, 0, 7.75]},
			"faces": {
				"north": {"uv": [16, 6, 15, 7], "texture": "#0"},
				"east": {"uv": [15.5, 6, 16, 7], "texture": "#0"},
				"south": {"uv": [15, 6, 16, 7], "texture": "#0"},
				"west": {"uv": [15, 6, 15.5, 7], "texture": "#0"},
				"up": {"uv": [15, 6, 16, 6.5], "texture": "#0"},
				"down": {"uv": [15, 6.5, 16, 7], "texture": "#0"}
			}
		},
		{
			"name": "fiendskull_chestplate_icon_36",
			"from": [6.5, 9, 7.75],
			"to": [7, 9.5, 8.25],
			"rotation": {"angle": 0, "axis": "y", "origin": [0, 0, 7.75]},
			"faces": {
				"north": {"uv": [7, 6.5, 6.5, 7], "texture": "#0"},
				"east": {"uv": [6.5, 6.5, 7, 7], "texture": "#0"},
				"south": {"uv": [6.5, 6.5, 7, 7], "texture": "#0"},
				"west": {"uv": [6.5, 6.5, 7, 7], "texture": "#0"},
				"up": {"uv": [6.5, 6.5, 7, 7], "texture": "#0"},
				"down": {"uv": [6.5, 6.5, 7, 7], "texture": "#0"}
			}
		},
		{
			"name": "fiendskull_chestplate_icon_37",
			"from": [9, 9, 7.75],
			"to": [9.5, 9.5, 8.25],
			"rotation": {"angle": 0, "axis": "y", "origin": [0, 0, 7.75]},
			"faces": {
				"north": {"uv": [9.5, 6.5, 9, 7], "texture": "#0"},
				"east": {"uv": [9, 6.5, 9.5, 7], "texture": "#0"},
				"south": {"uv": [9, 6.5, 9.5, 7], "texture": "#0"},
				"west": {"uv": [9, 6.5, 9.5, 7], "texture": "#0"},
				"up": {"uv": [9, 6.5, 9.5, 7], "texture": "#0"},
				"down": {"uv": [9, 6.5, 9.5, 7], "texture": "#0"}
			}
		},
		{
			"name": "fiendskull_chestplate_icon_38",
			"from": [2, 7.5, 7.75],
			"to": [2.5, 9, 8.25],
			"rotation": {"angle": 0, "axis": "y", "origin": [0, 0, 7.75]},
			"faces": {
				"north": {"uv": [2.5, 7, 2, 8.5], "texture": "#0"},
				"east": {"uv": [2, 7, 2.5, 8.5], "texture": "#0"},
				"south": {"uv": [2, 7, 2.5, 8.5], "texture": "#0"},
				"west": {"uv": [2, 7, 2.5, 8.5], "texture": "#0"},
				"up": {"uv": [2, 7, 2.5, 7.5], "texture": "#0"},
				"down": {"uv": [2, 8, 2.5, 8.5], "texture": "#0"}
			}
		},
		{
			"name": "fiendskull_chestplate_icon_39",
			"from": [10.5, 6.5, 7.75],
			"to": [11.5, 9, 8.25],
			"rotation": {"angle": 0, "axis": "y", "origin": [0, 0, 7.75]},
			"faces": {
				"north": {"uv": [11.5, 7, 10.5, 9.5], "texture": "#0"},
				"east": {"uv": [11, 7, 11.5, 9.5], "texture": "#0"},
				"south": {"uv": [10.5, 7, 11.5, 9.5], "texture": "#0"},
				"west": {"uv": [10.5, 7, 11, 9.5], "texture": "#0"},
				"up": {"uv": [10.5, 7, 11.5, 7.5], "texture": "#0"},
				"down": {"uv": [10.5, 9, 11.5, 9.5], "texture": "#0"}
			}
		},
		{
			"name": "fiendskull_chestplate_icon_40",
			"from": [13.5, 7.5, 7.75],
			"to": [14, 9, 8.25],
			"rotation": {"angle": 0, "axis": "y", "origin": [0, 0, 7.75]},
			"faces": {
				"north": {"uv": [14, 7, 13.5, 8.5], "texture": "#0"},
				"east": {"uv": [13.5, 7, 14, 8.5], "texture": "#0"},
				"south": {"uv": [13.5, 7, 14, 8.5], "texture": "#0"},
				"west": {"uv": [13.5, 7, 14, 8.5], "texture": "#0"},
				"up": {"uv": [13.5, 7, 14, 7.5], "texture": "#0"},
				"down": {"uv": [13.5, 8, 14, 8.5], "texture": "#0"}
			}
		},
		{
			"name": "fiendskull_chestplate_icon_41",
			"from": [4, 7, 7.75],
			"to": [4.5, 8.5, 8.25],
			"rotation": {"angle": 0, "axis": "y", "origin": [0, 0, 7.75]},
			"faces": {
				"north": {"uv": [4.5, 7.5, 4, 9], "texture": "#0"},
				"east": {"uv": [4, 7.5, 4.5, 9], "texture": "#0"},
				"south": {"uv": [4, 7.5, 4.5, 9], "texture": "#0"},
				"west": {"uv": [4, 7.5, 4.5, 9], "texture": "#0"},
				"up": {"uv": [4, 7.5, 4.5, 8], "texture": "#0"},
				"down": {"uv": [4, 8.5, 4.5, 9], "texture": "#0"}
			}
		},
		{
			"name": "fiendskull_chestplate_icon_42",
			"from": [11.5, 7, 7.75],
			"to": [12, 8.5, 8.25],
			"rotation": {"angle": 0, "axis": "y", "origin": [0, 0, 7.75]},
			"faces": {
				"north": {"uv": [12, 7.5, 11.5, 9], "texture": "#0"},
				"east": {"uv": [11.5, 7.5, 12, 9], "texture": "#0"},
				"south": {"uv": [11.5, 7.5, 12, 9], "texture": "#0"},
				"west": {"uv": [11.5, 7.5, 12, 9], "texture": "#0"},
				"up": {"uv": [11.5, 7.5, 12, 8], "texture": "#0"},
				"down": {"uv": [11.5, 8.5, 12, 9], "texture": "#0"}
			}
		},
		{
			"name": "fiendskull_chestplate_icon_43",
			"from": [2.5, 7.5, 7.75],
			"to": [3, 8, 8.25],
			"rotation": {"angle": 0, "axis": "y", "origin": [0, 0, 7.75]},
			"faces": {
				"north": {"uv": [3, 8, 2.5, 8.5], "texture": "#0"},
				"east": {"uv": [2.5, 8, 3, 8.5], "texture": "#0"},
				"south": {"uv": [2.5, 8, 3, 8.5], "texture": "#0"},
				"west": {"uv": [2.5, 8, 3, 8.5], "texture": "#0"},
				"up": {"uv": [2.5, 8, 3, 8.5], "texture": "#0"},
				"down": {"uv": [2.5, 8, 3, 8.5], "texture": "#0"}
			}
		},
		{
			"name": "fiendskull_chestplate_icon_44",
			"from": [5.5, 7, 7.75],
			"to": [6, 8, 8.25],
			"rotation": {"angle": 0, "axis": "y", "origin": [0, 0, 7.75]},
			"faces": {
				"north": {"uv": [6, 8, 5.5, 9], "texture": "#0"},
				"east": {"uv": [5.5, 8, 6, 9], "texture": "#0"},
				"south": {"uv": [5.5, 8, 6, 9], "texture": "#0"},
				"west": {"uv": [5.5, 8, 6, 9], "texture": "#0"},
				"up": {"uv": [5.5, 8, 6, 8.5], "texture": "#0"},
				"down": {"uv": [5.5, 8.5, 6, 9], "texture": "#0"}
			}
		},
		{
			"name": "fiendskull_chestplate_icon_45",
			"from": [10, 7, 7.75],
			"to": [10.5, 8, 8.25],
			"rotation": {"angle": 0, "axis": "y", "origin": [0, 0, 7.75]},
			"faces": {
				"north": {"uv": [10.5, 8, 10, 9], "texture": "#0"},
				"east": {"uv": [10, 8, 10.5, 9], "texture": "#0"},
				"south": {"uv": [10, 8, 10.5, 9], "texture": "#0"},
				"west": {"uv": [10, 8, 10.5, 9], "texture": "#0"},
				"up": {"uv": [10, 8, 10.5, 8.5], "texture": "#0"},
				"down": {"uv": [10, 8.5, 10.5, 9], "texture": "#0"}
			}
		},
		{
			"name": "fiendskull_chestplate_icon_46",
			"from": [13, 7.5, 7.75],
			"to": [13.5, 8, 8.25],
			"rotation": {"angle": 0, "axis": "y", "origin": [0, 0, 7.75]},
			"faces": {
				"north": {"uv": [13.5, 8, 13, 8.5], "texture": "#0"},
				"east": {"uv": [13, 8, 13.5, 8.5], "texture": "#0"},
				"south": {"uv": [13, 8, 13.5, 8.5], "texture": "#0"},
				"west": {"uv": [13, 8, 13.5, 8.5], "texture": "#0"},
				"up": {"uv": [13, 8, 13.5, 8.5], "texture": "#0"},
				"down": {"uv": [13, 8, 13.5, 8.5], "texture": "#0"}
			}
		},
		{
			"name": "fiendskull_chestplate_icon_47",
			"from": [6, 7, 7.75],
			"to": [6.5, 7.5, 8.25],
			"rotation": {"angle": 0, "axis": "y", "origin": [0, 0, 7.75]},
			"faces": {
				"north": {"uv": [6.5, 8.5, 6, 9], "texture": "#0"},
				"east": {"uv": [6, 8.5, 6.5, 9], "texture": "#0"},
				"south": {"uv": [6, 8.5, 6.5, 9], "texture": "#0"},
				"west": {"uv": [6, 8.5, 6.5, 9], "texture": "#0"},
				"up": {"uv": [6, 8.5, 6.5, 9], "texture": "#0"},
				"down": {"uv": [6, 8.5, 6.5, 9], "texture": "#0"}
			}
		},
		{
			"name": "fiendskull_chestplate_icon_48",
			"from": [9.5, 7, 7.75],
			"to": [10, 7.5, 8.25],
			"rotation": {"angle": 0, "axis": "y", "origin": [0, 0, 7.75]},
			"faces": {
				"north": {"uv": [10, 8.5, 9.5, 9], "texture": "#0"},
				"east": {"uv": [9.5, 8.5, 10, 9], "texture": "#0"},
				"south": {"uv": [9.5, 8.5, 10, 9], "texture": "#0"},
				"west": {"uv": [9.5, 8.5, 10, 9], "texture": "#0"},
				"up": {"uv": [9.5, 8.5, 10, 9], "texture": "#0"},
				"down": {"uv": [9.5, 8.5, 10, 9], "texture": "#0"}
			}
		},
		{
			"name": "fiendskull_chestplate_icon_49",
			"from": [5.5, 5, 7.75],
			"to": [6, 6.5, 8.25],
			"rotation": {"angle": 0, "axis": "y", "origin": [0, 0, 7.75]},
			"faces": {
				"north": {"uv": [6, 9.5, 5.5, 11], "texture": "#0"},
				"east": {"uv": [5.5, 9.5, 6, 11], "texture": "#0"},
				"south": {"uv": [5.5, 9.5, 6, 11], "texture": "#0"},
				"west": {"uv": [5.5, 9.5, 6, 11], "texture": "#0"},
				"up": {"uv": [5.5, 9.5, 6, 10], "texture": "#0"},
				"down": {"uv": [5.5, 10.5, 6, 11], "texture": "#0"}
			}
		},
		{
			"name": "fiendskull_chestplate_icon_50",
			"from": [10, 5, 7.75],
			"to": [11, 6.5, 8.25],
			"rotation": {"angle": 0, "axis": "y", "origin": [0, 0, 7.75]},
			"faces": {
				"north": {"uv": [11, 9.5, 10, 11], "texture": "#0"},
				"east": {"uv": [10.5, 9.5, 11, 11], "texture": "#0"},
				"south": {"uv": [10, 9.5, 11, 11], "texture": "#0"},
				"west": {"uv": [10, 9.5, 10.5, 11], "texture": "#0"},
				"up": {"uv": [10, 9.5, 11, 10], "texture": "#0"},
				"down": {"uv": [10, 10.5, 11, 11], "texture": "#0"}
			}
		},
		{
			"name": "fiendskull_chestplate_icon_51",
			"from": [4, 3.5, 7.75],
			"to": [5, 6, 8.25],
			"rotation": {"angle": 0, "axis": "y", "origin": [0, 0, 7.75]},
			"faces": {
				"north": {"uv": [5, 10, 4, 12.5], "texture": "#0"},
				"east": {"uv": [4.5, 10, 5, 12.5], "texture": "#0"},
				"south": {"uv": [4, 10, 5, 12.5], "texture": "#0"},
				"west": {"uv": [4, 10, 4.5, 12.5], "texture": "#0"},
				"up": {"uv": [4, 10, 5, 10.5], "texture": "#0"},
				"down": {"uv": [4, 12, 5, 12.5], "texture": "#0"}
			}
		},
		{
			"name": "fiendskull_chestplate_icon_52",
			"from": [11, 3.5, 7.75],
			"to": [12, 6, 8.25],
			"rotation": {"angle": 0, "axis": "y", "origin": [0, 0, 7.75]},
			"faces": {
				"north": {"uv": [12, 10, 11, 12.5], "texture": "#0"},
				"east": {"uv": [11.5, 10, 12, 12.5], "texture": "#0"},
				"south": {"uv": [11, 10, 12, 12.5], "texture": "#0"},
				"west": {"uv": [11, 10, 11.5, 12.5], "texture": "#0"},
				"up": {"uv": [11, 10, 12, 10.5], "texture": "#0"},
				"down": {"uv": [11, 12, 12, 12.5], "texture": "#0"}
			}
		},
		{
			"name": "fiendskull_chestplate_icon_53",
			"from": [6, 5, 7.75],
			"to": [7, 5.5, 8.25],
			"rotation": {"angle": 0, "axis": "y", "origin": [0, 0, 7.75]},
			"faces": {
				"north": {"uv": [7, 10.5, 6, 11], "texture": "#0"},
				"east": {"uv": [6.5, 10.5, 7, 11], "texture": "#0"},
				"south": {"uv": [6, 10.5, 7, 11], "texture": "#0"},
				"west": {"uv": [6, 10.5, 6.5, 11], "texture": "#0"},
				"up": {"uv": [6, 10.5, 7, 11], "texture": "#0"},
				"down": {"uv": [6, 10.5, 7, 11], "texture": "#0"}
			}
		},
		{
			"name": "fiendskull_chestplate_icon_54",
			"from": [9, 5, 7.75],
			"to": [10, 5.5, 8.25],
			"rotation": {"angle": 0, "axis": "y", "origin": [0, 0, 7.75]},
			"faces": {
				"north": {"uv": [10, 10.5, 9, 11], "texture": "#0"},
				"east": {"uv": [9.5, 10.5, 10, 11], "texture": "#0"},
				"south": {"uv": [9, 10.5, 10, 11], "texture": "#0"},
				"west": {"uv": [9, 10.5, 9.5, 11], "texture": "#0"},
				"up": {"uv": [9, 10.5, 10, 11], "texture": "#0"},
				"down": {"uv": [9, 10.5, 10, 11], "texture": "#0"}
			}
		},
		{
			"name": "fiendskull_chestplate_icon_55",
			"from": [10.5, 2.5, 7.75],
			"to": [11, 5, 8.25],
			"rotation": {"angle": 0, "axis": "y", "origin": [0, 0, 7.75]},
			"faces": {
				"north": {"uv": [11, 11, 10.5, 13.5], "texture": "#0"},
				"east": {"uv": [10.5, 11, 11, 13.5], "texture": "#0"},
				"south": {"uv": [10.5, 11, 11, 13.5], "texture": "#0"},
				"west": {"uv": [10.5, 11, 11, 13.5], "texture": "#0"},
				"up": {"uv": [10.5, 11, 11, 11.5], "texture": "#0"},
				"down": {"uv": [10.5, 13, 11, 13.5], "texture": "#0"}
			}
		},
		{
			"name": "fiendskull_chestplate_icon_56",
			"from": [5.5, 2.5, 7.75],
			"to": [6, 4.5, 8.25],
			"rotation": {"angle": 0, "axis": "y", "origin": [0, 0, 7.75]},
			"faces": {
				"north": {"uv": [6, 11.5, 5.5, 13.5], "texture": "#0"},
				"east": {"uv": [5.5, 11.5, 6, 13.5], "texture": "#0"},
				"south": {"uv": [5.5, 11.5, 6, 13.5], "texture": "#0"},
				"west": {"uv": [5.5, 11.5, 6, 13.5], "texture": "#0"},
				"up": {"uv": [5.5, 11.5, 6, 12], "texture": "#0"},
				"down": {"uv": [5.5, 13, 6, 13.5], "texture": "#0"}
			}
		},
		{
			"name": "fiendskull_chestplate_icon_57",
			"from": [10, 2.5, 7.75],
			"to": [10.5, 4.5, 8.25],
			"rotation": {"angle": 0, "axis": "y", "origin": [0, 0, 7.75]},
			"faces": {
				"north": {"uv": [10.5, 11.5, 10, 13.5], "texture": "#0"},
				"east": {"uv": [10, 11.5, 10.5, 13.5], "texture": "#0"},
				"south": {"uv": [10, 11.5, 10.5, 13.5], "texture": "#0"},
				"west": {"uv": [10, 11.5, 10.5, 13.5], "texture": "#0"},
				"up": {"uv": [10, 11.5, 10.5, 12], "texture": "#0"},
				"down": {"uv": [10, 13, 10.5, 13.5], "texture": "#0"}
			}
		},
		{
			"name": "fiendskull_chestplate_icon_58",
			"from": [4.5, 3, 7.75],
			"to": [5, 3.5, 8.25],
			"rotation": {"angle": 0, "axis": "y", "origin": [0, 0, 7.75]},
			"faces": {
				"north": {"uv": [5, 12.5, 4.5, 13], "texture": "#0"},
				"east": {"uv": [4.5, 12.5, 5, 13], "texture": "#0"},
				"south": {"uv": [4.5, 12.5, 5, 13], "texture": "#0"},
				"west": {"uv": [4.5, 12.5, 5, 13], "texture": "#0"},
				"up": {"uv": [4.5, 12.5, 5, 13], "texture": "#0"},
				"down": {"uv": [4.5, 12.5, 5, 13], "texture": "#0"}
			}
		},
		{
			"name": "fiendskull_chestplate_icon_59",
			"from": [6, 2.5, 7.75],
			"to": [6.5, 3.5, 8.25],
			"rotation": {"angle": 0, "axis": "y", "origin": [0, 0, 7.75]},
			"faces": {
				"north": {"uv": [6.5, 12.5, 6, 13.5], "texture": "#0"},
				"east": {"uv": [6, 12.5, 6.5, 13.5], "texture": "#0"},
				"south": {"uv": [6, 12.5, 6.5, 13.5], "texture": "#0"},
				"west": {"uv": [6, 12.5, 6.5, 13.5], "texture": "#0"},
				"up": {"uv": [6, 12.5, 6.5, 13], "texture": "#0"},
				"down": {"uv": [6, 13, 6.5, 13.5], "texture": "#0"}
			}
		},
		{
			"name": "fiendskull_chestplate_icon_60",
			"from": [9.5, 2.5, 7.75],
			"to": [10, 3.5, 8.25],
			"rotation": {"angle": 0, "axis": "y", "origin": [0, 0, 7.75]},
			"faces": {
				"north": {"uv": [10, 12.5, 9.5, 13.5], "texture": "#0"},
				"east": {"uv": [9.5, 12.5, 10, 13.5], "texture": "#0"},
				"south": {"uv": [9.5, 12.5, 10, 13.5], "texture": "#0"},
				"west": {"uv": [9.5, 12.5, 10, 13.5], "texture": "#0"},
				"up": {"uv": [9.5, 12.5, 10, 13], "texture": "#0"},
				"down": {"uv": [9.5, 13, 10, 13.5], "texture": "#0"}
			}
		},
		{
			"name": "fiendskull_chestplate_icon_61",
			"from": [11, 3, 7.75],
			"to": [11.5, 3.5, 8.25],
			"rotation": {"angle": 0, "axis": "y", "origin": [0, 0, 7.75]},
			"faces": {
				"north": {"uv": [11.5, 12.5, 11, 13], "texture": "#0"},
				"east": {"uv": [11, 12.5, 11.5, 13], "texture": "#0"},
				"south": {"uv": [11, 12.5, 11.5, 13], "texture": "#0"},
				"west": {"uv": [11, 12.5, 11.5, 13], "texture": "#0"},
				"up": {"uv": [11, 12.5, 11.5, 13], "texture": "#0"},
				"down": {"uv": [11, 12.5, 11.5, 13], "texture": "#0"}
			}
		},
		{
			"name": "fiendskull_chestplate_icon_62",
			"from": [6.5, 2.5, 7.75],
			"to": [7, 3, 8.25],
			"rotation": {"angle": 0, "axis": "y", "origin": [0, 0, 7.75]},
			"faces": {
				"north": {"uv": [7, 13, 6.5, 13.5], "texture": "#0"},
				"east": {"uv": [6.5, 13, 7, 13.5], "texture": "#0"},
				"south": {"uv": [6.5, 13, 7, 13.5], "texture": "#0"},
				"west": {"uv": [6.5, 13, 7, 13.5], "texture": "#0"},
				"up": {"uv": [6.5, 13, 7, 13.5], "texture": "#0"},
				"down": {"uv": [6.5, 13, 7, 13.5], "texture": "#0"}
			}
		},
		{
			"name": "fiendskull_chestplate_icon_63",
			"from": [9, 2.5, 7.75],
			"to": [9.5, 3, 8.25],
			"rotation": {"angle": 0, "axis": "y", "origin": [0, 0, 7.75]},
			"faces": {
				"north": {"uv": [9.5, 13, 9, 13.5], "texture": "#0"},
				"east": {"uv": [9, 13, 9.5, 13.5], "texture": "#0"},
				"south": {"uv": [9, 13, 9.5, 13.5], "texture": "#0"},
				"west": {"uv": [9, 13, 9.5, 13.5], "texture": "#0"},
				"up": {"uv": [9, 13, 9.5, 13.5], "texture": "#0"},
				"down": {"uv": [9, 13, 9.5, 13.5], "texture": "#0"}
			}
		}
	],
	"gui_light": "front",
	"display": {
		"thirdperson_righthand": {
			"scale": [0.5, 0.5, 0.5]
		},
		"thirdperson_lefthand": {
			"scale": [0.5, 0.5, 0.5]
		},
		"firstperson_righthand": {
			"scale": [0.5, 0.5, 0.5]
		},
		"firstperson_lefthand": {
			"scale": [0.5, 0.5, 0.5]
		},
		"ground": {
			"scale": [0.5, 0.5, 0.5]
		}
	},
	"groups": [
		{
			"name": "fiendskull_chestplate_icon",
			"origin": [8, 8, 8],
			"color": 0,
			"children": [
				0,
				1,
				2,
				3,
				4,
				5,
				6,
				7,
				8,
				9,
				10,
				11,
				12,
				13,
				14,
				15,
				16,
				17,
				18,
				19,
				20,
				21,
				22,
				23,
				24,
				25,
				26,
				27,
				28,
				29,
				30,
				31,
				32,
				33,
				34,
				35,
				36,
				37,
				38,
				39,
				40,
				41,
				42,
				43,
				44,
				45,
				46,
				47,
				48,
				49,
				50,
				51,
				52,
				53,
				54,
				55,
				56,
				57,
				58,
				59,
				60,
				61,
				62,
				63
			]
		}
	]
}