{
	"credit": "Crowcolors",
	"textures": {
		"0": "item/halloween/fiendskull_helmet_icon",
		"particle": "item/halloween/fiendskull_helmet_icon"
	},
	"elements": [
		{
			"name": "fiendskull_helmet_icon_0",
			"from": [4.5, 4, 7.75],
			"to": [11.5, 12, 8.25],
			"rotation": {"angle": 0, "axis": "y", "origin": [0, 0, 7.75]},
			"faces": {
				"north": {"uv": [11.5, 4, 4.5, 12], "texture": "#0"},
				"east": {"uv": [11, 4, 11.5, 12], "texture": "#0"},
				"south": {"uv": [4.5, 4, 11.5, 12], "texture": "#0"},
				"west": {"uv": [4.5, 4, 5, 12], "texture": "#0"},
				"up": {"uv": [4.5, 4, 11.5, 4.5], "texture": "#0"},
				"down": {"uv": [4.5, 11.5, 11.5, 12], "texture": "#0"}
			}
		},
		{
			"name": "fiendskull_helmet_icon_1",
			"from": [4, 6.5, 7.75],
			"to": [4.5, 11.5, 8.25],
			"rotation": {"angle": 0, "axis": "y", "origin": [0, 0, 7.75]},
			"faces": {
				"north": {"uv": [4.5, 4.5, 4, 9.5], "texture": "#0"},
				"east": {"uv": [4, 4.5, 4.5, 9.5], "texture": "#0"},
				"south": {"uv": [4, 4.5, 4.5, 9.5], "texture": "#0"},
				"west": {"uv": [4, 4.5, 4.5, 9.5], "texture": "#0"},
				"up": {"uv": [4, 4.5, 4.5, 5], "texture": "#0"},
				"down": {"uv": [4, 9, 4.5, 9.5], "texture": "#0"}
			}
		},
		{
			"name": "fiendskull_helmet_icon_2",
			"from": [11.5, 6.5, 7.75],
			"to": [12, 11.5, 8.25],
			"rotation": {"angle": 0, "axis": "y", "origin": [0, 0, 7.75]},
			"faces": {
				"north": {"uv": [12, 4.5, 11.5, 9.5], "texture": "#0"},
				"east": {"uv": [11.5, 4.5, 12, 9.5], "texture": "#0"},
				"south": {"uv": [11.5, 4.5, 12, 9.5], "texture": "#0"},
				"west": {"uv": [11.5, 4.5, 12, 9.5], "texture": "#0"},
				"up": {"uv": [11.5, 4.5, 12, 5], "texture": "#0"},
				"down": {"uv": [11.5, 9, 12, 9.5], "texture": "#0"}
			}
		},
		{
			"name": "fiendskull_helmet_icon_3",
			"from": [4, 4.5, 7.75],
			"to": [4.5, 5.5, 8.25],
			"rotation": {"angle": 0, "axis": "y", "origin": [0, 0, 7.75]},
			"faces": {
				"north": {"uv": [4.5, 10.5, 4, 11.5], "texture": "#0"},
				"east": {"uv": [4, 10.5, 4.5, 11.5], "texture": "#0"},
				"south": {"uv": [4, 10.5, 4.5, 11.5], "texture": "#0"},
				"west": {"uv": [4, 10.5, 4.5, 11.5], "texture": "#0"},
				"up": {"uv": [4, 10.5, 4.5, 11], "texture": "#0"},
				"down": {"uv": [4, 11, 4.5, 11.5], "texture": "#0"}
			}
		},
		{
			"name": "fiendskull_helmet_icon_4",
			"from": [11.5, 4.5, 7.75],
			"to": [12, 5.5, 8.25],
			"rotation": {"angle": 0, "axis": "y", "origin": [0, 0, 7.75]},
			"faces": {
				"north": {"uv": [12, 10.5, 11.5, 11.5], "texture": "#0"},
				"east": {"uv": [11.5, 10.5, 12, 11.5], "texture": "#0"},
				"south": {"uv": [11.5, 10.5, 12, 11.5], "texture": "#0"},
				"west": {"uv": [11.5, 10.5, 12, 11.5], "texture": "#0"},
				"up": {"uv": [11.5, 10.5, 12, 11], "texture": "#0"},
				"down": {"uv": [11.5, 11, 12, 11.5], "texture": "#0"}
			}
		}
	],
	"gui_light": "front",
	"display": {
		"thirdperson_righthand": {
			"scale": [0.5, 0.5, 0.5]
		},
		"thirdperson_lefthand": {
			"scale": [0.5, 0.5, 0.5]
		},
		"firstperson_righthand": {
			"scale": [0.5, 0.5, 0.5]
		},
		"firstperson_lefthand": {
			"scale": [0.5, 0.5, 0.5]
		},
		"ground": {
			"scale": [0.5, 0.5, 0.5]
		}
	},
	"groups": [
		{
			"name": "fiendskull_helmet_icon",
			"origin": [8, 8, 8],
			"color": 0,
			"children": [0, 1, 2, 3, 4]
		}
	]
}