{
	"credit": "Crowcolors",
	"textures": {
		"0": "item/halloween/fiendskull_leggings_icon",
		"particle": "item/halloween/fiendskull_leggings_icon"
	},
	"elements": [
		{
			"name": "fiendskull_leggings_icon_0",
			"from": [6.5, 14, 7.75],
			"to": [7, 16, 8.25],
			"rotation": {"angle": 0, "axis": "y", "origin": [0, 0, 7.75]},
			"faces": {
				"north": {"uv": [7, 0, 6.5, 2], "texture": "#0"},
				"east": {"uv": [6.5, 0, 7, 2], "texture": "#0"},
				"south": {"uv": [6.5, 0, 7, 2], "texture": "#0"},
				"west": {"uv": [6.5, 0, 7, 2], "texture": "#0"},
				"up": {"uv": [6.5, 0, 7, 0.5], "texture": "#0"},
				"down": {"uv": [6.5, 1.5, 7, 2], "texture": "#0"}
			}
		},
		{
			"name": "fiendskull_leggings_icon_1",
			"from": [9, 14, 7.75],
			"to": [9.5, 16, 8.25],
			"rotation": {"angle": 0, "axis": "y", "origin": [0, 0, 7.75]},
			"faces": {
				"north": {"uv": [9.5, 0, 9, 2], "texture": "#0"},
				"east": {"uv": [9, 0, 9.5, 2], "texture": "#0"},
				"south": {"uv": [9, 0, 9.5, 2], "texture": "#0"},
				"west": {"uv": [9, 0, 9.5, 2], "texture": "#0"},
				"up": {"uv": [9, 0, 9.5, 0.5], "texture": "#0"},
				"down": {"uv": [9, 1.5, 9.5, 2], "texture": "#0"}
			}
		},
		{
			"name": "fiendskull_leggings_icon_2",
			"from": [6, 7.5, 7.75],
			"to": [6.5, 15.5, 8.25],
			"rotation": {"angle": 0, "axis": "y", "origin": [0, 0, 7.75]},
			"faces": {
				"north": {"uv": [6.5, 0.5, 6, 8.5], "texture": "#0"},
				"east": {"uv": [6, 0.5, 6.5, 8.5], "texture": "#0"},
				"south": {"uv": [6, 0.5, 6.5, 8.5], "texture": "#0"},
				"west": {"uv": [6, 0.5, 6.5, 8.5], "texture": "#0"},
				"up": {"uv": [6, 0.5, 6.5, 1], "texture": "#0"},
				"down": {"uv": [6, 8, 6.5, 8.5], "texture": "#0"}
			}
		},
		{
			"name": "fiendskull_leggings_icon_3",
			"from": [9.5, 7.5, 7.75],
			"to": [10, 15.5, 8.25],
			"rotation": {"angle": 0, "axis": "y", "origin": [0, 0, 7.75]},
			"faces": {
				"north": {"uv": [10, 0.5, 9.5, 8.5], "texture": "#0"},
				"east": {"uv": [9.5, 0.5, 10, 8.5], "texture": "#0"},
				"south": {"uv": [9.5, 0.5, 10, 8.5], "texture": "#0"},
				"west": {"uv": [9.5, 0.5, 10, 8.5], "texture": "#0"},
				"up": {"uv": [9.5, 0.5, 10, 1], "texture": "#0"},
				"down": {"uv": [9.5, 8, 10, 8.5], "texture": "#0"}
			}
		},
		{
			"name": "fiendskull_leggings_icon_4",
			"from": [5.5, 2.5, 7.75],
			"to": [6, 14.5, 8.25],
			"rotation": {"angle": 0, "axis": "y", "origin": [0, 0, 7.75]},
			"faces": {
				"north": {"uv": [6, 1.5, 5.5, 13.5], "texture": "#0"},
				"east": {"uv": [5.5, 1.5, 6, 13.5], "texture": "#0"},
				"south": {"uv": [5.5, 1.5, 6, 13.5], "texture": "#0"},
				"west": {"uv": [5.5, 1.5, 6, 13.5], "texture": "#0"},
				"up": {"uv": [5.5, 1.5, 6, 2], "texture": "#0"},
				"down": {"uv": [5.5, 13, 6, 13.5], "texture": "#0"}
			}
		},
		{
			"name": "fiendskull_leggings_icon_5",
			"from": [10, 2.5, 7.75],
			"to": [10.5, 14.5, 8.25],
			"rotation": {"angle": 0, "axis": "y", "origin": [0, 0, 7.75]},
			"faces": {
				"north": {"uv": [10.5, 1.5, 10, 13.5], "texture": "#0"},
				"east": {"uv": [10, 1.5, 10.5, 13.5], "texture": "#0"},
				"south": {"uv": [10, 1.5, 10.5, 13.5], "texture": "#0"},
				"west": {"uv": [10, 1.5, 10.5, 13.5], "texture": "#0"},
				"up": {"uv": [10, 1.5, 10.5, 2], "texture": "#0"},
				"down": {"uv": [10, 13, 10.5, 13.5], "texture": "#0"}
			}
		},
		{
			"name": "fiendskull_leggings_icon_6",
			"from": [3.5, 10, 7.75],
			"to": [4, 14, 8.25],
			"rotation": {"angle": 0, "axis": "y", "origin": [0, 0, 7.75]},
			"faces": {
				"north": {"uv": [4, 2, 3.5, 6], "texture": "#0"},
				"east": {"uv": [3.5, 2, 4, 6], "texture": "#0"},
				"south": {"uv": [3.5, 2, 4, 6], "texture": "#0"},
				"west": {"uv": [3.5, 2, 4, 6], "texture": "#0"},
				"up": {"uv": [3.5, 2, 4, 2.5], "texture": "#0"},
				"down": {"uv": [3.5, 5.5, 4, 6], "texture": "#0"}
			}
		},
		{
			"name": "fiendskull_leggings_icon_7",
			"from": [12, 10, 7.75],
			"to": [12.5, 14, 8.25],
			"rotation": {"angle": 0, "axis": "y", "origin": [0, 0, 7.75]},
			"faces": {
				"north": {"uv": [12.5, 2, 12, 6], "texture": "#0"},
				"east": {"uv": [12, 2, 12.5, 6], "texture": "#0"},
				"south": {"uv": [12, 2, 12.5, 6], "texture": "#0"},
				"west": {"uv": [12, 2, 12.5, 6], "texture": "#0"},
				"up": {"uv": [12, 2, 12.5, 2.5], "texture": "#0"},
				"down": {"uv": [12, 5.5, 12.5, 6], "texture": "#0"}
			}
		},
		{
			"name": "fiendskull_leggings_icon_8",
			"from": [4, 10, 7.75],
			"to": [4.5, 13.5, 8.25],
			"rotation": {"angle": 0, "axis": "y", "origin": [0, 0, 7.75]},
			"faces": {
				"north": {"uv": [4.5, 2.5, 4, 6], "texture": "#0"},
				"east": {"uv": [4, 2.5, 4.5, 6], "texture": "#0"},
				"south": {"uv": [4, 2.5, 4.5, 6], "texture": "#0"},
				"west": {"uv": [4, 2.5, 4.5, 6], "texture": "#0"},
				"up": {"uv": [4, 2.5, 4.5, 3], "texture": "#0"},
				"down": {"uv": [4, 5.5, 4.5, 6], "texture": "#0"}
			}
		},
		{
			"name": "fiendskull_leggings_icon_9",
			"from": [11.5, 10, 7.75],
			"to": [12, 13.5, 8.25],
			"rotation": {"angle": 0, "axis": "y", "origin": [0, 0, 7.75]},
			"faces": {
				"north": {"uv": [12, 2.5, 11.5, 6], "texture": "#0"},
				"east": {"uv": [11.5, 2.5, 12, 6], "texture": "#0"},
				"south": {"uv": [11.5, 2.5, 12, 6], "texture": "#0"},
				"west": {"uv": [11.5, 2.5, 12, 6], "texture": "#0"},
				"up": {"uv": [11.5, 2.5, 12, 3], "texture": "#0"},
				"down": {"uv": [11.5, 5.5, 12, 6], "texture": "#0"}
			}
		},
		{
			"name": "fiendskull_leggings_icon_10",
			"from": [4.5, 7.5, 7.75],
			"to": [5, 13, 8.25],
			"rotation": {"angle": 0, "axis": "y", "origin": [0, 0, 7.75]},
			"faces": {
				"north": {"uv": [5, 3, 4.5, 8.5], "texture": "#0"},
				"east": {"uv": [4.5, 3, 5, 8.5], "texture": "#0"},
				"south": {"uv": [4.5, 3, 5, 8.5], "texture": "#0"},
				"west": {"uv": [4.5, 3, 5, 8.5], "texture": "#0"},
				"up": {"uv": [4.5, 3, 5, 3.5], "texture": "#0"},
				"down": {"uv": [4.5, 8, 5, 8.5], "texture": "#0"}
			}
		},
		{
			"name": "fiendskull_leggings_icon_11",
			"from": [7, 10, 7.75],
			"to": [7.5, 13, 8.25],
			"rotation": {"angle": 0, "axis": "y", "origin": [0, 0, 7.75]},
			"faces": {
				"north": {"uv": [7.5, 3, 7, 6], "texture": "#0"},
				"east": {"uv": [7, 3, 7.5, 6], "texture": "#0"},
				"south": {"uv": [7, 3, 7.5, 6], "texture": "#0"},
				"west": {"uv": [7, 3, 7.5, 6], "texture": "#0"},
				"up": {"uv": [7, 3, 7.5, 3.5], "texture": "#0"},
				"down": {"uv": [7, 5.5, 7.5, 6], "texture": "#0"}
			}
		},
		{
			"name": "fiendskull_leggings_icon_12",
			"from": [8.5, 10, 7.75],
			"to": [9, 13, 8.25],
			"rotation": {"angle": 0, "axis": "y", "origin": [0, 0, 7.75]},
			"faces": {
				"north": {"uv": [9, 3, 8.5, 6], "texture": "#0"},
				"east": {"uv": [8.5, 3, 9, 6], "texture": "#0"},
				"south": {"uv": [8.5, 3, 9, 6], "texture": "#0"},
				"west": {"uv": [8.5, 3, 9, 6], "texture": "#0"},
				"up": {"uv": [8.5, 3, 9, 3.5], "texture": "#0"},
				"down": {"uv": [8.5, 5.5, 9, 6], "texture": "#0"}
			}
		},
		{
			"name": "fiendskull_leggings_icon_13",
			"from": [11, 7.5, 7.75],
			"to": [11.5, 13, 8.25],
			"rotation": {"angle": 0, "axis": "y", "origin": [0, 0, 7.75]},
			"faces": {
				"north": {"uv": [11.5, 3, 11, 8.5], "texture": "#0"},
				"east": {"uv": [11, 3, 11.5, 8.5], "texture": "#0"},
				"south": {"uv": [11, 3, 11.5, 8.5], "texture": "#0"},
				"west": {"uv": [11, 3, 11.5, 8.5], "texture": "#0"},
				"up": {"uv": [11, 3, 11.5, 3.5], "texture": "#0"},
				"down": {"uv": [11, 8, 11.5, 8.5], "texture": "#0"}
			}
		},
		{
			"name": "fiendskull_leggings_icon_14",
			"from": [5, 3, 7.75],
			"to": [5.5, 12.5, 8.25],
			"rotation": {"angle": 0, "axis": "y", "origin": [0, 0, 7.75]},
			"faces": {
				"north": {"uv": [5.5, 3.5, 5, 13], "texture": "#0"},
				"east": {"uv": [5, 3.5, 5.5, 13], "texture": "#0"},
				"south": {"uv": [5, 3.5, 5.5, 13], "texture": "#0"},
				"west": {"uv": [5, 3.5, 5.5, 13], "texture": "#0"},
				"up": {"uv": [5, 3.5, 5.5, 4], "texture": "#0"},
				"down": {"uv": [5, 12.5, 5.5, 13], "texture": "#0"}
			}
		},
		{
			"name": "fiendskull_leggings_icon_15",
			"from": [6.5, 10, 7.75],
			"to": [7, 12.5, 8.25],
			"rotation": {"angle": 0, "axis": "y", "origin": [0, 0, 7.75]},
			"faces": {
				"north": {"uv": [7, 3.5, 6.5, 6], "texture": "#0"},
				"east": {"uv": [6.5, 3.5, 7, 6], "texture": "#0"},
				"south": {"uv": [6.5, 3.5, 7, 6], "texture": "#0"},
				"west": {"uv": [6.5, 3.5, 7, 6], "texture": "#0"},
				"up": {"uv": [6.5, 3.5, 7, 4], "texture": "#0"},
				"down": {"uv": [6.5, 5.5, 7, 6], "texture": "#0"}
			}
		},
		{
			"name": "fiendskull_leggings_icon_16",
			"from": [7.5, 11.5, 7.75],
			"to": [8.5, 12.5, 8.25],
			"rotation": {"angle": 0, "axis": "y", "origin": [0, 0, 7.75]},
			"faces": {
				"north": {"uv": [8.5, 3.5, 7.5, 4.5], "texture": "#0"},
				"east": {"uv": [8, 3.5, 8.5, 4.5], "texture": "#0"},
				"south": {"uv": [7.5, 3.5, 8.5, 4.5], "texture": "#0"},
				"west": {"uv": [7.5, 3.5, 8, 4.5], "texture": "#0"},
				"up": {"uv": [7.5, 3.5, 8.5, 4], "texture": "#0"},
				"down": {"uv": [7.5, 4, 8.5, 4.5], "texture": "#0"}
			}
		},
		{
			"name": "fiendskull_leggings_icon_17",
			"from": [9, 10, 7.75],
			"to": [9.5, 12.5, 8.25],
			"rotation": {"angle": 0, "axis": "y", "origin": [0, 0, 7.75]},
			"faces": {
				"north": {"uv": [9.5, 3.5, 9, 6], "texture": "#0"},
				"east": {"uv": [9, 3.5, 9.5, 6], "texture": "#0"},
				"south": {"uv": [9, 3.5, 9.5, 6], "texture": "#0"},
				"west": {"uv": [9, 3.5, 9.5, 6], "texture": "#0"},
				"up": {"uv": [9, 3.5, 9.5, 4], "texture": "#0"},
				"down": {"uv": [9, 5.5, 9.5, 6], "texture": "#0"}
			}
		},
		{
			"name": "fiendskull_leggings_icon_18",
			"from": [10.5, 3, 7.75],
			"to": [11, 12.5, 8.25],
			"rotation": {"angle": 0, "axis": "y", "origin": [0, 0, 7.75]},
			"faces": {
				"north": {"uv": [11, 3.5, 10.5, 13], "texture": "#0"},
				"east": {"uv": [10.5, 3.5, 11, 13], "texture": "#0"},
				"south": {"uv": [10.5, 3.5, 11, 13], "texture": "#0"},
				"west": {"uv": [10.5, 3.5, 11, 13], "texture": "#0"},
				"up": {"uv": [10.5, 3.5, 11, 4], "texture": "#0"},
				"down": {"uv": [10.5, 12.5, 11, 13], "texture": "#0"}
			}
		},
		{
			"name": "fiendskull_leggings_icon_19",
			"from": [4, 7.5, 7.75],
			"to": [4.5, 9, 8.25],
			"rotation": {"angle": 0, "axis": "y", "origin": [0, 0, 7.75]},
			"faces": {
				"north": {"uv": [4.5, 7, 4, 8.5], "texture": "#0"},
				"east": {"uv": [4, 7, 4.5, 8.5], "texture": "#0"},
				"south": {"uv": [4, 7, 4.5, 8.5], "texture": "#0"},
				"west": {"uv": [4, 7, 4.5, 8.5], "texture": "#0"},
				"up": {"uv": [4, 7, 4.5, 7.5], "texture": "#0"},
				"down": {"uv": [4, 8, 4.5, 8.5], "texture": "#0"}
			}
		},
		{
			"name": "fiendskull_leggings_icon_20",
			"from": [6.5, 7.5, 7.75],
			"to": [7, 9, 8.25],
			"rotation": {"angle": 0, "axis": "y", "origin": [0, 0, 7.75]},
			"faces": {
				"north": {"uv": [7, 7, 6.5, 8.5], "texture": "#0"},
				"east": {"uv": [6.5, 7, 7, 8.5], "texture": "#0"},
				"south": {"uv": [6.5, 7, 7, 8.5], "texture": "#0"},
				"west": {"uv": [6.5, 7, 7, 8.5], "texture": "#0"},
				"up": {"uv": [6.5, 7, 7, 7.5], "texture": "#0"},
				"down": {"uv": [6.5, 8, 7, 8.5], "texture": "#0"}
			}
		},
		{
			"name": "fiendskull_leggings_icon_21",
			"from": [9, 7.5, 7.75],
			"to": [9.5, 9, 8.25],
			"rotation": {"angle": 0, "axis": "y", "origin": [0, 0, 7.75]},
			"faces": {
				"north": {"uv": [9.5, 7, 9, 8.5], "texture": "#0"},
				"east": {"uv": [9, 7, 9.5, 8.5], "texture": "#0"},
				"south": {"uv": [9, 7, 9.5, 8.5], "texture": "#0"},
				"west": {"uv": [9, 7, 9.5, 8.5], "texture": "#0"},
				"up": {"uv": [9, 7, 9.5, 7.5], "texture": "#0"},
				"down": {"uv": [9, 8, 9.5, 8.5], "texture": "#0"}
			}
		},
		{
			"name": "fiendskull_leggings_icon_22",
			"from": [11.5, 7.5, 7.75],
			"to": [12, 9, 8.25],
			"rotation": {"angle": 0, "axis": "y", "origin": [0, 0, 7.75]},
			"faces": {
				"north": {"uv": [12, 7, 11.5, 8.5], "texture": "#0"},
				"east": {"uv": [11.5, 7, 12, 8.5], "texture": "#0"},
				"south": {"uv": [11.5, 7, 12, 8.5], "texture": "#0"},
				"west": {"uv": [11.5, 7, 12, 8.5], "texture": "#0"},
				"up": {"uv": [11.5, 7, 12, 7.5], "texture": "#0"},
				"down": {"uv": [11.5, 8, 12, 8.5], "texture": "#0"}
			}
		},
		{
			"name": "fiendskull_leggings_icon_23",
			"from": [3.5, 7.5, 7.75],
			"to": [4, 8.5, 8.25],
			"rotation": {"angle": 0, "axis": "y", "origin": [0, 0, 7.75]},
			"faces": {
				"north": {"uv": [4, 7.5, 3.5, 8.5], "texture": "#0"},
				"east": {"uv": [3.5, 7.5, 4, 8.5], "texture": "#0"},
				"south": {"uv": [3.5, 7.5, 4, 8.5], "texture": "#0"},
				"west": {"uv": [3.5, 7.5, 4, 8.5], "texture": "#0"},
				"up": {"uv": [3.5, 7.5, 4, 8], "texture": "#0"},
				"down": {"uv": [3.5, 8, 4, 8.5], "texture": "#0"}
			}
		},
		{
			"name": "fiendskull_leggings_icon_24",
			"from": [7, 7.5, 7.75],
			"to": [7.5, 8.5, 8.25],
			"rotation": {"angle": 0, "axis": "y", "origin": [0, 0, 7.75]},
			"faces": {
				"north": {"uv": [7.5, 7.5, 7, 8.5], "texture": "#0"},
				"east": {"uv": [7, 7.5, 7.5, 8.5], "texture": "#0"},
				"south": {"uv": [7, 7.5, 7.5, 8.5], "texture": "#0"},
				"west": {"uv": [7, 7.5, 7.5, 8.5], "texture": "#0"},
				"up": {"uv": [7, 7.5, 7.5, 8], "texture": "#0"},
				"down": {"uv": [7, 8, 7.5, 8.5], "texture": "#0"}
			}
		},
		{
			"name": "fiendskull_leggings_icon_25",
			"from": [8.5, 7.5, 7.75],
			"to": [9, 8.5, 8.25],
			"rotation": {"angle": 0, "axis": "y", "origin": [0, 0, 7.75]},
			"faces": {
				"north": {"uv": [9, 7.5, 8.5, 8.5], "texture": "#0"},
				"east": {"uv": [8.5, 7.5, 9, 8.5], "texture": "#0"},
				"south": {"uv": [8.5, 7.5, 9, 8.5], "texture": "#0"},
				"west": {"uv": [8.5, 7.5, 9, 8.5], "texture": "#0"},
				"up": {"uv": [8.5, 7.5, 9, 8], "texture": "#0"},
				"down": {"uv": [8.5, 8, 9, 8.5], "texture": "#0"}
			}
		},
		{
			"name": "fiendskull_leggings_icon_26",
			"from": [12, 7.5, 7.75],
			"to": [12.5, 8.5, 8.25],
			"rotation": {"angle": 0, "axis": "y", "origin": [0, 0, 7.75]},
			"faces": {
				"north": {"uv": [12.5, 7.5, 12, 8.5], "texture": "#0"},
				"east": {"uv": [12, 7.5, 12.5, 8.5], "texture": "#0"},
				"south": {"uv": [12, 7.5, 12.5, 8.5], "texture": "#0"},
				"west": {"uv": [12, 7.5, 12.5, 8.5], "texture": "#0"},
				"up": {"uv": [12, 7.5, 12.5, 8], "texture": "#0"},
				"down": {"uv": [12, 8, 12.5, 8.5], "texture": "#0"}
			}
		},
		{
			"name": "fiendskull_leggings_icon_27",
			"from": [3.5, 5.5, 7.75],
			"to": [5, 6.5, 8.25],
			"rotation": {"angle": 0, "axis": "y", "origin": [0, 0, 7.75]},
			"faces": {
				"north": {"uv": [5, 9.5, 3.5, 10.5], "texture": "#0"},
				"east": {"uv": [4.5, 9.5, 5, 10.5], "texture": "#0"},
				"south": {"uv": [3.5, 9.5, 5, 10.5], "texture": "#0"},
				"west": {"uv": [3.5, 9.5, 4, 10.5], "texture": "#0"},
				"up": {"uv": [3.5, 9.5, 5, 10], "texture": "#0"},
				"down": {"uv": [3.5, 10, 5, 10.5], "texture": "#0"}
			}
		},
		{
			"name": "fiendskull_leggings_icon_28",
			"from": [6, 5.5, 7.75],
			"to": [7.5, 6.5, 8.25],
			"rotation": {"angle": 0, "axis": "y", "origin": [0, 0, 7.75]},
			"faces": {
				"north": {"uv": [7.5, 9.5, 6, 10.5], "texture": "#0"},
				"east": {"uv": [7, 9.5, 7.5, 10.5], "texture": "#0"},
				"south": {"uv": [6, 9.5, 7.5, 10.5], "texture": "#0"},
				"west": {"uv": [6, 9.5, 6.5, 10.5], "texture": "#0"},
				"up": {"uv": [6, 9.5, 7.5, 10], "texture": "#0"},
				"down": {"uv": [6, 10, 7.5, 10.5], "texture": "#0"}
			}
		},
		{
			"name": "fiendskull_leggings_icon_29",
			"from": [8.5, 5.5, 7.75],
			"to": [10, 6.5, 8.25],
			"rotation": {"angle": 0, "axis": "y", "origin": [0, 0, 7.75]},
			"faces": {
				"north": {"uv": [10, 9.5, 8.5, 10.5], "texture": "#0"},
				"east": {"uv": [9.5, 9.5, 10, 10.5], "texture": "#0"},
				"south": {"uv": [8.5, 9.5, 10, 10.5], "texture": "#0"},
				"west": {"uv": [8.5, 9.5, 9, 10.5], "texture": "#0"},
				"up": {"uv": [8.5, 9.5, 10, 10], "texture": "#0"},
				"down": {"uv": [8.5, 10, 10, 10.5], "texture": "#0"}
			}
		},
		{
			"name": "fiendskull_leggings_icon_30",
			"from": [11, 5.5, 7.75],
			"to": [12.5, 6.5, 8.25],
			"rotation": {"angle": 0, "axis": "y", "origin": [0, 0, 7.75]},
			"faces": {
				"north": {"uv": [12.5, 9.5, 11, 10.5], "texture": "#0"},
				"east": {"uv": [12, 9.5, 12.5, 10.5], "texture": "#0"},
				"south": {"uv": [11, 9.5, 12.5, 10.5], "texture": "#0"},
				"west": {"uv": [11, 9.5, 11.5, 10.5], "texture": "#0"},
				"up": {"uv": [11, 9.5, 12.5, 10], "texture": "#0"},
				"down": {"uv": [11, 10, 12.5, 10.5], "texture": "#0"}
			}
		},
		{
			"name": "fiendskull_leggings_icon_31",
			"from": [3.5, 3.5, 7.75],
			"to": [5, 4.5, 8.25],
			"rotation": {"angle": 0, "axis": "y", "origin": [0, 0, 7.75]},
			"faces": {
				"north": {"uv": [5, 11.5, 3.5, 12.5], "texture": "#0"},
				"east": {"uv": [4.5, 11.5, 5, 12.5], "texture": "#0"},
				"south": {"uv": [3.5, 11.5, 5, 12.5], "texture": "#0"},
				"west": {"uv": [3.5, 11.5, 4, 12.5], "texture": "#0"},
				"up": {"uv": [3.5, 11.5, 5, 12], "texture": "#0"},
				"down": {"uv": [3.5, 12, 5, 12.5], "texture": "#0"}
			}
		},
		{
			"name": "fiendskull_leggings_icon_32",
			"from": [6, 3.5, 7.75],
			"to": [7.5, 4.5, 8.25],
			"rotation": {"angle": 0, "axis": "y", "origin": [0, 0, 7.75]},
			"faces": {
				"north": {"uv": [7.5, 11.5, 6, 12.5], "texture": "#0"},
				"east": {"uv": [7, 11.5, 7.5, 12.5], "texture": "#0"},
				"south": {"uv": [6, 11.5, 7.5, 12.5], "texture": "#0"},
				"west": {"uv": [6, 11.5, 6.5, 12.5], "texture": "#0"},
				"up": {"uv": [6, 11.5, 7.5, 12], "texture": "#0"},
				"down": {"uv": [6, 12, 7.5, 12.5], "texture": "#0"}
			}
		},
		{
			"name": "fiendskull_leggings_icon_33",
			"from": [8.5, 3.5, 7.75],
			"to": [10, 4.5, 8.25],
			"rotation": {"angle": 0, "axis": "y", "origin": [0, 0, 7.75]},
			"faces": {
				"north": {"uv": [10, 11.5, 8.5, 12.5], "texture": "#0"},
				"east": {"uv": [9.5, 11.5, 10, 12.5], "texture": "#0"},
				"south": {"uv": [8.5, 11.5, 10, 12.5], "texture": "#0"},
				"west": {"uv": [8.5, 11.5, 9, 12.5], "texture": "#0"},
				"up": {"uv": [8.5, 11.5, 10, 12], "texture": "#0"},
				"down": {"uv": [8.5, 12, 10, 12.5], "texture": "#0"}
			}
		},
		{
			"name": "fiendskull_leggings_icon_34",
			"from": [11, 3.5, 7.75],
			"to": [12.5, 4.5, 8.25],
			"rotation": {"angle": 0, "axis": "y", "origin": [0, 0, 7.75]},
			"faces": {
				"north": {"uv": [12.5, 11.5, 11, 12.5], "texture": "#0"},
				"east": {"uv": [12, 11.5, 12.5, 12.5], "texture": "#0"},
				"south": {"uv": [11, 11.5, 12.5, 12.5], "texture": "#0"},
				"west": {"uv": [11, 11.5, 11.5, 12.5], "texture": "#0"},
				"up": {"uv": [11, 11.5, 12.5, 12], "texture": "#0"},
				"down": {"uv": [11, 12, 12.5, 12.5], "texture": "#0"}
			}
		},
		{
			"name": "fiendskull_leggings_icon_35",
			"from": [4, 1, 7.75],
			"to": [5, 3.5, 8.25],
			"rotation": {"angle": 0, "axis": "y", "origin": [0, 0, 7.75]},
			"faces": {
				"north": {"uv": [5, 12.5, 4, 15], "texture": "#0"},
				"east": {"uv": [4.5, 12.5, 5, 15], "texture": "#0"},
				"south": {"uv": [4, 12.5, 5, 15], "texture": "#0"},
				"west": {"uv": [4, 12.5, 4.5, 15], "texture": "#0"},
				"up": {"uv": [4, 12.5, 5, 13], "texture": "#0"},
				"down": {"uv": [4, 14.5, 5, 15], "texture": "#0"}
			}
		},
		{
			"name": "fiendskull_leggings_icon_36",
			"from": [6, 1, 7.75],
			"to": [7, 3.5, 8.25],
			"rotation": {"angle": 0, "axis": "y", "origin": [0, 0, 7.75]},
			"faces": {
				"north": {"uv": [7, 12.5, 6, 15], "texture": "#0"},
				"east": {"uv": [6.5, 12.5, 7, 15], "texture": "#0"},
				"south": {"uv": [6, 12.5, 7, 15], "texture": "#0"},
				"west": {"uv": [6, 12.5, 6.5, 15], "texture": "#0"},
				"up": {"uv": [6, 12.5, 7, 13], "texture": "#0"},
				"down": {"uv": [6, 14.5, 7, 15], "texture": "#0"}
			}
		},
		{
			"name": "fiendskull_leggings_icon_37",
			"from": [9, 1, 7.75],
			"to": [10, 3.5, 8.25],
			"rotation": {"angle": 0, "axis": "y", "origin": [0, 0, 7.75]},
			"faces": {
				"north": {"uv": [10, 12.5, 9, 15], "texture": "#0"},
				"east": {"uv": [9.5, 12.5, 10, 15], "texture": "#0"},
				"south": {"uv": [9, 12.5, 10, 15], "texture": "#0"},
				"west": {"uv": [9, 12.5, 9.5, 15], "texture": "#0"},
				"up": {"uv": [9, 12.5, 10, 13], "texture": "#0"},
				"down": {"uv": [9, 14.5, 10, 15], "texture": "#0"}
			}
		},
		{
			"name": "fiendskull_leggings_icon_38",
			"from": [11, 1, 7.75],
			"to": [12, 3.5, 8.25],
			"rotation": {"angle": 0, "axis": "y", "origin": [0, 0, 7.75]},
			"faces": {
				"north": {"uv": [12, 12.5, 11, 15], "texture": "#0"},
				"east": {"uv": [11.5, 12.5, 12, 15], "texture": "#0"},
				"south": {"uv": [11, 12.5, 12, 15], "texture": "#0"},
				"west": {"uv": [11, 12.5, 11.5, 15], "texture": "#0"},
				"up": {"uv": [11, 12.5, 12, 13], "texture": "#0"},
				"down": {"uv": [11, 14.5, 12, 15], "texture": "#0"}
			}
		},
		{
			"name": "fiendskull_leggings_icon_39",
			"from": [3.5, 1.5, 7.75],
			"to": [4, 2.5, 8.25],
			"rotation": {"angle": 0, "axis": "y", "origin": [0, 0, 7.75]},
			"faces": {
				"north": {"uv": [4, 13.5, 3.5, 14.5], "texture": "#0"},
				"east": {"uv": [3.5, 13.5, 4, 14.5], "texture": "#0"},
				"south": {"uv": [3.5, 13.5, 4, 14.5], "texture": "#0"},
				"west": {"uv": [3.5, 13.5, 4, 14.5], "texture": "#0"},
				"up": {"uv": [3.5, 13.5, 4, 14], "texture": "#0"},
				"down": {"uv": [3.5, 14, 4, 14.5], "texture": "#0"}
			}
		},
		{
			"name": "fiendskull_leggings_icon_40",
			"from": [7, 1.5, 7.75],
			"to": [7.5, 2.5, 8.25],
			"rotation": {"angle": 0, "axis": "y", "origin": [0, 0, 7.75]},
			"faces": {
				"north": {"uv": [7.5, 13.5, 7, 14.5], "texture": "#0"},
				"east": {"uv": [7, 13.5, 7.5, 14.5], "texture": "#0"},
				"south": {"uv": [7, 13.5, 7.5, 14.5], "texture": "#0"},
				"west": {"uv": [7, 13.5, 7.5, 14.5], "texture": "#0"},
				"up": {"uv": [7, 13.5, 7.5, 14], "texture": "#0"},
				"down": {"uv": [7, 14, 7.5, 14.5], "texture": "#0"}
			}
		},
		{
			"name": "fiendskull_leggings_icon_41",
			"from": [8.5, 1.5, 7.75],
			"to": [9, 2.5, 8.25],
			"rotation": {"angle": 0, "axis": "y", "origin": [0, 0, 7.75]},
			"faces": {
				"north": {"uv": [9, 13.5, 8.5, 14.5], "texture": "#0"},
				"east": {"uv": [8.5, 13.5, 9, 14.5], "texture": "#0"},
				"south": {"uv": [8.5, 13.5, 9, 14.5], "texture": "#0"},
				"west": {"uv": [8.5, 13.5, 9, 14.5], "texture": "#0"},
				"up": {"uv": [8.5, 13.5, 9, 14], "texture": "#0"},
				"down": {"uv": [8.5, 14, 9, 14.5], "texture": "#0"}
			}
		},
		{
			"name": "fiendskull_leggings_icon_42",
			"from": [12, 1.5, 7.75],
			"to": [12.5, 2.5, 8.25],
			"rotation": {"angle": 0, "axis": "y", "origin": [0, 0, 7.75]},
			"faces": {
				"north": {"uv": [12.5, 13.5, 12, 14.5], "texture": "#0"},
				"east": {"uv": [12, 13.5, 12.5, 14.5], "texture": "#0"},
				"south": {"uv": [12, 13.5, 12.5, 14.5], "texture": "#0"},
				"west": {"uv": [12, 13.5, 12.5, 14.5], "texture": "#0"},
				"up": {"uv": [12, 13.5, 12.5, 14], "texture": "#0"},
				"down": {"uv": [12, 14, 12.5, 14.5], "texture": "#0"}
			}
		},
		{
			"name": "fiendskull_leggings_icon_43",
			"from": [4.5, 0.5, 7.75],
			"to": [5, 1, 8.25],
			"rotation": {"angle": 0, "axis": "y", "origin": [0, 0, 7.75]},
			"faces": {
				"north": {"uv": [5, 15, 4.5, 15.5], "texture": "#0"},
				"east": {"uv": [4.5, 15, 5, 15.5], "texture": "#0"},
				"south": {"uv": [4.5, 15, 5, 15.5], "texture": "#0"},
				"west": {"uv": [4.5, 15, 5, 15.5], "texture": "#0"},
				"up": {"uv": [4.5, 15, 5, 15.5], "texture": "#0"},
				"down": {"uv": [4.5, 15, 5, 15.5], "texture": "#0"}
			}
		},
		{
			"name": "fiendskull_leggings_icon_44",
			"from": [6, 0.5, 7.75],
			"to": [6.5, 1, 8.25],
			"rotation": {"angle": 0, "axis": "y", "origin": [0, 0, 7.75]},
			"faces": {
				"north": {"uv": [6.5, 15, 6, 15.5], "texture": "#0"},
				"east": {"uv": [6, 15, 6.5, 15.5], "texture": "#0"},
				"south": {"uv": [6, 15, 6.5, 15.5], "texture": "#0"},
				"west": {"uv": [6, 15, 6.5, 15.5], "texture": "#0"},
				"up": {"uv": [6, 15, 6.5, 15.5], "texture": "#0"},
				"down": {"uv": [6, 15, 6.5, 15.5], "texture": "#0"}
			}
		},
		{
			"name": "fiendskull_leggings_icon_45",
			"from": [9.5, 0.5, 7.75],
			"to": [10, 1, 8.25],
			"rotation": {"angle": 0, "axis": "y", "origin": [0, 0, 7.75]},
			"faces": {
				"north": {"uv": [10, 15, 9.5, 15.5], "texture": "#0"},
				"east": {"uv": [9.5, 15, 10, 15.5], "texture": "#0"},
				"south": {"uv": [9.5, 15, 10, 15.5], "texture": "#0"},
				"west": {"uv": [9.5, 15, 10, 15.5], "texture": "#0"},
				"up": {"uv": [9.5, 15, 10, 15.5], "texture": "#0"},
				"down": {"uv": [9.5, 15, 10, 15.5], "texture": "#0"}
			}
		},
		{
			"name": "fiendskull_leggings_icon_46",
			"from": [11, 0.5, 7.75],
			"to": [11.5, 1, 8.25],
			"rotation": {"angle": 0, "axis": "y", "origin": [0, 0, 7.75]},
			"faces": {
				"north": {"uv": [11.5, 15, 11, 15.5], "texture": "#0"},
				"east": {"uv": [11, 15, 11.5, 15.5], "texture": "#0"},
				"south": {"uv": [11, 15, 11.5, 15.5], "texture": "#0"},
				"west": {"uv": [11, 15, 11.5, 15.5], "texture": "#0"},
				"up": {"uv": [11, 15, 11.5, 15.5], "texture": "#0"},
				"down": {"uv": [11, 15, 11.5, 15.5], "texture": "#0"}
			}
		}
	],
	"gui_light": "front",
	"display": {
		"thirdperson_righthand": {
			"scale": [0.5, 0.5, 0.5]
		},
		"thirdperson_lefthand": {
			"scale": [0.5, 0.5, 0.5]
		},
		"firstperson_righthand": {
			"scale": [0.5, 0.5, 0.5]
		},
		"firstperson_lefthand": {
			"scale": [0.5, 0.5, 0.5]
		},
		"ground": {
			"scale": [0.5, 0.5, 0.5]
		}
	},
	"groups": [
		{
			"name": "fiendskull_leggings_icon",
			"origin": [8, 8, 8],
			"color": 0,
			"children": [
				0,
				1,
				2,
				3,
				4,
				5,
				6,
				7,
				8,
				9,
				10,
				11,
				12,
				13,
				14,
				15,
				16,
				17,
				18,
				19,
				20,
				21,
				22,
				23,
				24,
				25,
				26,
				27,
				28,
				29,
				30,
				31,
				32,
				33,
				34,
				35,
				36,
				37,
				38,
				39,
				40,
				41,
				42,
				43,
				44,
				45,
				46
			]
		}
	]
}