{
	"credit": "Made with Blockbench",
	"texture_size": [64, 64],
	"textures": {
		"0": "custom:poison/em_hoe",
		"particle": "custom:poison/em_hoe"
	},
	"elements": [
		{
			"from": [6.5, 11.05, 1.78839],
			"to": [9.5, 15.05, 5.78839],
			"rotation": {"angle": 45, "axis": "x", "origin": [7.5, 8.875, 8.08839]},
			"faces": {
				"north": {"uv": [3.25, 4, 4, 5], "texture": "#0"},
				"east": {"uv": [2.25, 4, 3.25, 5], "texture": "#0"},
				"south": {"uv": [5, 4, 5.75, 5], "texture": "#0"},
				"west": {"uv": [4, 4, 5, 5], "texture": "#0"},
				"up": {"uv": [4, 4, 3.25, 3], "texture": "#0"},
				"down": {"uv": [4.75, 3, 4, 4], "texture": "#0"}
			}
		},
		{
			"from": [6.99, -0.135, 13.99],
			"to": [9.01, 2.885, 17.01],
			"rotation": {"angle": 45, "axis": "x", "origin": [8, 8.875, 8]},
			"faces": {
				"north": {"uv": [8.5, 5.25, 9, 6], "texture": "#0"},
				"east": {"uv": [7.75, 5.25, 8.5, 6], "texture": "#0"},
				"south": {"uv": [9.75, 5.25, 10.25, 6], "texture": "#0"},
				"west": {"uv": [9, 5.25, 9.75, 6], "texture": "#0"},
				"up": {"uv": [9, 5.25, 8.5, 4.5], "texture": "#0"},
				"down": {"uv": [9.5, 4.5, 9, 5.25], "texture": "#0"}
			}
		},
		{
			"from": [6.99, 11.54, -3.61],
			"to": [9.01, 14.56, -0.59],
			"rotation": {"angle": 45, "axis": "x", "origin": [8, 8.875, 8]},
			"faces": {
				"north": {"uv": [8.5, 5.25, 9, 6], "texture": "#0"},
				"east": {"uv": [7.75, 5.25, 8.5, 6], "texture": "#0"},
				"south": {"uv": [9.75, 5.25, 10.25, 6], "texture": "#0"},
				"west": {"uv": [9, 5.25, 9.75, 6], "texture": "#0"},
				"up": {"uv": [9, 5.25, 8.5, 4.5], "texture": "#0"},
				"down": {"uv": [9.5, 4.5, 9, 5.25], "texture": "#0"}
			}
		},
		{
			"from": [7.49, -2.135, 15.99],
			"to": [8.51, 0.885, 19.01],
			"rotation": {"angle": 45, "axis": "x", "origin": [8.5, 8.875, 8]},
			"faces": {
				"north": {"uv": [8.75, 0.75, 9, 1.5], "texture": "#0"},
				"east": {"uv": [8, 0.75, 8.75, 1.5], "texture": "#0"},
				"south": {"uv": [9.75, 0.75, 10, 1.5], "texture": "#0"},
				"west": {"uv": [9, 0.75, 9.75, 1.5], "texture": "#0"},
				"up": {"uv": [9, 0.75, 8.75, 0], "texture": "#0"},
				"down": {"uv": [9.25, 0, 9, 0.75], "texture": "#0"}
			}
		},
		{
			"from": [7, -0.5, 7],
			"to": [9, 16.5, 9],
			"rotation": {"angle": 0, "axis": "y", "origin": [9, 3, 8]},
			"faces": {
				"north": {"uv": [0.5, 3.5, 1, 7.75], "texture": "#0"},
				"east": {"uv": [0, 3.5, 0.5, 7.75], "texture": "#0"},
				"south": {"uv": [1.5, 3.5, 2, 7.75], "texture": "#0"},
				"west": {"uv": [1, 3.5, 1.5, 7.75], "texture": "#0"},
				"up": {"uv": [1, 3.5, 0.5, 3], "texture": "#0"},
				"down": {"uv": [1.5, 3, 1, 3.5], "texture": "#0"}
			}
		},
		{
			"from": [7.501, -4.6837, 4.08642],
			"to": [8.499, -1.6857, 8.08442],
			"rotation": {"angle": -22.5, "axis": "x", "origin": [8, 6.3903, 11.83542]},
			"faces": {
				"north": {"uv": [7.75, 3.5, 8, 4.25], "texture": "#0"},
				"east": {"uv": [6.75, 3.5, 7.75, 4.25], "texture": "#0"},
				"south": {"uv": [9, 3.5, 9.25, 4.25], "texture": "#0"},
				"west": {"uv": [8, 3.5, 9, 4.25], "texture": "#0"},
				"up": {"uv": [8, 3.5, 7.75, 2.5], "texture": "#0"},
				"down": {"uv": [8.25, 2.5, 8, 3.5], "texture": "#0"}
			}
		},
		{
			"from": [8, -7.6847, 4.08542],
			"to": [8, -0.6847, 7.08542],
			"rotation": {"angle": -22.5, "axis": "x", "origin": [8, 6.3903, 11.83542]},
			"faces": {
				"north": {"uv": [8.5, 8.25, 8.5, 10], "texture": "#0"},
				"east": {"uv": [7.75, 8.25, 8.5, 10], "texture": "#0"},
				"south": {"uv": [9.25, 8.25, 9.25, 10], "texture": "#0"},
				"west": {"uv": [8.5, 8.25, 9.25, 10], "texture": "#0"},
				"up": {"uv": [8.5, 8.25, 8.5, 7.5], "texture": "#0"},
				"down": {"uv": [8.5, 7.5, 8.5, 8.25], "texture": "#0"}
			}
		},
		{
			"from": [7.501, -4.6837, 7.91558],
			"to": [8.499, -1.6857, 11.91358],
			"rotation": {"angle": 22.5, "axis": "x", "origin": [8, 6.3903, 4.16458]},
			"faces": {
				"north": {"uv": [5, 7.25, 5.25, 8], "texture": "#0"},
				"east": {"uv": [4, 7.25, 5, 8], "texture": "#0"},
				"south": {"uv": [6.25, 7.25, 6.5, 8], "texture": "#0"},
				"west": {"uv": [5.25, 7.25, 6.25, 8], "texture": "#0"},
				"up": {"uv": [5.25, 7.25, 5, 6.25], "texture": "#0"},
				"down": {"uv": [5.5, 6.25, 5.25, 7.25], "texture": "#0"}
			}
		},
		{
			"from": [8, -7.6847, 8.91458],
			"to": [8, -0.6847, 11.91458],
			"rotation": {"angle": 22.5, "axis": "x", "origin": [8, 6.3903, 4.16458]},
			"faces": {
				"north": {"uv": [6.75, 8.25, 6.75, 10], "texture": "#0"},
				"east": {"uv": [6, 8.25, 6.75, 10], "texture": "#0"},
				"south": {"uv": [7.5, 8.25, 7.5, 10], "texture": "#0"},
				"west": {"uv": [6.75, 8.25, 7.5, 10], "texture": "#0"},
				"up": {"uv": [6.75, 8.25, 6.75, 7.5], "texture": "#0"},
				"down": {"uv": [6.75, 7.5, 6.75, 8.25], "texture": "#0"}
			}
		},
		{
			"from": [7.501, 15.93547, 2.02459],
			"to": [8.499, 18.93347, 6.02259],
			"rotation": {"angle": 45, "axis": "x", "origin": [7.5, 19.75947, 2.57359]},
			"faces": {
				"north": {"uv": [5, 7.25, 5.25, 8], "texture": "#0"},
				"east": {"uv": [4, 7.25, 5, 8], "texture": "#0"},
				"south": {"uv": [6.25, 7.25, 6.5, 8], "texture": "#0"},
				"west": {"uv": [5.25, 7.25, 6.25, 8], "texture": "#0"},
				"up": {"uv": [5.25, 7.25, 5, 6.25], "texture": "#0"},
				"down": {"uv": [5.5, 6.25, 5.25, 7.25], "texture": "#0"}
			}
		},
		{
			"from": [8, 10.70947, 2.27359],
			"to": [8, 17.70947, 5.27359],
			"rotation": {"angle": 45, "axis": "x", "origin": [8, 18.75947, 2.57359]},
			"faces": {
				"north": {"uv": [6.75, 8.25, 6.75, 10], "texture": "#0"},
				"east": {"uv": [6, 8.25, 6.75, 10], "texture": "#0"},
				"south": {"uv": [7.5, 8.25, 7.5, 10], "texture": "#0"},
				"west": {"uv": [6.75, 8.25, 7.5, 10], "texture": "#0"},
				"up": {"uv": [6.75, 8.25, 6.75, 7.5], "texture": "#0"},
				"down": {"uv": [6.75, 7.5, 6.75, 8.25], "texture": "#0"}
			}
		},
		{
			"from": [7.502, 17.502, 4.002],
			"to": [8.498, 20.498, 11.998],
			"rotation": {"angle": 0, "axis": "y", "origin": [7.5, 3, 8]},
			"faces": {
				"north": {"uv": [2, 2, 2.25, 2.75], "texture": "#0"},
				"east": {"uv": [0, 2, 2, 2.75], "texture": "#0"},
				"south": {"uv": [4.25, 2, 4.5, 2.75], "texture": "#0"},
				"west": {"uv": [2.25, 2, 4.25, 2.75], "texture": "#0"},
				"up": {"uv": [2.25, 2, 2, 0], "texture": "#0"},
				"down": {"uv": [2.5, 0, 2.25, 2], "texture": "#0"}
			}
		},
		{
			"from": [6.5, 1.775, 6.5],
			"to": [9.5, 2.775, 9.5],
			"rotation": {"angle": 0, "axis": "y", "origin": [7.5, 0, 7.5]},
			"faces": {
				"north": {"uv": [7.5, 7, 8.25, 7.25], "texture": "#0"},
				"east": {"uv": [6.75, 7, 7.5, 7.25], "texture": "#0"},
				"south": {"uv": [9, 7, 9.75, 7.25], "texture": "#0"},
				"west": {"uv": [8.25, 7, 9, 7.25], "texture": "#0"},
				"up": {"uv": [8.25, 7, 7.5, 6.25], "texture": "#0"},
				"down": {"uv": [9, 6.25, 8.25, 7], "texture": "#0"}
			}
		},
		{
			"from": [6.5, 3.55, 6.5],
			"to": [9.5, 9.55, 9.5],
			"rotation": {"angle": 0, "axis": "y", "origin": [7.5, 0, 7.5]},
			"faces": {
				"north": {"uv": [5.5, 0.75, 6.25, 2.25], "texture": "#0"},
				"east": {"uv": [4.75, 0.75, 5.5, 2.25], "texture": "#0"},
				"south": {"uv": [7, 0.75, 7.75, 2.25], "texture": "#0"},
				"west": {"uv": [6.25, 0.75, 7, 2.25], "texture": "#0"},
				"up": {"uv": [6.25, 0.75, 5.5, 0], "texture": "#0"},
				"down": {"uv": [7, 0, 6.25, 0.75], "texture": "#0"}
			}
		},
		{
			"from": [6.5, 10.675, 6.5],
			"to": [9.5, 11.675, 9.5],
			"rotation": {"angle": 0, "axis": "y", "origin": [7.5, 0, 7.5]},
			"faces": {
				"north": {"uv": [7.5, 7, 8.25, 7.25], "texture": "#0"},
				"east": {"uv": [6.75, 7, 7.5, 7.25], "texture": "#0"},
				"south": {"uv": [9, 7, 9.75, 7.25], "texture": "#0"},
				"west": {"uv": [8.25, 7, 9, 7.25], "texture": "#0"},
				"up": {"uv": [8.25, 7, 7.5, 6.25], "texture": "#0"},
				"down": {"uv": [9, 6.25, 8.25, 7], "texture": "#0"}
			}
		}
	],
	"gui_light": "front",
	"display": {
		"thirdperson_righthand": {
			"translation": [0, 0, 0.75],
			"scale": [0.72, 0.72, 0.72]
		},
		"thirdperson_lefthand": {
			"translation": [0, 0, 0.75],
			"scale": [0.72, 0.72, 0.72]
		},
		"firstperson_righthand": {
			"rotation": [15, -6, 1],
			"translation": [1, -2, 0],
			"scale": [0.7, 0.7, 0.7]
		},
		"firstperson_lefthand": {
			"rotation": [15, -6, 1],
			"translation": [1, -2, 0],
			"scale": [0.7, 0.7, 0.7]
		},
		"ground": {
			"rotation": [-45, 0, 0],
			"translation": [0, 5, 0],
			"scale": [0.5, 0.5, 0.5]
		},
		"gui": {
			"rotation": [90, -135, 90],
			"translation": [0.25, 0.25, 1.5],
			"scale": [0.55, 0.55, 0.55]
		},
		"head": {
			"rotation": [90, -38, -90],
			"translation": [-1, -14.75, 4.25],
			"scale": [0.95, 0.95, 0.95]
		},
		"fixed": {
			"rotation": [-90, 45, 90],
			"translation": [-0.5, 0.5, -0.25],
			"scale": [0.58, 0.58, 0.58]
		}
	},
	"groups": [
		{
			"name": "group",
			"origin": [8, 3, 8.5],
			"color": 0,
			"children": [0, 1, 2, 3, 4, 5, 6, 7, 8, 9, 10, 11, 12, 13, 14]
		}
	]
}