{
	"credit": "Made with Blockbench",
	"texture_size": [64, 64],
	"textures": {
		"2": "custom:poison/em_shield"
	},
	"elements": [
		{
			"from": [7, 12.25947, 10.07359],
			"to": [7, 19.25947, 13.07359],
			"rotation": {"angle": -45, "axis": "x", "origin": [7, 15.75947, 12.57359]},
			"faces": {
				"north": {"uv": [3.5, 8.5, 3.5, 10.25], "texture": "#2"},
				"east": {"uv": [2.75, 8.5, 3.5, 10.25], "texture": "#2"},
				"south": {"uv": [4.25, 8.5, 4.25, 10.25], "texture": "#2"},
				"west": {"uv": [3.5, 8.5, 4.25, 10.25], "texture": "#2"},
				"up": {"uv": [3.5, 8.5, 3.5, 7.75], "texture": "#2"},
				"down": {"uv": [3.5, 7.75, 3.5, 8.5], "texture": "#2"}
			}
		},
		{
			"from": [6.501, 15.26047, 10.07459],
			"to": [7.499, 18.25847, 14.07259],
			"rotation": {"angle": -45, "axis": "x", "origin": [7.5, 15.75947, 12.57359]},
			"faces": {
				"north": {"uv": [1, 8.75, 1.25, 9.5], "texture": "#2"},
				"east": {"uv": [0, 8.75, 1, 9.5], "texture": "#2"},
				"south": {"uv": [2.25, 8.75, 2.5, 9.5], "texture": "#2"},
				"west": {"uv": [1.25, 8.75, 2.25, 9.5], "texture": "#2"},
				"up": {"uv": [1.25, 8.75, 1, 7.75], "texture": "#2"},
				"down": {"uv": [1.5, 7.75, 1.25, 8.75], "texture": "#2"}
			}
		},
		{
			"from": [4.5, 11.05, 9.35879],
			"to": [7.5, 15.05, 13.35879],
			"rotation": {"angle": -45, "axis": "x", "origin": [6.5, 8.875, 7.05879]},
			"faces": {
				"north": {"uv": [1, 1, 1.75, 2], "texture": "#2"},
				"east": {"uv": [0, 1, 1, 2], "texture": "#2"},
				"south": {"uv": [2.75, 1, 3.5, 2], "texture": "#2"},
				"west": {"uv": [1.75, 1, 2.75, 2], "texture": "#2"},
				"up": {"uv": [1.75, 1, 1, 0], "texture": "#2"},
				"down": {"uv": [2.5, 0, 1.75, 1], "texture": "#2"}
			}
		},
		{
			"from": [3.5, 15.42839, 6.64718],
			"to": [4.5, 16.42839, 7.64718],
			"rotation": {"angle": 0, "axis": "y", "origin": [3.5, 15.92839, 6.64718]},
			"faces": {
				"north": {"uv": [1.5, 2.5, 1.75, 2.75], "texture": "#2"},
				"east": {"uv": [1.25, 2.5, 1.5, 2.75], "texture": "#2"},
				"south": {"uv": [2, 2.5, 2.25, 2.75], "texture": "#2"},
				"west": {"uv": [1.75, 2.5, 2, 2.75], "texture": "#2"},
				"up": {"uv": [1.75, 2.5, 1.5, 2.25], "texture": "#2"},
				"down": {"uv": [2, 2.25, 1.75, 2.5], "texture": "#2"}
			}
		},
		{
			"from": [2.5, 12.42839, 6.64718],
			"to": [3.5, 16.42839, 7.64718],
			"rotation": {"angle": 0, "axis": "y", "origin": [3.5, 15.92839, 6.64718]},
			"faces": {
				"north": {"uv": [0.25, 2.5, 0.5, 3.5], "texture": "#2"},
				"east": {"uv": [0, 2.5, 0.25, 3.5], "texture": "#2"},
				"south": {"uv": [0.75, 2.5, 1, 3.5], "texture": "#2"},
				"west": {"uv": [0.5, 2.5, 0.75, 3.5], "texture": "#2"},
				"up": {"uv": [0.5, 2.5, 0.25, 2.25], "texture": "#2"},
				"down": {"uv": [0.75, 2.25, 0.5, 2.5], "texture": "#2"}
			}
		},
		{
			"from": [6.501, 14.58369, 0.35565],
			"to": [7.499, 17.58169, 4.35365],
			"rotation": {"angle": 45, "axis": "x", "origin": [7, 15.58269, 2.60465]},
			"faces": {
				"north": {"uv": [8.25, 7.75, 8.5, 8.5], "texture": "#2"},
				"east": {"uv": [7.25, 7.75, 8.25, 8.5], "texture": "#2"},
				"south": {"uv": [9.5, 7.75, 9.75, 8.5], "texture": "#2"},
				"west": {"uv": [8.5, 7.75, 9.5, 8.5], "texture": "#2"},
				"up": {"uv": [8.5, 7.75, 8.25, 6.75], "texture": "#2"},
				"down": {"uv": [8.75, 6.75, 8.5, 7.75], "texture": "#2"}
			}
		},
		{
			"from": [5.501, 6.58369, 2.83231],
			"to": [6.499, 21.58169, 17.83031],
			"rotation": {"angle": 45, "axis": "x", "origin": [6, 15.58269, 3.08131]},
			"faces": {
				"north": {"uv": [3.75, 3.75, 4, 7.5], "texture": "#2"},
				"east": {"uv": [0, 3.75, 3.75, 7.5], "texture": "#2"},
				"south": {"uv": [7.75, 3.75, 8, 7.5], "texture": "#2"},
				"west": {"uv": [4, 3.75, 7.75, 7.5], "texture": "#2"},
				"up": {"uv": [4, 3.75, 3.75, 0], "texture": "#2"},
				"down": {"uv": [4.25, 0, 4, 3.75], "texture": "#2"}
			}
		},
		{
			"from": [6.501, 10.58369, 6.83231],
			"to": [7.499, 17.58169, 13.83031],
			"rotation": {"angle": 45, "axis": "x", "origin": [6, 15.58269, 3.08131]},
			"faces": {
				"north": {"uv": [6.25, 1.75, 6.5, 3.5], "texture": "#2"},
				"east": {"uv": [4.5, 1.75, 6.25, 3.5], "texture": "#2"},
				"south": {"uv": [8.25, 1.75, 8.5, 3.5], "texture": "#2"},
				"west": {"uv": [6.5, 1.75, 8.25, 3.5], "texture": "#2"},
				"up": {"uv": [6.5, 1.75, 6.25, 0], "texture": "#2"},
				"down": {"uv": [6.75, 0, 6.5, 1.75], "texture": "#2"}
			}
		},
		{
			"from": [7, 11.58269, 1.35465],
			"to": [7, 18.58269, 4.35465],
			"rotation": {"angle": 45, "axis": "x", "origin": [7, 15.58269, 2.60465]},
			"faces": {
				"north": {"uv": [5.25, 8.5, 5.25, 10.25], "texture": "#2"},
				"east": {"uv": [4.5, 8.5, 5.25, 10.25], "texture": "#2"},
				"south": {"uv": [6, 8.5, 6, 10.25], "texture": "#2"},
				"west": {"uv": [5.25, 8.5, 6, 10.25], "texture": "#2"},
				"up": {"uv": [5.25, 8.5, 5.25, 7.75], "texture": "#2"},
				"down": {"uv": [5.25, 7.75, 5.25, 8.5], "texture": "#2"}
			}
		},
		{
			"from": [7, -0.8847, 8.2326],
			"to": [7, 6.1153, 11.2326],
			"rotation": {"angle": -22.5, "axis": "x", "origin": [6, 6.3903, 10.9826]},
			"faces": {
				"north": {"uv": [5.25, 8.5, 5.25, 10.25], "texture": "#2"},
				"east": {"uv": [4.5, 8.5, 5.25, 10.25], "texture": "#2"},
				"south": {"uv": [6, 8.5, 6, 10.25], "texture": "#2"},
				"west": {"uv": [5.25, 8.5, 6, 10.25], "texture": "#2"},
				"up": {"uv": [5.25, 8.5, 5.25, 7.75], "texture": "#2"},
				"down": {"uv": [5.25, 7.75, 5.25, 8.5], "texture": "#2"}
			}
		},
		{
			"from": [6.501, 2.1163, 2.06276],
			"to": [7.499, 5.1143, 6.06076],
			"rotation": {"angle": 22.5, "axis": "x", "origin": [6, 6.3903, 3.31176]},
			"faces": {
				"north": {"uv": [1, 8.75, 1.25, 9.5], "texture": "#2"},
				"east": {"uv": [0, 8.75, 1, 9.5], "texture": "#2"},
				"south": {"uv": [2.25, 8.75, 2.5, 9.5], "texture": "#2"},
				"west": {"uv": [1.25, 8.75, 2.25, 9.5], "texture": "#2"},
				"up": {"uv": [1.25, 8.75, 1, 7.75], "texture": "#2"},
				"down": {"uv": [1.5, 7.75, 1.25, 8.75], "texture": "#2"}
			}
		},
		{
			"from": [7, -0.8847, 3.06176],
			"to": [7, 6.1153, 6.06176],
			"rotation": {"angle": 22.5, "axis": "x", "origin": [6, 6.3903, 3.31176]},
			"faces": {
				"north": {"uv": [3.5, 8.5, 3.5, 10.25], "texture": "#2"},
				"east": {"uv": [2.75, 8.5, 3.5, 10.25], "texture": "#2"},
				"south": {"uv": [4.25, 8.5, 4.25, 10.25], "texture": "#2"},
				"west": {"uv": [3.5, 8.5, 4.25, 10.25], "texture": "#2"},
				"up": {"uv": [3.5, 8.5, 3.5, 7.75], "texture": "#2"},
				"down": {"uv": [3.5, 7.75, 3.5, 8.5], "texture": "#2"}
			}
		},
		{
			"from": [6.501, 2.1163, 8.2336],
			"to": [7.499, 5.1143, 12.2316],
			"rotation": {"angle": -22.5, "axis": "x", "origin": [6, 6.3903, 10.9826]},
			"faces": {
				"north": {"uv": [8.25, 7.75, 8.5, 8.5], "texture": "#2"},
				"east": {"uv": [7.25, 7.75, 8.25, 8.5], "texture": "#2"},
				"south": {"uv": [9.5, 7.75, 9.75, 8.5], "texture": "#2"},
				"west": {"uv": [8.5, 7.75, 9.5, 8.5], "texture": "#2"},
				"up": {"uv": [8.5, 7.75, 8.25, 6.75], "texture": "#2"},
				"down": {"uv": [8.75, 6.75, 8.5, 7.75], "texture": "#2"}
			}
		},
		{
			"from": [5.49, 1.865, -0.15572],
			"to": [6.51, 4.885, 2.86428],
			"rotation": {"angle": -45, "axis": "x", "origin": [5.5, 8.875, 7.85428]},
			"faces": {
				"north": {"uv": [9, 3.75, 9.25, 4.5], "texture": "#2"},
				"east": {"uv": [8.25, 3.75, 9, 4.5], "texture": "#2"},
				"south": {"uv": [10, 3.75, 10.25, 4.5], "texture": "#2"},
				"west": {"uv": [9.25, 3.75, 10, 4.5], "texture": "#2"},
				"up": {"uv": [9.25, 3.75, 9, 3], "texture": "#2"},
				"down": {"uv": [9.5, 3, 9.25, 3.75], "texture": "#2"}
			}
		},
		{
			"from": [5.49, 15.59, -1.15572],
			"to": [6.51, 18.61, 1.86428],
			"rotation": {"angle": -45, "axis": "x", "origin": [5.5, 8.875, 7.85428]},
			"faces": {
				"north": {"uv": [9, 3.75, 9.25, 4.5], "texture": "#2"},
				"east": {"uv": [8.25, 3.75, 9, 4.5], "texture": "#2"},
				"south": {"uv": [10, 3.75, 10.25, 4.5], "texture": "#2"},
				"west": {"uv": [9.25, 3.75, 10, 4.5], "texture": "#2"},
				"up": {"uv": [9.25, 3.75, 9, 3], "texture": "#2"},
				"down": {"uv": [9.5, 3, 9.25, 3.75], "texture": "#2"}
			}
		},
		{
			"from": [5.49, 15.59, 13.59428],
			"to": [6.51, 18.61, 16.61428],
			"rotation": {"angle": -45, "axis": "x", "origin": [5.5, 8.875, 7.85428]},
			"faces": {
				"north": {"uv": [9, 3.75, 9.25, 4.5], "texture": "#2"},
				"east": {"uv": [8.25, 3.75, 9, 4.5], "texture": "#2"},
				"south": {"uv": [10, 3.75, 10.25, 4.5], "texture": "#2"},
				"west": {"uv": [9.25, 3.75, 10, 4.5], "texture": "#2"},
				"up": {"uv": [9.25, 3.75, 9, 3], "texture": "#2"},
				"down": {"uv": [9.5, 3, 9.25, 3.75], "texture": "#2"}
			}
		},
		{
			"from": [5.49, 0.815, 13.59428],
			"to": [6.51, 3.835, 16.61428],
			"rotation": {"angle": -45, "axis": "x", "origin": [5.5, 8.875, 7.85428]},
			"faces": {
				"north": {"uv": [9, 3.75, 9.25, 4.5], "texture": "#2"},
				"east": {"uv": [8.25, 3.75, 9, 4.5], "texture": "#2"},
				"south": {"uv": [10, 3.75, 10.25, 4.5], "texture": "#2"},
				"west": {"uv": [9.25, 3.75, 10, 4.5], "texture": "#2"},
				"up": {"uv": [9.25, 3.75, 9, 3], "texture": "#2"},
				"down": {"uv": [9.5, 3, 9.25, 3.75], "texture": "#2"}
			}
		},
		{
			"from": [4.99, 3.865, 1.84428],
			"to": [7.01, 6.885, 4.86428],
			"rotation": {"angle": -45, "axis": "x", "origin": [6, 8.875, 7.85428]},
			"faces": {
				"north": {"uv": [7.75, 0.75, 8.25, 1.5], "texture": "#2"},
				"east": {"uv": [7, 0.75, 7.75, 1.5], "texture": "#2"},
				"south": {"uv": [9, 0.75, 9.5, 1.5], "texture": "#2"},
				"west": {"uv": [8.25, 0.75, 9, 1.5], "texture": "#2"},
				"up": {"uv": [8.25, 0.75, 7.75, 0], "texture": "#2"},
				"down": {"uv": [8.75, 0, 8.25, 0.75], "texture": "#2"}
			}
		}
	],
	"gui_light": "front",
	"display": {
		"thirdperson_righthand": {
			"rotation": [68, 90, 0],
			"translation": [1, 1.25, -1.25],
			"scale": [0.84, 0.84, 0.84]
		},
		"thirdperson_lefthand": {
			"rotation": [68, -90, 0],
			"translation": [0, 1.25, -1.25],
			"scale": [0.84, 0.84, 0.84]
		},
		"firstperson_righthand": {
			"rotation": [0, 88, 12],
			"translation": [-4.5, -4.75, -3.25]
		},
		"firstperson_lefthand": {
			"rotation": [0, -88, 12],
			"translation": [-4.5, -5.5, -3.25]
		},
		"ground": {
			"rotation": [-45, 0, 0],
			"translation": [0, 2.75, 0],
			"scale": [0.5, 0.5, 0.5]
		},
		"gui": {
			"rotation": [90, 45, 90],
			"translation": [1.25, -0.25, -1.75],
			"scale": [0.71, 0.71, 0.71]
		},
		"head": {
			"rotation": [90, -38, 90],
			"translation": [0.5, -21.5, 6.75],
			"scale": [1.3, 1.3, 1.3]
		},
		"fixed": {
			"rotation": [-90, 45, 90],
			"translation": [1.25, -0.25, -1.75],
			"scale": [0.78, 0.78, 0.78]
		}
	},
	"groups": [
		{
			"name": "group",
			"origin": [8, 8.875, 7.29289],
			"color": 0,
			"children": [0, 1, 2, 3, 4, 5, 6, 7, 8, 9, 10, 11, 12, 13, 14, 15, 16, 17]
		}
	]
}