{
	"credit": "Made with Blockbench",
	"texture_size": [32, 32],
	"textures": {
		"0": "item/misc/crowbar",
		"particle": "item/misc/crowbar"
	},
	"elements": [
		{
			"from": [7.25, 1.9034, 7.00684],
			"to": [8.75, 19.4034, 8.00684],
			"rotation": {"angle": 0, "axis": "y", "origin": [8, 10.4639, 6.47074]},
			"faces": {
				"north": {"uv": [0, 0, 1, 9], "texture": "#0"},
				"east": {"uv": [2, 0, 2.5, 9], "texture": "#0"},
				"south": {"uv": [1, 0, 2, 9], "texture": "#0"},
				"west": {"uv": [2, 0, 2.5, 9], "texture": "#0"}
			}
		},
		{
			"from": [7.2525, -0.65013, 3.69007],
			"to": [8.7475, 2.34987, 4.69007],
			"rotation": {"angle": -22.5, "axis": "x", "origin": [8, 10.4639, 6.47074]},
			"faces": {
				"north": {"uv": [2.5, 0, 3.5, 1.5], "texture": "#0"},
				"east": {"uv": [3.5, 3, 4, 4.5], "texture": "#0"},
				"south": {"uv": [2.5, 1.5, 3.5, 3], "texture": "#0"},
				"west": {"uv": [3.5, 3, 4, 4.5], "texture": "#0"},
				"down": {"uv": [5, 3, 4, 3.5], "texture": "#0", "cullface": "down"}
			}
		},
		{
			"from": [7.2525, 15.6989, 12.8781],
			"to": [8.7475, 17.1989, 13.8781],
			"rotation": {"angle": -45, "axis": "x", "origin": [8, 10.4639, 6.47074]},
			"faces": {
				"north": {"uv": [2.5, 3, 3.5, 4], "texture": "#0", "cullface": "up"},
				"east": {"uv": [4, 3.5, 4.5, 4.5], "texture": "#0", "cullface": "up"},
				"south": {"uv": [3.5, 0, 4.5, 1], "texture": "#0", "cullface": "up"},
				"west": {"uv": [4, 3.5, 4.5, 4.5], "texture": "#0", "cullface": "up"}
			}
		},
		{
			"from": [7.2525, 19.08017, 5.2694],
			"to": [8.7475, 20.08017, 6.0194],
			"rotation": {"angle": -45, "axis": "x", "origin": [8, 19.58017, 5.2694]},
			"faces": {
				"north": {"uv": [4.5, 0.5, 5.5, 1], "texture": "#0", "cullface": "up"},
				"east": {"uv": [4.5, 2, 5, 2.5], "texture": "#0", "cullface": "up"},
				"west": {"uv": [4.5, 2, 5, 2.5], "texture": "#0", "cullface": "up"},
				"up": {"uv": [5.5, 1.5, 4.5, 1], "texture": "#0", "cullface": "up"},
				"down": {"uv": [5.5, 1.5, 4.5, 2], "texture": "#0", "cullface": "up"}
			}
		},
		{
			"from": [7.25, 19.46406, 5.44618],
			"to": [8.75, 20.46406, 6.94618],
			"rotation": {"angle": 0, "axis": "y", "origin": [8, 19.96406, 6.19618]},
			"faces": {
				"east": {"uv": [5.5, 0, 4.5, 0.5], "texture": "#0", "cullface": "up"},
				"west": {"uv": [4.5, 0, 5.5, 0.5], "texture": "#0", "cullface": "up"},
				"up": {"uv": [4.5, 2, 3.5, 1], "texture": "#0", "cullface": "up"},
				"down": {"uv": [4.5, 2, 3.5, 3], "texture": "#0", "cullface": "up"}
			}
		},
		{
			"from": [6.75, 17.8864, 9.0656],
			"to": [7.75, 17.8864, 12.0656],
			"rotation": {"angle": -45, "axis": "x", "origin": [8, 10.4639, 6.47074]},
			"faces": {
				"up": {"uv": [3, 5.5, 2.5, 4], "texture": "#0", "cullface": "up"},
				"down": {"uv": [3.5, 4, 3, 5.5], "texture": "#0", "cullface": "up"}
			}
		},
		{
			"from": [8.25, 17.8864, 9.0656],
			"to": [9.25, 17.8864, 12.0656],
			"rotation": {"angle": -45, "axis": "x", "origin": [8, 10.4639, 6.47074]},
			"faces": {
				"up": {"uv": [3, 5.5, 2.5, 4], "texture": "#0", "cullface": "up"},
				"down": {"uv": [3.5, 4, 3, 5.5], "texture": "#0", "cullface": "up"}
			}
		}
	],
	"gui_light": "front",
	"display": {
		"thirdperson_righthand": {
			"translation": [0, -0.75, 1.25],
			"scale": [0.76, 0.76, 0.76]
		},
		"thirdperson_lefthand": {
			"translation": [0, -0.75, 1.25],
			"scale": [0.76, 0.76, 0.76]
		},
		"firstperson_righthand": {
			"rotation": [-19.75, 28.25, 17],
			"translation": [3.5, 0, -1.75],
			"scale": [0.81, 0.81, 0.81]
		},
		"firstperson_lefthand": {
			"rotation": [-19.75, 28.25, 17],
			"translation": [3.5, 0, -1.75],
			"scale": [0.81, 0.81, 0.81]
		},
		"ground": {
			"translation": [0, 3, 0],
			"scale": [0.64, 0.64, 0.64]
		},
		"gui": {
			"rotation": [-90, -49.5, -90],
			"translation": [-1.25, -1, 0],
			"scale": [0.79688, 0.79688, 0.79688]
		},
		"fixed": {
			"rotation": [-90, 0, 90],
			"translation": [2.25, 0, 0]
		}
	}
}