{
	"credit": "Made with Blockbench",
	"textures": {
		"0": "item/misc/pipe_wrench",
		"particle": "item/misc/pipe_wrench"
	},
	"elements": [
		{
			"from": [7.25, 13, 7.1875],
			"to": [8.75, 16, 10.1875],
			"rotation": {"angle": 0, "axis": "y", "origin": [8, 9.21875, 7.0625]},
			"faces": {
				"east": {"uv": [9, 0, 6, 3], "texture": "#0"},
				"south": {"uv": [6, 3, 8, 6], "texture": "#0"},
				"west": {"uv": [6, 0, 9, 3], "texture": "#0"},
				"up": {"uv": [8, 9, 6, 6], "texture": "#0", "cullface": "up"},
				"down": {"uv": [10, 3, 8, 6], "texture": "#0"}
			}
		},
		{
			"from": [7.25, 16, 5.1875],
			"to": [8.75, 16.875, 7.1875],
			"rotation": {"angle": 0, "axis": "y", "origin": [8, 9.21875, 7.0625]},
			"faces": {
				"north": {"uv": [12, 11, 14, 12], "texture": "#0", "cullface": "up"},
				"east": {"uv": [2, 13, 0, 14], "texture": "#0", "cullface": "up"},
				"south": {"uv": [12, 12, 14, 13], "texture": "#0", "cullface": "up"},
				"west": {"uv": [0, 13, 2, 14], "texture": "#0", "cullface": "up"},
				"up": {"uv": [12, 7, 10, 5], "texture": "#0", "cullface": "up"}
			}
		},
		{
			"from": [7.4375, 17.375, 4.9375],
			"to": [8.5625, 19, 7.3125],
			"rotation": {"angle": 0, "axis": "y", "origin": [8, 9.21875, 7.0625]},
			"faces": {
				"north": {"uv": [13, 0, 14, 2], "texture": "#0", "cullface": "up"},
				"east": {"uv": [12, 7, 10, 9], "texture": "#0", "cullface": "up"},
				"south": {"uv": [2, 13, 3, 15], "texture": "#0", "cullface": "up"},
				"west": {"uv": [10, 7, 12, 9], "texture": "#0", "cullface": "up"},
				"up": {"uv": [14, 4, 13, 2], "texture": "#0", "cullface": "up"},
				"down": {"uv": [4, 13, 3, 15], "texture": "#0", "cullface": "up"}
			}
		},
		{
			"from": [7.4375, 16, 7.3125],
			"to": [8.5625, 17.375, 8.9375],
			"rotation": {"angle": 0, "axis": "y", "origin": [8, 9.21875, 7.0625]},
			"faces": {
				"north": {"uv": [14, 0, 15, 1], "texture": "#0", "cullface": "up"},
				"east": {"uv": [6, 13, 4, 14], "texture": "#0", "cullface": "up"},
				"south": {"uv": [1, 14, 2, 15], "texture": "#0", "cullface": "up"},
				"west": {"uv": [4, 13, 6, 14], "texture": "#0", "cullface": "up"}
			}
		},
		{
			"from": [7.25, 11, 7.1875],
			"to": [8.75, 11.875, 7.9375],
			"rotation": {"angle": 0, "axis": "y", "origin": [8, 9.21875, 7.0625]},
			"faces": {
				"east": {"uv": [14, 1, 15, 2], "texture": "#0"},
				"south": {"uv": [13, 4, 15, 5], "texture": "#0"},
				"west": {"uv": [14, 1, 15, 2], "texture": "#0"},
				"up": {"uv": [15, 6, 13, 5], "texture": "#0"},
				"down": {"uv": [15, 6, 13, 7], "texture": "#0"}
			}
		},
		{
			"from": [7.4375, 9, 7.5625],
			"to": [8.5625, 12, 8.8125],
			"rotation": {"angle": 0, "axis": "y", "origin": [8, 9.21875, 7.0625]},
			"faces": {
				"north": {"uv": [11, 11, 12, 14], "texture": "#0"},
				"east": {"uv": [12, 3, 13, 6], "texture": "#0"},
				"south": {"uv": [12, 0, 13, 3], "texture": "#0"},
				"west": {"uv": [12, 3, 13, 6], "texture": "#0"},
				"down": {"uv": [15, 2, 14, 3], "texture": "#0"}
			}
		},
		{
			"from": [7.25, 12, 7.46875],
			"to": [8.75, 13, 8.96875],
			"rotation": {"angle": 0, "axis": "y", "origin": [8, 9.21875, 7.0625]},
			"faces": {
				"north": {"uv": [13, 7, 15, 8], "texture": "#0"},
				"east": {"uv": [14, 13, 12, 14], "texture": "#0"},
				"south": {"uv": [8, 13, 10, 14], "texture": "#0"},
				"west": {"uv": [12, 13, 14, 14], "texture": "#0"},
				"down": {"uv": [12, 9, 10, 11], "texture": "#0"}
			}
		},
		{
			"from": [7.441, 13.66026, 12.99941],
			"to": [8.561, 15.95776, 14.15566],
			"rotation": {"angle": -45, "axis": "x", "origin": [8, 9.21875, 7.0625]},
			"faces": {
				"north": {"uv": [6, 12, 7, 14], "texture": "#0", "cullface": "up"},
				"east": {"uv": [8, 14, 6, 16], "texture": "#0", "cullface": "up"},
				"south": {"uv": [12, 6, 13, 8], "texture": "#0", "cullface": "up"},
				"west": {"uv": [6, 14, 8, 16], "texture": "#0", "cullface": "up"}
			}
		},
		{
			"from": [7.25, 3, 5.1875],
			"to": [8.75, 16, 7.1875],
			"rotation": {"angle": 0, "axis": "y", "origin": [8, 9.21875, 7.0625]},
			"faces": {
				"north": {"uv": [0, 0, 2, 13], "texture": "#0"},
				"east": {"uv": [6, 0, 4, 13], "texture": "#0"},
				"south": {"uv": [2, 0, 4, 13], "texture": "#0"},
				"west": {"uv": [4, 0, 6, 13], "texture": "#0"},
				"down": {"uv": [12, 3, 10, 5], "texture": "#0"}
			}
		},
		{
			"from": [7.25, 0, 6.6875],
			"to": [8.75, 3, 7.1875],
			"rotation": {"angle": 0, "axis": "y", "origin": [8, 9.21875, 7.0625]},
			"faces": {
				"north": {"uv": [8, 6, 10, 9], "texture": "#0"},
				"east": {"uv": [11, 0, 12, 3], "texture": "#0"},
				"south": {"uv": [9, 0, 11, 3], "texture": "#0"},
				"west": {"uv": [11, 0, 12, 3], "texture": "#0"},
				"down": {"uv": [10, 12, 8, 13], "texture": "#0", "cullface": "down"}
			}
		},
		{
			"from": [7.25, 0, 5.6875],
			"to": [8.75, 0.5, 6.6875],
			"rotation": {"angle": 0, "axis": "y", "origin": [8, 9.21875, 7.0625]},
			"faces": {
				"east": {"uv": [0, 14, 1, 15], "texture": "#0"},
				"west": {"uv": [0, 14, 1, 15], "texture": "#0"},
				"up": {"uv": [14, 10, 12, 9], "texture": "#0"},
				"down": {"uv": [14, 10, 12, 11], "texture": "#0", "cullface": "down"}
			}
		},
		{
			"from": [7.25, 0, 5.1875],
			"to": [8.75, 3, 5.6875],
			"rotation": {"angle": 0, "axis": "y", "origin": [8, 9.21875, 7.0625]},
			"faces": {
				"north": {"uv": [6, 9, 8, 12], "texture": "#0"},
				"east": {"uv": [10, 11, 11, 14], "texture": "#0"},
				"south": {"uv": [8, 9, 10, 12], "texture": "#0"},
				"west": {"uv": [10, 11, 11, 14], "texture": "#0"},
				"down": {"uv": [14, 8, 12, 9], "texture": "#0", "cullface": "down"}
			}
		}
	],
	"gui_light": "front",
	"display": {
		"thirdperson_righthand": {
			"translation": [-0.5, 1, 3],
			"scale": [0.77, 0.77, 0.77]
		},
		"thirdperson_lefthand": {
			"translation": [-0.5, 1, 3],
			"scale": [0.77, 0.77, 0.77]
		},
		"firstperson_righthand": {
			"rotation": [-5.38, 14.18, -16.89],
			"translation": [2.75, 0, -1.75]
		},
		"firstperson_lefthand": {
			"rotation": [-5.38, 14.18, -16.89],
			"translation": [2.75, 0, -1.75]
		},
		"ground": {
			"translation": [0, 3.5, 0],
			"scale": [0.53, 0.53, 0.53]
		},
		"gui": {
			"rotation": [90, -135, 90],
			"translation": [-2, 0, 0],
			"scale": [0.79492, 0.79492, 0.79492]
		},
		"fixed": {
			"rotation": [-90, 0, 90],
			"translation": [1.25, 0.75, 0]
		}
	}
}