{
	"credit": "Made with Blockbench",
	"textures": {
		"0": "item/misc/scroll",
		"particle": "item/misc/scroll"
	},
	"elements": [
		{
			"name": "scroll_0",
			"from": [9, 10, 6],
			"to": [13, 15, 7],
			"rotation": {"angle": 0, "axis": "y", "origin": [0, 0, 6]},
			"faces": {
				"north": {"uv": [13, 1, 9, 6], "texture": "#0"},
				"east": {"uv": [12, 1, 13, 6], "texture": "#0"},
				"south": {"uv": [9, 1, 13, 6], "texture": "#0"},
				"west": {"uv": [9, 1, 10, 6], "texture": "#0"},
				"up": {"uv": [9, 1, 13, 2], "texture": "#0"},
				"down": {"uv": [9, 5, 13, 6], "texture": "#0"}
			}
		},
		{
			"name": "scroll_1",
			"from": [8, 2, 6],
			"to": [9, 14, 7],
			"rotation": {"angle": 0, "axis": "y", "origin": [0, 0, 6]},
			"faces": {
				"north": {"uv": [9, 2, 8, 14], "texture": "#0"},
				"east": {"uv": [8, 2, 9, 14], "texture": "#0"},
				"south": {"uv": [8, 2, 9, 14], "texture": "#0"},
				"west": {"uv": [8, 2, 9, 14], "texture": "#0"},
				"up": {"uv": [8, 2, 9, 3], "texture": "#0"},
				"down": {"uv": [8, 13, 9, 14], "texture": "#0"}
			}
		},
		{
			"name": "scroll_2",
			"from": [13, 11, 6],
			"to": [14, 14, 7],
			"rotation": {"angle": 0, "axis": "y", "origin": [0, 0, 6]},
			"faces": {
				"north": {"uv": [14, 2, 13, 5], "texture": "#0"},
				"east": {"uv": [13, 2, 14, 5], "texture": "#0"},
				"south": {"uv": [13, 2, 14, 5], "texture": "#0"},
				"west": {"uv": [13, 2, 14, 5], "texture": "#0"},
				"up": {"uv": [13, 2, 14, 3], "texture": "#0"},
				"down": {"uv": [13, 4, 14, 5], "texture": "#0"}
			}
		},
		{
			"name": "scroll_3",
			"from": [7, 1, 6],
			"to": [8, 11, 7],
			"rotation": {"angle": 0, "axis": "y", "origin": [0, 0, 6]},
			"faces": {
				"north": {"uv": [8, 5, 7, 15], "texture": "#0"},
				"east": {"uv": [7, 5, 8, 15], "texture": "#0"},
				"south": {"uv": [7, 5, 8, 15], "texture": "#0"},
				"west": {"uv": [7, 5, 8, 15], "texture": "#0"},
				"up": {"uv": [7, 5, 8, 6], "texture": "#0"},
				"down": {"uv": [7, 14, 8, 15], "texture": "#0"}
			}
		},
		{
			"name": "scroll_4",
			"from": [9, 7, 6],
			"to": [11, 10, 7],
			"rotation": {"angle": 0, "axis": "y", "origin": [0, 0, 6]},
			"faces": {
				"north": {"uv": [11, 6, 9, 9], "texture": "#0"},
				"east": {"uv": [10, 6, 11, 9], "texture": "#0"},
				"south": {"uv": [9, 6, 11, 9], "texture": "#0"},
				"west": {"uv": [9, 6, 10, 9], "texture": "#0"},
				"up": {"uv": [9, 6, 11, 7], "texture": "#0"},
				"down": {"uv": [9, 8, 11, 9], "texture": "#0"}
			}
		},
		{
			"name": "scroll_5",
			"from": [11, 9, 6],
			"to": [12, 10, 7],
			"rotation": {"angle": 0, "axis": "y", "origin": [0, 0, 6]},
			"faces": {
				"north": {"uv": [12, 6, 11, 7], "texture": "#0"},
				"east": {"uv": [11, 6, 12, 7], "texture": "#0"},
				"south": {"uv": [11, 6, 12, 7], "texture": "#0"},
				"west": {"uv": [11, 6, 12, 7], "texture": "#0"},
				"up": {"uv": [11, 6, 12, 7], "texture": "#0"},
				"down": {"uv": [11, 6, 12, 7], "texture": "#0"}
			}
		},
		{
			"name": "scroll_6",
			"from": [6, 1, 6],
			"to": [7, 9, 7],
			"rotation": {"angle": 0, "axis": "y", "origin": [0, 0, 6]},
			"faces": {
				"north": {"uv": [7, 7, 6, 15], "texture": "#0"},
				"east": {"uv": [6, 7, 7, 15], "texture": "#0"},
				"south": {"uv": [6, 7, 7, 15], "texture": "#0"},
				"west": {"uv": [6, 7, 7, 15], "texture": "#0"},
				"up": {"uv": [6, 7, 7, 8], "texture": "#0"},
				"down": {"uv": [6, 14, 7, 15], "texture": "#0"}
			}
		},
		{
			"name": "scroll_7",
			"from": [5, 1, 6],
			"to": [6, 8, 7],
			"rotation": {"angle": 0, "axis": "y", "origin": [0, 0, 6]},
			"faces": {
				"north": {"uv": [6, 8, 5, 15], "texture": "#0"},
				"east": {"uv": [5, 8, 6, 15], "texture": "#0"},
				"south": {"uv": [5, 8, 6, 15], "texture": "#0"},
				"west": {"uv": [5, 8, 6, 15], "texture": "#0"},
				"up": {"uv": [5, 8, 6, 9], "texture": "#0"},
				"down": {"uv": [5, 14, 6, 15], "texture": "#0"}
			}
		},
		{
			"name": "scroll_8",
			"from": [4, 1, 6],
			"to": [5, 7, 7],
			"rotation": {"angle": 0, "axis": "y", "origin": [0, 0, 6]},
			"faces": {
				"north": {"uv": [5, 9, 4, 15], "texture": "#0"},
				"east": {"uv": [4, 9, 5, 15], "texture": "#0"},
				"south": {"uv": [4, 9, 5, 15], "texture": "#0"},
				"west": {"uv": [4, 9, 5, 15], "texture": "#0"},
				"up": {"uv": [4, 9, 5, 10], "texture": "#0"},
				"down": {"uv": [4, 14, 5, 15], "texture": "#0"}
			}
		},
		{
			"name": "scroll_9",
			"from": [9, 6, 6],
			"to": [10, 7, 7],
			"rotation": {"angle": 0, "axis": "y", "origin": [0, 0, 6]},
			"faces": {
				"north": {"uv": [10, 9, 9, 10], "texture": "#0"},
				"east": {"uv": [9, 9, 10, 10], "texture": "#0"},
				"south": {"uv": [9, 9, 10, 10], "texture": "#0"},
				"west": {"uv": [9, 9, 10, 10], "texture": "#0"},
				"up": {"uv": [9, 9, 10, 10], "texture": "#0"},
				"down": {"uv": [9, 9, 10, 10], "texture": "#0"}
			}
		},
		{
			"name": "scroll_10",
			"from": [3, 1, 6],
			"to": [4, 6, 7],
			"rotation": {"angle": 0, "axis": "y", "origin": [0, 0, 6]},
			"faces": {
				"north": {"uv": [4, 10, 3, 15], "texture": "#0"},
				"east": {"uv": [3, 10, 4, 15], "texture": "#0"},
				"south": {"uv": [3, 10, 4, 15], "texture": "#0"},
				"west": {"uv": [3, 10, 4, 15], "texture": "#0"},
				"up": {"uv": [3, 10, 4, 11], "texture": "#0"},
				"down": {"uv": [3, 14, 4, 15], "texture": "#0"}
			}
		},
		{
			"name": "scroll_11",
			"from": [2, 2, 6],
			"to": [3, 5, 7],
			"rotation": {"angle": 0, "axis": "y", "origin": [0, 0, 6]},
			"faces": {
				"north": {"uv": [3, 11, 2, 14], "texture": "#0"},
				"east": {"uv": [2, 11, 3, 14], "texture": "#0"},
				"south": {"uv": [2, 11, 3, 14], "texture": "#0"},
				"west": {"uv": [2, 11, 3, 14], "texture": "#0"},
				"up": {"uv": [2, 11, 3, 12], "texture": "#0"},
				"down": {"uv": [2, 13, 3, 14], "texture": "#0"}
			}
		}
	],
	"gui_light": "front",
	"display": {
		"thirdperson_righthand": {
			"scale": [0.5, 0.5, 0.5]
		},
		"thirdperson_lefthand": {
			"scale": [0.5, 0.5, 0.5]
		},
		"firstperson_righthand": {
			"scale": [0.5, 0.5, 0.5]
		},
		"firstperson_lefthand": {
			"scale": [0.5, 0.5, 0.5]
		},
		"ground": {
			"scale": [0.5, 0.5, 0.5]
		}
	},
	"groups": [
		{
			"name": "scroll",
			"origin": [8, 8, 8],
			"color": 0,
			"children": [0, 1, 2, 3, 4, 5, 6, 7, 8, 9, 10, 11]
		}
	]
}