{
    "model": {
        "type": "range_dispatch",
        "property": "custom_model_data",
        "fallback": {
            "type": "minecraft:condition",
            "property": "minecraft:using_item",
            "on_false": {
                "type": "minecraft:model",
                "model": "minecraft:item/bow"
            },
            "on_true": {
                "type": "minecraft:range_dispatch",
                "property": "minecraft:use_duration",
                "scale": 0.05,
                "fallback": {
                    "type": "minecraft:model",
                    "model": "minecraft:item/bow_pulling_0"
                },
                "entries": [
                    {
                        "threshold": 0.65,
                        "model": {
                            "type": "minecraft:model",
                            "model": "minecraft:item/bow_pulling_1"
                        }
                    },
                    {
                        "threshold": 0.9,
                        "model": {
                            "type": "minecraft:model",
                            "model": "minecraft:item/bow_pulling_2"
                        }
                    }
                ]
            }
        },
        "entries": [
            {
                "threshold": 1,
                "model": {
                    "type": "minecraft:condition",
                    "property": "minecraft:using_item",
                    "on_false": {
                        "type": "minecraft:model",
                        "model": "custom:bat/bat_bow_1"
                    },
                    "on_true": {
                        "type": "minecraft:range_dispatch",
                        "property": "minecraft:use_duration",
                        "scale": 0.05,
                        "fallback": {
                            "type": "minecraft:model",
                            "model": "custom:bat/bat_bow_1"
                        },
                        "entries": [
                            {
                                "threshold": 0.0,
                                "model": {
                                    "type": "minecraft:model",
                                    "model": "custom:bat/bat_bow_pulling_1"
                                }
                            },
                            {
                                "threshold": 0.65,
                                "model": {
                                    "type": "minecraft:model",
                                    "model": "custom:bat/bat_bow_pulling_2"
                                }
                            },
                            {
                                "threshold": 0.9,
                                "model": {
                                    "type": "minecraft:model",
                                    "model": "custom:bat/bat_bow_pulling_3"
                                }
                            }
                        ]
                    }
                }
            },
            {
                "threshold": 2,
                "model": {
                    "type": "minecraft:condition",
                    "property": "minecraft:using_item",
                    "on_false": {
                        "type": "minecraft:model",
                        "model": "custom:frosty/wintercow_bow_1"
                    },
                    "on_true": {
                        "type": "minecraft:range_dispatch",
                        "property": "minecraft:use_duration",
                        "scale": 0.05,
                        "fallback": {
                            "type": "minecraft:model",
                            "model": "custom:frosty/wintercow_bow_1"
                        },
                        "entries": [
                            {
                                "threshold": 0.0,
                                "model": {
                                    "type": "minecraft:model",
                                    "model": "custom:frosty/wintercow_bow_pulling_1"
                                }
                            },
                            {
                                "threshold": 0.65,
                                "model": {
                                    "type": "minecraft:model",
                                    "model": "custom:frosty/wintercow_bow_pulling_2"
                                }
                            },
                            {
                                "threshold": 0.9,
                                "model": {
                                    "type": "minecraft:model",
                                    "model": "custom:frosty/wintercow_bow_pulling_3"
                                }
                            }
                        ]
                    }
                }
            },
            {
                "threshold": 3,
                "model": {
                    "type": "minecraft:condition",
                    "property": "minecraft:using_item",
                    "on_false": {
                        "type": "minecraft:model",
                        "model": "custom:valentine/v_bow"
                    },
                    "on_true": {
                        "type": "minecraft:range_dispatch",
                        "property": "minecraft:use_duration",
                        "scale": 0.05,
                        "fallback": {
                            "type": "minecraft:model",
                            "model": "custom:valentine/v_bow"
                        },
                        "entries": [
                            {
                                "threshold": 0.0,
                                "model": {
                                    "type": "minecraft:model",
                                    "model": "custom:valentine/v_bow_pulling_1"
                                }
                            },
                            {
                                "threshold": 0.65,
                                "model": {
                                    "type": "minecraft:model",
                                    "model": "custom:valentine/v_bow_pulling_2"
                                }
                            },
                            {
                                "threshold": 0.9,
                                "model": {
                                    "type": "minecraft:model",
                                    "model": "custom:valentine/v_bow_pulling_3"
                                }
                            }
                        ]
                    }
                }
            },
            {
                "threshold": 4,
                "model": {
                    "type": "minecraft:condition",
                    "property": "minecraft:using_item",
                    "on_false": {
                        "type": "minecraft:model",
                        "model": "custom:poison/em_bow_1"
                    },
                    "on_true": {
                        "type": "minecraft:range_dispatch",
                        "property": "minecraft:use_duration",
                        "scale": 0.05,
                        "fallback": {
                            "type": "minecraft:model",
                            "model": "custom:poison/em_bow_1"
                        },
                        "entries": [
                            {
                                "threshold": 0.0,
                                "model": {
                                    "type": "minecraft:model",
                                    "model": "custom:poison/em_bow_pulling_1"
                                }
                            },
                            {
                                "threshold": 0.65,
                                "model": {
                                    "type": "minecraft:model",
                                    "model": "custom:poison/em_bow_pulling_2"
                                }
                            },
                            {
                                "threshold": 0.9,
                                "model": {
                                    "type": "minecraft:model",
                                    "model": "custom:poison/em_bow_pulling_3"
                                }
                            }
                        ]
                    }
                }
            },
            {
                "threshold": 5,
                "model": {
                    "type": "minecraft:condition",
                    "property": "minecraft:using_item",
                    "on_false": {
                        "type": "minecraft:model",
                        "model": "custom/subnautic/fish_bow_1"
                    },
                    "on_true": {
                        "type": "minecraft:range_dispatch",
                        "property": "minecraft:use_duration",
                        "scale": 0.05,
                        "fallback": {
                            "type": "minecraft:model",
                            "model": "custom/subnautic/fish_bow_1"
                        },
                        "entries": [
                            {
                                "threshold": 0.0,
                                "model": {
                                    "type": "minecraft:model",
                                    "model": "custom/subnautic/fish_bow_pulling_1"
                                }
                            },
                            {
                                "threshold": 0.65,
                                "model": {
                                    "type": "minecraft:model",
                                    "model": "custom/subnautic/fish_bow_pulling_2"
                                }
                            },
                            {
                                "threshold": 0.9,
                                "model": {
                                    "type": "minecraft:model",
                                    "model": "custom/subnautic/fish_bow_pulling_3"
                                }
                            }
                        ]
                    }
                }
            },
            {
                "threshold": 6,
                "model": {
                    "type": "minecraft:condition",
                    "property": "minecraft:using_item",
                    "on_false": {
                        "type": "minecraft:model",
                        "model": "custom/halloween/bow"
                    },
                    "on_true": {
                        "type": "minecraft:range_dispatch",
                        "property": "minecraft:use_duration",
                        "scale": 0.05,
                        "fallback": {
                            "type": "minecraft:model",
                            "model": "custom/halloween/bow"
                        },
                        "entries": [
                            {
                                "threshold": 0.0,
                                "model": {
                                    "type": "minecraft:model",
                                    "model": "custom/halloween/bow_0"
                                }
                            },
                            {
                                "threshold": 0.65,
                                "model": {
                                    "type": "minecraft:model",
                                    "model": "custom/halloween/bow_1"
                                }
                            },
                            {
                                "threshold": 0.9,
                                "model": {
                                    "type": "minecraft:model",
                                    "model": "custom/halloween/bow_2"
                                }
                            }
                        ]
                    }
                }
            },
            {
                "threshold": 7,
                "model": {
                    "type": "minecraft:condition",
                    "property": "minecraft:using_item",
                    "on_false": {
                        "type": "minecraft:model",
                        "model": "custom/christmas24/bow"
                    },
                    "on_true": {
                        "type": "minecraft:range_dispatch",
                        "property": "minecraft:use_duration",
                        "scale": 0.05,
                        "fallback": {
                            "type": "minecraft:model",
                            "model": "custom/christmas24/bow"
                        },
                        "entries": [
                            {
                                "threshold": 0.0,
                                "model": {
                                    "type": "minecraft:model",
                                    "model": "custom/christmas24/bow_0"
                                }
                            },
                            {
                                "threshold": 0.65,
                                "model": {
                                    "type": "minecraft:model",
                                    "model": "custom/christmas24/bow_1"
                                }
                            },
                            {
                                "threshold": 0.9,
                                "model": {
                                    "type": "minecraft:model",
                                    "model": "custom/christmas24/bow_2"
                                }
                            }
                        ]
                    }
                }
            },
            {
                "threshold": 8,
                "model": {
                    "type": "minecraft:condition",
                    "property": "minecraft:using_item",
                    "on_false": {
                        "type": "minecraft:model",
                        "model": "custom/blossom/bow"
                    },
                    "on_true": {
                        "type": "minecraft:range_dispatch",
                        "property": "minecraft:use_duration",
                        "scale": 0.05,
                        "fallback": {
                            "type": "minecraft:model",
                            "model": "custom/blossom/bow"
                        },
                        "entries": [
                            {
                                "threshold": 0.0,
                                "model": {
                                    "type": "minecraft:model",
                                    "model": "custom/blossom/bow_0"
                                }
                            },
                            {
                                "threshold": 0.65,
                                "model": {
                                    "type": "minecraft:model",
                                    "model": "custom/blossom/bow_1"
                                }
                            },
                            {
                                "threshold": 0.9,
                                "model": {
                                    "type": "minecraft:model",
                                    "model": "custom/blossom/bow_2"
                                }
                            }
                        ]
                    }
                }
            },
            {
                "threshold": 9,
                "model": {
                    "type": "minecraft:condition",
                    "property": "minecraft:using_item",
                    "on_false": {
                        "type": "minecraft:model",
                        "model": "custom/easter25/bow"
                    },
                    "on_true": {
                        "type": "minecraft:range_dispatch",
                        "property": "minecraft:use_duration",
                        "scale": 0.05,
                        "fallback": {
                            "type": "minecraft:model",
                            "model": "custom/easter25/bow"
                        },
                        "entries": [
                            {
                                "threshold": 0.0,
                                "model": {
                                    "type": "minecraft:model",
                                    "model": "custom/easter25/bow_0"
                                }
                            },
                            {
                                "threshold": 0.65,
                                "model": {
                                    "type": "minecraft:model",
                                    "model": "custom/easter25/bow_1"
                                }
                            },
                            {
                                "threshold": 0.9,
                                "model": {
                                    "type": "minecraft:model",
                                    "model": "custom/easter25/bow_2"
                                }
                            }
                        ]
                    }
                }
            },
            {
                "threshold": 100001,
                "model": {
                    "type": "minecraft:condition",
                    "property": "minecraft:using_item",
                    "on_false": {
                        "type": "minecraft:model",
                        "model": "custom:monsterisles/archangel/bow"
                    },
                    "on_true": {
                        "type": "minecraft:range_dispatch",
                        "property": "minecraft:use_duration",
                        "scale": 0.05,
                        "fallback": {
                            "type": "minecraft:model",
                            "model": "custom:monsterisles/archangel/bow"
                        },
                        "entries": [
                            {
                                "threshold": 0.0,
                                "model": {
                                    "type": "minecraft:model",
                                    "model": "custom:monsterisles/archangel/bow_0"
                                }
                            },
                            {
                                "threshold": 0.65,
                                "model": {
                                    "type": "minecraft:model",
                                    "model": "custom:monsterisles/archangel/bow_1"
                                }
                            },
                            {
                                "threshold": 0.9,
                                "model": {
                                    "type": "minecraft:model",
                                    "model": "custom:monsterisles/archangel/bow_2"
                                }
                            }
                        ]
                    }
                }
            },
            {
                "threshold": 100002,
                "model": {
                    "type": "minecraft:condition",
                    "property": "minecraft:using_item",
                    "on_false": {
                        "type": "minecraft:model",
                        "model": "custom:monsterisles/demonic/bow"
                    },
                    "on_true": {
                        "type": "minecraft:range_dispatch",
                        "property": "minecraft:use_duration",
                        "scale": 0.05,
                        "fallback": {
                            "type": "minecraft:model",
                            "model": "custom:monsterisles/demonic/bow"
                        },
                        "entries": [
                            {
                                "threshold": 0.0,
                                "model": {
                                    "type": "minecraft:model",
                                    "model": "custom:monsterisles/demonic/bow_0"
                                }
                            },
                            {
                                "threshold": 0.65,
                                "model": {
                                    "type": "minecraft:model",
                                    "model": "custom:monsterisles/demonic/bow_1"
                                }
                            },
                            {
                                "threshold": 0.9,
                                "model": {
                                    "type": "minecraft:model",
                                    "model": "custom:monsterisles/demonic/bow_2"
                                }
                            }
                        ]
                    }
                }
            },
            {
                "threshold": 100003,
                "model": {
                    "type": "minecraft:condition",
                    "property": "minecraft:using_item",
                    "on_false": {
                        "type": "minecraft:model",
                        "model": "custom:monsterisles/mage/mage_bow"
                    },
                    "on_true": {
                        "type": "minecraft:range_dispatch",
                        "property": "minecraft:use_duration",
                        "scale": 0.05,
                        "fallback": {
                            "type": "minecraft:model",
                            "model": "custom:monsterisles/mage/mage_bow"
                        },
                        "entries": [
                            {
                                "threshold": 0.0,
                                "model": {
                                    "type": "minecraft:model",
                                    "model": "custom:monsterisles/mage/mage_bow_0"
                                }
                            },
                            {
                                "threshold": 0.65,
                                "model": {
                                    "type": "minecraft:model",
                                    "model": "custom:monsterisles/mage/mage_bow_1"
                                }
                            },
                            {
                                "threshold": 0.9,
                                "model": {
                                    "type": "minecraft:model",
                                    "model": "custom:monsterisles/mage/mage_bow_2"
                                }
                            }
                        ]
                    }
                }
            }
        ]
    }
}