{
    "model": {
        "type": "range_dispatch",
        "property": "custom_model_data",
        "fallback": {
            "type": "model",
            "model": "minecraft:block/orientable"
        },
        "entries": [
            {
                "threshold": 100001,
                "model": {
                    "type": "model",
                    "model": "custom:monsterisles/ares/ares_helmet"
                }
            },
            {
                "threshold": 100002,
                "model": {
                    "type": "model",
                    "model": "custom:monsterisles/archangel/hood"
                }
            },
            {
                "threshold": 100003,
                "model": {
                    "type": "model",
                    "model": "custom:monsterisles/demonic/helmet"
                }
            },
            {
                "threshold": 100004,
                "model": {
                    "type": "model",
                    "model": "custom:monsterisles/necromancer/hat"
                }
            },
            {
                "threshold": 100005,
                "model": {
                    "type": "model",
                    "model": "custom:monsterisles/elven/elven_helmet"
                }
            },
            {
                "threshold": 100006,
                "model": {
                    "type": "model",
                    "model": "custom:monsterisles/dwarven/helmet"
                }
            },
            {
                "threshold": 100007,
                "model": {
                    "type": "model",
                    "model": "custom:monsterisles/mage/mage_hood"
                }
            }
        ]
    }
}