{
    "model": {
        "type": "range_dispatch",
        "property": "custom_model_data",
        "fallback": {
            "type": "model",
            "model": "item/leather_boots"
        },
        "entries": [
            {
                "threshold": 100001,
                "model": {
                    "type": "model",
                    "model": "custom:monsterisles/ares/ares_boots"
                }
            },
            {
                "threshold": 100002,
                "model": {
                    "type": "model",
                    "model": "custom:monsterisles/archangel/archangel_boots"
                }
            },
            {
                "threshold": 100003,
                "model": {
                    "type": "model",
                    "model": "custom:monsterisles/demonic/demonic_boots"
                }
            },
            {
                "threshold": 100004,
                "model": {
                    "type": "model",
                    "model": "custom:monsterisles/necromancer/necromancer_boots"
                }
            },
            {
                "threshold": 100005,
                "model": {
                    "type": "model",
                    "model": "custom:monsterisles/elven/elven_boots"
                }
            },
            {
                "threshold": 100006,
                "model": {
                    "type": "model",
                    "model": "custom:monsterisles/dwarven/boots"
                }
            },
            {
                "threshold": 100007,
                "model": {
                    "type": "model",
                    "model": "custom:monsterisles/mage/mage_boots"
                }
            }
        ]
    }
}