{
    "model": {
        "type": "range_dispatch",
        "property": "custom_model_data",
        "fallback": {
            "type": "model",
            "model": "minecraft:item/netherite_sword"
        },
        "entries": [
            {
                "threshold": 1,
                "model": {
                    "type": "model",
                    "model": "custom:bat/bat_sword"
                }
            },
            {
                "threshold": 2,
                "model": {
                    "type": "model",
                    "model": "custom:frosty/wintercow_sword"
                }
            },
            {
                "threshold": 3,
                "model": {
                    "type": "model",
                    "model": "custom:valentine/v_sword"
                }
            },
            {
                "threshold": 4,
                "model": {
                    "type": "model",
                    "model": "custom:poison/em_sword"
                }
            },
            {
                "threshold": 5,
                "model": {
                    "type": "model",
                    "model": "custom/subnautic/shell_sword"
                }
            },
            {
                "threshold": 6,
                "model": {
                    "type": "model",
                    "model": "custom/halloween/knife"
                }
            },
            {
                "threshold": 7,
                "model": {
                    "type": "model",
                    "model": "custom/halloween/scythe"
                }
            },
            {
                "threshold": 8,
                "model": {
                    "type": "model",
                    "model": "custom/halloween/sword"
                }
            },
            {
                "threshold": 9,
                "model": {
                    "type": "model",
                    "model": "custom/christmas24/hammer"
                }
            },
            {
                "threshold": 10,
                "model": {
                    "type": "model",
                    "model": "custom/christmas24/scythe"
                }
            },
            {
                "threshold": 11,
                "model": {
                    "type": "model",
                    "model": "custom/christmas24/sword"
                }
            },
            {
                "threshold": 12,
                "model": {
                    "type": "model",
                    "model": "custom/blossom/staff"
                }
            },
            {
                "threshold": 13,
                "model": {
                    "type": "model",
                    "model": "custom/blossom/sword"
                }
            },
            {
                "threshold": 14,
                "model": {
                    "type": "model",
                    "model": "custom/easter25/sword"
                }
            },
            {
                "threshold": 100001,
                "model": {
                    "type": "model",
                    "model": "custom:monsterisles/ares/ares_greatsword"
                }
            },
            {
                "threshold": 100002,
                "model": {
                    "type": "model",
                    "model": "custom:monsterisles/archangel/sword"
                }
            },
            {
                "threshold": 100003,
                "model": {
                    "type": "model",
                    "model": "custom:monsterisles/necromancer/sword"
                }
            },
            {
                "threshold": 100004,
                "model": {
                    "type": "model",
                    "model": "custom:monsterisles/necromancer/staff"
                }
            },
            {
                "threshold": 100005,
                "model": {
                    "type": "model",
                    "model": "custom:monsterisles/other/fork"
                }
            },
            {
                "threshold": 100006,
                "model": {
                    "type": "model",
                    "model": "custom:monsterisles/elven/elven_sword"
                }
            },
            {
                "threshold": 100007,
                "model": {
                    "type": "model",
                    "model": "custom:monsterisles/dwarven/sword"
                }
            },
            {
                "threshold": 100008,
                "model": {
                    "type": "model",
                    "model": "custom:monsterisles/mage/mage_sword"
                }
            },
            {
                "threshold": 100009,
                "model": {
                    "type": "model",
                    "model": "custom:monsterisles/mage/staff"
                }
            }
        ]
    }
}