{
    "model": {
        "type": "range_dispatch",
        "property": "custom_model_data",
        "fallback": {
            "type": "model",
            "model": "minecraft:item/netherite_pickaxe"
        },
        "entries": [
            {
                "threshold": 1,
                "model": {
                    "type": "model",
                    "model": "custom:bat/bat_pickaxe"
                }
            },
            {
                "threshold": 2,
                "model": {
                    "type": "model",
                    "model": "custom:frosty/wintercow_pickaxe"
                }
            },
            {
                "threshold": 3,
                "model": {
                    "type": "model",
                    "model": "custom:valentine/v_pickaxe"
                }
            },
            {
                "threshold": 4,
                "model": {
                    "type": "model",
                    "model": "custom:poison/em_pickaxe"
                }
            },
            {
                "threshold": 5,
                "model": {
                    "type": "model",
                    "model": "custom/subnautic/anchor_pickaxe"
                }
            },
            {
                "threshold": 6,
                "model": {
                    "type": "model",
                    "model": "custom/halloween/pickaxe"
                }
            },
            {
                "threshold": 7,
                "model": {
                    "type": "model",
                    "model": "custom/christmas24/pickaxe"
                }
            },
            {
                "threshold": 8,
                "model": {
                    "type": "model",
                    "model": "custom/blossom/pickaxe"
                }
            },
            {
                "threshold": 9,
                "model": {
                    "type": "model",
                    "model": "custom/easter25/pickaxe"
                }
            },
            {
                "threshold": 100001,
                "model": {
                    "type": "model",
                    "model": "custom:monsterisles/archangel/pickaxe"
                }
            },
            {
                "threshold": 100002,
                "model": {
                    "type": "model",
                    "model": "custom:monsterisles/dwarven/pickaxe"
                }
            }
        ]
    }
}