{
    "model": {
        "type": "range_dispatch",
        "property": "custom_model_data",
        "fallback": {
            "type": "model",
            "model": "minecraft:item/netherite_helmet"
        },
        "entries": [
            {
                "threshold": 1,
                "model": {
                    "type": "model",
                    "model": "custom:bat_armor/bat_helmet"
                }
            },
            {
                "threshold": 2,
                "model": {
                    "type": "model",
                    "model": "custom:frosty_armor/frosty_helmet"
                }
            },
            {
                "threshold": 3,
                "model": {
                    "type": "model",
                    "model": "custom:v_armor/v_helmet"
                }
            },
            {
                "threshold": 4,
                "model": {
                    "type": "model",
                    "model": "custom:poison/em_helmet"
                }
            },
            {
                "threshold": 5,
                "model": {
                    "type": "model",
                    "model": "custom/subnautic/ocean_armor/ocean_helmet"
                }
            },
            {
                "threshold": 6,
                "model": {
                    "type": "model",
                    "model": "custom/halloween/armor/helmet"
                }
            },
            {
                "threshold": 7,
                "model": {
                    "type": "model",
                    "model": "custom/christmas24/armor/helmet"
                }
            },
            {
                "threshold": 8,
                "model": {
                    "type": "model",
                    "model": "custom/easter25/armor/helmet"
                }
            }
        ]
    }
}