{
    "model": {
        "type": "range_dispatch",
        "property": "custom_model_data",
        "fallback": {
            "type": "model",
            "model": "minecraft:item/netherite_shovel"
        },
        "entries": [
            {
                "threshold": 1,
                "model": {
                    "type": "model",
                    "model": "custom:bat/bat_shovel"
                }
            },
            {
                "threshold": 2,
                "model": {
                    "type": "model",
                    "model": "custom:frosty/wintercow_shovel"
                }
            },
            {
                "threshold": 3,
                "model": {
                    "type": "model",
                    "model": "custom:valentine/v_shovel"
                }
            },
            {
                "threshold": 4,
                "model": {
                    "type": "model",
                    "model": "custom:poison/em_shovel"
                }
            },
            {
                "threshold": 5,
                "model": {
                    "type": "model",
                    "model": "custom/subnautic/sand_shovel"
                }
            },
            {
                "threshold": 6,
                "model": {
                    "type": "model",
                    "model": "custom/halloween/shovel"
                }
            },
            {
                "threshold": 7,
                "model": {
                    "type": "model",
                    "model": "custom/christmas24/shovel"
                }
            },
            {
                "threshold": 8,
                "model": {
                    "type": "model",
                    "model": "custom/blossom/shovel"
                }
            },
            {
                "threshold": 9,
                "model": {
                    "type": "model",
                    "model": "custom/easter25/shovel"
                }
            },
            {
                "threshold": 100001,
                "model": {
                    "type": "model",
                    "model": "custom:monsterisles/archangel/shovel"
                }
            }
        ]
    }
}