{
    "model": {
        "type": "range_dispatch",
        "property": "custom_model_data",
        "fallback": {
            "type": "minecraft:condition",
            "property": "minecraft:using_item",
            "on_false": {
                "type": "minecraft:special",
                "base": "minecraft:item/shield",
                "model": {
                    "type": "minecraft:shield"
                }
            },
            "on_true": {
                "type": "minecraft:special",
                "base": "minecraft:item/shield_blocking",
                "model": {
                    "type": "minecraft:shield"
                }
            }
        },
        "entries": [
            {
                "threshold": 1,
                "model": {
                    "type": "minecraft:condition",
                    "property": "minecraft:using_item",
                    "on_false": {
                        "type": "minecraft:model",
                        "model": "custom:bat/bat_shield"
                    },
                    "on_true": {
                        "type": "minecraft:model",
                        "model": "custom:bat/bat_shield_blocking"
                    }
                }
            },
            {
                "threshold": 2,
                "model": {
                    "type": "minecraft:condition",
                    "property": "minecraft:using_item",
                    "on_false": {
                        "type": "minecraft:model",
                        "model": "custom:frosty/wintercow_shield"
                    },
                    "on_true": {
                        "type": "minecraft:model",
                        "model": "custom:frosty/wintercow_shield_blocking"
                    }
                }
            },
            {
                "threshold": 3,
                "model": {
                    "type": "minecraft:condition",
                    "property": "minecraft:using_item",
                    "on_false": {
                        "type": "minecraft:model",
                        "model": "custom:valentine/v_shield"
                    },
                    "on_true": {
                        "type": "minecraft:model",
                        "model": "custom:valentine/v_shield_blocking"
                    }
                }
            },
            {
                "threshold": 4,
                "model": {
                    "type": "minecraft:condition",
                    "property": "minecraft:using_item",
                    "on_false": {
                        "type": "minecraft:model",
                        "model": "custom:poison/em_shield"
                    },
                    "on_true": {
                        "type": "minecraft:model",
                        "model": "custom:poison/em_shield_blocking"
                    }
                }
            },
            {
                "threshold": 5,
                "model": {
                    "type": "minecraft:condition",
                    "property": "minecraft:using_item",
                    "on_false": {
                        "type": "minecraft:model",
                        "model": "custom/subnautic/clam_shield"
                    },
                    "on_true": {
                        "type": "minecraft:model",
                        "model": "custom/subnautic/clam_shield_blocking"
                    }
                }
            },
            {
                "threshold": 6,
                "model": {
                    "type": "minecraft:condition",
                    "property": "minecraft:using_item",
                    "on_false": {
                        "type": "minecraft:model",
                        "model": "custom/halloween/shield"
                    },
                    "on_true": {
                        "type": "minecraft:model",
                        "model": "custom/halloween/shield_blocking"
                    }
                }
            },
            {
                "threshold": 7,
                "model": {
                    "type": "minecraft:condition",
                    "property": "minecraft:using_item",
                    "on_false": {
                        "type": "minecraft:model",
                        "model": "custom/christmas24/shield"
                    },
                    "on_true": {
                        "type": "minecraft:model",
                        "model": "custom/christmas24/shield_blocking"
                    }
                }
            },
            {
                "threshold": 8,
                "model": {
                    "type": "minecraft:condition",
                    "property": "minecraft:using_item",
                    "on_false": {
                        "type": "minecraft:model",
                        "model": "custom/blossom/shield"
                    },
                    "on_true": {
                        "type": "minecraft:model",
                        "model": "custom/blossom/shield_blocking"
                    }
                }
            },
            {
                "threshold": 9,
                "model": {
                    "type": "minecraft:condition",
                    "property": "minecraft:using_item",
                    "on_false": {
                        "type": "minecraft:model",
                        "model": "custom/easter25/shield"
                    },
                    "on_true": {
                        "type": "minecraft:model",
                        "model": "custom/easter25/shield_blocking"
                    }
                }
            },
            {
                "threshold": 100001,
                "model": {
                    "type": "minecraft:condition",
                    "property": "minecraft:using_item",
                    "on_false": {
                        "type": "minecraft:model",
                        "model": "custom:monsterisles/ares/ares_shield"
                    },
                    "on_true": {
                        "type": "minecraft:model",
                        "model": "custom:monsterisles/ares/ares_shield_blocking"
                    }
                }
            },
            {
                "threshold": 100002,
                "model": {
                    "type": "minecraft:condition",
                    "property": "minecraft:using_item",
                    "on_false": {
                        "type": "minecraft:model",
                        "model": "custom:monsterisles/archangel/shield"
                    },
                    "on_true": {
                        "type": "minecraft:model",
                        "model": "custom:monsterisles/archangel/shield_blocking"
                    }
                }
            },
            {
                "threshold": 100003,
                "model": {
                    "type": "minecraft:condition",
                    "property": "minecraft:using_item",
                    "on_false": {
                        "type": "minecraft:model",
                        "model": "custom:monsterisles/demonic/shield"
                    },
                    "on_true": {
                        "type": "minecraft:model",
                        "model": "custom:monsterisles/demonic/shield_blocking"
                    }
                }
            },
            {
                "threshold": 100004,
                "model": {
                    "type": "minecraft:condition",
                    "property": "minecraft:using_item",
                    "on_false": {
                        "type": "minecraft:model",
                        "model": "custom:monsterisles/elven/shield"
                    },
                    "on_true": {
                        "type": "minecraft:model",
                        "model": "custom:monsterisles/elven/shield_blocking"
                    }
                }
            },
            {
                "threshold": 100005,
                "model": {
                    "type": "minecraft:condition",
                    "property": "minecraft:using_item",
                    "on_false": {
                        "type": "minecraft:model",
                        "model": "custom:monsterisles/dwarven/shield"
                    },
                    "on_true": {
                        "type": "minecraft:model",
                        "model": "custom:monsterisles/dwarven/shield_blocking"
                    }
                }
            },
            {
                "threshold": 100006,
                "model": {
                    "type": "minecraft:condition",
                    "property": "minecraft:using_item",
                    "on_false": {
                        "type": "minecraft:model",
                        "model": "custom:monsterisles/mage/mage_shield"
                    },
                    "on_true": {
                        "type": "minecraft:model",
                        "model": "custom:monsterisles/mage/mage_shield_blocking"
                    }
                }
            }
        ]
    }
}