{
    "model": {
        "type": "range_dispatch",
        "property": "custom_model_data",
        "fallback": {
            "type": "model",
            "model": "minecraft:block/tripwire_hook"
        },
        "entries": [
            {
                "threshold": 1,
                "model": {
                    "type": "model",
                    "model": "custom:poison/em_key"
                }
            },
            {
                "threshold": 2,
                "model": {
                    "type": "model",
                    "model": "custom/christmas24/key"
                }
            },
            {
                "threshold": 3,
                "model": {
                    "type": "model",
                    "model": "custom/easter25/key"
                }
            }
        ]
    }
}